# Blender 4.4.1
# www.blender.org
mtllib SM_Incubator_body_NakedSingularity_main_0_681.mtl
o SM_Incubator_body_NakedSingularity_main_0_681
v 10.856204 8.190500 -14.337468
v 10.856204 8.306175 -14.271087
v -18.281078 8.306176 -14.271087
v -18.281078 8.190501 -14.337468
v -18.281078 8.421855 -14.337468
v 10.856204 8.421854 -14.337468
v 8.993046 -22.848446 7.093930
v 9.110046 -22.896910 7.093930
v 9.110046 -22.731441 7.115902
v 9.227047 -22.848446 7.093930
v 9.275513 -22.731447 7.093930
v 9.227053 -22.614443 7.093930
v 9.110048 -22.565975 7.093930
v 8.993042 -22.614443 7.093930
v 8.944580 -22.731445 7.093930
v -16.432028 -22.848446 7.093930
v -16.549028 -22.731441 7.115902
v -16.549028 -22.896910 7.093930
v -16.383562 -22.731445 7.093930
v -16.432024 -22.614443 7.093930
v -16.549030 -22.565975 7.093930
v -16.666035 -22.614443 7.093930
v -16.714495 -22.731447 7.093930
v -16.666029 -22.848446 7.093930
v 8.993048 22.730083 7.093930
v 9.110048 22.613079 7.115902
v 9.110048 22.778547 7.093930
v 8.944582 22.613083 7.093930
v 8.993044 22.496080 7.093930
v 9.110050 22.447613 7.093930
v 9.227055 22.496080 7.093930
v 9.275515 22.613085 7.093930
v 9.227049 22.730083 7.093930
v -16.432024 22.730083 7.093930
v -16.549025 22.778547 7.093930
v -16.549025 22.613079 7.115902
v -16.383558 22.613083 7.093930
v -16.432020 22.496080 7.093930
v -16.549026 22.447613 7.093930
v -16.666031 22.496080 7.093930
v -16.714491 22.613085 7.093930
v -16.666025 22.730083 7.093930
v 10.856205 18.080235 -14.470234
v 10.856203 18.080235 -14.337469
v 10.856205 17.964556 -14.403851
v 10.856205 17.964556 -14.536615
v 10.856205 17.848881 -14.470234
v 10.856203 17.848881 -14.337469
v 10.856205 17.964556 -14.271088
v -18.281076 18.080235 -14.337469
v -18.281076 18.080235 -14.470234
v -18.281076 17.964556 -14.403851
v -18.281076 17.964556 -14.271088
v -18.281076 17.848881 -14.337469
v -18.281076 17.848881 -14.470234
v -18.281076 17.964556 -14.536615
v 9.744205 12.090117 -13.776020
v 9.625517 12.090117 -14.250943
v 9.338984 12.090117 -13.964406
v 9.625517 12.090117 -13.677871
v 11.215303 12.090117 -13.212306
v 11.303268 12.090117 -13.292894
v 11.215303 12.090117 -10.768135
v 11.303268 12.090117 -10.768137
v 9.338984 12.090117 -13.559187
v 9.052450 12.090117 -13.677871
v 8.933762 12.090117 -13.964406
v 9.052450 12.090117 -14.250943
v 9.338984 12.090117 -14.369627
v 9.625517 11.112649 -14.250943
v 9.744205 11.112649 -13.776020
v 9.338984 11.112649 -13.964406
v 9.338984 11.112649 -14.369627
v 9.052450 11.112649 -14.250943
v 8.933762 11.112649 -13.964406
v 9.052450 11.112649 -13.677871
v 9.338984 11.112649 -13.559187
v 9.625517 11.112649 -13.677871
v 9.744205 7.245875 -13.776020
v 9.625516 7.245875 -14.250943
v 9.338983 7.245875 -13.964406
v 9.625516 7.245875 -13.677871
v 11.215302 7.245875 -13.212306
v 11.303267 7.245875 -13.292894
v 11.215302 7.245875 -10.768135
v 11.303267 7.245875 -10.768137
v 9.338983 7.245875 -13.559187
v 9.052449 7.245875 -13.677871
v 8.933761 7.245875 -13.964406
v 9.052449 7.245875 -14.250943
v 9.338983 7.245875 -14.369627
v 9.625516 6.268407 -14.250943
v 9.744205 6.268407 -13.776020
v 9.338983 6.268407 -13.964406
v 9.338983 6.268407 -14.369627
v 9.052449 6.268407 -14.250943
v 8.933761 6.268407 -13.964406
v 9.052449 6.268407 -13.677871
v 9.338983 6.268407 -13.559187
v 9.625516 6.268407 -13.677871
v 9.640208 3.715279 -13.866531
v 9.525151 3.715279 -13.708167
v 9.338983 3.715279 -13.964406
v 9.640208 3.715279 -14.062281
v 9.525151 3.715279 -14.220645
v 9.338983 3.715279 -14.281135
v 9.152814 3.715279 -14.220645
v 9.037755 3.715279 -14.062281
v 9.037755 3.715279 -13.866531
v 9.152814 3.715279 -13.708167
v 9.338983 3.715279 -13.647677
v 9.525152 13.628432 -13.708167
v 9.640209 13.628432 -13.866531
v 9.338984 13.628432 -13.964406
v 9.338984 13.628432 -13.647677
v 9.152815 13.628432 -13.708167
v 9.037756 13.628432 -13.866531
v 9.037756 13.628432 -14.062281
v 9.152815 13.628432 -14.220645
v 9.338984 13.628432 -14.281135
v 9.525152 13.628432 -14.220645
v 9.640209 13.628432 -14.062281
v 9.525604 13.537068 -14.065943
v 9.525604 13.537068 -13.843764
v 9.333191 13.537068 -13.954854
v 9.333191 13.537068 -14.177033
v 9.140778 13.537068 -14.065943
v 9.140778 13.537068 -13.843764
v 9.333191 13.537068 -13.732675
v 10.856204 6.007259 -14.470234
v 10.856202 6.007259 -14.337469
v 10.856204 5.891581 -14.403851
v 10.856204 5.891581 -14.536615
v 10.856204 5.775906 -14.470234
v 10.856202 5.775906 -14.337469
v 10.856204 5.891581 -14.271088
v -18.281076 6.007261 -14.337469
v -18.281076 6.007261 -14.470234
v -18.281076 5.891582 -14.403851
v -18.281076 5.891582 -14.271088
v -18.281076 5.775907 -14.337469
v -18.281076 5.775907 -14.470234
v -18.281076 5.891582 -14.536615
v 10.856205 13.251042 -14.470234
v 10.856203 13.251042 -14.337469
v 10.856205 13.135364 -14.403851
v 10.856205 13.135364 -14.536615
v 10.856205 13.019689 -14.470234
v 10.856203 13.019689 -14.337469
v 10.856205 13.135364 -14.271088
v -18.281076 13.251043 -14.337469
v -18.281076 13.251043 -14.470234
v -18.281076 13.135365 -14.403851
v -18.281076 13.135365 -14.271088
v -18.281076 13.019690 -14.337469
v -18.281076 13.019690 -14.470234
v -18.281076 13.135365 -14.536615
v 10.856205 12.043744 -14.470234
v 10.856203 12.043744 -14.337469
v 10.856205 11.928065 -14.403851
v 10.856205 11.928065 -14.536615
v 10.856205 11.812390 -14.470234
v 10.856203 11.812390 -14.337469
v 10.856205 11.928065 -14.271088
v -18.281076 12.043745 -14.337469
v -18.281076 12.043745 -14.470234
v -18.281076 11.928066 -14.403851
v -18.281076 11.928066 -14.271088
v -18.281076 11.812391 -14.337469
v -18.281076 11.812391 -14.470234
v -18.281076 11.928066 -14.536615
v 10.856205 14.458340 -14.470234
v 10.856203 14.458340 -14.337469
v 10.856205 14.342661 -14.403851
v 10.856205 14.342661 -14.536615
v 10.856205 14.226986 -14.470234
v 10.856203 14.226986 -14.337469
v 10.856205 14.342661 -14.271088
v -18.281076 14.458341 -14.337469
v -18.281076 14.458341 -14.470234
v -18.281076 14.342662 -14.403851
v -18.281076 14.342662 -14.271088
v -18.281076 14.226987 -14.337469
v -18.281076 14.226987 -14.470234
v -18.281076 14.342662 -14.536615
v 10.856204 10.836450 -14.470234
v 10.856202 10.836450 -14.337469
v 10.856204 10.720771 -14.403851
v 10.856204 10.720771 -14.536615
v 10.856204 10.605096 -14.470234
v 10.856202 10.605096 -14.337469
v 10.856204 10.720771 -14.271088
v -18.281076 10.836451 -14.337469
v -18.281076 10.836451 -14.470234
v -18.281076 10.720772 -14.403851
v -18.281076 10.720772 -14.271088
v -18.281076 10.605097 -14.337469
v -18.281076 10.605097 -14.470234
v -18.281076 10.720772 -14.536615
v 10.856205 15.665638 -14.470234
v 10.856203 15.665638 -14.337469
v 10.856205 15.549959 -14.403851
v 10.856205 15.549959 -14.536615
v 10.856205 15.434284 -14.470234
v 10.856203 15.434284 -14.337469
v 10.856205 15.549959 -14.271088
v -18.281076 15.665639 -14.337469
v -18.281076 15.665639 -14.470234
v -18.281076 15.549960 -14.403851
v -18.281076 15.549960 -14.271088
v -18.281076 15.434285 -14.337469
v -18.281076 15.434285 -14.470234
v -18.281076 15.549960 -14.536615
v 10.856204 7.214555 -14.470234
v 10.856202 7.214555 -14.337469
v 10.856204 7.098876 -14.403851
v 10.856204 7.098876 -14.536615
v 10.856204 6.983202 -14.470234
v 10.856202 6.983202 -14.337469
v 10.856204 7.098876 -14.271088
v -18.281076 7.214557 -14.337469
v -18.281076 7.214557 -14.470234
v -18.281076 7.098878 -14.403851
v -18.281076 7.098878 -14.271088
v -18.281076 6.983203 -14.337469
v -18.281076 6.983203 -14.470234
v -18.281076 7.098878 -14.536615
v 10.856204 -3.651120 -14.470234
v 10.856202 -3.651120 -14.337469
v 10.856204 -3.766799 -14.403851
v 10.856204 -3.766799 -14.536615
v 10.856204 -3.882474 -14.470234
v 10.856202 -3.882474 -14.337469
v 10.856204 -3.766799 -14.271088
v -18.281076 -3.651119 -14.337469
v -18.281076 -3.651119 -14.470234
v -18.281076 -3.766798 -14.403851
v -18.281076 -3.766798 -14.271088
v -18.281076 -3.882473 -14.337469
v -18.281076 -3.882473 -14.470234
v -18.281076 -3.766798 -14.536615
v 10.856204 -2.443825 -14.470234
v 10.856202 -2.443825 -14.337469
v 10.856204 -2.559503 -14.403851
v 10.856204 -2.559503 -14.536615
v 10.856204 -2.675178 -14.470234
v 10.856202 -2.675178 -14.337469
v 10.856204 -2.559503 -14.271088
v -18.281076 -2.443823 -14.337469
v -18.281076 -2.443823 -14.470234
v -18.281076 -2.559502 -14.403851
v -18.281076 -2.559502 -14.271088
v -18.281076 -2.675177 -14.337469
v -18.281076 -2.675177 -14.470234
v -18.281076 -2.559502 -14.536615
v 10.856204 -1.236525 -14.470234
v 10.856202 -1.236525 -14.337469
v 10.856204 -1.352203 -14.403851
v 10.856204 -1.352203 -14.536615
v 10.856204 -1.467878 -14.470234
v 10.856202 -1.467878 -14.337469
v 10.856204 -1.352203 -14.271088
v -18.281076 -1.236523 -14.337469
v -18.281076 -1.236523 -14.470234
v -18.281076 -1.352202 -14.403851
v -18.281076 -1.352202 -14.271088
v -18.281076 -1.467877 -14.337469
v -18.281076 -1.467877 -14.470234
v -18.281076 -1.352202 -14.536615
v 10.856204 1.178069 -14.470234
v 10.856202 1.178069 -14.337469
v 10.856204 1.062390 -14.403851
v 10.856204 1.062390 -14.536615
v 10.856204 0.946715 -14.470234
v 10.856202 0.946715 -14.337469
v 10.856204 1.062390 -14.271088
v -18.281076 1.178070 -14.337469
v -18.281076 1.178070 -14.470234
v -18.281076 1.062392 -14.403851
v -18.281076 1.062392 -14.271088
v -18.281076 0.946717 -14.337469
v -18.281076 0.946717 -14.470234
v -18.281076 1.062392 -14.536615
v 10.856204 3.592663 -14.470234
v 10.856202 3.592663 -14.337469
v 10.856204 3.476985 -14.403851
v 10.856204 3.476985 -14.536615
v 10.856204 3.361310 -14.470234
v 10.856202 3.361310 -14.337469
v 10.856204 3.476985 -14.271088
v -18.281076 3.592664 -14.337469
v -18.281076 3.592664 -14.470234
v -18.281076 3.476986 -14.403851
v -18.281076 3.476986 -14.271088
v -18.281076 3.361311 -14.337469
v -18.281076 3.361311 -14.470234
v -18.281076 3.476986 -14.536615
v 10.856204 -0.029227 -14.470234
v 10.856202 -0.029227 -14.337469
v 10.856204 -0.144906 -14.403851
v 10.856204 -0.144906 -14.536615
v 10.856204 -0.260581 -14.470234
v 10.856202 -0.260581 -14.337469
v 10.856204 -0.144906 -14.271088
v -18.281076 -0.029226 -14.337469
v -18.281076 -0.029226 -14.470234
v -18.281076 -0.144904 -14.403851
v -18.281076 -0.144904 -14.271088
v -18.281076 -0.260579 -14.337469
v -18.281076 -0.260579 -14.470234
v -18.281076 -0.144904 -14.536615
v 10.856204 -4.858419 -14.470234
v 10.856202 -4.858419 -14.337469
v 10.856204 -4.974098 -14.403851
v 10.856204 -4.974098 -14.536615
v 10.856204 -5.089772 -14.470234
v 10.856202 -5.089772 -14.337469
v 10.856204 -4.974098 -14.271088
v -18.281076 -4.858418 -14.337469
v -18.281076 -4.858418 -14.470234
v -18.281076 -4.974096 -14.403851
v -18.281076 -4.974096 -14.271088
v -18.281076 -5.089771 -14.337469
v -18.281076 -5.089771 -14.470234
v -18.281076 -4.974096 -14.536615
v 10.856204 2.385367 -14.470234
v 10.856202 2.385367 -14.337469
v 10.856204 2.269688 -14.403851
v 10.856204 2.269688 -14.536615
v 10.856204 2.154013 -14.470234
v 10.856202 2.154013 -14.337469
v 10.856204 2.269688 -14.271088
v -18.281076 2.385368 -14.337469
v -18.281076 2.385368 -14.470234
v -18.281076 2.269690 -14.403851
v -18.281076 2.269690 -14.271088
v -18.281076 2.154015 -14.337469
v -18.281076 2.154015 -14.470234
v -18.281076 2.269690 -14.536615
v 10.856204 4.799962 -14.470234
v 10.856202 4.799962 -14.337469
v 10.856204 4.684283 -14.403851
v 10.856204 4.684283 -14.536615
v 10.856204 4.568608 -14.470234
v 10.856202 4.568608 -14.337469
v 10.856204 4.684283 -14.271088
v -18.281076 4.799963 -14.337469
v -18.281076 4.799963 -14.470234
v -18.281076 4.684284 -14.403851
v -18.281076 4.684284 -14.271088
v -18.281076 4.568609 -14.337469
v -18.281076 4.568609 -14.470234
v -18.281076 4.684284 -14.536615
v -6.936326 -22.655186 -14.771637
v -6.936326 -22.655186 -14.621574
v -7.072386 -22.655186 -14.696606
v -7.072386 -22.655186 -14.846668
v -7.208447 -22.655186 -14.771637
v -7.208447 -22.655186 -14.621574
v -7.072386 -22.655186 -14.546543
v -6.936324 22.536823 -14.621574
v -6.936324 22.536823 -14.771637
v -7.072384 22.536823 -14.696606
v -7.072384 22.536823 -14.546543
v -7.208445 22.536823 -14.621574
v -7.208445 22.536823 -14.771637
v -7.072384 22.536823 -14.846668
v 4.743912 -22.655186 -14.771637
v 4.743912 -22.655186 -14.621574
v 4.607852 -22.655186 -14.696606
v 4.607852 -22.655186 -14.846668
v 4.471791 -22.655186 -14.771637
v 4.471791 -22.655186 -14.621574
v 4.607852 -22.655186 -14.546543
v 4.743914 22.536823 -14.621574
v 4.743914 22.536823 -14.771637
v 4.607854 22.536823 -14.696606
v 4.607854 22.536823 -14.546543
v 4.471793 22.536823 -14.621574
v 4.471793 22.536823 -14.771637
v 4.607854 22.536823 -14.846668
v 10.856205 19.287533 -14.470234
v 10.856203 19.287533 -14.337469
v 10.856205 19.171854 -14.403851
v 10.856205 19.171854 -14.536615
v 10.856205 19.056179 -14.470234
v 10.856203 19.056179 -14.337469
v 10.856205 19.171854 -14.271088
v -18.281076 19.287533 -14.337469
v -18.281076 19.287533 -14.470234
v -18.281076 19.171854 -14.403851
v -18.281076 19.171854 -14.271088
v -18.281076 19.056179 -14.337469
v -18.281076 19.056179 -14.470234
v -18.281076 19.171854 -14.536615
v 10.856203 -19.345987 -14.470234
v 10.856201 -19.345987 -14.337469
v 10.856203 -19.461666 -14.403851
v 10.856203 -19.461666 -14.536615
v 10.856203 -19.577341 -14.470234
v 10.856201 -19.577341 -14.337469
v 10.856203 -19.461666 -14.271088
v -18.281076 -19.345987 -14.337469
v -18.281076 -19.345987 -14.470234
v -18.281076 -19.461666 -14.403851
v -18.281076 -19.461666 -14.271088
v -18.281076 -19.577341 -14.337469
v -18.281076 -19.577341 -14.470234
v -18.281076 -19.461666 -14.536615
v 10.856203 -13.309501 -14.470234
v 10.856201 -13.309501 -14.337469
v 10.856203 -13.425179 -14.403851
v 10.856203 -13.425179 -14.536615
v 10.856203 -13.540854 -14.470234
v 10.856201 -13.540854 -14.337469
v 10.856203 -13.425179 -14.271088
v -18.281076 -13.309500 -14.337469
v -18.281076 -13.309500 -14.470234
v -18.281076 -13.425179 -14.403851
v -18.281076 -13.425179 -14.271088
v -18.281076 -13.540854 -14.337469
v -18.281076 -13.540854 -14.470234
v -18.281076 -13.425179 -14.536615
v 10.856204 -8.480309 -14.470234
v 10.856202 -8.480309 -14.337469
v 10.856204 -8.595988 -14.403851
v 10.856204 -8.595988 -14.536615
v 10.856204 -8.711663 -14.470234
v 10.856202 -8.711663 -14.337469
v 10.856204 -8.595988 -14.271088
v -18.281076 -8.480309 -14.337469
v -18.281076 -8.480309 -14.470234
v -18.281076 -8.595987 -14.403851
v -18.281076 -8.595987 -14.271088
v -18.281076 -8.711662 -14.337469
v -18.281076 -8.711662 -14.470234
v -18.281076 -8.595987 -14.536615
v 10.856204 -7.273013 -14.470234
v 10.856202 -7.273013 -14.337469
v 10.856204 -7.388691 -14.403851
v 10.856204 -7.388691 -14.536615
v 10.856204 -7.504366 -14.470234
v 10.856202 -7.504366 -14.337469
v 10.856204 -7.388691 -14.271088
v -18.281076 -7.273011 -14.337469
v -18.281076 -7.273011 -14.470234
v -18.281076 -7.388690 -14.403851
v -18.281076 -7.388690 -14.271088
v -18.281076 -7.504365 -14.337469
v -18.281076 -7.504365 -14.470234
v -18.281076 -7.388690 -14.536615
v 10.856204 -10.894903 -14.470234
v 10.856202 -10.894903 -14.337469
v 10.856203 -11.010582 -14.403851
v 10.856203 -11.010582 -14.536615
v 10.856203 -11.126257 -14.470234
v 10.856201 -11.126257 -14.337469
v 10.856203 -11.010582 -14.271088
v -18.281076 -10.894902 -14.337469
v -18.281076 -10.894902 -14.470234
v -18.281076 -11.010581 -14.403851
v -18.281076 -11.010581 -14.271088
v -18.281076 -11.126256 -14.337469
v -18.281076 -11.126256 -14.470234
v -18.281076 -11.010581 -14.536615
v 10.856204 -9.687607 -14.470234
v 10.856202 -9.687607 -14.337469
v 10.856204 -9.803286 -14.403851
v 10.856204 -9.803286 -14.536615
v 10.856204 -9.918961 -14.470234
v 10.856202 -9.918961 -14.337469
v 10.856204 -9.803286 -14.271088
v -18.281076 -9.687606 -14.337469
v -18.281076 -9.687606 -14.470234
v -18.281076 -9.803285 -14.403851
v -18.281076 -9.803285 -14.271088
v -18.281076 -9.918960 -14.337469
v -18.281076 -9.918960 -14.470234
v -18.281076 -9.803285 -14.536615
v 10.856203 -15.724094 -14.470234
v 10.856201 -15.724094 -14.337469
v 10.856203 -15.839773 -14.403851
v 10.856203 -15.839773 -14.536615
v 10.856203 -15.955448 -14.470234
v 10.856201 -15.955448 -14.337469
v 10.856203 -15.839773 -14.271088
v -18.281076 -15.724093 -14.337469
v -18.281076 -15.724093 -14.470234
v -18.281076 -15.839772 -14.403851
v -18.281076 -15.839772 -14.271088
v -18.281076 -15.955447 -14.337469
v -18.281076 -15.955447 -14.470234
v -18.281076 -15.839772 -14.536615
v 10.856204 -6.065716 -14.470234
v 10.856202 -6.065716 -14.337469
v 10.856204 -6.181395 -14.403851
v 10.856204 -6.181395 -14.536615
v 10.856204 -6.297070 -14.470234
v 10.856202 -6.297070 -14.337469
v 10.856204 -6.181395 -14.271088
v -18.281076 -6.065714 -14.337469
v -18.281076 -6.065714 -14.470234
v -18.281076 -6.181393 -14.403851
v -18.281076 -6.181393 -14.271088
v -18.281076 -6.297068 -14.337469
v -18.281076 -6.297068 -14.470234
v -18.281076 -6.181393 -14.536615
v 10.856203 -12.102202 -14.470234
v 10.856201 -12.102202 -14.337469
v 10.856203 -12.217881 -14.403851
v 10.856203 -12.217881 -14.536615
v 10.856203 -12.333556 -14.470234
v 10.856201 -12.333556 -14.337469
v 10.856203 -12.217881 -14.271088
v -18.281076 -12.102201 -14.337469
v -18.281076 -12.102201 -14.470234
v -18.281076 -12.217880 -14.403851
v -18.281076 -12.217880 -14.271088
v -18.281076 -12.333555 -14.337469
v -18.281076 -12.333555 -14.470234
v -18.281076 -12.217880 -14.536615
v 10.856203 -14.516796 -14.470234
v 10.856201 -14.516796 -14.337469
v 10.856203 -14.632475 -14.403851
v 10.856203 -14.632475 -14.536615
v 10.856203 -14.748150 -14.470234
v 10.856201 -14.748150 -14.337469
v 10.856203 -14.632475 -14.271088
v -18.281076 -14.516795 -14.337469
v -18.281076 -14.516795 -14.470234
v -18.281076 -14.632474 -14.403851
v -18.281076 -14.632474 -14.271088
v -18.281076 -14.748149 -14.337469
v -18.281076 -14.748149 -14.470234
v -18.281076 -14.632474 -14.536615
v 10.856203 -16.931393 -14.470234
v 10.856201 -16.931393 -14.337469
v 10.856203 -17.047070 -14.403851
v 10.856203 -17.047070 -14.536615
v 10.856203 -17.162746 -14.470234
v 10.856201 -17.162746 -14.337469
v 10.856203 -17.047070 -14.271088
v -18.281076 -16.931393 -14.337469
v -18.281076 -16.931393 -14.470234
v -18.281076 -17.047070 -14.403851
v -18.281076 -17.047070 -14.271088
v -18.281076 -17.162746 -14.337469
v -18.281076 -17.162746 -14.470234
v -18.281076 -17.047070 -14.536615
v -12.776446 -22.655186 -14.771637
v -12.776446 -22.655186 -14.621574
v -12.912505 -22.655186 -14.696606
v -12.912505 -22.655186 -14.846668
v -13.048566 -22.655186 -14.771637
v -13.048566 -22.655186 -14.621574
v -12.912505 -22.655186 -14.546543
v -12.776444 22.536823 -14.621574
v -12.776444 22.536823 -14.771637
v -12.912503 22.536823 -14.696606
v -12.912503 22.536823 -14.546543
v -13.048564 22.536823 -14.621574
v -13.048564 22.536823 -14.771637
v -12.912503 22.536823 -14.846668
v -19.125441 -9.508199 -21.693369
v -19.125441 -9.437726 -21.722281
v -19.125441 -9.508199 -21.792101
v -19.125441 -11.382930 -21.693369
v -19.125441 -11.382929 -21.792101
v -19.112478 -9.464258 -21.649477
v -19.112474 -9.393561 -21.678320
v -19.112478 -11.427673 -21.649477
v -19.112474 -11.497802 -21.678545
v -19.112463 -11.526848 -21.748728
v -19.125441 -11.453400 -21.722281
v -19.125441 -11.482626 -21.792101
v -19.125441 -11.482628 -23.688593
v -19.125441 -11.382929 -23.688593
v -19.125441 -11.453403 -23.758410
v -19.112474 -11.500050 -23.799967
v -19.112463 -11.526848 -23.724531
v -19.112478 -11.435355 -23.831217
v -19.125441 -11.382930 -23.787323
v -19.125441 -9.508198 -23.787323
v -19.112478 -9.463450 -23.831217
v -19.112474 -9.393323 -23.802145
v -19.112463 -9.364279 -23.731966
v -19.125441 -9.437726 -23.758410
v -19.125441 -9.508198 -23.688595
v -19.125441 -9.408500 -23.688595
v -19.125441 -9.408503 -21.792101
v -19.112463 -9.364279 -21.747953
v 10.856205 21.702127 -14.470234
v 10.856203 21.702127 -14.337469
v 10.856205 21.586449 -14.403851
v 10.856205 21.586449 -14.536615
v 10.856205 21.470774 -14.470234
v 10.856203 21.470774 -14.337469
v 10.856205 21.586449 -14.271088
v -18.281076 21.702127 -14.337469
v -18.281076 21.702127 -14.470234
v -18.281076 21.586449 -14.403851
v -18.281076 21.586449 -14.271088
v -18.281076 21.470774 -14.337469
v -18.281076 21.470774 -14.470234
v -18.281076 21.586449 -14.536615
v 10.856205 20.494829 -14.470234
v 10.856203 20.494829 -14.337469
v 10.856205 20.379150 -14.403851
v 10.856205 20.379150 -14.536615
v 10.856205 20.263475 -14.470234
v 10.856203 20.263475 -14.337469
v 10.856205 20.379150 -14.271088
v -18.281076 20.494829 -14.337469
v -18.281076 20.494829 -14.470234
v -18.281076 20.379150 -14.403851
v -18.281076 20.379150 -14.271088
v -18.281076 20.263475 -14.337469
v -18.281076 20.263475 -14.470234
v -18.281076 20.379150 -14.536615
v 14.348677 2.183909 -20.784712
v 14.318787 1.769529 -21.016485
v 14.318787 2.165696 -20.728655
v 14.348677 1.817212 -21.051130
v 14.348677 2.410541 -21.482210
v 14.348677 2.637172 -20.784712
v 14.318787 2.655385 -20.728655
v 14.348677 3.003869 -21.051130
v 14.318787 3.051553 -21.016489
v 14.348677 3.143935 -21.482210
v 14.348677 3.003869 -21.913290
v 14.318787 3.202875 -21.482210
v 14.318787 3.051553 -21.947931
v 14.348677 2.637172 -22.179708
v 14.318787 2.655385 -22.235765
v 14.348677 2.183909 -22.179708
v 14.318787 2.165696 -22.235765
v 14.318787 1.769529 -21.947931
v 14.348677 1.817212 -21.913290
v 14.348677 1.677146 -21.482210
v 14.318787 1.618206 -21.482210
v -1.096207 -22.655186 -14.771637
v -1.096207 -22.655186 -14.621574
v -1.232267 -22.655186 -14.696606
v -1.232267 -22.655186 -14.846668
v -1.368327 -22.655186 -14.771637
v -1.368327 -22.655186 -14.621574
v -1.232267 -22.655186 -14.546543
v -1.096205 22.536823 -14.621574
v -1.096205 22.536823 -14.771637
v -1.232265 22.536823 -14.696606
v -1.232265 22.536823 -14.546543
v -1.368325 22.536823 -14.621574
v -1.368325 22.536823 -14.771637
v -1.232265 22.536823 -14.846668
v 10.856205 16.872936 -14.470234
v 10.856203 16.872936 -14.337469
v 10.856205 16.757257 -14.403851
v 10.856205 16.757257 -14.536615
v 10.856205 16.641582 -14.470234
v 10.856203 16.641582 -14.337469
v 10.856205 16.757257 -14.271088
v -18.281076 16.872936 -14.337469
v -18.281076 16.872936 -14.470234
v -18.281076 16.757257 -14.403851
v -18.281076 16.757257 -14.271088
v -18.281076 16.641582 -14.337469
v -18.281076 16.641582 -14.470234
v -18.281076 16.757257 -14.536615
v 10.856203 -20.553282 -14.470234
v 10.856201 -20.553282 -14.337469
v 10.856203 -20.668961 -14.403851
v 10.856203 -20.668961 -14.536615
v 10.856203 -20.784636 -14.470234
v 10.856201 -20.784636 -14.337469
v 10.856203 -20.668961 -14.271088
v -18.281076 -20.553282 -14.337469
v -18.281076 -20.553282 -14.470234
v -18.281076 -20.668961 -14.403851
v -18.281076 -20.668961 -14.271088
v -18.281076 -20.784636 -14.337469
v -18.281076 -20.784636 -14.470234
v -18.281076 -20.668961 -14.536615
v 10.856203 -21.760580 -14.470234
v 10.856201 -21.760580 -14.337469
v 10.856203 -21.876259 -14.403851
v 10.856203 -21.876259 -14.536615
v 10.856203 -21.991934 -14.470234
v 10.856201 -21.991934 -14.337469
v 10.856203 -21.876259 -14.271088
v -18.281076 -21.760580 -14.337469
v -18.281076 -21.760580 -14.470234
v -18.281078 -21.876259 -14.403851
v -18.281078 -21.876259 -14.271088
v -18.281078 -21.991934 -14.337469
v -18.281078 -21.991934 -14.470234
v -18.281078 -21.876259 -14.536615
v 10.856203 -18.138689 -14.470234
v 10.856201 -18.138689 -14.337469
v 10.856203 -18.254368 -14.403851
v 10.856203 -18.254368 -14.536615
v 10.856203 -18.370043 -14.470234
v 10.856201 -18.370043 -14.337469
v 10.856203 -18.254368 -14.271088
v -18.281076 -18.138689 -14.337469
v -18.281076 -18.138689 -14.470234
v -18.281076 -18.254368 -14.403851
v -18.281076 -18.254368 -14.271088
v -18.281076 -18.370043 -14.337469
v -18.281076 -18.370043 -14.470234
v -18.281076 -18.254368 -14.536615
v 10.856204 9.629150 -14.470234
v 10.856202 9.629150 -14.337469
v 10.856204 9.513472 -14.403851
v 10.856204 9.513472 -14.536615
v 10.856204 9.397797 -14.470234
v 10.856202 9.397797 -14.337469
v 10.856204 9.513472 -14.271088
v -18.281076 9.629151 -14.337469
v -18.281076 9.629151 -14.470234
v -18.281076 9.513473 -14.403851
v -18.281076 9.513473 -14.271088
v -18.281076 9.397798 -14.337469
v -18.281076 9.397798 -14.470234
v -18.281076 9.513473 -14.536615
v 10.856204 8.421854 -14.470234
v 10.856202 8.421854 -14.337469
v 10.856204 8.306175 -14.403851
v 10.856204 8.306175 -14.536615
v 10.856204 8.190500 -14.470234
v 10.856202 8.190500 -14.337469
v 10.856204 8.306175 -14.271088
v -18.281076 8.421855 -14.337469
v -18.281076 8.421855 -14.470234
v -18.281076 8.306176 -14.403851
v -18.281076 8.306176 -14.271088
v -18.281076 8.190501 -14.337469
v -18.281076 8.190501 -14.470234
v -18.281076 8.306176 -14.536615
v -14.934777 21.146345 -27.142797
v -15.480470 20.395264 -27.142797
v -16.363420 21.610538 -27.142797
v -14.934777 22.074732 -27.142797
v -14.934777 21.146345 -27.142797
v -16.363420 21.610538 -27.142797
v -15.480470 22.825813 -27.142797
v -14.934777 22.074732 -27.142797
v -16.363420 21.610538 -27.142797
v -16.363419 23.112701 -27.142797
v -15.480470 22.825813 -27.142797
v -16.363420 21.610538 -27.142797
v -17.246367 22.825813 -27.142797
v -16.363419 23.112701 -27.142797
v -16.363420 21.610538 -27.142797
v -17.792059 22.074732 -27.142797
v -17.246367 22.825813 -27.142797
v -16.363420 21.610538 -27.142797
v -17.792061 21.146345 -27.142797
v -17.792059 22.074732 -27.142797
v -16.363420 21.610538 -27.142797
v -17.246368 20.395264 -27.142797
v -17.792061 21.146345 -27.142797
v -16.363420 21.610538 -27.142797
v -16.363420 20.108376 -27.142797
v -17.246368 20.395264 -27.142797
v -16.363420 21.610538 -27.142797
v -15.480470 20.395264 -27.142797
v -16.363420 20.108376 -27.142797
v -16.363420 21.610538 -27.142797
v 13.043073 21.146345 -27.142797
v 12.497380 20.395264 -27.142797
v 11.614431 21.610538 -27.142797
v 13.043073 22.074732 -27.142797
v 13.043073 21.146345 -27.142797
v 11.614431 21.610538 -27.142797
v 12.497380 22.825813 -27.142797
v 13.043073 22.074732 -27.142797
v 11.614431 21.610538 -27.142797
v 11.614428 23.112701 -27.142797
v 12.497380 22.825813 -27.142797
v 11.614431 21.610538 -27.142797
v 10.731480 22.825813 -27.142797
v 11.614428 23.112701 -27.142797
v 11.614431 21.610538 -27.142797
v 10.185787 22.074732 -27.142797
v 10.731480 22.825813 -27.142797
v 11.614431 21.610538 -27.142797
v 10.185787 21.146345 -27.142797
v 10.185787 22.074732 -27.142797
v 11.614431 21.610538 -27.142797
v 10.731480 20.395264 -27.142797
v 10.185787 21.146345 -27.142797
v 11.614431 21.610538 -27.142797
v 11.614428 20.108376 -27.142797
v 10.731480 20.395264 -27.142797
v 11.614431 21.610538 -27.142797
v 12.497380 20.395264 -27.142797
v 11.614428 20.108376 -27.142797
v 11.614431 21.610538 -27.142797
v 13.942729 23.418129 26.626390
v 13.863124 23.456358 26.818575
v 13.863122 -23.574720 26.818575
v 13.942729 23.472195 26.279558
v 13.942729 23.701603 26.508970
v 13.942727 -23.536491 26.626390
v 13.942727 -23.819965 26.508970
v 13.863122 -23.967056 26.656061
v 13.942727 -23.590546 26.279562
v 13.942727 -23.937384 26.225500
v 13.942729 23.472195 -15.013254
v 13.942727 -23.590553 -15.013254
v 13.942729 23.472193 -15.556890
v 13.942727 -23.590548 -15.556890
v 13.942727 -23.937384 -15.013254
v 13.863122 -24.129570 -15.013254
v 13.942727 -23.937382 -15.556890
v 13.863122 -24.129568 -15.556890
v 13.863122 -24.129570 -25.556517
v 13.863122 -24.129570 -26.401810
v 13.942727 -23.937384 -25.556517
v 13.942727 -23.937384 -26.401810
v 13.942727 -23.590553 -25.556517
v 13.942727 -23.590557 -26.401810
v 13.942729 23.472191 -26.401810
v 13.942729 23.472195 -25.556517
v 13.942729 23.819021 -25.556517
v 13.942729 23.819021 -26.401810
v 13.863124 24.011208 -25.556517
v 13.863124 24.011208 -26.401810
v 13.863124 24.011206 -15.556890
v 13.863124 24.011208 -15.013254
v 13.942729 23.819019 -15.556890
v 13.942729 23.819021 -15.013254
v 13.863124 24.011208 26.263727
v 13.942729 23.819021 26.225500
v 13.863124 23.848694 26.656061
v 13.863122 -24.129570 26.263727
v -18.135492 -22.909176 -14.741463
v -18.135492 -22.909176 -15.013253
v -18.135492 -22.829571 -14.933647
v -18.135492 -22.909176 -15.631996
v -18.135492 -22.637384 -15.013253
v -18.135489 22.519022 -15.013253
v -18.135489 22.711208 -14.933647
v -18.135489 22.790813 -15.631996
v -18.135489 22.790813 -15.013253
v -17.954298 22.609623 -16.069426
v -17.954302 -22.727985 -16.069426
v -18.135489 22.790813 -14.741463
v 10.680140 22.790813 -15.013252
v -18.135489 22.790813 -14.741463
v -18.135489 22.790813 -15.013253
v 11.117569 22.609623 -15.013252
v 11.117569 22.609623 24.968119
v 10.680140 22.790813 24.968119
v -18.135481 22.790813 24.968119
v -18.135489 22.790813 -15.631996
v 10.680140 22.790813 -15.631995
v 11.117569 22.609623 -15.631995
v 10.680140 22.609623 -16.069426
v -17.954298 22.609623 -16.069426
v 11.037174 22.529228 -15.989031
v -18.785480 22.609623 25.405546
v -18.785480 22.790813 24.968119
v -18.135481 22.609623 25.405546
v 10.680140 22.609623 25.405546
v 11.037174 22.529228 25.325151
v -18.785480 22.790813 -14.741462
v -18.977667 22.870419 24.983953
v -18.977667 22.870419 -14.821067
v -18.785480 22.711208 -14.933646
v -18.977667 22.790813 -15.013252
v -18.135489 22.711208 -14.933647
v -18.977667 22.670551 25.466475
v 10.680138 -22.909176 -15.013252
v -18.135492 -22.909176 -15.013253
v -18.135492 -22.909176 -14.741463
v 11.117567 -22.727985 -15.013252
v 10.680138 -22.909176 24.968119
v 11.117567 -22.727985 -15.631995
v 10.680138 -22.909176 -15.631995
v -18.135485 -22.909176 24.968119
v -18.135492 -22.909176 -15.631996
v -17.954302 -22.727985 -16.069426
v 10.680138 -22.727985 -16.069426
v 11.037172 -22.647591 -15.989031
v 10.680138 -22.727985 25.405546
v -18.785484 -22.909176 24.968119
v -18.135485 -22.727985 25.405546
v -18.785484 -22.727985 25.405546
v -18.977671 -22.788914 25.466475
v -18.977671 -22.988781 24.983953
v -18.977671 -22.988783 -14.821067
v -18.785484 -22.909176 -14.741462
v -18.785484 -22.829571 -14.933646
v -18.135492 -22.829571 -14.933647
v -18.977671 -22.909176 -15.013252
v 11.117567 -22.727985 24.968119
v 11.037172 -22.647591 25.325151
v -19.057272 23.819021 -15.556887
v -18.977667 24.011208 -15.556887
v -19.057272 23.819021 -15.013254
v -19.057272 22.943708 -25.556517
v -19.057272 23.819021 -25.556520
v -18.977667 24.011208 -25.556520
v -19.057272 22.943705 -15.556889
v -19.057272 22.898924 -15.448778
v -19.057272 22.983000 -15.205437
v -18.977667 22.870419 -14.821067
v -18.977667 22.790813 -15.013252
v -19.057272 22.790813 -15.285043
v -19.057272 23.062605 -15.013252
v -19.057272 22.790813 -15.403997
v -18.977667 22.598627 -15.092857
v -19.057276 -22.909176 -15.285043
v -18.977671 -22.716991 -15.092857
v -19.057276 -23.101362 -15.205437
v -18.977671 -22.909176 -15.013252
v -18.977671 -22.988783 -14.821067
v -19.057276 -23.180967 25.022181
v -18.977671 -22.988781 24.983953
v -19.057276 -23.180967 -15.013252
v -19.057276 -23.937384 -15.013254
v -19.057276 -23.937382 -15.556890
v -18.977671 -24.129570 -15.013254
v -19.057276 -23.937384 26.225492
v -18.977671 -24.129570 26.263720
v -18.977671 -24.129568 -15.556890
v -19.057276 -23.937384 -25.556517
v -18.977671 -24.129570 -25.556517
v -19.057276 -23.062065 -25.556517
v -19.057276 -23.062065 -15.556889
v -19.012495 -22.953955 -25.448406
v -19.012495 -22.953955 -15.664999
v -19.012495 -22.909174 -15.556889
v -19.057276 -23.017284 -15.448778
v -19.057276 -22.909176 -15.403997
v -19.012495 -22.801064 -15.512108
v -19.012491 22.682703 -15.512108
v -19.012491 22.790813 -15.556889
v -19.012491 22.835594 -15.664999
v -19.012465 22.835573 -25.448236
v -19.057272 23.062605 25.022181
v -18.977667 22.870419 24.983953
v -19.057272 23.819021 26.225492
v -18.977667 24.011208 -15.013254
v -18.977667 24.011208 26.263720
v -15.480472 -20.513626 -27.142797
v -14.934779 -21.264708 -27.142797
v -16.363420 -21.728901 -27.142797
v -14.934779 -21.264708 -27.142797
v -14.934779 -22.193094 -27.142797
v -16.363420 -21.728901 -27.142797
v -14.934779 -22.193094 -27.142797
v -15.480472 -22.944176 -27.142797
v -16.363420 -21.728901 -27.142797
v -15.480472 -22.944176 -27.142797
v -16.363422 -23.231064 -27.142797
v -16.363420 -21.728901 -27.142797
v -16.363422 -23.231064 -27.142797
v -17.246370 -22.944176 -27.142797
v -16.363420 -21.728901 -27.142797
v -17.246370 -22.944176 -27.142797
v -17.792063 -22.193094 -27.142797
v -16.363420 -21.728901 -27.142797
v -17.792063 -22.193094 -27.142797
v -17.792061 -21.264708 -27.142797
v -16.363420 -21.728901 -27.142797
v -17.792061 -21.264708 -27.142797
v -17.246368 -20.513626 -27.142797
v -16.363420 -21.728901 -27.142797
v -17.246368 -20.513626 -27.142797
v -16.363420 -20.226738 -27.142797
v -16.363420 -21.728901 -27.142797
v -16.363420 -20.226738 -27.142797
v -15.480472 -20.513626 -27.142797
v -16.363420 -21.728901 -27.142797
v 12.497378 -20.513626 -27.142797
v 13.043071 -21.264708 -27.142797
v 11.614429 -21.728901 -27.142797
v 13.043071 -21.264708 -27.142797
v 13.043071 -22.193094 -27.142797
v 11.614429 -21.728901 -27.142797
v 13.043071 -22.193094 -27.142797
v 12.497378 -22.944176 -27.142797
v 11.614429 -21.728901 -27.142797
v 12.497378 -22.944176 -27.142797
v 11.614426 -23.231064 -27.142797
v 11.614429 -21.728901 -27.142797
v 11.614426 -23.231064 -27.142797
v 10.731478 -22.944176 -27.142797
v 11.614429 -21.728901 -27.142797
v 10.731478 -22.944176 -27.142797
v 10.185785 -22.193094 -27.142797
v 11.614429 -21.728901 -27.142797
v 10.185785 -22.193094 -27.142797
v 10.185785 -21.264708 -27.142797
v 11.614429 -21.728901 -27.142797
v 10.185785 -21.264708 -27.142797
v 10.731478 -20.513626 -27.142797
v 11.614429 -21.728901 -27.142797
v 10.731478 -20.513626 -27.142797
v 11.614426 -20.226738 -27.142797
v 11.614429 -21.728901 -27.142797
v 11.614426 -20.226738 -27.142797
v 12.497378 -20.513626 -27.142797
v 11.614429 -21.728901 -27.142797
v -19.102940 5.278568 -21.081873
v -19.102940 5.280596 -21.219584
v -19.102940 5.172399 -21.122206
v -19.102940 11.263630 -21.081873
v -19.102940 11.261599 -21.219584
v -19.102940 11.369797 -21.122210
v -19.102940 11.413775 -21.219584
v -19.102940 11.413776 -22.794573
v -19.102940 11.240675 -22.794573
v -19.102940 11.238126 -22.967566
v -19.102940 5.301522 -22.794573
v -19.102940 11.362329 -22.916899
v -19.102940 5.128422 -22.794573
v -19.102940 5.179868 -22.916899
v -19.102940 5.304072 -22.967566
v -19.102940 5.128422 -21.219584
v 8.984390 -22.535080 4.928761
v 8.983835 -22.591291 4.932068
v 9.110476 -22.534836 4.981022
v 9.110323 -21.712790 4.977379
v 8.984131 -21.713558 4.925278
v 9.107483 -21.603802 4.977360
v 8.981459 -21.615780 4.925786
v 9.084066 -21.500549 4.977311
v 8.966938 -21.548464 4.926037
v 9.029072 -21.420418 4.977250
v 8.950277 -21.517651 4.927140
v 8.918596 -21.503712 4.926510
v 8.942276 -21.379572 4.977307
v 8.964781 -21.258156 4.923665
v 8.837889 -21.248173 4.924824
v 8.836275 -21.373955 4.977379
v 4.654510 -21.255585 4.977383
v 8.834906 -21.500324 4.925362
v 4.655585 -21.129728 4.924942
v 1.238578 -21.073715 4.925038
v -3.719490 -21.073837 4.925175
v 1.237941 -21.199635 4.977383
v -3.719490 -21.199848 4.977379
v 1.237400 -21.325796 4.925259
v 4.653595 -21.381840 4.925305
v -3.719490 -21.325872 4.925190
v 9.104057 -21.324871 4.923058
v 9.197697 -21.452568 4.923466
v 9.231941 -21.591787 4.924336
v 9.236233 -21.712027 4.925004
v 9.236551 -22.535076 4.928753
v 9.110373 -22.580448 4.982251
v 9.236919 -22.591436 4.932221
v 9.236551 -22.535076 4.928753
v 9.288671 -22.537107 4.801894
v 9.288248 -21.711767 4.799126
v 9.236233 -21.712027 4.925004
v 9.236919 -22.591436 4.932221
v 9.288513 -22.627184 4.811717
v 9.240705 -22.606539 4.932648
v 9.236174 -22.603308 4.971394
v 9.288214 -22.711195 4.867299
v 9.288286 -22.730095 4.960671
v 9.233662 -22.813614 4.805787
v 9.234180 -22.665379 4.696751
v 9.235725 -22.540293 4.676232
v 9.236193 -21.712196 4.673289
v 9.231941 -21.591787 4.674002
v 9.282942 -21.586876 4.799168
v 9.197697 -21.452568 4.674868
v 9.243694 -21.433115 4.799168
v 9.231941 -21.591787 4.924336
v 9.197697 -21.452568 4.923466
v 9.234903 -22.854568 4.947777
v 9.235910 -22.857605 5.057721
v 9.288260 -22.731672 5.058396
v 9.275513 -22.731447 7.093930
v 9.236143 -22.605511 5.058953
v 9.227053 -22.614443 7.093930
v 9.227047 -22.848446 7.093930
v 9.235725 -22.540293 4.676232
v 9.234180 -22.665379 4.696751
v 9.110481 -22.541716 4.624840
v 9.110323 -21.713028 4.620955
v 9.236193 -21.712196 4.673289
v 9.107483 -21.603802 4.620972
v 9.231941 -21.591787 4.674002
v 9.084066 -21.500549 4.621024
v 9.197697 -21.452568 4.674868
v 9.029072 -21.420418 4.621085
v 9.104057 -21.324871 4.675276
v 8.964781 -21.258158 4.674670
v 8.942276 -21.379572 4.621026
v 8.836275 -21.373957 4.620957
v 8.918596 -21.503712 4.671826
v 8.834906 -21.500324 4.672974
v 4.653595 -21.381840 4.673033
v 1.237400 -21.325796 4.673081
v 4.654510 -21.255587 4.620955
v 1.237941 -21.199636 4.620955
v 4.655585 -21.129728 4.673396
v 8.837889 -21.248173 4.673510
v 1.238578 -21.073715 4.673300
v -3.719490 -21.199848 4.620953
v -3.719490 -21.073837 4.673161
v -3.719490 -21.325872 4.673148
v 8.950277 -21.517651 4.671195
v 8.966938 -21.548464 4.672301
v 8.981457 -21.615780 4.672551
v 8.984173 -21.713728 4.673018
v 8.985224 -22.540289 4.676215
v 9.110483 -22.680637 4.650542
v 8.986748 -22.665228 4.696578
v 8.985224 -22.540289 4.676215
v 8.932261 -22.537104 4.801890
v 8.931841 -21.713924 4.799126
v 8.984173 -21.713728 4.673018
v 8.986748 -22.665228 4.696578
v 8.986826 -22.813313 4.805439
v 8.932325 -22.626961 4.811474
v 8.984390 -22.535080 4.928761
v 8.983835 -22.591291 4.932068
v 8.932348 -22.710762 4.866791
v 8.931904 -22.729855 4.960366
v 8.985140 -22.854391 4.947571
v 8.979925 -22.606213 4.932274
v 8.984144 -22.603155 4.971173
v 8.983952 -22.605509 5.058934
v 8.931833 -22.731667 5.058369
v 8.944580 -22.731445 7.093930
v 8.984175 -22.857595 5.057698
v 8.993046 -22.848446 7.093930
v 8.993042 -22.614443 7.093930
v 8.984131 -21.713558 4.925278
v 8.981459 -21.615780 4.925786
v 8.966938 -21.548464 4.926037
v 8.928995 -21.620617 4.799168
v 8.917976 -21.567333 4.799168
v 8.981457 -21.615780 4.672551
v 8.966938 -21.548464 4.672301
v 8.915882 -21.558043 4.799168
v 8.950277 -21.517651 4.671195
v 8.950277 -21.517651 4.927140
v 8.984175 -22.857595 5.057698
v 8.985140 -22.854391 4.947571
v 9.110039 -22.909649 5.057400
v 9.110046 -22.896910 7.093930
v 8.993046 -22.848446 7.093930
v 9.227047 -22.848446 7.093930
v 9.235910 -22.857605 5.057721
v 9.109991 -22.905113 4.942292
v 9.234903 -22.854568 4.947777
v 9.110226 -22.855164 4.781018
v 9.233662 -22.813614 4.805787
v 9.110483 -22.680637 4.650542
v 9.234180 -22.665379 4.696751
v 8.986748 -22.665228 4.696578
v 8.986826 -22.813313 4.805439
v 9.236143 -22.605511 5.058953
v 9.236174 -22.603308 4.971394
v 9.110046 -22.553232 5.059140
v 9.110048 -22.565975 7.093930
v 9.227053 -22.614443 7.093930
v 8.993042 -22.614443 7.093930
v 8.983952 -22.605509 5.058934
v 9.110176 -22.551275 4.974461
v 8.984144 -22.603155 4.971173
v 9.110317 -22.561068 4.964425
v 8.979925 -22.606213 4.932274
v 9.240705 -22.606539 4.932648
v 1.237400 -21.325796 4.925259
v 1.237217 -21.378067 4.799170
v 4.653286 -21.434156 4.799170
v 4.653595 -21.381840 4.925305
v -3.719490 -21.325872 4.925190
v -3.719490 -21.378077 4.799168
v 1.237400 -21.325796 4.673081
v -3.719490 -21.325872 4.673148
v 4.653595 -21.381840 4.673033
v 8.834906 -21.500324 4.672974
v 8.834442 -21.552698 4.799168
v 8.918596 -21.503712 4.671826
v 8.950277 -21.517651 4.671195
v 8.908575 -21.555847 4.799168
v 8.915882 -21.558043 4.799168
v 8.918596 -21.503712 4.926510
v 8.834906 -21.500324 4.925362
v 8.950277 -21.517651 4.927140
v 1.238578 -21.073715 4.673300
v 1.238858 -21.021667 4.799170
v 4.656058 -21.077778 4.799170
v 4.655585 -21.129728 4.673396
v -3.719490 -21.073837 4.673161
v -3.719490 -21.021648 4.799168
v 1.238578 -21.073715 4.925038
v -3.719490 -21.073837 4.925175
v 4.655585 -21.129728 4.924942
v 8.837889 -21.248173 4.924824
v 8.964781 -21.258156 4.923665
v 8.838598 -21.196344 4.799168
v 8.973717 -21.208666 4.799168
v 8.837889 -21.248173 4.673510
v 8.964781 -21.258158 4.674670
v 9.134163 -21.286102 4.799168
v 9.104057 -21.324871 4.675276
v 9.243694 -21.433115 4.799168
v 9.197697 -21.452568 4.674868
v 9.197697 -21.452568 4.923466
v 9.104057 -21.324871 4.923058
v 9.110373 -22.580448 4.982251
v 8.983835 -22.591291 4.932068
v 8.979925 -22.606213 4.932274
v 9.110317 -22.561068 4.964425
v 9.236919 -22.591436 4.932221
v 9.240705 -22.606539 4.932648
v -16.423372 -22.535080 4.928761
v -16.423111 -21.713558 4.925278
v -16.549303 -21.712790 4.977379
v -16.549458 -22.534836 4.981022
v -16.422817 -22.591291 4.932068
v -16.549355 -22.580448 4.982251
v -16.675533 -22.535076 4.928753
v -16.675901 -22.591436 4.932221
v -16.675213 -21.712027 4.925004
v -16.670921 -21.591787 4.924336
v -16.546463 -21.603802 4.977360
v -16.636677 -21.452568 4.923466
v -16.523046 -21.500549 4.977311
v -16.543037 -21.324871 4.923058
v -16.468052 -21.420418 4.977250
v -16.403761 -21.258156 4.923665
v -16.381256 -21.379572 4.977307
v -16.276869 -21.248173 4.924824
v -16.275255 -21.373955 4.977379
v -12.094565 -21.129728 4.924942
v -8.677557 -21.073715 4.925038
v -12.093490 -21.255585 4.977383
v -8.676920 -21.199635 4.977383
v -12.092575 -21.381840 4.925305
v -16.273886 -21.500324 4.925362
v -16.357576 -21.503712 4.926510
v -16.389257 -21.517651 4.927140
v -16.405918 -21.548464 4.926037
v -16.420439 -21.615780 4.925786
v -8.676379 -21.325796 4.925259
v -3.719490 -21.199848 4.977379
v -3.719490 -21.325872 4.925190
v -3.719490 -21.073837 4.925175
v -16.675533 -22.535076 4.928753
v -16.675213 -21.712027 4.925004
v -16.727228 -21.711767 4.799126
v -16.727654 -22.537107 4.801894
v -16.675901 -22.591436 4.932221
v -16.727495 -22.627184 4.811717
v -16.679688 -22.606539 4.932648
v -16.727196 -22.711195 4.867299
v -16.675156 -22.603308 4.971394
v -16.675125 -22.605511 5.058953
v -16.727268 -22.730095 4.960671
v -16.727242 -22.731672 5.058396
v -16.673885 -22.854568 4.947777
v -16.672644 -22.813614 4.805787
v -16.673162 -22.665379 4.696751
v -16.674707 -22.540293 4.676232
v -16.675173 -21.712196 4.673289
v -16.670921 -21.591787 4.674002
v -16.721922 -21.586876 4.799168
v -16.636677 -21.452568 4.674868
v -16.682674 -21.433115 4.799168
v -16.670921 -21.591787 4.924336
v -16.636677 -21.452568 4.923466
v -16.674892 -22.857605 5.057721
v -16.666029 -22.848446 7.093930
v -16.714495 -22.731447 7.093930
v -16.666035 -22.614443 7.093930
v -16.674707 -22.540293 4.676232
v -16.675173 -21.712196 4.673289
v -16.549303 -21.713028 4.620955
v -16.549463 -22.541716 4.624840
v -16.673162 -22.665379 4.696751
v -16.549465 -22.680637 4.650542
v -16.424206 -22.540289 4.676215
v -16.425730 -22.665228 4.696578
v -16.423153 -21.713728 4.673018
v -16.420437 -21.615780 4.672551
v -16.405918 -21.548464 4.672301
v -16.546463 -21.603802 4.620972
v -16.670921 -21.591787 4.674002
v -16.523046 -21.500549 4.621024
v -16.636677 -21.452568 4.674868
v -16.468052 -21.420418 4.621085
v -16.389257 -21.517651 4.671195
v -16.357576 -21.503712 4.671826
v -16.381256 -21.379572 4.621026
v -16.273886 -21.500324 4.672974
v -16.275255 -21.373957 4.620957
v -12.092575 -21.381840 4.673033
v -8.676379 -21.325796 4.673081
v -12.093490 -21.255587 4.620955
v -8.676920 -21.199636 4.620955
v -12.094565 -21.129728 4.673396
v -16.276869 -21.248173 4.673510
v -16.403761 -21.258158 4.674670
v -16.543037 -21.324871 4.675276
v -8.677557 -21.073715 4.673300
v -3.719490 -21.199848 4.620953
v -3.719490 -21.073837 4.673161
v -3.719490 -21.325872 4.673148
v -16.424206 -22.540289 4.676215
v -16.423153 -21.713728 4.673018
v -16.370821 -21.713924 4.799126
v -16.371243 -22.537104 4.801890
v -16.425730 -22.665228 4.696578
v -16.371307 -22.626961 4.811474
v -16.425808 -22.813313 4.805439
v -16.371330 -22.710762 4.866791
v -16.424122 -22.854391 4.947571
v -16.423157 -22.857595 5.057698
v -16.370886 -22.729855 4.960366
v -16.423126 -22.603155 4.971173
v -16.370815 -22.731667 5.058369
v -16.418907 -22.606213 4.932274
v -16.422817 -22.591291 4.932068
v -16.423372 -22.535080 4.928761
v -16.423111 -21.713558 4.925278
v -16.420439 -21.615780 4.925786
v -16.367975 -21.620617 4.799168
v -16.405918 -21.548464 4.926037
v -16.356956 -21.567333 4.799168
v -16.389257 -21.517651 4.927140
v -16.354862 -21.558043 4.799168
v -16.389257 -21.517651 4.671195
v -16.405918 -21.548464 4.672301
v -16.420437 -21.615780 4.672551
v -16.422934 -22.605509 5.058934
v -16.383562 -22.731445 7.093930
v -16.432028 -22.848446 7.093930
v -16.432024 -22.614443 7.093930
v -16.423157 -22.857595 5.057698
v -16.432028 -22.848446 7.093930
v -16.549028 -22.896910 7.093930
v -16.549021 -22.909649 5.057400
v -16.424122 -22.854391 4.947571
v -16.548973 -22.905113 4.942292
v -16.425808 -22.813313 4.805439
v -16.425730 -22.665228 4.696578
v -16.549208 -22.855164 4.781018
v -16.673885 -22.854568 4.947777
v -16.549465 -22.680637 4.650542
v -16.672644 -22.813614 4.805787
v -16.673162 -22.665379 4.696751
v -16.674892 -22.857605 5.057721
v -16.666029 -22.848446 7.093930
v -16.675125 -22.605511 5.058953
v -16.666035 -22.614443 7.093930
v -16.549030 -22.565975 7.093930
v -16.549028 -22.553232 5.059140
v -16.675156 -22.603308 4.971394
v -16.549158 -22.551275 4.974461
v -16.679688 -22.606539 4.932648
v -16.549299 -22.561068 4.964425
v -16.423126 -22.603155 4.971173
v -16.418907 -22.606213 4.932274
v -16.422934 -22.605509 5.058934
v -16.432024 -22.614443 7.093930
v -8.676379 -21.325796 4.925259
v -3.719490 -21.325872 4.925190
v -12.092575 -21.381840 4.925305
v -12.092266 -21.434156 4.799170
v -8.676196 -21.378067 4.799170
v -12.092575 -21.381840 4.673033
v -8.676379 -21.325796 4.673081
v -3.719490 -21.378077 4.799168
v -3.719490 -21.325872 4.673148
v -16.273886 -21.500324 4.672974
v -16.357576 -21.503712 4.671826
v -16.273422 -21.552698 4.799168
v -16.347555 -21.555847 4.799168
v -16.273886 -21.500324 4.925362
v -16.357576 -21.503712 4.926510
v -16.354862 -21.558043 4.799168
v -16.389257 -21.517651 4.927140
v -16.389257 -21.517651 4.671195
v -8.677557 -21.073715 4.673300
v -3.719490 -21.073837 4.673161
v -12.094565 -21.129728 4.673396
v -12.095038 -21.077778 4.799170
v -8.677837 -21.021667 4.799170
v -12.094565 -21.129728 4.924942
v -8.677557 -21.073715 4.925038
v -3.719490 -21.021648 4.799168
v -3.719490 -21.073837 4.925175
v -16.276869 -21.248173 4.924824
v -16.403761 -21.258156 4.923665
v -16.277578 -21.196344 4.799168
v -16.412697 -21.208666 4.799168
v -16.276869 -21.248173 4.673510
v -16.403761 -21.258158 4.674670
v -16.573143 -21.286102 4.799168
v -16.543037 -21.324871 4.675276
v -16.682674 -21.433115 4.799168
v -16.636677 -21.452568 4.674868
v -16.636677 -21.452568 4.923466
v -16.543037 -21.324871 4.923058
v -16.549355 -22.580448 4.982251
v -16.675901 -22.591436 4.932221
v -16.549299 -22.561068 4.964425
v -16.418907 -22.606213 4.932274
v -16.422817 -22.591291 4.932068
v -16.679688 -22.606539 4.932648
v 8.984392 22.416718 4.928761
v 8.984133 21.595196 4.925278
v 9.110325 21.594427 4.977379
v 9.110477 22.416473 4.981022
v 8.983837 22.472929 4.932068
v 9.110374 22.462086 4.982251
v 9.236553 22.416714 4.928753
v 9.236921 22.473074 4.932221
v 9.236235 21.593664 4.925004
v 9.231943 21.473425 4.924336
v 9.107485 21.485439 4.977360
v 9.197699 21.334206 4.923466
v 9.084068 21.382187 4.977311
v 9.104059 21.206509 4.923058
v 9.029074 21.302055 4.977250
v 8.964783 21.139793 4.923665
v 8.942278 21.261209 4.977307
v 8.837891 21.129810 4.924824
v 8.836277 21.255592 4.977379
v 4.655587 21.011366 4.924942
v 1.238580 20.955353 4.925038
v 4.654511 21.137222 4.977383
v 1.237943 21.081272 4.977383
v 4.653597 21.263477 4.925305
v 8.834908 21.381962 4.925362
v 8.918598 21.385349 4.926510
v 8.950279 21.399288 4.927140
v 8.966940 21.430101 4.926037
v 8.981461 21.497417 4.925786
v 1.237402 21.207434 4.925259
v -3.719488 21.081486 4.977379
v -3.719488 21.207510 4.925190
v -3.719488 20.955475 4.925175
v 9.236553 22.416714 4.928753
v 9.236235 21.593664 4.925004
v 9.288250 21.593405 4.799126
v 9.288673 22.418745 4.801894
v 9.236921 22.473074 4.932221
v 9.288515 22.508821 4.811717
v 9.240707 22.488176 4.932648
v 9.236176 22.484945 4.971394
v 9.288216 22.592833 4.867299
v 9.234182 22.547016 4.696751
v 9.233664 22.695251 4.805787
v 9.288288 22.611732 4.960671
v 9.288261 22.613310 5.058396
v 9.234905 22.736206 4.947777
v 9.236145 22.487148 5.058953
v 9.227055 22.496080 7.093930
v 9.275515 22.613085 7.093930
v 9.235912 22.739243 5.057721
v 9.227049 22.730083 7.093930
v 9.235727 22.421930 4.676232
v 9.236195 21.593834 4.673289
v 9.231943 21.473425 4.674002
v 9.197699 21.334206 4.674868
v 9.282944 21.468513 4.799168
v 9.231943 21.473425 4.924336
v 9.243696 21.314753 4.799168
v 9.197699 21.334206 4.923466
v 9.235727 22.421930 4.676232
v 9.234182 22.547016 4.696751
v 9.236195 21.593834 4.673289
v 9.110325 21.594666 4.620955
v 9.110483 22.423353 4.624840
v 8.984175 21.595366 4.673018
v 8.985226 22.421926 4.676215
v 9.110485 22.562275 4.650542
v 8.986750 22.546865 4.696578
v 8.981459 21.497417 4.672551
v 9.107485 21.485439 4.620972
v 8.966940 21.430101 4.672301
v 9.084068 21.382187 4.621024
v 8.950279 21.399288 4.671195
v 8.918598 21.385349 4.671826
v 9.029074 21.302055 4.621085
v 8.942278 21.261209 4.621026
v 9.104059 21.206509 4.675276
v 9.197699 21.334206 4.674868
v 9.231943 21.473425 4.674002
v 8.964783 21.139795 4.674670
v 8.837891 21.129810 4.673510
v 8.836277 21.255594 4.620957
v 8.834908 21.381962 4.672974
v 4.653597 21.263477 4.673033
v 4.654511 21.137224 4.620955
v 1.237402 21.207434 4.673081
v 1.237943 21.081274 4.620955
v 4.655587 21.011366 4.673396
v 1.238580 20.955353 4.673300
v -3.719488 21.081486 4.620953
v -3.719488 20.955475 4.673161
v -3.719488 21.207510 4.673148
v 8.985226 22.421926 4.676215
v 8.984175 21.595366 4.673018
v 8.931843 21.595562 4.799126
v 8.932262 22.418741 4.801890
v 8.986750 22.546865 4.696578
v 8.932327 22.508598 4.811474
v 8.986828 22.694950 4.805439
v 8.985142 22.736029 4.947571
v 8.932350 22.592400 4.866791
v 8.931906 22.611492 4.960366
v 8.979927 22.487850 4.932274
v 8.983837 22.472929 4.932068
v 8.984392 22.416718 4.928761
v 8.984133 21.595196 4.925278
v 8.981461 21.497417 4.925786
v 8.928997 21.502254 4.799168
v 8.966940 21.430101 4.926037
v 8.917978 21.448971 4.799168
v 8.950279 21.399288 4.927140
v 8.915884 21.439680 4.799168
v 8.966940 21.430101 4.672301
v 8.950279 21.399288 4.671195
v 8.981459 21.497417 4.672551
v 8.984146 22.484793 4.971173
v 8.931835 22.613304 5.058369
v 8.983953 22.487146 5.058934
v 8.993044 22.496080 7.093930
v 8.944582 22.613083 7.093930
v 8.993048 22.730083 7.093930
v 8.984177 22.739233 5.057698
v 8.984177 22.739233 5.057698
v 8.993048 22.730083 7.093930
v 9.110048 22.778547 7.093930
v 9.110041 22.791286 5.057400
v 8.985142 22.736029 4.947571
v 9.109993 22.786751 4.942292
v 8.986828 22.694950 4.805439
v 8.986750 22.546865 4.696578
v 9.110228 22.736801 4.781018
v 9.234905 22.736206 4.947777
v 9.110485 22.562275 4.650542
v 9.233664 22.695251 4.805787
v 9.234182 22.547016 4.696751
v 9.235912 22.739243 5.057721
v 9.227049 22.730083 7.093930
v 9.236145 22.487148 5.058953
v 9.227055 22.496080 7.093930
v 9.110050 22.447613 7.093930
v 9.110048 22.434870 5.059140
v 9.236176 22.484945 4.971394
v 9.240707 22.488176 4.932648
v 9.110178 22.432913 4.974461
v 8.983953 22.487146 5.058934
v 8.984146 22.484793 4.971173
v 9.110319 22.442705 4.964425
v 8.979927 22.487850 4.932274
v 8.993044 22.496080 7.093930
v 1.237402 21.207434 4.925259
v 4.653597 21.263477 4.925305
v 4.653288 21.315794 4.799170
v 1.237219 21.259705 4.799170
v -3.719488 21.207510 4.925190
v -3.719488 21.259714 4.799168
v 1.237402 21.207434 4.673081
v -3.719488 21.207510 4.673148
v 4.653597 21.263477 4.673033
v 8.834908 21.381962 4.672974
v 8.918598 21.385349 4.671826
v 8.834444 21.434336 4.799168
v 8.908577 21.437485 4.799168
v 8.834908 21.381962 4.925362
v 8.918598 21.385349 4.926510
v 8.915884 21.439680 4.799168
v 8.950279 21.399288 4.927140
v 8.950279 21.399288 4.671195
v 1.238580 20.955353 4.673300
v 4.655587 21.011366 4.673396
v 4.656060 20.959415 4.799170
v 1.238860 20.903305 4.799170
v -3.719488 20.955475 4.673161
v -3.719488 20.903286 4.799168
v 1.238580 20.955353 4.925038
v -3.719488 20.955475 4.925175
v 4.655587 21.011366 4.924942
v 8.837891 21.129810 4.924824
v 8.964783 21.139793 4.923665
v 8.838600 21.077982 4.799168
v 8.973719 21.090303 4.799168
v 8.837891 21.129810 4.673510
v 8.964783 21.139795 4.674670
v 9.134165 21.167740 4.799168
v 9.104059 21.206509 4.675276
v 9.243696 21.314753 4.799168
v 9.197699 21.334206 4.674868
v 9.197699 21.334206 4.923466
v 9.104059 21.206509 4.923058
v 9.110374 22.462086 4.982251
v 9.110319 22.442705 4.964425
v 8.979927 22.487850 4.932274
v 8.983837 22.472929 4.932068
v 9.236921 22.473074 4.932221
v 9.240707 22.488176 4.932648
v -16.423368 22.416718 4.928761
v -16.422813 22.472929 4.932068
v -16.549454 22.416473 4.981022
v -16.549303 21.594427 4.977379
v -16.423111 21.595196 4.925278
v -16.546463 21.485439 4.977360
v -16.420439 21.497417 4.925786
v -16.523046 21.382187 4.977311
v -16.405918 21.430101 4.926037
v -16.468052 21.302055 4.977250
v -16.389257 21.399288 4.927140
v -16.357576 21.385349 4.926510
v -16.381256 21.261209 4.977307
v -16.403761 21.139793 4.923665
v -16.276869 21.129810 4.924824
v -16.275255 21.255592 4.977379
v -12.093488 21.137222 4.977383
v -16.273886 21.381962 4.925362
v -12.094563 21.011366 4.924942
v -8.677555 20.955353 4.925038
v -8.676918 21.081272 4.977383
v -3.719488 20.955475 4.925175
v -3.719488 21.081486 4.977379
v -8.676377 21.207434 4.925259
v -3.719488 21.207510 4.925190
v -12.092573 21.263477 4.925305
v -16.543037 21.206509 4.923058
v -16.636677 21.334206 4.923466
v -16.670921 21.473425 4.924336
v -16.675213 21.593664 4.925004
v -16.675529 22.416714 4.928753
v -16.549351 22.462086 4.982251
v -16.675898 22.473074 4.932221
v -16.675529 22.416714 4.928753
v -16.727650 22.418745 4.801894
v -16.727228 21.593405 4.799126
v -16.675213 21.593664 4.925004
v -16.675898 22.473074 4.932221
v -16.727491 22.508821 4.811717
v -16.679684 22.488176 4.932648
v -16.675152 22.484945 4.971394
v -16.727192 22.592833 4.867299
v -16.727264 22.611732 4.960671
v -16.672640 22.695251 4.805787
v -16.673159 22.547016 4.696751
v -16.674704 22.421930 4.676232
v -16.675173 21.593834 4.673289
v -16.670921 21.473425 4.674002
v -16.721922 21.468513 4.799168
v -16.636677 21.334206 4.674868
v -16.682674 21.314753 4.799168
v -16.670921 21.473425 4.924336
v -16.636677 21.334206 4.923466
v -16.673882 22.736206 4.947777
v -16.674889 22.739243 5.057721
v -16.727238 22.613310 5.058396
v -16.675121 22.487148 5.058953
v -16.666031 22.496080 7.093930
v -16.714491 22.613085 7.093930
v -16.666025 22.730083 7.093930
v -16.674704 22.421930 4.676232
v -16.673159 22.547016 4.696751
v -16.549459 22.423353 4.624840
v -16.549303 21.594666 4.620955
v -16.675173 21.593834 4.673289
v -16.546463 21.485439 4.620972
v -16.670921 21.473425 4.674002
v -16.523046 21.382187 4.621024
v -16.636677 21.334206 4.674868
v -16.468052 21.302055 4.621085
v -16.543037 21.206509 4.675276
v -16.403761 21.139795 4.674670
v -16.381256 21.261209 4.621026
v -16.275255 21.255594 4.620957
v -16.357576 21.385349 4.671826
v -16.273886 21.381962 4.672974
v -12.092573 21.263477 4.673033
v -8.676377 21.207434 4.673081
v -12.093488 21.137224 4.620955
v -8.676918 21.081274 4.620955
v -12.094563 21.011366 4.673396
v -16.276869 21.129810 4.673510
v -8.677555 20.955353 4.673300
v -3.719488 21.081486 4.620953
v -3.719488 20.955475 4.673161
v -3.719488 21.207510 4.673148
v -16.389257 21.399288 4.671195
v -16.405918 21.430101 4.672301
v -16.420437 21.497417 4.672551
v -16.423153 21.595366 4.673018
v -16.424202 22.421926 4.676215
v -16.549461 22.562275 4.650542
v -16.425726 22.546865 4.696578
v -16.424202 22.421926 4.676215
v -16.371239 22.418741 4.801890
v -16.370821 21.595562 4.799126
v -16.423153 21.595366 4.673018
v -16.425726 22.546865 4.696578
v -16.425804 22.694950 4.805439
v -16.371304 22.508598 4.811474
v -16.423368 22.416718 4.928761
v -16.371326 22.592400 4.866791
v -16.422813 22.472929 4.932068
v -16.418903 22.487850 4.932274
v -16.423122 22.484793 4.971173
v -16.370882 22.611492 4.960366
v -16.370811 22.613304 5.058369
v -16.424118 22.736029 4.947571
v -16.423153 22.739233 5.057698
v -16.432024 22.730083 7.093930
v -16.383558 22.613083 7.093930
v -16.422930 22.487146 5.058934
v -16.432020 22.496080 7.093930
v -16.423111 21.595196 4.925278
v -16.420439 21.497417 4.925786
v -16.405918 21.430101 4.926037
v -16.367975 21.502254 4.799168
v -16.420437 21.497417 4.672551
v -16.356956 21.448971 4.799168
v -16.405918 21.430101 4.672301
v -16.354862 21.439680 4.799168
v -16.389257 21.399288 4.927140
v -16.389257 21.399288 4.671195
v -16.423153 22.739233 5.057698
v -16.549017 22.791286 5.057400
v -16.549025 22.778547 7.093930
v -16.432024 22.730083 7.093930
v -16.424118 22.736029 4.947571
v -16.548969 22.786751 4.942292
v -16.425804 22.694950 4.805439
v -16.425726 22.546865 4.696578
v -16.549204 22.736801 4.781018
v -16.673882 22.736206 4.947777
v -16.549461 22.562275 4.650542
v -16.672640 22.695251 4.805787
v -16.673159 22.547016 4.696751
v -16.674889 22.739243 5.057721
v -16.666025 22.730083 7.093930
v -16.675121 22.487148 5.058953
v -16.549025 22.434870 5.059140
v -16.549026 22.447613 7.093930
v -16.666031 22.496080 7.093930
v -16.675152 22.484945 4.971394
v -16.549154 22.432913 4.974461
v -16.679684 22.488176 4.932648
v -16.549295 22.442705 4.964425
v -16.423122 22.484793 4.971173
v -16.418903 22.487850 4.932274
v -16.422930 22.487146 5.058934
v -16.432020 22.496080 7.093930
v -8.676377 21.207434 4.925259
v -8.676194 21.259705 4.799170
v -12.092264 21.315794 4.799170
v -12.092573 21.263477 4.925305
v -3.719488 21.207510 4.925190
v -3.719488 21.259714 4.799168
v -8.676377 21.207434 4.673081
v -3.719488 21.207510 4.673148
v -12.092573 21.263477 4.673033
v -16.273886 21.381962 4.672974
v -16.273422 21.434336 4.799168
v -16.357576 21.385349 4.671826
v -16.347555 21.437485 4.799168
v -16.389257 21.399288 4.671195
v -16.354862 21.439680 4.799168
v -16.357576 21.385349 4.926510
v -16.389257 21.399288 4.927140
v -16.273886 21.381962 4.925362
v -8.677555 20.955353 4.673300
v -8.677835 20.903305 4.799170
v -12.095037 20.959415 4.799170
v -12.094563 21.011366 4.673396
v -3.719488 20.955475 4.673161
v -3.719488 20.903286 4.799168
v -3.719488 20.955475 4.925175
v -8.677555 20.955353 4.925038
v -12.094563 21.011366 4.924942
v -16.276869 21.129810 4.924824
v -16.403761 21.139793 4.923665
v -16.277578 21.077982 4.799168
v -16.412697 21.090303 4.799168
v -16.276869 21.129810 4.673510
v -16.403761 21.139795 4.674670
v -16.573143 21.167740 4.799168
v -16.543037 21.206509 4.675276
v -16.682674 21.314753 4.799168
v -16.636677 21.334206 4.674868
v -16.636677 21.334206 4.923466
v -16.543037 21.206509 4.923058
v -16.549351 22.462086 4.982251
v -16.422813 22.472929 4.932068
v -16.418903 22.487850 4.932274
v -16.549295 22.442705 4.964425
v -16.675898 22.473074 4.932221
v -16.679684 22.488176 4.932648
v 10.856203 18.080235 -14.337469
v 10.856205 18.080235 -14.470234
v -18.281076 18.080235 -14.470234
v -18.281076 18.080235 -14.337469
v 10.856205 18.080235 -14.470234
v 10.856205 17.964556 -14.536615
v -18.281076 17.964556 -14.536615
v -18.281076 18.080235 -14.470234
v -18.281076 17.848881 -14.470234
v 10.856205 17.848881 -14.470234
v 10.856205 17.848881 -14.470234
v 10.856203 17.848881 -14.337469
v -18.281076 17.848881 -14.337469
v -18.281076 17.848881 -14.470234
v 10.856203 17.848881 -14.337469
v 10.856205 17.964556 -14.271088
v -18.281076 17.964556 -14.271088
v -18.281076 17.848881 -14.337469
v -18.281076 18.080235 -14.337469
v 10.856203 18.080235 -14.337469
v -18.050190 -21.850130 -14.575579
v -18.050190 -21.850130 -14.821020
v -18.050188 21.731768 -14.821020
v -18.050188 21.731768 -14.575579
v -18.041945 -22.054131 -14.575579
v -18.041945 -22.054131 -14.821020
v -18.005524 -22.191135 -14.575579
v -18.005526 -22.191135 -14.821020
v -18.041941 21.935768 -14.821020
v -18.041941 21.935768 -14.575579
v -18.005520 22.072773 -14.575579
v -18.005520 22.072773 -14.821020
v -18.050190 -21.850130 -14.821020
v -18.272732 -21.850130 -14.943741
v -18.272730 21.731768 -14.943741
v -18.050188 21.731768 -14.821020
v -18.495270 21.731768 -14.821020
v -18.495272 -21.850130 -14.821020
v -18.495272 -21.850130 -14.821020
v -18.483532 -22.091467 -14.821020
v -18.495272 -21.850130 -14.575579
v -18.495270 21.731768 -14.575579
v -18.495270 21.731768 -14.821020
v -18.483528 21.973104 -14.575579
v -18.483528 21.973104 -14.821020
v -18.403040 22.246296 -14.575579
v -18.403042 22.246296 -14.821020
v -18.483532 -22.091467 -14.575579
v -18.403046 -22.364658 -14.821020
v -18.403044 -22.364658 -14.575579
v -18.495272 -21.850130 -14.575579
v -18.272732 -21.850130 -14.452858
v -18.272730 21.731768 -14.452858
v -18.495270 21.731768 -14.575579
v -18.050188 21.731768 -14.575579
v -18.050190 -21.850130 -14.575579
v 10.097900 22.622707 -14.575579
v 10.097900 22.622709 -14.821020
v -17.662447 22.622709 -14.821020
v -17.662447 22.622705 -14.575577
v 10.373745 22.608019 -14.575579
v 10.373745 22.608021 -14.821020
v 10.678837 22.511744 -14.575579
v 10.678837 22.511744 -14.821020
v 10.928776 22.290192 -14.575579
v 10.928776 22.290192 -14.821020
v -17.918718 22.603851 -14.821020
v -17.918718 22.603848 -14.575577
v -18.201292 22.484669 -14.575577
v -18.201292 22.484671 -14.821020
v -18.403042 22.246296 -14.821020
v -18.403040 22.246296 -14.575579
v 10.097900 22.622709 -14.821020
v 10.097900 22.408855 -14.943743
v -17.662447 22.408855 -14.943743
v -17.662447 22.622709 -14.821020
v 10.373745 22.608021 -14.821020
v 10.678837 22.511744 -14.821020
v 10.351055 22.396441 -14.943743
v 10.097900 22.195004 -14.821020
v 10.328367 22.184862 -14.821020
v 10.578033 22.326355 -14.943743
v 10.477232 22.140968 -14.821020
v 10.928776 22.290192 -14.821020
v 10.744223 22.180830 -14.943743
v 10.827642 21.972794 -14.943743
v 10.559675 22.071468 -14.821020
v 11.046879 21.998560 -14.821020
v 11.065445 21.731768 -14.821020
v 10.842903 21.731768 -14.943741
v 10.608408 21.947025 -14.821020
v 10.620363 21.731768 -14.821020
v -17.662447 22.195004 -14.821020
v -17.858677 22.184155 -14.821020
v -17.888697 22.394003 -14.943741
v -17.954012 22.143950 -14.821020
v -18.005520 22.072773 -14.821020
v -18.077652 22.314310 -14.943741
v -17.918718 22.603851 -14.821020
v -18.204281 22.159534 -14.943741
v -18.201292 22.484671 -14.821020
v -18.403042 22.246296 -14.821020
v -18.483528 21.973104 -14.821020
v -18.262735 21.954437 -14.943741
v -18.050188 21.731768 -14.821020
v -18.272730 21.731768 -14.943741
v -18.041941 21.935768 -14.821020
v -18.495270 21.731768 -14.821020
v 10.097900 22.195004 -14.821020
v 10.097900 22.195002 -14.575579
v -17.662447 22.195002 -14.575579
v -17.662447 22.195004 -14.821020
v 10.328367 22.184862 -14.821020
v 10.328367 22.184860 -14.575579
v 10.477232 22.140968 -14.821020
v 10.477232 22.140968 -14.575579
v 10.559675 22.071468 -14.821020
v 10.559675 22.071466 -14.575579
v -17.858677 22.184155 -14.575579
v -17.858677 22.184155 -14.821020
v -17.954012 22.143950 -14.821020
v -17.954012 22.143948 -14.575579
v -18.005520 22.072773 -14.575579
v -18.005520 22.072773 -14.821020
v 10.097900 22.195002 -14.575579
v 10.097900 22.408855 -14.452858
v -17.662447 22.408855 -14.452858
v -17.662447 22.195002 -14.575579
v 10.328367 22.184860 -14.575579
v 10.351055 22.396441 -14.452858
v 10.477232 22.140968 -14.575579
v 10.578033 22.326355 -14.452858
v 10.559675 22.071466 -14.575579
v 10.608408 21.947023 -14.575579
v 10.744223 22.180830 -14.452858
v 10.827642 21.972794 -14.452858
v 10.678837 22.511744 -14.575579
v 10.928776 22.290192 -14.575579
v 11.046879 21.998560 -14.575579
v 10.842903 21.731768 -14.452858
v 11.065445 21.731768 -14.575579
v 10.620363 21.731768 -14.575579
v 10.373745 22.608019 -14.575579
v 10.097900 22.622707 -14.575579
v -17.662447 22.622705 -14.575577
v -17.918718 22.603848 -14.575577
v -17.888697 22.394003 -14.452858
v -18.201292 22.484669 -14.575577
v -18.403040 22.246296 -14.575579
v -18.077652 22.314310 -14.452858
v -18.204281 22.159534 -14.452858
v -17.858677 22.184155 -14.575579
v -17.954012 22.143948 -14.575579
v -18.005520 22.072773 -14.575579
v -18.041941 21.935768 -14.575579
v -18.262735 21.954437 -14.452858
v -18.495270 21.731768 -14.575579
v -18.272730 21.731768 -14.452858
v -18.483528 21.973104 -14.575579
v -18.050188 21.731768 -14.575579
v 11.065443 -21.850130 -14.575579
v 11.065443 -21.850130 -14.821020
v 11.065445 21.731768 -14.821020
v 11.065445 21.731768 -14.575579
v 11.046877 -22.116922 -14.575579
v 11.046877 -22.116922 -14.821020
v 10.928774 -22.408554 -14.575579
v 10.928774 -22.408554 -14.821020
v 11.046879 21.998560 -14.821020
v 11.046879 21.998560 -14.575579
v 10.928776 22.290192 -14.821020
v 10.928776 22.290192 -14.575579
v 11.065443 -21.850130 -14.821020
v 10.842901 -21.850130 -14.943741
v 10.842903 21.731768 -14.943741
v 11.065445 21.731768 -14.821020
v 10.620363 21.731768 -14.821020
v 10.620361 -21.850130 -14.821020
v 10.620361 -21.850130 -14.821020
v 10.620361 -21.850130 -14.575579
v 10.620363 21.731768 -14.575579
v 10.620363 21.731768 -14.821020
v 10.608406 -22.065388 -14.821020
v 10.608406 -22.065386 -14.575579
v 10.559673 -22.189831 -14.821020
v 10.559673 -22.189829 -14.575579
v 10.608408 21.947023 -14.575579
v 10.608408 21.947025 -14.821020
v 10.559675 22.071466 -14.575579
v 10.559675 22.071468 -14.821020
v 10.620361 -21.850130 -14.575579
v 10.842901 -21.850130 -14.452858
v 10.842903 21.731768 -14.452858
v 10.620363 21.731768 -14.575579
v 11.065445 21.731768 -14.575579
v 11.065443 -21.850130 -14.575579
v 10.097898 -22.741070 -14.575579
v 10.373743 -22.726381 -14.575579
v -17.662451 -22.741068 -14.575577
v -17.662451 -22.741072 -14.821020
v 10.097898 -22.741072 -14.821020
v 10.373743 -22.726383 -14.821020
v 10.678835 -22.630106 -14.821020
v 10.928774 -22.408554 -14.821020
v 10.678835 -22.630106 -14.575579
v 10.928774 -22.408554 -14.575579
v -17.918722 -22.722214 -14.821020
v -17.918722 -22.722210 -14.575577
v -18.201296 -22.603031 -14.575577
v -18.201296 -22.603033 -14.821020
v -18.403044 -22.364658 -14.575579
v -18.403046 -22.364658 -14.821020
v 10.097898 -22.741072 -14.821020
v -17.662451 -22.741072 -14.821020
v -17.662451 -22.527218 -14.943743
v 10.097898 -22.527218 -14.943743
v 10.351051 -22.514807 -14.943741
v 10.373743 -22.726383 -14.821020
v 10.578030 -22.444721 -14.943741
v 10.678835 -22.630106 -14.821020
v 10.928774 -22.408554 -14.821020
v 10.744223 -22.299194 -14.943741
v 10.827642 -22.091156 -14.943741
v 10.608406 -22.065388 -14.821020
v 10.559673 -22.189831 -14.821020
v 10.477230 -22.259331 -14.821020
v 10.328365 -22.303225 -14.821020
v 10.097898 -22.313366 -14.821020
v -17.662451 -22.313368 -14.821020
v -17.888700 -22.512365 -14.943741
v -17.858681 -22.302519 -14.821020
v -18.077656 -22.432673 -14.943741
v -17.954016 -22.262312 -14.821020
v -18.204285 -22.277897 -14.943741
v -18.005526 -22.191135 -14.821020
v -18.262739 -22.072800 -14.943741
v -18.041945 -22.054131 -14.821020
v -18.272732 -21.850130 -14.943741
v -18.050190 -21.850130 -14.821020
v -18.495272 -21.850130 -14.821020
v -18.483532 -22.091467 -14.821020
v -18.403046 -22.364658 -14.821020
v -18.201296 -22.603033 -14.821020
v -17.918722 -22.722214 -14.821020
v 10.620361 -21.850130 -14.821020
v 10.842901 -21.850130 -14.943741
v 11.065443 -21.850130 -14.821020
v 11.046877 -22.116922 -14.821020
v 10.097898 -22.313366 -14.821020
v -17.662451 -22.313368 -14.821020
v -17.662451 -22.313364 -14.575579
v 10.097898 -22.313364 -14.575579
v 10.328365 -22.303223 -14.575579
v 10.328365 -22.303225 -14.821020
v 10.477230 -22.259331 -14.821020
v 10.477230 -22.259331 -14.575579
v 10.559673 -22.189829 -14.575579
v 10.559673 -22.189831 -14.821020
v -17.858681 -22.302519 -14.821020
v -17.858681 -22.302517 -14.575579
v -17.954016 -22.262310 -14.575579
v -17.954016 -22.262312 -14.821020
v -18.005526 -22.191135 -14.821020
v -18.005524 -22.191135 -14.575579
v 10.097898 -22.313364 -14.575579
v -17.662451 -22.313364 -14.575579
v -17.662451 -22.527218 -14.452858
v 10.097898 -22.527218 -14.452858
v 10.351051 -22.514807 -14.452858
v 10.328365 -22.303223 -14.575579
v 10.578030 -22.444721 -14.452858
v 10.477230 -22.259331 -14.575579
v 10.744223 -22.299194 -14.452858
v 10.559673 -22.189829 -14.575579
v 10.827642 -22.091156 -14.452858
v 10.608406 -22.065386 -14.575579
v 10.842901 -21.850130 -14.452858
v 10.620361 -21.850130 -14.575579
v 11.065443 -21.850130 -14.575579
v 11.046877 -22.116922 -14.575579
v 10.928774 -22.408554 -14.575579
v 10.678835 -22.630106 -14.575579
v 10.373743 -22.726381 -14.575579
v 10.097898 -22.741070 -14.575579
v -17.662451 -22.741068 -14.575577
v -17.888700 -22.512365 -14.452858
v -17.918722 -22.722210 -14.575577
v -18.077656 -22.432673 -14.452858
v -18.201296 -22.603031 -14.575577
v -18.204285 -22.277897 -14.452858
v -18.403044 -22.364658 -14.575579
v -18.262739 -22.072800 -14.452858
v -18.483532 -22.091467 -14.575579
v -18.272732 -21.850130 -14.452858
v -18.495272 -21.850130 -14.575579
v -18.050190 -21.850130 -14.575579
v -18.041945 -22.054131 -14.575579
v -18.005524 -22.191135 -14.575579
v -17.954016 -22.262310 -14.575579
v -17.858681 -22.302517 -14.575579
v -18.233137 22.790813 -10.828926
v -18.233137 22.654116 -10.828926
v -18.586767 22.654116 -10.828926
v -18.586769 22.790813 -10.828926
v -18.100559 22.790813 -10.793402
v -18.100559 22.654116 -10.793402
v -18.719349 22.790813 -10.793402
v -18.719345 22.654116 -10.793402
v -18.851925 22.654116 -10.255186
v -18.851927 22.790813 -10.144917
v -18.851927 22.790813 -10.563768
v -18.851925 22.654116 -10.563768
v -18.851927 22.127329 -10.255186
v -18.851927 22.052731 -10.229397
v -18.851927 22.187546 -10.119127
v -18.851927 22.262142 -10.144917
v -18.851927 22.156647 -10.056866
v -18.851927 22.021832 -10.167135
v -18.851927 22.156647 -9.448460
v -18.851927 22.021832 -9.448460
v -18.851927 22.156647 -8.840054
v -18.851927 22.021832 -8.729782
v -18.851927 22.187546 -8.777792
v -18.851927 22.052731 -8.667521
v -18.851927 22.262142 -8.752003
v -18.851927 22.790813 -8.752003
v -18.851927 22.127329 -8.641731
v -18.851925 22.654116 -8.641733
v -18.851925 22.654116 -8.333151
v -18.851927 22.790813 -8.333151
v -18.816402 22.790813 -8.200573
v -18.816401 22.654116 -8.200573
v -18.816401 22.654116 -10.696346
v -18.816402 22.790813 -10.696346
v -17.967979 22.654116 -8.641733
v -17.967979 22.790813 -8.752003
v -17.967979 22.790813 -8.333151
v -17.967979 22.654116 -8.333151
v -17.967979 22.127329 -8.641731
v -17.967979 22.262142 -8.752003
v -17.967979 22.052731 -8.667521
v -17.967979 22.187546 -8.777792
v -17.967979 22.156647 -8.840054
v -17.967979 22.021832 -8.729782
v -17.967979 22.156647 -9.448460
v -17.967979 22.021832 -9.448460
v -17.967979 22.021832 -10.167135
v -17.967979 22.156647 -10.056866
v -17.967979 22.187546 -10.119127
v -17.967979 22.262142 -10.144917
v -17.967979 22.052731 -10.229397
v -17.967979 22.127329 -10.255186
v -17.967979 22.654116 -10.255186
v -17.967979 22.654116 -10.563768
v -17.967979 22.790813 -10.563768
v -17.967979 22.790813 -10.144917
v -18.003504 22.790813 -10.696346
v -18.003504 22.654116 -10.696346
v -18.003504 22.654116 -8.200573
v -18.003504 22.790813 -8.200573
v -18.586769 22.790813 -8.067993
v -18.719345 22.654116 -8.103518
v -18.586767 22.654116 -8.067993
v -18.233137 22.654116 -8.067993
v -18.233137 22.790813 -8.067993
v -18.719349 22.790813 -8.103518
v -18.100559 22.790813 -8.103518
v -18.100559 22.654116 -8.103518
v -18.851927 22.127329 -8.641731
v -18.851927 22.052731 -8.667521
v -17.967979 22.052731 -8.667521
v -17.967979 22.127329 -8.641731
v -17.967979 22.654116 -8.641733
v -18.851925 22.654116 -8.641733
v -18.851927 22.052731 -8.667521
v -18.851927 22.021832 -8.729782
v -17.967979 22.021832 -8.729782
v -17.967979 22.052731 -8.667521
v -17.967979 22.021832 -9.448460
v -18.851927 22.021832 -9.448460
v -17.967979 22.021832 -10.167135
v -18.851927 22.021832 -10.167135
v -17.967979 22.052731 -10.229397
v -18.851927 22.052731 -10.229397
v -18.851927 22.156647 -8.840054
v -18.851927 22.187546 -8.777792
v -17.967979 22.187546 -8.777792
v -17.967979 22.156647 -8.840054
v -17.967979 22.156647 -9.448460
v -18.851927 22.156647 -9.448460
v -17.967979 22.156647 -10.056866
v -18.851927 22.156647 -10.056866
v -18.851927 22.187546 -10.119127
v -17.967979 22.187546 -10.119127
v -18.851927 22.187546 -8.777792
v -18.851927 22.262142 -8.752003
v -17.967979 22.262142 -8.752003
v -17.967979 22.187546 -8.777792
v -18.851927 22.790813 -8.752003
v -17.967979 22.790813 -8.752003
v -18.851927 22.052731 -10.229397
v -18.851927 22.127329 -10.255186
v -17.967979 22.127329 -10.255186
v -17.967979 22.052731 -10.229397
v -18.851925 22.654116 -10.255186
v -17.967979 22.654116 -10.255186
v -17.967979 22.187546 -10.119127
v -17.967979 22.262142 -10.144917
v -18.851927 22.262142 -10.144917
v -18.851927 22.187546 -10.119127
v -17.967979 22.790813 -10.144917
v -18.851927 22.790813 -10.144917
v -18.100559 22.790813 -10.793402
v -18.003504 22.790813 -10.696346
v -18.003504 22.654116 -10.696346
v -18.100559 22.654116 -10.793402
v -18.719345 22.654116 -10.793402
v -18.816401 22.654116 -10.696346
v -18.816402 22.790813 -10.696346
v -18.719349 22.790813 -10.793402
v -18.719349 22.790813 -8.103518
v -18.816402 22.790813 -8.200573
v -18.816401 22.654116 -8.200573
v -18.719345 22.654116 -8.103518
v -18.100559 22.654116 -8.103518
v -18.003504 22.654116 -8.200573
v -18.003504 22.790813 -8.200573
v -18.100559 22.790813 -8.103518
v -18.851925 22.654116 -10.563768
v -17.967979 22.654116 -10.563768
v -17.967979 22.654116 -10.255186
v -18.851925 22.654116 -10.255186
v -18.816401 22.654116 -10.696346
v -18.719345 22.654116 -10.793402
v -18.100559 22.654116 -10.793402
v -18.003504 22.654116 -10.696346
v -18.586767 22.654116 -10.828926
v -18.233137 22.654116 -10.828926
v -18.003504 22.654116 -8.200573
v -18.100559 22.654116 -8.103518
v -18.719345 22.654116 -8.103518
v -18.816401 22.654116 -8.200573
v -17.967979 22.654116 -8.333151
v -18.851925 22.654116 -8.333151
v -18.851925 22.654116 -8.641733
v -17.967979 22.654116 -8.641733
v -18.233137 22.654116 -8.067993
v -18.586767 22.654116 -8.067993
v -18.854565 22.258568 -8.771318
v -18.854565 22.608324 -8.771318
v -18.854565 22.258568 -10.131891
v -18.854565 22.171143 -10.058924
v -18.854565 22.171143 -8.844290
v -18.854565 22.608324 -10.131891
v -18.854565 22.608324 -8.771318
v -18.854565 22.258568 -8.771318
v -17.967979 22.258568 -8.771318
v -17.967979 22.608324 -8.771318
v -17.967979 22.608324 -10.131891
v -17.967979 22.258568 -10.131891
v -18.854565 22.258568 -10.131891
v -18.854565 22.608324 -10.131891
v -18.854565 22.171143 -10.058924
v -17.967979 22.171143 -10.058924
v -17.967979 22.171143 -8.844290
v -18.854565 22.171143 -8.844290
v -18.854565 22.258568 -10.131891
v -17.967979 22.258568 -10.131891
v -18.854565 22.258568 -8.771318
v -17.967979 22.258568 -8.771318
v -17.967979 22.608324 -10.131891
v -18.854565 22.608324 -10.131891
v -18.854565 22.608324 -8.771318
v -17.967979 22.608324 -8.771318
v 11.392351 12.247402 -15.037161
v 11.400478 12.228012 -15.083261
v 10.097185 12.228013 -15.313066
v 10.089056 12.247403 -15.266967
v 10.066059 12.247403 -15.136549
v 11.369354 12.247402 -14.906743
v 11.361225 12.228012 -14.860642
v 10.057930 12.228013 -15.090449
v 10.021797 12.219410 -15.105557
v 10.019958 12.228013 -15.144676
v 10.042957 12.228013 -15.275094
v 10.058064 12.219410 -15.311229
v 11.400478 12.228012 -15.083261
v 11.403847 12.181202 -15.102356
v 10.100550 12.181203 -15.332163
v 10.097185 12.228013 -15.313066
v 10.058064 12.219410 -15.311229
v 10.051085 12.181203 -15.321197
v 10.023859 12.181203 -15.278463
v 10.051083 -12.299563 -15.321197
v 10.100548 -12.299563 -15.332163
v 11.403845 -12.299564 -15.102356
v 10.097183 -12.346374 -15.313066
v 10.058062 -12.337770 -15.311229
v 11.400476 -12.346375 -15.083261
v 10.023857 -12.299563 -15.278463
v 10.042957 12.228013 -15.275094
v 10.023859 12.181203 -15.278463
v 10.000864 12.181203 -15.148045
v 10.019958 12.228013 -15.144676
v 10.051085 12.181203 -15.321197
v 10.058064 12.219410 -15.311229
v 10.011831 12.181203 -15.098577
v 10.021797 12.219410 -15.105557
v 10.000862 -12.299563 -15.148045
v 10.011829 -12.299563 -15.098577
v 10.019957 -12.346374 -15.144676
v 10.021795 -12.337770 -15.105557
v 10.023857 -12.299563 -15.278463
v 10.042955 -12.346374 -15.275094
v 10.051083 -12.299563 -15.321197
v 10.058062 -12.337770 -15.311229
v 11.357859 12.181202 -14.841549
v 10.054560 -12.299563 -15.071354
v 11.361225 12.228012 -14.860642
v 10.057930 12.228013 -15.090449
v 10.054562 12.181203 -15.071354
v 11.357857 -12.299564 -14.841549
v 11.361223 -12.346375 -14.860642
v 10.057928 -12.346374 -15.090449
v 10.011829 -12.299563 -15.098577
v 10.021795 -12.337770 -15.105557
v 10.011831 12.181203 -15.098577
v 10.021797 12.219410 -15.105557
v 11.369352 -12.365765 -14.906743
v 10.089054 -12.365764 -15.266967
v 11.392349 -12.365765 -15.037161
v 11.361223 -12.346375 -14.860642
v 10.057928 -12.346374 -15.090449
v 10.066057 -12.365764 -15.136549
v 10.019957 -12.346374 -15.144676
v 10.042955 -12.346374 -15.275094
v 10.097183 -12.346374 -15.313066
v 10.058062 -12.337770 -15.311229
v 11.400476 -12.346375 -15.083261
v 10.021795 -12.337770 -15.105557
v 9.625517 12.090117 -14.250943
v 9.744205 12.090117 -13.776020
v 9.744205 11.112649 -13.776020
v 9.625517 11.112649 -14.250943
v 11.303268 12.090117 -10.768137
v 11.215303 12.090117 -10.768135
v 11.215303 11.112648 -10.768135
v 11.303268 11.112648 -10.768137
v 9.625517 12.090117 -13.677871
v 9.338984 12.090117 -13.559187
v 9.338984 11.112649 -13.559187
v 9.625517 11.112649 -13.677871
v 9.052450 11.112649 -13.677871
v 9.052450 12.090117 -13.677871
v 9.052450 12.090117 -13.677871
v 8.933762 12.090117 -13.964406
v 8.933762 11.112649 -13.964406
v 9.052450 11.112649 -13.677871
v 9.052450 11.112649 -14.250943
v 9.052450 12.090117 -14.250943
v 9.052450 12.090117 -14.250943
v 9.338984 12.090117 -14.369627
v 9.338984 11.112649 -14.369627
v 9.052450 11.112649 -14.250943
v 9.625517 11.112649 -14.250943
v 9.625517 12.090117 -14.250943
v 9.625517 12.090117 -13.677871
v 9.625517 11.112649 -13.677871
v 11.215303 11.112648 -13.212306
v 11.215303 12.090117 -13.212306
v 9.625517 11.112649 -13.677871
v 9.744205 11.112649 -13.776020
v 11.303268 11.112648 -13.292894
v 11.215303 11.112648 -13.212306
v 9.744205 11.112649 -13.776020
v 9.744205 12.090117 -13.776020
v 11.303268 12.090117 -13.292894
v 11.303268 11.112648 -13.292894
v 11.215303 12.090117 -13.212306
v 11.215303 11.112648 -13.212306
v 11.215303 11.112648 -10.768135
v 11.215303 12.090117 -10.768135
v 11.215303 11.112648 -13.212306
v 11.303268 11.112648 -13.292894
v 11.303268 11.112648 -10.768137
v 11.215303 11.112648 -10.768135
v 9.625516 7.245875 -14.250943
v 9.744205 7.245875 -13.776020
v 9.744205 6.268407 -13.776020
v 9.625516 6.268407 -14.250943
v 11.303267 7.245875 -10.768137
v 11.215302 7.245875 -10.768135
v 11.215302 6.268407 -10.768135
v 11.303267 6.268407 -10.768137
v 9.625516 7.245875 -13.677871
v 9.338983 7.245875 -13.559187
v 9.338983 6.268407 -13.559187
v 9.625516 6.268407 -13.677871
v 9.052449 6.268407 -13.677871
v 9.052449 7.245875 -13.677871
v 9.052449 7.245875 -13.677871
v 8.933761 7.245875 -13.964406
v 8.933761 6.268407 -13.964406
v 9.052449 6.268407 -13.677871
v 9.052449 6.268407 -14.250943
v 9.052449 7.245875 -14.250943
v 9.052449 7.245875 -14.250943
v 9.338983 7.245875 -14.369627
v 9.338983 6.268407 -14.369627
v 9.052449 6.268407 -14.250943
v 9.625516 6.268407 -14.250943
v 9.625516 7.245875 -14.250943
v 9.625516 7.245875 -13.677871
v 9.625516 6.268407 -13.677871
v 11.215302 6.268407 -13.212306
v 11.215302 7.245875 -13.212306
v 9.625516 6.268407 -13.677871
v 9.744205 6.268407 -13.776020
v 11.303267 6.268407 -13.292894
v 11.215302 6.268407 -13.212306
v 9.744205 6.268407 -13.776020
v 9.744205 7.245875 -13.776020
v 11.303267 7.245875 -13.292894
v 11.303267 6.268407 -13.292894
v 11.215302 7.245875 -13.212306
v 11.215302 6.268407 -13.212306
v 11.215302 6.268407 -10.768135
v 11.215302 7.245875 -10.768135
v 11.215302 6.268407 -13.212306
v 11.303267 6.268407 -13.292894
v 11.303267 6.268407 -10.768137
v 11.215302 6.268407 -10.768135
v 9.525151 3.715279 -13.708167
v 9.640208 3.715279 -13.866531
v 9.640209 13.628432 -13.866531
v 9.525152 13.628432 -13.708167
v 9.338983 3.715279 -13.647677
v 9.338984 13.628432 -13.647677
v 9.152814 3.715279 -13.708167
v 9.037755 3.715279 -13.866531
v 9.152815 13.628432 -13.708167
v 9.037756 13.628432 -13.866531
v 9.640208 3.715279 -13.866531
v 9.640208 3.715279 -14.062281
v 9.640209 13.628432 -14.062281
v 9.640209 13.628432 -13.866531
v 9.640208 3.715279 -14.062281
v 9.525151 3.715279 -14.220645
v 9.525152 13.628432 -14.220645
v 9.640209 13.628432 -14.062281
v 9.338984 13.628432 -14.281135
v 9.338983 3.715279 -14.281135
v 9.152815 13.628432 -14.220645
v 9.152814 3.715279 -14.220645
v 9.037756 13.628432 -14.062281
v 9.037755 3.715279 -14.062281
v 9.037755 3.715279 -14.062281
v 9.037755 3.715279 -13.866531
v 9.037756 13.628432 -13.866531
v 9.037756 13.628432 -14.062281
v 9.525604 13.537068 -13.843764
v 9.525604 13.537068 -14.065943
v 9.499790 14.381492 -14.112498
v 9.499603 14.393715 -13.890656
v 9.547523 15.101154 -14.102345
v 9.547068 15.098166 -13.880186
v 9.654392 15.721056 -14.048109
v 9.652073 15.702244 -13.826740
v 9.806919 16.257576 -13.961443
v 9.801235 16.223907 -13.741903
v 9.992048 16.727306 -13.853701
v 9.982279 16.681507 -13.636514
v 10.197138 17.146683 -13.735961
v 10.183853 17.092886 -13.520805
v 10.409704 17.531786 -13.619227
v 10.394890 17.475042 -13.404930
v 10.617188 17.898495 -13.514628
v 10.603964 17.844601 -13.299494
v 10.807261 18.261526 -13.433156
v 10.799126 18.216978 -13.215644
v 10.973375 18.621157 -13.380957
v 10.971819 18.589979 -13.160985
v 11.114309 18.970503 -13.360015
v 11.119572 18.955107 -13.138436
v 11.229889 19.304237 -13.371728
v 11.242226 19.307720 -13.149923
v 11.319981 19.616980 -13.417377
v 11.339563 19.643307 -13.197635
v 11.384501 19.903311 -13.498033
v 11.411196 19.957294 -13.284173
v 11.423492 20.157907 -13.614482
v 11.456444 20.244677 -13.412621
v 11.437202 20.375866 -13.767236
v 11.474251 20.499350 -13.586288
v 11.426014 20.553251 -13.956918
v 11.463366 20.713482 -13.807604
v 11.387617 20.692606 -14.184978
v 11.420595 20.882010 -14.073611
v 11.314480 20.800055 -14.451245
v 11.339785 21.006994 -14.374442
v 11.198811 20.877192 -14.749262
v 11.215031 21.093195 -14.699849
v 11.033396 20.926249 -15.070657
v 11.040636 21.146336 -15.041121
v 10.811510 20.950516 -15.406732
v 10.810860 21.172108 -15.390626
v 10.526800 20.953957 -15.748946
v 10.519892 21.175894 -15.741231
v 10.173191 20.940899 -16.089045
v 10.161905 21.162771 -16.086014
v 9.536551 20.907440 -16.577932
v 9.522795 21.129192 -16.577021
v 9.333191 13.537068 -13.732675
v 9.525604 13.537068 -13.843764
v 9.499603 14.393715 -13.890656
v 9.307186 14.393957 -13.779572
v 9.140778 13.537068 -13.843764
v 9.114956 14.381975 -13.890332
v 9.354841 15.109269 -13.769329
v 9.163069 15.123361 -13.880631
v 9.461254 15.725273 -13.715288
v 9.272757 15.767116 -13.825206
v 9.613146 16.258991 -13.628967
v 9.430737 16.327745 -13.735573
v 9.623301 16.819550 -13.623550
v 9.797905 16.727627 -13.521439
v 9.982279 16.681507 -13.636514
v 10.183853 17.092886 -13.520805
v 10.003447 17.148035 -13.403436
v 10.394890 17.475042 -13.404930
v 10.217800 17.536579 -13.285702
v 9.836325 17.256987 -13.501227
v 10.055525 17.654863 -13.380774
v 10.266703 18.028191 -13.274229
v 10.428720 17.909447 -13.179294
v 10.603964 17.844601 -13.299494
v 10.799126 18.216978 -13.215644
v 10.623856 18.281775 -13.095457
v 10.971819 18.589979 -13.160985
v 10.796045 18.653749 -13.040987
v 10.456720 18.391123 -13.192782
v 10.621826 18.748707 -13.140961
v 10.943777 19.018833 -13.018443
v 10.762720 19.097961 -13.120029
v 11.066885 19.372656 -13.029915
v 10.879206 19.434114 -13.131714
v 10.971066 19.752426 -13.177866
v 11.165108 19.711029 -13.077881
v 11.339563 19.643307 -13.197635
v 11.411196 19.957294 -13.284173
v 11.237955 20.029737 -13.165422
v 11.456444 20.244677 -13.412621
v 11.284525 20.324055 -13.296407
v 11.038015 20.048204 -13.260530
v 11.079651 20.316664 -13.382054
v 11.474251 20.499350 -13.586288
v 11.303335 20.587715 -13.475195
v 11.242226 19.307720 -13.149923
v 11.119572 18.955107 -13.138436
v 9.801235 16.223907 -13.741903
v 9.652073 15.702244 -13.826740
v 9.547068 15.098166 -13.880186
v 11.303335 20.587715 -13.475195
v 11.474251 20.499350 -13.586288
v 11.463366 20.713482 -13.807604
v 11.292532 20.811827 -13.705103
v 11.079651 20.316664 -13.382054
v 11.284525 20.324055 -13.296407
v 11.095367 20.552599 -13.545050
v 11.084343 20.749945 -13.751913
v 11.248724 20.987253 -13.980086
v 11.043875 20.903099 -13.997927
v 10.969395 21.013615 -14.270243
v 11.167244 21.113771 -14.283943
v 11.339785 21.006994 -14.374442
v 11.215031 21.093195 -14.699849
v 11.043617 21.198849 -14.605953
v 10.855980 21.088499 -14.561466
v 11.040636 21.146336 -15.041121
v 10.873005 21.250269 -14.938848
v 10.810860 21.172108 -15.390626
v 10.650036 21.274744 -15.276767
v 10.698132 21.134115 -14.866109
v 10.489859 21.155787 -15.179011
v 10.224808 21.158144 -15.494861
v 10.368896 21.277987 -15.614190
v 10.519892 21.175894 -15.741231
v 10.161905 21.162771 -16.086014
v 10.023478 21.265053 -15.945522
v 9.522795 21.129192 -16.577021
v 9.399174 21.232195 -16.423822
v 9.896336 21.145468 -15.808054
v 9.289310 21.113453 -16.271524
v 11.420595 20.882010 -14.073611
v 9.140778 13.537068 -14.065943
v 9.140778 13.537068 -13.843764
v 9.114956 14.381975 -13.890332
v 9.115143 14.369753 -14.112174
v 9.163069 15.123361 -13.880631
v 9.163523 15.126351 -14.102790
v 9.272757 15.767116 -13.825206
v 9.275078 15.785929 -14.046574
v 9.430737 16.327745 -13.735573
v 9.436420 16.361414 -13.955110
v 9.623301 16.819550 -13.623550
v 9.633068 16.865353 -13.840735
v 9.836325 17.256987 -13.501227
v 9.849606 17.310789 -13.716383
v 10.055525 17.654863 -13.380774
v 10.070337 17.711615 -13.595070
v 10.266703 18.028191 -13.274229
v 10.279924 18.082092 -13.489363
v 10.456720 18.391123 -13.192782
v 10.464855 18.435678 -13.410295
v 10.621826 18.748707 -13.140961
v 10.623383 18.779892 -13.360932
v 10.762720 19.097961 -13.120029
v 10.757456 19.113369 -13.341608
v 10.879206 19.434114 -13.131714
v 10.866869 19.430643 -13.353521
v 10.971066 19.752426 -13.177866
v 10.951481 19.726110 -13.397608
v 11.038015 20.048204 -13.260530
v 11.011314 19.994236 -13.474394
v 11.079651 20.316664 -13.382054
v 11.046696 20.229906 -13.583920
v 11.095367 20.552599 -13.545050
v 11.058315 20.429125 -13.726002
v 11.084343 20.749945 -13.751913
v 11.046986 20.589724 -13.901232
v 11.043875 20.903099 -13.997927
v 11.010893 20.713707 -14.109301
v 10.969395 21.013615 -14.270243
v 10.944084 20.806681 -14.347054
v 10.855980 21.088499 -14.561466
v 10.839752 20.872498 -14.610888
v 10.698132 21.134115 -14.866109
v 10.690880 20.914030 -14.895651
v 10.489859 21.155787 -15.179011
v 10.490498 20.934193 -15.195125
v 10.224808 21.158144 -15.494861
v 10.231701 20.936205 -15.502584
v 9.896336 21.145468 -15.808054
v 9.907608 20.923594 -15.811092
v 9.289310 21.113453 -16.271524
v 9.303055 20.891699 -16.272444
v 9.333191 13.537068 -14.177033
v 9.140778 13.537068 -14.065943
v 9.115143 14.369753 -14.112174
v 9.307560 14.369510 -14.223258
v 9.525604 13.537068 -14.065943
v 9.499790 14.381492 -14.112498
v 9.355749 15.115246 -14.213646
v 9.547523 15.101154 -14.102345
v 9.465897 15.762897 -14.158027
v 9.654392 15.721056 -14.048109
v 9.624512 16.326328 -14.068048
v 9.806919 16.257576 -13.961443
v 9.992048 16.727306 -13.853701
v 9.817444 16.819229 -13.955813
v 9.633068 16.865353 -13.840735
v 9.849606 17.310789 -13.716383
v 10.030014 17.255636 -13.833753
v 10.070337 17.711615 -13.595070
v 10.247429 17.650074 -13.714299
v 10.197138 17.146683 -13.735961
v 10.409704 17.531786 -13.619227
v 10.617188 17.898495 -13.514628
v 10.455170 18.017246 -13.609566
v 10.279924 18.082092 -13.489363
v 10.464855 18.435678 -13.410295
v 10.640127 18.370882 -13.530483
v 10.807261 18.261526 -13.433156
v 10.623383 18.779892 -13.360932
v 10.799158 18.716120 -13.480932
v 10.757456 19.113369 -13.341608
v 10.933250 19.049643 -13.461605
v 10.973375 18.621157 -13.380957
v 11.114309 18.970503 -13.360015
v 11.229889 19.304237 -13.371728
v 11.042213 19.365707 -13.473533
v 10.866869 19.430643 -13.353521
v 10.951481 19.726110 -13.397608
v 11.125940 19.658390 -13.517367
v 11.011314 19.994236 -13.474394
v 11.184557 19.921793 -13.593148
v 11.319981 19.616980 -13.417377
v 11.384501 19.903311 -13.498033
v 11.423492 20.157907 -13.614482
v 11.218616 20.150532 -13.700137
v 11.046696 20.229906 -13.583920
v 11.058315 20.429125 -13.726002
v 11.229231 20.340761 -13.837101
v 9.436420 16.361414 -13.955110
v 9.275078 15.785929 -14.046574
v 9.163523 15.126351 -14.102790
v 11.229231 20.340761 -13.837101
v 11.218616 20.150532 -13.700137
v 11.437202 20.375866 -13.767236
v 11.058315 20.429125 -13.726002
v 11.046986 20.589724 -13.901232
v 11.217819 20.491377 -14.003740
v 11.423492 20.157907 -13.614482
v 11.010893 20.713707 -14.109301
v 11.182760 20.608458 -14.202833
v 11.426014 20.553251 -13.956918
v 11.387617 20.692606 -14.184978
v 11.116625 20.699896 -14.437561
v 11.314480 20.800055 -14.451245
v 11.011166 20.766838 -14.704790
v 11.198811 20.877192 -14.749262
v 11.033396 20.926249 -15.070657
v 10.858509 20.810093 -14.997931
v 10.690880 20.914030 -14.895651
v 10.651321 20.831556 -15.308990
v 10.490498 20.934193 -15.195125
v 10.231701 20.936205 -15.502584
v 9.907608 20.923594 -15.811092
v 10.382694 20.834108 -15.629629
v 10.046032 20.821308 -15.951591
v 10.811510 20.950516 -15.406732
v 10.526800 20.953957 -15.748946
v 10.173191 20.940899 -16.089045
v 9.426670 20.788689 -16.425648
v 9.536551 20.907440 -16.577932
v 9.303055 20.891699 -16.272444
v 10.839752 20.872498 -14.610888
v 10.944084 20.806681 -14.347054
v -14.863877 23.193394 -14.889111
v -14.844487 23.201521 -14.935210
v -14.844487 21.898228 -15.165016
v -14.863877 21.890099 -15.118917
v -14.863877 23.170397 -14.758693
v -14.863877 21.867102 -14.988499
v -14.844487 21.821001 -14.996626
v -14.844487 23.162268 -14.712592
v -14.844487 21.858973 -14.942399
v -14.835885 21.822840 -14.957507
v -14.844487 21.844000 -15.127044
v -14.835885 21.859106 -15.163178
v -14.844487 23.201521 -14.935210
v -14.797677 23.204889 -14.954306
v -14.797677 21.901592 -15.184113
v -14.844487 21.898228 -15.165016
v -14.797677 21.852127 -15.173146
v -14.835885 21.859106 -15.163178
v 9.683096 21.901592 -15.184113
v 9.683096 21.852127 -15.173146
v 9.721302 21.859106 -15.163178
v 9.729906 21.898228 -15.165016
v 9.683096 23.204889 -14.954306
v 9.729906 23.201521 -14.935210
v -14.797677 21.824902 -15.130413
v -14.797677 21.852127 -15.173146
v 9.683096 21.852127 -15.173146
v 9.683096 21.824902 -15.130413
v -14.797677 21.801907 -14.999994
v -14.844487 21.844000 -15.127044
v 9.683096 21.801907 -14.999994
v -14.797677 21.812874 -14.950526
v 9.683096 21.812874 -14.950526
v 9.729906 21.821001 -14.996626
v 9.729906 21.844000 -15.127044
v 9.721302 21.822840 -14.957507
v 9.721302 21.859106 -15.163178
v -14.797677 21.855604 -14.923304
v 9.683096 21.855604 -14.923304
v -14.844487 21.821001 -14.996626
v -14.835885 21.822840 -14.957507
v -14.835885 21.859106 -15.163178
v -14.797677 23.158901 -14.693499
v 9.683096 23.158901 -14.693499
v 9.683096 21.855604 -14.923304
v -14.844487 23.162268 -14.712592
v -14.844487 21.858973 -14.942399
v -14.797677 21.855604 -14.923304
v -14.797677 21.812874 -14.950526
v -14.835885 21.822840 -14.957507
v 9.729906 23.162268 -14.712592
v 9.729906 21.858973 -14.942399
v 9.683096 21.812874 -14.950526
v 9.721302 21.822840 -14.957507
v 9.749296 23.170397 -14.758693
v 9.729906 23.162268 -14.712592
v 9.749296 21.867102 -14.988499
v 9.749296 21.890099 -15.118917
v 9.749296 23.193394 -14.889111
v 9.729906 21.858973 -14.942399
v 9.721302 21.822840 -14.957507
v 9.729906 21.821001 -14.996626
v 9.729906 21.844000 -15.127044
v 9.729906 21.898228 -15.165016
v 9.721302 21.859106 -15.163178
v 9.729906 23.201521 -14.935210
v -14.863879 -23.311756 -14.889111
v -14.863879 -22.008461 -15.118917
v -14.844489 -22.016590 -15.165016
v -14.844489 -23.319883 -14.935210
v -14.863879 -21.985464 -14.988499
v -14.863879 -23.288759 -14.758693
v -14.844489 -23.280630 -14.712592
v -14.844489 -21.977335 -14.942399
v -14.844489 -21.939363 -14.996626
v -14.835887 -21.941202 -14.957507
v -14.844489 -21.962362 -15.127044
v -14.835887 -21.977468 -15.163178
v -14.844489 -23.319883 -14.935210
v -14.844489 -22.016590 -15.165016
v -14.797679 -22.019955 -15.184113
v -14.797679 -23.323252 -14.954306
v 9.683094 -23.323252 -14.954306
v 9.683094 -22.019955 -15.184113
v 9.729904 -22.016590 -15.165016
v 9.729904 -23.319883 -14.935210
v 9.683094 -21.970490 -15.173146
v 9.721300 -21.977468 -15.163178
v -14.797679 -21.970490 -15.173146
v -14.835887 -21.977468 -15.163178
v -14.797679 -21.943264 -15.130413
v 9.683094 -21.943264 -15.130413
v 9.683094 -21.970490 -15.173146
v -14.797679 -21.970490 -15.173146
v -14.844489 -21.962362 -15.127044
v -14.797679 -21.920269 -14.999994
v 9.683094 -21.920269 -14.999994
v 9.729904 -21.939363 -14.996626
v 9.683094 -21.931236 -14.950526
v -14.797679 -21.931236 -14.950526
v -14.844489 -21.939363 -14.996626
v -14.797679 -21.973967 -14.923304
v -14.835887 -21.941202 -14.957507
v 9.683094 -21.973967 -14.923304
v 9.721300 -21.941202 -14.957507
v 9.729904 -21.962362 -15.127044
v 9.721300 -21.977468 -15.163178
v -14.835887 -21.977468 -15.163178
v -14.797679 -23.277264 -14.693499
v -14.797679 -21.973967 -14.923304
v -14.844489 -21.977335 -14.942399
v -14.844489 -23.280630 -14.712592
v 9.683094 -21.973967 -14.923304
v 9.683094 -23.277264 -14.693499
v 9.729904 -23.280630 -14.712592
v 9.729904 -21.977335 -14.942399
v 9.721300 -21.941202 -14.957507
v 9.683094 -21.931236 -14.950526
v -14.797679 -21.931236 -14.950526
v -14.835887 -21.941202 -14.957507
v 9.749294 -23.288759 -14.758693
v 9.749294 -23.311756 -14.889111
v 9.749294 -21.985464 -14.988499
v 9.729904 -21.977335 -14.942399
v 9.729904 -23.280630 -14.712592
v 9.749294 -22.008461 -15.118917
v 9.729904 -21.962362 -15.127044
v 9.729904 -23.319883 -14.935210
v 9.729904 -22.016590 -15.165016
v 9.721300 -21.977468 -15.163178
v 9.729904 -21.939363 -14.996626
v 9.721300 -21.941202 -14.957507
v 10.856202 6.007259 -14.337469
v 10.856204 6.007259 -14.470234
v -18.281076 6.007261 -14.470234
v -18.281076 6.007261 -14.337469
v 10.856204 6.007259 -14.470234
v 10.856204 5.891581 -14.536615
v -18.281076 5.891582 -14.536615
v -18.281076 6.007261 -14.470234
v -18.281076 5.775907 -14.470234
v 10.856204 5.775906 -14.470234
v 10.856204 5.775906 -14.470234
v 10.856202 5.775906 -14.337469
v -18.281076 5.775907 -14.337469
v -18.281076 5.775907 -14.470234
v 10.856202 5.775906 -14.337469
v 10.856204 5.891581 -14.271088
v -18.281076 5.891582 -14.271088
v -18.281076 5.775907 -14.337469
v -18.281076 6.007261 -14.337469
v 10.856202 6.007259 -14.337469
v 10.856203 13.251042 -14.337469
v 10.856205 13.251042 -14.470234
v -18.281076 13.251043 -14.470234
v -18.281076 13.251043 -14.337469
v 10.856205 13.251042 -14.470234
v 10.856205 13.135364 -14.536615
v -18.281076 13.135365 -14.536615
v -18.281076 13.251043 -14.470234
v -18.281076 13.019690 -14.470234
v 10.856205 13.019689 -14.470234
v 10.856205 13.019689 -14.470234
v 10.856203 13.019689 -14.337469
v -18.281076 13.019690 -14.337469
v -18.281076 13.019690 -14.470234
v 10.856203 13.019689 -14.337469
v -18.281076 13.135365 -14.271088
v -18.281076 13.019690 -14.337469
v 10.856205 13.135364 -14.271088
v 10.856203 13.251042 -14.337469
v -18.281076 13.251043 -14.337469
v 10.856203 12.043744 -14.337469
v 10.856205 12.043744 -14.470234
v -18.281076 12.043745 -14.470234
v -18.281076 12.043745 -14.337469
v 10.856205 12.043744 -14.470234
v 10.856205 11.928065 -14.536615
v -18.281076 11.928066 -14.536615
v -18.281076 12.043745 -14.470234
v -18.281076 11.812391 -14.470234
v 10.856205 11.812390 -14.470234
v 10.856205 11.812390 -14.470234
v 10.856203 11.812390 -14.337469
v -18.281076 11.812391 -14.337469
v -18.281076 11.812391 -14.470234
v 10.856203 11.812390 -14.337469
v 10.856205 11.928065 -14.271088
v -18.281076 11.928066 -14.271088
v -18.281076 11.812391 -14.337469
v -18.281076 12.043745 -14.337469
v 10.856203 12.043744 -14.337469
v 10.856203 14.458340 -14.337469
v -18.281076 14.458341 -14.337469
v 10.856205 14.458340 -14.470234
v -18.281076 14.458341 -14.470234
v 10.856205 14.458340 -14.470234
v 10.856205 14.342661 -14.536615
v -18.281076 14.342662 -14.536615
v -18.281076 14.458341 -14.470234
v -18.281076 14.226987 -14.470234
v 10.856205 14.226986 -14.470234
v 10.856205 14.226986 -14.470234
v 10.856203 14.226986 -14.337469
v -18.281076 14.226987 -14.337469
v -18.281076 14.226987 -14.470234
v 10.856203 14.226986 -14.337469
v -18.281076 14.226987 -14.337469
v 10.856205 14.342661 -14.271088
v -18.281076 14.342662 -14.271088
v -18.281076 14.458341 -14.337469
v 10.856203 14.458340 -14.337469
v 10.856202 10.836450 -14.337469
v 10.856204 10.836450 -14.470234
v -18.281076 10.836451 -14.470234
v -18.281076 10.836451 -14.337469
v 10.856204 10.836450 -14.470234
v 10.856204 10.720771 -14.536615
v -18.281076 10.720772 -14.536615
v -18.281076 10.836451 -14.470234
v -18.281076 10.605097 -14.470234
v 10.856204 10.605096 -14.470234
v 10.856204 10.605096 -14.470234
v 10.856202 10.605096 -14.337469
v -18.281076 10.605097 -14.337469
v -18.281076 10.605097 -14.470234
v 10.856202 10.605096 -14.337469
v 10.856204 10.720771 -14.271088
v -18.281076 10.720772 -14.271088
v -18.281076 10.605097 -14.337469
v -18.281076 10.836451 -14.337469
v 10.856202 10.836450 -14.337469
v 10.856203 15.665638 -14.337469
v 10.856205 15.665638 -14.470234
v -18.281076 15.665639 -14.470234
v -18.281076 15.665639 -14.337469
v 10.856205 15.665638 -14.470234
v 10.856205 15.549959 -14.536615
v -18.281076 15.549960 -14.536615
v -18.281076 15.665639 -14.470234
v -18.281076 15.434285 -14.470234
v 10.856205 15.434284 -14.470234
v 10.856205 15.434284 -14.470234
v 10.856203 15.434284 -14.337469
v -18.281076 15.434285 -14.337469
v -18.281076 15.434285 -14.470234
v 10.856203 15.434284 -14.337469
v 10.856205 15.549959 -14.271088
v -18.281076 15.549960 -14.271088
v -18.281076 15.434285 -14.337469
v -18.281076 15.665639 -14.337469
v 10.856203 15.665638 -14.337469
v 10.856202 7.214555 -14.337469
v 10.856204 7.214555 -14.470234
v -18.281076 7.214557 -14.470234
v -18.281076 7.214557 -14.337469
v 10.856204 7.214555 -14.470234
v 10.856204 7.098876 -14.536615
v -18.281076 7.098878 -14.536615
v -18.281076 7.214557 -14.470234
v -18.281076 6.983203 -14.470234
v 10.856204 6.983202 -14.470234
v 10.856204 6.983202 -14.470234
v 10.856202 6.983202 -14.337469
v -18.281076 6.983203 -14.337469
v -18.281076 6.983203 -14.470234
v 10.856202 6.983202 -14.337469
v 10.856204 7.098876 -14.271088
v -18.281076 7.098878 -14.271088
v -18.281076 6.983203 -14.337469
v -18.281076 7.214557 -14.337469
v 10.856202 7.214555 -14.337469
v 10.856202 -3.651120 -14.337469
v 10.856204 -3.651120 -14.470234
v -18.281076 -3.651119 -14.470234
v -18.281076 -3.651119 -14.337469
v 10.856204 -3.651120 -14.470234
v 10.856204 -3.766799 -14.536615
v -18.281076 -3.766798 -14.536615
v -18.281076 -3.651119 -14.470234
v -18.281076 -3.882473 -14.470234
v 10.856204 -3.882474 -14.470234
v 10.856204 -3.882474 -14.470234
v 10.856202 -3.882474 -14.337469
v -18.281076 -3.882473 -14.337469
v -18.281076 -3.882473 -14.470234
v 10.856202 -3.882474 -14.337469
v 10.856204 -3.766799 -14.271088
v -18.281076 -3.766798 -14.271088
v -18.281076 -3.882473 -14.337469
v -18.281076 -3.651119 -14.337469
v 10.856202 -3.651120 -14.337469
v 10.856202 -2.443825 -14.337469
v 10.856204 -2.443825 -14.470234
v -18.281076 -2.443823 -14.470234
v -18.281076 -2.443823 -14.337469
v 10.856204 -2.443825 -14.470234
v 10.856204 -2.559503 -14.536615
v -18.281076 -2.559502 -14.536615
v -18.281076 -2.443823 -14.470234
v -18.281076 -2.675177 -14.470234
v 10.856204 -2.675178 -14.470234
v 10.856204 -2.675178 -14.470234
v 10.856202 -2.675178 -14.337469
v -18.281076 -2.675177 -14.337469
v -18.281076 -2.675177 -14.470234
v 10.856202 -2.675178 -14.337469
v 10.856204 -2.559503 -14.271088
v -18.281076 -2.559502 -14.271088
v -18.281076 -2.675177 -14.337469
v -18.281076 -2.443823 -14.337469
v 10.856202 -2.443825 -14.337469
v 10.856202 -1.236525 -14.337469
v 10.856204 -1.236525 -14.470234
v -18.281076 -1.236523 -14.470234
v -18.281076 -1.236523 -14.337469
v 10.856204 -1.236525 -14.470234
v 10.856204 -1.352203 -14.536615
v -18.281076 -1.352202 -14.536615
v -18.281076 -1.236523 -14.470234
v -18.281076 -1.467877 -14.470234
v 10.856204 -1.467878 -14.470234
v 10.856204 -1.467878 -14.470234
v 10.856202 -1.467878 -14.337469
v -18.281076 -1.467877 -14.337469
v -18.281076 -1.467877 -14.470234
v 10.856202 -1.467878 -14.337469
v -18.281076 -1.467877 -14.337469
v 10.856204 -1.352203 -14.271088
v -18.281076 -1.352202 -14.271088
v -18.281076 -1.236523 -14.337469
v 10.856202 -1.236525 -14.337469
v 10.856202 1.178069 -14.337469
v 10.856204 1.178069 -14.470234
v -18.281076 1.178070 -14.470234
v -18.281076 1.178070 -14.337469
v 10.856204 1.178069 -14.470234
v 10.856204 1.062390 -14.536615
v -18.281076 1.062392 -14.536615
v -18.281076 1.178070 -14.470234
v -18.281076 0.946717 -14.470234
v 10.856204 0.946715 -14.470234
v 10.856204 0.946715 -14.470234
v 10.856202 0.946715 -14.337469
v -18.281076 0.946717 -14.337469
v -18.281076 0.946717 -14.470234
v 10.856202 0.946715 -14.337469
v 10.856204 1.062390 -14.271088
v -18.281076 1.062392 -14.271088
v -18.281076 0.946717 -14.337469
v -18.281076 1.178070 -14.337469
v 10.856202 1.178069 -14.337469
v 10.856202 3.592663 -14.337469
v 10.856204 3.592663 -14.470234
v -18.281076 3.592664 -14.337469
v -18.281076 3.592664 -14.470234
v 10.856204 3.592663 -14.470234
v 10.856204 3.476985 -14.536615
v -18.281076 3.476986 -14.536615
v -18.281076 3.592664 -14.470234
v -18.281076 3.361311 -14.470234
v 10.856204 3.361310 -14.470234
v 10.856204 3.361310 -14.470234
v 10.856202 3.361310 -14.337469
v -18.281076 3.361311 -14.337469
v -18.281076 3.361311 -14.470234
v 10.856202 3.361310 -14.337469
v 10.856204 3.476985 -14.271088
v -18.281076 3.476986 -14.271088
v -18.281076 3.361311 -14.337469
v -18.281076 3.592664 -14.337469
v 10.856202 3.592663 -14.337469
v 10.856202 -0.029227 -14.337469
v 10.856204 -0.029227 -14.470234
v -18.281076 -0.029226 -14.470234
v -18.281076 -0.029226 -14.337469
v 10.856204 -0.029227 -14.470234
v 10.856204 -0.144906 -14.536615
v -18.281076 -0.144904 -14.536615
v -18.281076 -0.029226 -14.470234
v -18.281076 -0.260579 -14.470234
v 10.856204 -0.260581 -14.470234
v 10.856204 -0.260581 -14.470234
v 10.856202 -0.260581 -14.337469
v -18.281076 -0.260579 -14.337469
v -18.281076 -0.260579 -14.470234
v 10.856202 -0.260581 -14.337469
v 10.856204 -0.144906 -14.271088
v -18.281076 -0.144904 -14.271088
v -18.281076 -0.260579 -14.337469
v -18.281076 -0.029226 -14.337469
v 10.856202 -0.029227 -14.337469
v 10.856202 -4.858419 -14.337469
v 10.856204 -4.858419 -14.470234
v -18.281076 -4.858418 -14.470234
v -18.281076 -4.858418 -14.337469
v 10.856204 -4.858419 -14.470234
v 10.856204 -4.974098 -14.536615
v -18.281076 -4.974096 -14.536615
v -18.281076 -4.858418 -14.470234
v -18.281076 -5.089771 -14.470234
v 10.856204 -5.089772 -14.470234
v 10.856204 -5.089772 -14.470234
v -18.281076 -5.089771 -14.470234
v -18.281076 -5.089771 -14.337469
v 10.856202 -5.089772 -14.337469
v 10.856202 -5.089772 -14.337469
v -18.281076 -4.974096 -14.271088
v -18.281076 -5.089771 -14.337469
v 10.856204 -4.974098 -14.271088
v 10.856202 -4.858419 -14.337469
v -18.281076 -4.858418 -14.337469
v 10.856202 2.385367 -14.337469
v 10.856204 2.385367 -14.470234
v -18.281076 2.385368 -14.337469
v -18.281076 2.385368 -14.470234
v 10.856204 2.385367 -14.470234
v 10.856204 2.269688 -14.536615
v -18.281076 2.269690 -14.536615
v -18.281076 2.385368 -14.470234
v -18.281076 2.154015 -14.470234
v 10.856204 2.154013 -14.470234
v 10.856204 2.154013 -14.470234
v -18.281076 2.154015 -14.337469
v -18.281076 2.154015 -14.470234
v 10.856202 2.154013 -14.337469
v 10.856202 2.154013 -14.337469
v -18.281076 2.269690 -14.271088
v 10.856204 2.269688 -14.271088
v -18.281076 2.154015 -14.337469
v 10.856202 2.385367 -14.337469
v -18.281076 2.385368 -14.337469
v 10.856202 4.799962 -14.337469
v 10.856204 4.799962 -14.470234
v -18.281076 4.799963 -14.470234
v -18.281076 4.799963 -14.337469
v 10.856204 4.799962 -14.470234
v -18.281076 4.684284 -14.536615
v -18.281076 4.799963 -14.470234
v 10.856204 4.684283 -14.536615
v 10.856204 4.568608 -14.470234
v -18.281076 4.568609 -14.470234
v 10.856204 4.568608 -14.470234
v -18.281076 4.568609 -14.337469
v -18.281076 4.568609 -14.470234
v 10.856202 4.568608 -14.337469
v 10.856202 4.568608 -14.337469
v -18.281076 4.568609 -14.337469
v 10.856204 4.684283 -14.271088
v -18.281076 4.684284 -14.271088
v -18.281076 4.799963 -14.337469
v 10.856202 4.799962 -14.337469
v -6.936326 -22.655186 -14.621574
v -6.936324 22.536823 -14.621574
v -6.936326 -22.655186 -14.771637
v -6.936324 22.536823 -14.771637
v -6.936326 -22.655186 -14.771637
v -7.072384 22.536823 -14.846668
v -6.936324 22.536823 -14.771637
v -7.072386 -22.655186 -14.846668
v -7.208447 -22.655186 -14.771637
v -7.208445 22.536823 -14.771637
v -7.208447 -22.655186 -14.771637
v -7.208445 22.536823 -14.621574
v -7.208445 22.536823 -14.771637
v -7.208447 -22.655186 -14.621574
v -7.208447 -22.655186 -14.621574
v -7.072386 -22.655186 -14.546543
v -7.072384 22.536823 -14.546543
v -7.208445 22.536823 -14.621574
v -6.936324 22.536823 -14.621574
v -6.936326 -22.655186 -14.621574
v 4.743912 -22.655186 -14.621574
v 4.743914 22.536823 -14.771637
v 4.743914 22.536823 -14.621574
v 4.743912 -22.655186 -14.771637
v 4.743912 -22.655186 -14.771637
v 4.607854 22.536823 -14.846668
v 4.607852 -22.655186 -14.846668
v 4.743914 22.536823 -14.771637
v 4.471791 -22.655186 -14.771637
v 4.471793 22.536823 -14.771637
v 4.471791 -22.655186 -14.771637
v 4.471791 -22.655186 -14.621574
v 4.471793 22.536823 -14.621574
v 4.471793 22.536823 -14.771637
v 4.471791 -22.655186 -14.621574
v 4.607852 -22.655186 -14.546543
v 4.607854 22.536823 -14.546543
v 4.471793 22.536823 -14.621574
v 4.743914 22.536823 -14.621574
v 4.743912 -22.655186 -14.621574
v 10.856203 19.287533 -14.337469
v -18.281076 19.287533 -14.470234
v -18.281076 19.287533 -14.337469
v 10.856205 19.287533 -14.470234
v 10.856205 19.287533 -14.470234
v -18.281076 19.287533 -14.470234
v 10.856205 19.171854 -14.536615
v -18.281076 19.171854 -14.536615
v -18.281076 19.056179 -14.470234
v 10.856205 19.056179 -14.470234
v 10.856205 19.056179 -14.470234
v 10.856203 19.056179 -14.337469
v -18.281076 19.056179 -14.337469
v -18.281076 19.056179 -14.470234
v 10.856203 19.056179 -14.337469
v -18.281076 19.171854 -14.271088
v -18.281076 19.056179 -14.337469
v 10.856205 19.171854 -14.271088
v 10.856203 19.287533 -14.337469
v -18.281076 19.287533 -14.337469
v 10.856201 -19.345987 -14.337469
v -18.281076 -19.345987 -14.337469
v 10.856203 -19.345987 -14.470234
v -18.281076 -19.345987 -14.470234
v 10.856203 -19.345987 -14.470234
v -18.281076 -19.461666 -14.536615
v -18.281076 -19.345987 -14.470234
v 10.856203 -19.461666 -14.536615
v 10.856203 -19.577341 -14.470234
v -18.281076 -19.577341 -14.470234
v 10.856203 -19.577341 -14.470234
v 10.856201 -19.577341 -14.337469
v -18.281076 -19.577341 -14.337469
v -18.281076 -19.577341 -14.470234
v 10.856201 -19.577341 -14.337469
v -18.281076 -19.577341 -14.337469
v 10.856203 -19.461666 -14.271088
v -18.281076 -19.461666 -14.271088
v -18.281076 -19.345987 -14.337469
v 10.856201 -19.345987 -14.337469
v 10.856201 -13.309501 -14.337469
v 10.856203 -13.309501 -14.470234
v -18.281076 -13.309500 -14.470234
v -18.281076 -13.309500 -14.337469
v 10.856203 -13.309501 -14.470234
v 10.856203 -13.425179 -14.536615
v -18.281076 -13.425179 -14.536615
v -18.281076 -13.309500 -14.470234
v -18.281076 -13.540854 -14.470234
v 10.856203 -13.540854 -14.470234
v 10.856203 -13.540854 -14.470234
v -18.281076 -13.540854 -14.337469
v -18.281076 -13.540854 -14.470234
v 10.856201 -13.540854 -14.337469
v 10.856201 -13.540854 -14.337469
v -18.281076 -13.425179 -14.271088
v -18.281076 -13.540854 -14.337469
v 10.856203 -13.425179 -14.271088
v 10.856201 -13.309501 -14.337469
v -18.281076 -13.309500 -14.337469
v 10.856202 -8.480309 -14.337469
v 10.856204 -8.480309 -14.470234
v -18.281076 -8.480309 -14.470234
v -18.281076 -8.480309 -14.337469
v 10.856204 -8.480309 -14.470234
v -18.281076 -8.595987 -14.536615
v -18.281076 -8.480309 -14.470234
v 10.856204 -8.595988 -14.536615
v 10.856204 -8.711663 -14.470234
v -18.281076 -8.711662 -14.470234
v 10.856204 -8.711663 -14.470234
v 10.856202 -8.711663 -14.337469
v -18.281076 -8.711662 -14.337469
v -18.281076 -8.711662 -14.470234
v 10.856202 -8.711663 -14.337469
v 10.856204 -8.595988 -14.271088
v -18.281076 -8.595987 -14.271088
v -18.281076 -8.711662 -14.337469
v -18.281076 -8.480309 -14.337469
v 10.856202 -8.480309 -14.337469
v 10.856202 -7.273013 -14.337469
v 10.856204 -7.273013 -14.470234
v -18.281076 -7.273011 -14.470234
v -18.281076 -7.273011 -14.337469
v 10.856204 -7.273013 -14.470234
v 10.856204 -7.388691 -14.536615
v -18.281076 -7.388690 -14.536615
v -18.281076 -7.273011 -14.470234
v -18.281076 -7.504365 -14.470234
v 10.856204 -7.504366 -14.470234
v 10.856204 -7.504366 -14.470234
v 10.856202 -7.504366 -14.337469
v -18.281076 -7.504365 -14.337469
v -18.281076 -7.504365 -14.470234
v 10.856202 -7.504366 -14.337469
v -18.281076 -7.504365 -14.337469
v 10.856204 -7.388691 -14.271088
v -18.281076 -7.388690 -14.271088
v -18.281076 -7.273011 -14.337469
v 10.856202 -7.273013 -14.337469
v 10.856202 -10.894903 -14.337469
v 10.856204 -10.894903 -14.470234
v -18.281076 -10.894902 -14.337469
v -18.281076 -10.894902 -14.470234
v 10.856204 -10.894903 -14.470234
v 10.856203 -11.010582 -14.536615
v -18.281076 -11.010581 -14.536615
v -18.281076 -10.894902 -14.470234
v -18.281076 -11.126256 -14.470234
v 10.856203 -11.126257 -14.470234
v 10.856203 -11.126257 -14.470234
v -18.281076 -11.126256 -14.337469
v -18.281076 -11.126256 -14.470234
v 10.856201 -11.126257 -14.337469
v 10.856201 -11.126257 -14.337469
v -18.281076 -11.010581 -14.271088
v -18.281076 -11.126256 -14.337469
v 10.856203 -11.010582 -14.271088
v 10.856202 -10.894903 -14.337469
v -18.281076 -10.894902 -14.337469
v 10.856202 -9.687607 -14.337469
v 10.856204 -9.687607 -14.470234
v -18.281076 -9.687606 -14.470234
v -18.281076 -9.687606 -14.337469
v 10.856204 -9.687607 -14.470234
v 10.856204 -9.803286 -14.536615
v -18.281076 -9.803285 -14.536615
v -18.281076 -9.687606 -14.470234
v -18.281076 -9.918960 -14.470234
v 10.856204 -9.918961 -14.470234
v 10.856204 -9.918961 -14.470234
v -18.281076 -9.918960 -14.470234
v 10.856202 -9.918961 -14.337469
v -18.281076 -9.918960 -14.337469
v 10.856202 -9.918961 -14.337469
v 10.856204 -9.803286 -14.271088
v -18.281076 -9.803285 -14.271088
v -18.281076 -9.918960 -14.337469
v -18.281076 -9.687606 -14.337469
v 10.856202 -9.687607 -14.337469
v 10.856201 -15.724094 -14.337469
v -18.281076 -15.724093 -14.470234
v -18.281076 -15.724093 -14.337469
v 10.856203 -15.724094 -14.470234
v 10.856203 -15.724094 -14.470234
v -18.281076 -15.724093 -14.470234
v -18.281076 -15.839772 -14.536615
v 10.856203 -15.839773 -14.536615
v 10.856203 -15.955448 -14.470234
v -18.281076 -15.955447 -14.470234
v 10.856203 -15.955448 -14.470234
v 10.856201 -15.955448 -14.337469
v -18.281076 -15.955447 -14.337469
v -18.281076 -15.955447 -14.470234
v 10.856201 -15.955448 -14.337469
v 10.856203 -15.839773 -14.271088
v -18.281076 -15.839772 -14.271088
v -18.281076 -15.955447 -14.337469
v -18.281076 -15.724093 -14.337469
v 10.856201 -15.724094 -14.337469
v 10.856202 -6.065716 -14.337469
v 10.856204 -6.065716 -14.470234
v -18.281076 -6.065714 -14.470234
v -18.281076 -6.065714 -14.337469
v 10.856204 -6.065716 -14.470234
v 10.856204 -6.181395 -14.536615
v -18.281076 -6.181393 -14.536615
v -18.281076 -6.065714 -14.470234
v -18.281076 -6.297068 -14.470234
v 10.856204 -6.297070 -14.470234
v 10.856204 -6.297070 -14.470234
v 10.856202 -6.297070 -14.337469
v -18.281076 -6.297068 -14.337469
v -18.281076 -6.297068 -14.470234
v 10.856202 -6.297070 -14.337469
v -18.281076 -6.297068 -14.337469
v 10.856204 -6.181395 -14.271088
v -18.281076 -6.181393 -14.271088
v -18.281076 -6.065714 -14.337469
v 10.856202 -6.065716 -14.337469
v 10.856201 -12.102202 -14.337469
v -18.281076 -12.102201 -14.470234
v -18.281076 -12.102201 -14.337469
v 10.856203 -12.102202 -14.470234
v 10.856203 -12.102202 -14.470234
v -18.281076 -12.217880 -14.536615
v -18.281076 -12.102201 -14.470234
v 10.856203 -12.217881 -14.536615
v 10.856203 -12.333556 -14.470234
v -18.281076 -12.333555 -14.470234
v 10.856203 -12.333556 -14.470234
v -18.281076 -12.333555 -14.337469
v -18.281076 -12.333555 -14.470234
v 10.856201 -12.333556 -14.337469
v 10.856201 -12.333556 -14.337469
v 10.856203 -12.217881 -14.271088
v -18.281076 -12.217880 -14.271088
v -18.281076 -12.333555 -14.337469
v -18.281076 -12.102201 -14.337469
v 10.856201 -12.102202 -14.337469
v 10.856201 -14.516796 -14.337469
v -18.281076 -14.516795 -14.337469
v 10.856203 -14.516796 -14.470234
v -18.281076 -14.516795 -14.470234
v 10.856203 -14.516796 -14.470234
v -18.281076 -14.632474 -14.536615
v -18.281076 -14.516795 -14.470234
v 10.856203 -14.632475 -14.536615
v 10.856203 -14.748150 -14.470234
v -18.281076 -14.748149 -14.470234
v 10.856203 -14.748150 -14.470234
v 10.856201 -14.748150 -14.337469
v -18.281076 -14.748149 -14.337469
v -18.281076 -14.748149 -14.470234
v 10.856201 -14.748150 -14.337469
v 10.856203 -14.632475 -14.271088
v -18.281076 -14.632474 -14.271088
v -18.281076 -14.748149 -14.337469
v -18.281076 -14.516795 -14.337469
v 10.856201 -14.516796 -14.337469
v 10.856201 -16.931393 -14.337469
v -18.281076 -16.931393 -14.470234
v 10.856203 -16.931393 -14.470234
v -18.281076 -16.931393 -14.337469
v 10.856203 -16.931393 -14.470234
v -18.281076 -16.931393 -14.470234
v 10.856203 -17.047070 -14.536615
v -18.281076 -17.047070 -14.536615
v -18.281076 -17.162746 -14.470234
v 10.856203 -17.162746 -14.470234
v 10.856203 -17.162746 -14.470234
v 10.856201 -17.162746 -14.337469
v -18.281076 -17.162746 -14.337469
v -18.281076 -17.162746 -14.470234
v 10.856201 -17.162746 -14.337469
v 10.856203 -17.047070 -14.271088
v -18.281076 -17.047070 -14.271088
v -18.281076 -17.162746 -14.337469
v -18.281076 -16.931393 -14.337469
v 10.856201 -16.931393 -14.337469
v -12.776446 -22.655186 -14.621574
v -12.776444 22.536823 -14.621574
v -12.776444 22.536823 -14.771637
v -12.776446 -22.655186 -14.771637
v -12.776446 -22.655186 -14.771637
v -12.912505 -22.655186 -14.846668
v -12.912503 22.536823 -14.846668
v -12.776444 22.536823 -14.771637
v -13.048564 22.536823 -14.771637
v -13.048566 -22.655186 -14.771637
v -13.048566 -22.655186 -14.771637
v -13.048566 -22.655186 -14.621574
v -13.048564 22.536823 -14.621574
v -13.048564 22.536823 -14.771637
v -13.048566 -22.655186 -14.621574
v -12.912505 -22.655186 -14.546543
v -12.912503 22.536823 -14.546543
v -13.048564 22.536823 -14.621574
v -12.776444 22.536823 -14.621574
v -12.776446 -22.655186 -14.621574
v -18.883057 -9.059950 -21.165243
v -18.883057 -9.090288 -21.091997
v -18.751478 -9.041295 -21.032698
v -18.751478 -9.011215 -21.105318
v -18.883057 -9.059950 -24.315451
v -18.751478 -9.011215 -24.375376
v -18.883057 -9.090288 -24.388697
v -18.751478 -9.041295 -24.447996
v -18.883057 -9.090288 -21.091997
v -18.751478 -9.041295 -21.032698
v -18.883057 -9.163534 -21.061659
v -18.751478 -9.113916 -21.002619
v -18.751478 -11.777212 -21.002619
v -18.883057 -11.727596 -21.061659
v -18.751478 -11.849833 -21.032698
v -18.883057 -11.800840 -21.091997
v -18.883057 -11.831182 -21.165243
v -18.883057 -11.607418 -21.575674
v -18.883057 -11.800840 -21.091997
v -18.883057 -11.637888 -21.648443
v -18.883057 -11.637888 -23.832247
v -18.883057 -11.831182 -24.315451
v -18.883057 -11.800840 -24.388697
v -18.883057 -11.607418 -23.905016
v -18.883057 -11.727596 -24.419035
v -18.883057 -9.163534 -24.419035
v -18.883057 -11.533857 -23.935160
v -18.883057 -9.357267 -23.935160
v -18.883057 -9.090288 -24.388697
v -18.883057 -9.283709 -23.905016
v -18.883057 -9.059950 -24.315451
v -18.883057 -9.253241 -23.832247
v -18.883057 -9.253241 -21.648443
v -18.883057 -9.090288 -21.091997
v -18.883057 -9.059950 -21.165243
v -18.883057 -9.283709 -21.575674
v -18.883057 -9.163534 -21.061659
v -18.883057 -9.357267 -21.545530
v -18.883057 -11.727596 -21.061659
v -18.883057 -11.533857 -21.545530
v -18.883057 -9.163534 -24.419035
v -18.883057 -9.090288 -24.388697
v -18.751478 -9.041295 -24.447996
v -18.751478 -9.113916 -24.478075
v -18.883057 -11.727596 -24.419035
v -18.751478 -11.777212 -24.478075
v -18.883057 -11.800840 -24.388697
v -18.751478 -11.849833 -24.447996
v -18.883057 -11.831182 -24.315451
v -18.883057 -11.800840 -24.388697
v -18.883057 -11.831182 -21.165243
v -18.751478 -11.849833 -24.447996
v -18.751478 -11.879915 -24.375376
v -18.751478 -11.879915 -21.105318
v -18.883057 -11.800840 -21.091997
v -18.751478 -11.849833 -21.032698
v -19.112478 -9.463450 -23.831217
v -19.076979 -9.364341 -23.830370
v -19.112474 -9.393323 -23.802145
v -19.076969 -9.434880 -23.859282
v -19.076969 -11.456244 -23.859282
v -19.112478 -11.435355 -23.831217
v -19.112474 -11.500050 -23.799967
v -19.076979 -11.526785 -23.830370
v -18.883057 -11.533857 -23.935160
v -18.883057 -11.607418 -23.905016
v -18.883057 -9.357267 -23.935160
v -18.883057 -9.283709 -23.905016
v -19.112474 -9.393323 -23.802145
v -19.112463 -9.364279 -23.731966
v -19.077000 -9.335127 -23.760572
v -19.076979 -9.364341 -23.830370
v -18.883057 -9.253241 -23.832247
v -18.883057 -9.283709 -23.905016
v -18.883057 -9.253241 -21.648443
v -19.077000 -9.335127 -21.720119
v -19.112463 -9.364279 -21.747953
v -18.883057 -9.283709 -21.575674
v -19.076979 -9.364339 -21.650324
v -19.112474 -9.393561 -21.678320
v -19.112478 -11.427673 -21.649477
v -19.112474 -11.497802 -21.678545
v -19.076969 -11.456244 -21.621410
v -19.076969 -9.434880 -21.621410
v -19.112478 -9.464258 -21.649477
v -19.076979 -11.526788 -21.650324
v -18.883057 -11.607418 -21.575674
v -18.883057 -11.533857 -21.545530
v -18.883057 -9.357267 -21.545530
v -18.883057 -9.283709 -21.575674
v -19.076979 -9.364339 -21.650324
v -19.112474 -9.393561 -21.678320
v -19.112474 -11.497802 -21.678545
v -19.077000 -11.556000 -21.720119
v -19.076979 -11.526788 -21.650324
v -19.112463 -11.526848 -21.748728
v -19.112463 -11.526848 -23.724531
v -19.077000 -11.556000 -23.760572
v -19.076979 -11.526785 -23.830370
v -19.112474 -11.500050 -23.799967
v -18.883057 -11.607418 -23.905016
v -18.883057 -11.637888 -23.832247
v -18.883057 -11.637888 -21.648443
v -18.883057 -11.607418 -21.575674
v 10.856203 21.702127 -14.337469
v 10.856205 21.702127 -14.470234
v -18.281076 21.702127 -14.470234
v -18.281076 21.702127 -14.337469
v 10.856205 21.702127 -14.470234
v 10.856205 21.586449 -14.536615
v -18.281076 21.586449 -14.536615
v -18.281076 21.702127 -14.470234
v -18.281076 21.470774 -14.470234
v 10.856205 21.470774 -14.470234
v 10.856205 21.470774 -14.470234
v -18.281076 21.470774 -14.337469
v -18.281076 21.470774 -14.470234
v 10.856203 21.470774 -14.337469
v 10.856203 21.470774 -14.337469
v -18.281076 21.586449 -14.271088
v 10.856205 21.586449 -14.271088
v -18.281076 21.470774 -14.337469
v 10.856203 21.702127 -14.337469
v -18.281076 21.702127 -14.337469
v 10.856203 20.494829 -14.337469
v 10.856205 20.494829 -14.470234
v -18.281076 20.494829 -14.470234
v -18.281076 20.494829 -14.337469
v 10.856205 20.494829 -14.470234
v -18.281076 20.379150 -14.536615
v -18.281076 20.494829 -14.470234
v 10.856205 20.379150 -14.536615
v 10.856205 20.263475 -14.470234
v -18.281076 20.263475 -14.470234
v 10.856205 20.263475 -14.470234
v 10.856203 20.263475 -14.337469
v -18.281076 20.263475 -14.337469
v -18.281076 20.263475 -14.470234
v 10.856203 20.263475 -14.337469
v 10.856205 20.379150 -14.271088
v -18.281076 20.379150 -14.271088
v -18.281076 20.263475 -14.337469
v -18.281076 20.494829 -14.337469
v 10.856203 20.494829 -14.337469
v 14.259350 1.750442 -21.002619
v 14.259350 2.158406 -20.706217
v 13.942711 2.158406 -20.706217
v 13.942711 1.750442 -21.002619
v 14.318787 1.769529 -21.016485
v 14.318787 2.165696 -20.728655
v 14.259350 1.594615 -21.482210
v 14.259350 1.750443 -21.961798
v 13.942711 1.594615 -21.482210
v 14.318787 1.618206 -21.482210
v 14.318787 1.769529 -21.947931
v 14.259350 2.158406 -22.258204
v 14.318787 2.165696 -22.235765
v 13.942711 1.750443 -21.961798
v 13.942711 2.158406 -22.258204
v 14.259350 2.158406 -20.706217
v 14.259350 2.662676 -20.706217
v 14.318787 2.165696 -20.728655
v 13.942711 2.662676 -20.706217
v 13.942711 2.158406 -20.706217
v 14.318787 2.655385 -20.728655
v 14.259350 2.662676 -20.706217
v 14.259350 3.070639 -21.002621
v 13.942711 3.070639 -21.002621
v 13.942711 2.662676 -20.706217
v 14.318787 2.655385 -20.728655
v 14.318787 3.051553 -21.016489
v 14.318787 3.202875 -21.482210
v 14.318787 3.051553 -21.947931
v 14.259350 3.226467 -21.482210
v 13.942711 3.226467 -21.482210
v 14.259350 3.070639 -21.961798
v 13.942711 3.070639 -21.961798
v 13.942711 2.662676 -22.258204
v 14.259350 2.662676 -22.258204
v 14.318787 2.655385 -22.235765
v 14.259350 2.662676 -22.258204
v 13.942711 2.158406 -22.258204
v 13.942711 2.662676 -22.258204
v 14.318787 2.655385 -22.235765
v 14.318787 2.165696 -22.235765
v 14.259350 2.158406 -22.258204
v 13.942709 -4.686341 -20.091022
v 13.942709 -4.712296 -20.022913
v 14.248178 -4.712297 -20.022917
v 13.942709 -4.686341 -22.549643
v 14.248178 -4.686341 -22.549635
v 14.248178 -4.686341 -20.091028
v 13.942709 -4.712296 -22.617750
v 14.248178 -4.712297 -22.617750
v 13.942709 -4.712296 -20.022913
v 13.942709 -4.774958 -19.994703
v 14.248178 -4.774963 -19.994703
v 14.248178 -4.712297 -20.022917
v 14.248178 -6.909699 -19.994703
v 13.942709 -6.909705 -19.994703
v 14.248178 -6.972365 -20.022917
v 13.942709 -6.972367 -20.022913
v 13.942709 -6.972367 -20.022913
v 13.942709 -6.998322 -20.091022
v 14.248178 -6.998322 -20.091028
v 14.248178 -6.972365 -20.022917
v 14.248178 -6.998322 -22.549635
v 13.942709 -6.998322 -22.549643
v 13.942709 -6.972367 -22.617750
v 14.248178 -6.972365 -22.617750
v 13.942709 -4.774958 -22.645964
v 13.942709 -4.712296 -22.617750
v 14.248178 -4.712297 -22.617750
v 14.248178 -4.774963 -22.645964
v 13.942709 -6.909705 -22.645964
v 13.942709 -6.972367 -22.617750
v 14.248178 -6.909699 -22.645964
v 14.248178 -6.972365 -22.617750
v 14.518496 -4.915453 -20.334856
v 14.518496 -4.941409 -20.266748
v 14.535315 -4.982012 -20.310877
v 14.535315 -4.956056 -20.378984
v 14.535315 -4.956056 -22.261679
v 14.518496 -4.915453 -22.305811
v 14.518496 -4.941409 -22.373919
v 14.535315 -4.982011 -22.329786
v 14.518496 -5.004070 -22.402132
v 14.535315 -6.639991 -22.357996
v 14.518496 -6.680593 -22.402132
v 14.535315 -5.044672 -22.357996
v 14.535315 -5.044675 -20.282667
v 14.518496 -5.004069 -20.238537
v 14.518496 -6.680593 -20.238537
v 14.535315 -6.639989 -20.282667
v 14.535315 -6.702652 -20.310877
v 14.518496 -6.743255 -20.266748
v 14.535315 -6.702652 -22.329786
v 14.535315 -6.728607 -20.378984
v 14.518496 -6.769210 -22.305811
v 14.518496 -6.769210 -20.334856
v 14.535315 -6.728607 -22.261677
v 14.518496 -6.743255 -22.373919
v 14.518496 -6.769210 -20.334856
v 14.518496 -6.743255 -20.266748
v 14.477894 -6.760074 -20.248465
v 14.477894 -6.786029 -20.316576
v 14.518496 -6.769210 -22.305811
v 14.477894 -6.786029 -22.324091
v 14.518496 -6.743255 -22.373919
v 14.477894 -6.760074 -22.392199
v 14.248178 -6.786029 -20.316576
v 14.248178 -6.786029 -22.324091
v 14.248178 -6.760074 -22.392199
v 14.248178 -6.760074 -20.248465
v 14.518496 -6.743255 -20.266748
v 14.518496 -6.680593 -20.238537
v 14.477894 -6.697412 -20.220255
v 14.477894 -6.760074 -20.248465
v 14.248178 -6.697412 -20.220255
v 14.248178 -6.760074 -20.248465
v 14.248178 -4.987252 -20.220255
v 14.248178 -4.924590 -20.248465
v 14.477894 -4.987252 -20.220255
v 14.518496 -5.004069 -20.238537
v 14.477894 -4.924590 -20.248465
v 14.518496 -4.941409 -20.266748
v 14.518496 -6.680593 -22.402132
v 14.518496 -6.743255 -22.373919
v 14.477894 -6.760074 -22.392199
v 14.477894 -6.697412 -22.420410
v 14.518496 -5.004070 -22.402132
v 14.477894 -4.987252 -22.420410
v 14.518496 -4.941409 -22.373919
v 14.477894 -4.924590 -22.392199
v 14.248178 -6.697412 -22.420410
v 14.248178 -4.987252 -22.420410
v 14.248178 -4.924590 -22.392199
v 14.248178 -6.760074 -22.392199
v 14.518496 -4.915453 -22.305811
v 14.518496 -4.941409 -22.373919
v 14.477894 -4.924590 -22.392199
v 14.477894 -4.898634 -22.324091
v 14.477894 -4.898634 -20.316576
v 14.518496 -4.915453 -20.334856
v 14.518496 -4.941409 -20.266748
v 14.477894 -4.924590 -20.248465
v 14.248178 -4.924590 -20.248465
v 14.248178 -4.898634 -20.316576
v 14.248178 -4.898634 -22.324091
v 14.248178 -4.924590 -22.392199
v 14.248178 -4.774963 -19.994703
v 14.248178 -6.909699 -19.994703
v 14.248178 -6.697412 -20.220255
v 14.248178 -4.987252 -20.220255
v 14.248178 -4.712297 -20.022917
v 14.248178 -4.686341 -20.091028
v 14.248178 -4.924590 -20.248465
v 14.248178 -4.898634 -20.316576
v 14.248178 -4.686341 -22.549635
v 14.248178 -4.898634 -22.324091
v 14.248178 -4.712297 -22.617750
v 14.248178 -4.924590 -22.392199
v 14.248178 -4.774963 -22.645964
v 14.248178 -4.987252 -22.420410
v 14.248178 -6.909699 -22.645964
v 14.248178 -6.697412 -22.420410
v 14.248178 -6.972365 -22.617750
v 14.248178 -6.760074 -22.392199
v 14.248178 -6.998322 -22.549635
v 14.248178 -6.786029 -22.324091
v 14.248178 -6.998322 -20.091028
v 14.248178 -6.786029 -20.316576
v 14.248178 -6.972365 -20.022917
v 14.248178 -6.760074 -20.248465
v -1.096207 -22.655186 -14.621574
v -1.096205 22.536823 -14.771637
v -1.096205 22.536823 -14.621574
v -1.096207 -22.655186 -14.771637
v -1.096207 -22.655186 -14.771637
v -1.232267 -22.655186 -14.846668
v -1.232265 22.536823 -14.846668
v -1.096205 22.536823 -14.771637
v -1.368325 22.536823 -14.771637
v -1.368327 -22.655186 -14.771637
v -1.368327 -22.655186 -14.771637
v -1.368327 -22.655186 -14.621574
v -1.368325 22.536823 -14.621574
v -1.368325 22.536823 -14.771637
v -1.368327 -22.655186 -14.621574
v -1.368325 22.536823 -14.621574
v -1.232265 22.536823 -14.546543
v -1.232267 -22.655186 -14.546543
v -1.096207 -22.655186 -14.621574
v -1.096205 22.536823 -14.621574
v 10.856203 16.872936 -14.337469
v 10.856205 16.872936 -14.470234
v -18.281076 16.872936 -14.470234
v -18.281076 16.872936 -14.337469
v 10.856205 16.872936 -14.470234
v 10.856205 16.757257 -14.536615
v -18.281076 16.757257 -14.536615
v -18.281076 16.872936 -14.470234
v -18.281076 16.641582 -14.470234
v 10.856205 16.641582 -14.470234
v 10.856205 16.641582 -14.470234
v -18.281076 16.641582 -14.337469
v -18.281076 16.641582 -14.470234
v 10.856203 16.641582 -14.337469
v 10.856203 16.641582 -14.337469
v 10.856205 16.757257 -14.271088
v -18.281076 16.757257 -14.271088
v -18.281076 16.641582 -14.337469
v -18.281076 16.872936 -14.337469
v 10.856203 16.872936 -14.337469
v 10.856201 -20.553282 -14.337469
v -18.281076 -20.553282 -14.337469
v -18.281076 -20.553282 -14.470234
v 10.856203 -20.553282 -14.470234
v 10.856203 -20.553282 -14.470234
v 10.856203 -20.668961 -14.536615
v -18.281076 -20.668961 -14.536615
v -18.281076 -20.553282 -14.470234
v -18.281076 -20.784636 -14.470234
v 10.856203 -20.784636 -14.470234
v 10.856203 -20.784636 -14.470234
v -18.281076 -20.784636 -14.337469
v -18.281076 -20.784636 -14.470234
v 10.856201 -20.784636 -14.337469
v 10.856201 -20.784636 -14.337469
v -18.281076 -20.784636 -14.337469
v 10.856203 -20.668961 -14.271088
v -18.281076 -20.668961 -14.271088
v -18.281076 -20.553282 -14.337469
v 10.856201 -20.553282 -14.337469
v 10.856201 -21.760580 -14.337469
v 10.856203 -21.760580 -14.470234
v -18.281076 -21.760580 -14.470234
v -18.281076 -21.760580 -14.337469
v 10.856203 -21.760580 -14.470234
v 10.856203 -21.876259 -14.536615
v -18.281078 -21.876259 -14.536615
v -18.281076 -21.760580 -14.470234
v -18.281078 -21.991934 -14.470234
v 10.856203 -21.991934 -14.470234
v 10.856203 -21.991934 -14.470234
v 10.856201 -21.991934 -14.337469
v -18.281078 -21.991934 -14.337469
v -18.281078 -21.991934 -14.470234
v 10.856201 -21.991934 -14.337469
v 10.856203 -21.876259 -14.271088
v -18.281078 -21.876259 -14.271088
v -18.281078 -21.991934 -14.337469
v -18.281076 -21.760580 -14.337469
v 10.856201 -21.760580 -14.337469
v 10.856201 -18.138689 -14.337469
v -18.281076 -18.138689 -14.470234
v -18.281076 -18.138689 -14.337469
v 10.856203 -18.138689 -14.470234
v 10.856203 -18.138689 -14.470234
v 10.856203 -18.254368 -14.536615
v -18.281076 -18.254368 -14.536615
v -18.281076 -18.138689 -14.470234
v -18.281076 -18.370043 -14.470234
v 10.856203 -18.370043 -14.470234
v 10.856203 -18.370043 -14.470234
v -18.281076 -18.370043 -14.470234
v 10.856201 -18.370043 -14.337469
v -18.281076 -18.370043 -14.337469
v 10.856201 -18.370043 -14.337469
v -18.281076 -18.254368 -14.271088
v -18.281076 -18.370043 -14.337469
v 10.856203 -18.254368 -14.271088
v 10.856201 -18.138689 -14.337469
v -18.281076 -18.138689 -14.337469
v 10.856202 9.629150 -14.337469
v 10.856204 9.629150 -14.470234
v -18.281076 9.629151 -14.470234
v -18.281076 9.629151 -14.337469
v 10.856204 9.629150 -14.470234
v -18.281076 9.513473 -14.536615
v -18.281076 9.629151 -14.470234
v 10.856204 9.513472 -14.536615
v 10.856204 9.397797 -14.470234
v -18.281076 9.397798 -14.470234
v 10.856204 9.397797 -14.470234
v -18.281076 9.397798 -14.337469
v -18.281076 9.397798 -14.470234
v 10.856202 9.397797 -14.337469
v 10.856202 9.397797 -14.337469
v -18.281076 9.513473 -14.271088
v 10.856204 9.513472 -14.271088
v -18.281076 9.397798 -14.337469
v 10.856202 9.629150 -14.337469
v -18.281076 9.629151 -14.337469
v 10.856202 8.421854 -14.337469
v 10.856204 8.421854 -14.470234
v -18.281076 8.421855 -14.470234
v -18.281076 8.421855 -14.337469
v 10.856204 8.421854 -14.470234
v 10.856204 8.306175 -14.536615
v -18.281076 8.306176 -14.536615
v -18.281076 8.421855 -14.470234
v -18.281076 8.190501 -14.470234
v 10.856204 8.190500 -14.470234
v 10.856204 8.190500 -14.470234
v -18.281076 8.190501 -14.337469
v -18.281076 8.190501 -14.470234
v 10.856202 8.190500 -14.337469
v -15.480470 20.395264 -27.142797
v -15.480470 20.395264 -26.401810
v -14.934777 21.146345 -27.142797
v -14.934777 21.146345 -26.401810
v -16.363420 20.108376 -27.142797
v -16.363420 20.108376 -26.401810
v -17.246368 20.395264 -27.142797
v -17.792061 21.146345 -27.142797
v -17.246368 20.395264 -26.401810
v -17.792061 21.146345 -26.401810
v -14.934777 21.146345 -27.142797
v -14.934777 22.074732 -27.142797
v -14.934777 22.074732 -26.401810
v -14.934777 21.146345 -26.401810
v -14.934777 22.074732 -27.142797
v -15.480470 22.825813 -27.142797
v -15.480470 22.825813 -26.401810
v -14.934777 22.074732 -26.401810
v -16.363419 23.112701 -26.401810
v -16.363419 23.112701 -27.142797
v -17.246367 22.825813 -26.401810
v -17.246367 22.825813 -27.142797
v -17.792059 22.074732 -26.401810
v -17.792059 22.074732 -27.142797
v -17.792059 22.074732 -27.142797
v -17.792061 21.146345 -27.142797
v -17.792059 22.074732 -26.401810
v -17.792061 21.146345 -26.401810
v 12.497380 20.395264 -27.142797
v 13.043073 21.146345 -27.142797
v 13.043073 21.146345 -26.401810
v 12.497380 20.395264 -26.401810
v 11.614428 20.108376 -27.142797
v 10.731480 20.395264 -27.142797
v 11.614428 20.108376 -26.401810
v 10.731480 20.395264 -26.401810
v 10.185787 21.146345 -27.142797
v 10.185787 21.146345 -26.401810
v 13.043073 21.146345 -27.142797
v 13.043073 22.074732 -27.142797
v 13.043073 22.074732 -26.401810
v 13.043073 21.146345 -26.401810
v 13.043073 22.074732 -27.142797
v 12.497380 22.825813 -26.401810
v 12.497380 22.825813 -27.142797
v 13.043073 22.074732 -26.401810
v 11.614428 23.112701 -27.142797
v 11.614428 23.112701 -26.401810
v 10.731480 22.825813 -26.401810
v 10.731480 22.825813 -27.142797
v 10.185787 22.074732 -26.401810
v 10.185787 22.074732 -27.142797
v 10.185787 22.074732 -27.142797
v 10.185787 21.146345 -26.401810
v 10.185787 22.074732 -26.401810
v 10.185787 21.146345 -27.142797
v -19.057276 -22.909174 -26.401810
v -19.057276 -22.909174 -25.709408
v -19.057272 22.790817 -25.709408
v -19.057276 -23.937384 -26.401810
v -19.057272 22.790817 -26.401810
v -19.057272 23.819021 -26.401810
v -18.977667 24.011208 -26.401810
v -19.057272 23.819021 -25.556520
v -19.057272 22.898928 -25.664627
v -19.057272 22.943708 -25.556517
v -19.012465 22.835573 -25.448236
v -19.012480 22.790806 -25.556467
v -19.012491 22.682707 -25.601297
v -19.012495 -22.801064 -25.601297
v -19.057276 -23.017284 -25.664627
v -19.012495 -22.909174 -25.556517
v -19.012495 -22.953955 -25.448406
v -19.057276 -23.062065 -25.556517
v -19.057276 -23.937384 -25.556517
v -18.977671 -24.129570 -25.556517
v -18.977671 -24.129570 -26.401810
v -18.977667 24.011208 -25.556520
v 11.117569 22.609623 -15.013252
v 11.298759 22.172194 -15.013252
v 11.117569 22.609623 -15.631995
v 11.298759 22.172194 24.968119
v 11.117569 22.609623 24.968119
v 11.117569 22.172194 25.405546
v 11.037174 22.529228 25.325151
v 11.298758 -22.290556 24.968119
v 11.117567 -22.290556 25.405546
v 11.117567 -22.727985 24.968119
v 11.037172 -22.647591 25.325151
v 11.298758 -22.290556 -15.013252
v 11.117567 -22.727985 -15.013252
v 11.298758 -22.290556 -15.631995
v 11.117567 -22.727985 -15.631995
v 11.037172 -22.647591 -15.989031
v 11.117567 -22.290556 -16.069426
v 11.298759 22.172194 -15.631995
v 11.117569 22.172194 -16.069426
v 11.037174 22.529228 -15.989031
v 10.680140 22.172194 25.586737
v 10.680140 22.609623 25.405546
v 11.117567 -22.290556 25.405546
v -18.135485 -22.290556 25.586737
v -18.135481 22.172194 25.586737
v 11.117569 22.172194 25.405546
v 10.680138 -22.290556 25.586737
v -18.135485 -22.727985 25.405546
v 10.680138 -22.727985 25.405546
v 11.037172 -22.647591 25.325151
v -18.785484 -22.727985 25.405546
v -18.785484 -22.290556 25.586737
v -18.977671 -22.788914 25.466475
v -18.977671 -22.306391 25.666342
v -18.977667 22.188028 25.666342
v -18.977667 22.670551 25.466475
v -18.785480 22.172194 25.586737
v -18.135481 22.609623 25.405546
v -18.785480 22.609623 25.405546
v 11.037174 22.529228 25.325151
v -17.516869 22.172194 -16.250616
v -17.954298 22.609623 -16.069426
v -17.516872 -22.290556 -16.250616
v -17.954302 -22.727985 -16.069426
v 10.680138 -22.290556 -16.250614
v 11.117569 22.172194 -16.069426
v 10.680140 22.172194 -16.250614
v -17.516872 -22.290556 -16.250616
v 10.680138 -22.727985 -16.069426
v 11.117567 -22.290556 -16.069426
v 11.037172 -22.647591 -15.989031
v -17.954302 -22.727985 -16.069426
v -17.954298 22.609623 -16.069426
v -17.516869 22.172194 -16.250616
v 10.680140 22.609623 -16.069426
v 11.037174 22.529228 -15.989031
v -17.516869 22.172194 -16.250616
v -17.516872 -22.290556 -16.250616
v 10.680140 22.172194 -16.250614
v 10.680138 -22.290556 -16.250614
v -18.135489 22.519022 -15.013253
v -18.785484 -22.637384 -15.013252
v -18.135489 22.711208 -14.933647
v -18.785480 22.519022 -15.013252
v -18.135492 -22.637384 -15.013253
v -18.785480 22.711208 -14.933646
v -18.977667 22.790813 -15.013252
v -18.977667 22.598627 -15.092857
v -18.977671 -22.716991 -15.092857
v -18.785484 -22.829571 -14.933646
v -18.977671 -22.909176 -15.013252
v -18.135492 -22.829571 -14.933647
v -18.785484 -24.209175 -15.013254
v -18.977671 -24.129568 -15.556890
v 13.670936 -24.209175 -15.013254
v 13.670936 -24.209175 26.279562
v -18.977671 -24.129570 -15.013254
v -18.785484 -24.209173 -15.556890
v -18.785484 -24.209175 26.279554
v -18.785484 -24.027985 26.716990
v -18.977671 -24.129570 26.263720
v -18.977671 -23.967056 26.656061
v 13.670936 -24.027985 26.716990
v 13.863122 -23.967056 26.656061
v 13.863122 -24.129570 26.263727
v 13.863122 -24.129570 -15.013254
v 13.863122 -24.129568 -15.556890
v 13.670936 -24.209173 -15.556890
v 13.670936 -24.209175 -25.556517
v -18.785484 -24.209175 -25.556517
v -18.977671 -24.129570 -26.401810
v -18.785484 -24.209175 -26.401810
v 13.670936 -24.209175 -26.401810
v -18.977671 -24.129570 -25.556517
v 13.863122 -24.129570 -26.401810
v 13.863122 -24.129570 -25.556517
v -18.785480 24.090813 -15.556887
v -18.785480 24.090813 -25.556522
v -18.977667 24.011208 -15.556887
v -18.977667 24.011208 -15.013254
v -18.785480 24.090813 -15.013254
v 13.670938 24.090813 -25.556517
v 13.670938 24.090811 -15.556890
v 13.670938 24.090813 -15.013254
v 13.863124 24.011208 -25.556517
v 13.863124 24.011206 -15.556890
v 13.863124 24.011208 -15.013254
v 13.863124 24.011208 26.263727
v 13.670938 24.090813 26.279562
v -18.785480 24.090813 26.279554
v 13.670938 23.909622 26.716990
v -18.785480 23.909622 26.716990
v 13.863124 23.848694 26.656061
v -18.977667 23.848694 26.656061
v -18.977667 24.011208 26.263720
v 13.863124 24.011208 -26.401810
v 13.670938 24.090813 -26.401810
v -18.785480 24.090813 -26.401810
v -18.977667 24.011208 -26.401810
v -18.977667 24.011208 -25.556520
v -18.977667 22.670551 25.466475
v -19.057272 23.062605 25.022181
v -18.977667 22.870419 24.983953
v -19.057272 22.817642 25.613565
v -18.977667 22.188028 25.666342
v -19.057272 22.226257 25.858526
v -18.977671 -22.306391 25.666342
v -18.977671 -22.788914 25.466475
v -19.057276 -22.344620 25.858526
v -19.057276 -23.536488 26.626390
v -19.057276 -22.936005 25.613565
v -19.057272 23.418125 26.626390
v -19.057276 -23.819965 26.508970
v -19.057276 -23.937384 26.225492
v -18.977671 -23.967056 26.656061
v -18.977671 -23.574715 26.818575
v -18.977667 23.456352 26.818575
v -18.977667 23.848694 26.656061
v -19.057272 23.701603 26.508970
v -18.977667 24.011208 26.263720
v -19.057272 23.819021 26.225492
v -18.977671 -24.129570 26.263720
v -19.057276 -23.180967 25.022181
v -18.977671 -22.988781 24.983953
v -18.977671 -23.967056 26.656061
v -18.785484 -23.590549 26.898180
v -18.977671 -23.574715 26.818575
v -18.785484 -24.027985 26.716990
v 13.670936 -24.027985 26.716990
v 13.863122 -23.967056 26.656061
v 13.670936 -23.590555 26.898180
v 13.863122 -23.574720 26.818575
v 13.863124 23.456358 26.818575
v 13.670938 23.472193 26.898180
v 13.863124 23.848694 26.656061
v 13.670938 23.909622 26.716990
v -18.785480 23.909622 26.716990
v -18.977667 23.848694 26.656061
v -18.977667 23.456352 26.818575
v -18.785480 23.472187 26.898180
v -18.904366 22.637926 -25.556517
v -18.904369 -22.756283 -25.556517
v -18.904366 22.746037 -25.511736
v -19.012491 22.682707 -25.601297
v -19.012495 -22.801064 -25.601297
v -18.796240 22.637926 -25.511736
v -18.796244 -22.756283 -25.511736
v -18.816111 22.726168 -25.491915
v -18.904369 -22.864393 -25.511736
v -18.816113 -22.844524 -25.491865
v -19.012495 -22.909174 -25.556517
v -19.012480 22.790806 -25.556467
v -19.012465 22.835573 -25.448236
v -19.012491 22.835594 -15.664999
v -18.904366 22.790817 -25.403625
v -18.904366 22.790813 -15.709780
v -18.904366 22.746037 -25.511736
v -19.012480 22.790806 -25.556467
v -18.816111 22.726168 -25.491915
v -18.796240 22.746037 -25.403749
v -18.796240 22.746033 -15.709780
v -18.816109 22.726164 -15.621539
v -18.904366 22.746033 -15.601669
v -19.012491 22.790813 -15.556889
v -18.904369 -22.909174 -25.403625
v -18.904369 -22.909174 -15.709780
v -18.796244 -22.864393 -25.403625
v -18.904369 -22.864393 -25.511736
v -19.012495 -22.953955 -25.448406
v -19.012495 -22.953955 -15.664999
v -19.012495 -22.909174 -15.556889
v -18.904369 -22.864393 -15.601669
v -18.816113 -22.844524 -15.621539
v -18.796244 -22.864393 -15.709780
v -19.012495 -22.909174 -25.556517
v -18.816113 -22.844524 -25.491865
v -19.012491 22.682703 -15.512108
v -18.904366 22.637922 -15.556889
v -19.012491 22.790813 -15.556889
v -18.904369 -22.756283 -15.556889
v -19.012495 -22.801064 -15.512108
v -18.904366 22.746033 -15.601669
v -18.796240 22.637922 -15.601669
v -18.816109 22.726164 -15.621539
v -18.796244 -22.756283 -15.601669
v -18.816113 -22.844524 -15.621539
v -18.904369 -22.864393 -15.601669
v -19.012495 -22.909174 -15.556889
v -18.796240 22.746037 -25.403749
v -18.751459 22.637922 -15.709780
v -18.796240 22.746033 -15.709780
v -18.796240 22.637926 -25.511736
v -18.751459 22.637926 -25.403625
v -18.816111 22.726168 -25.491915
v -18.796244 -22.756283 -25.511736
v -18.751463 -22.756283 -25.403625
v -18.751463 -22.756283 -15.709780
v -18.796244 -22.864393 -15.709780
v -18.796240 22.637922 -15.601669
v -18.796244 -22.756283 -15.601669
v -18.816113 -22.844524 -15.621539
v -18.816109 22.726164 -15.621539
v -18.796244 -22.864393 -25.403625
v -18.816113 -22.844524 -25.491865
v -15.480472 -20.513626 -27.142797
v -15.480472 -20.513626 -26.401810
v -16.363420 -20.226738 -27.142797
v -14.934779 -21.264708 -26.401810
v -14.934779 -21.264708 -27.142797
v -17.246368 -20.513626 -27.142797
v -16.363420 -20.226738 -26.401810
v -17.246368 -20.513626 -26.401810
v -17.792061 -21.264708 -27.142797
v -17.792061 -21.264708 -26.401810
v -14.934779 -21.264708 -27.142797
v -14.934779 -22.193094 -26.401810
v -14.934779 -22.193094 -27.142797
v -14.934779 -21.264708 -26.401810
v -14.934779 -22.193094 -27.142797
v -15.480472 -22.944176 -27.142797
v -14.934779 -22.193094 -26.401810
v -15.480472 -22.944176 -26.401810
v -16.363422 -23.231064 -26.401810
v -16.363422 -23.231064 -27.142797
v -17.246370 -22.944176 -26.401810
v -17.792063 -22.193094 -26.401810
v -17.246370 -22.944176 -27.142797
v -17.792063 -22.193094 -27.142797
v -17.792063 -22.193094 -27.142797
v -17.792063 -22.193094 -26.401810
v -17.792061 -21.264708 -26.401810
v -17.792061 -21.264708 -27.142797
v 12.497378 -20.513626 -27.142797
v 13.043071 -21.264708 -26.401810
v 13.043071 -21.264708 -27.142797
v 11.614426 -20.226738 -27.142797
v 12.497378 -20.513626 -26.401810
v 11.614426 -20.226738 -26.401810
v 10.731478 -20.513626 -26.401810
v 10.731478 -20.513626 -27.142797
v 10.185785 -21.264708 -27.142797
v 10.185785 -21.264708 -26.401810
v 13.043071 -21.264708 -27.142797
v 13.043071 -21.264708 -26.401810
v 13.043071 -22.193094 -26.401810
v 13.043071 -22.193094 -27.142797
v 13.043071 -22.193094 -27.142797
v 12.497378 -22.944176 -27.142797
v 13.043071 -22.193094 -26.401810
v 12.497378 -22.944176 -26.401810
v 11.614426 -23.231064 -26.401810
v 10.731478 -22.944176 -26.401810
v 11.614426 -23.231064 -27.142797
v 10.731478 -22.944176 -27.142797
v 10.185785 -22.193094 -27.142797
v 10.185785 -22.193094 -26.401810
v 10.185785 -22.193094 -27.142797
v 10.185785 -21.264708 -26.401810
v 10.185785 -21.264708 -27.142797
v 10.185785 -22.193094 -26.401810
v -19.225449 6.662730 -23.714981
v -19.171108 6.662730 -23.714981
v -19.263865 6.662730 -23.693052
v -19.225449 5.708911 -23.714981
v -19.171108 5.708911 -23.714981
v -19.225449 6.715668 -23.693052
v -19.171108 6.715668 -23.693052
v -19.256805 6.705939 -23.683325
v -19.225449 5.655973 -23.693052
v -19.171108 5.655973 -23.693052
v -19.256805 5.665703 -23.683325
v -19.263865 5.708911 -23.693052
v -19.225449 6.715668 -23.693052
v -19.256805 6.705939 -23.683325
v -19.171108 6.715668 -23.693052
v -19.263865 6.715668 -23.640116
v -19.225449 6.737597 -23.640116
v -19.171108 6.737597 -23.640116
v -19.171108 6.737597 -23.245626
v -19.225449 6.737597 -23.245626
v -19.263865 6.715668 -23.245626
v -19.225449 6.715668 -23.192690
v -19.171108 6.715668 -23.192690
v -19.256805 6.705939 -23.202417
v -19.279779 6.662730 -23.640116
v -19.263865 6.715668 -23.640116
v -19.279779 6.662730 -23.245626
v -19.263865 6.662730 -23.693052
v -19.263865 5.708911 -23.693052
v -19.279779 5.708911 -23.640116
v -19.279779 5.708911 -23.245626
v -19.263865 5.655973 -23.245626
v -19.263865 6.662730 -23.192690
v -19.263865 5.708911 -23.192690
v -19.256805 5.665703 -23.202417
v -19.256805 6.705939 -23.202417
v -19.263865 6.715668 -23.245626
v -19.263865 5.655973 -23.640116
v -19.256805 5.665703 -23.683325
v -19.256805 6.705939 -23.683325
v -19.225449 5.634045 -23.640116
v -19.225449 5.655973 -23.693052
v -19.171108 5.655973 -23.693052
v -19.171108 5.634045 -23.640116
v -19.263865 5.655973 -23.640116
v -19.225449 5.634045 -23.245626
v -19.171108 5.634045 -23.245626
v -19.225449 5.655973 -23.192690
v -19.171108 5.655973 -23.192690
v -19.256805 5.665703 -23.202417
v -19.263865 5.655973 -23.245626
v -19.256805 5.665703 -23.683325
v -19.225449 6.715668 -23.192690
v -19.171108 6.715668 -23.192690
v -19.263865 6.662730 -23.192690
v -19.256805 6.705939 -23.202417
v -19.225449 6.662730 -23.170761
v -19.171108 6.662730 -23.170761
v -19.171108 5.708911 -23.170761
v -19.225449 5.708911 -23.170761
v -19.171108 5.655973 -23.192690
v -19.225449 5.655973 -23.192690
v -19.263865 5.708911 -23.192690
v -19.256805 5.665703 -23.202417
v -19.225449 8.670490 -23.714981
v -19.171108 8.723429 -23.693052
v -19.225449 7.716672 -23.714981
v -19.171108 8.670490 -23.714981
v -19.263865 8.670490 -23.693052
v -19.225449 8.723429 -23.693052
v -19.171108 7.716672 -23.714981
v -19.225449 7.663733 -23.693052
v -19.171108 7.663733 -23.693052
v -19.256805 7.673463 -23.683325
v -19.263865 7.716672 -23.693052
v -19.256805 8.713699 -23.683325
v -19.225449 8.723429 -23.693052
v -19.256805 8.713699 -23.683325
v -19.171108 8.723429 -23.693052
v -19.225449 8.745357 -23.640116
v -19.171108 8.745357 -23.640116
v -19.263865 8.723429 -23.640116
v -19.263865 8.723429 -23.245626
v -19.225449 8.745357 -23.245626
v -19.225449 8.723429 -23.192690
v -19.256805 8.713699 -23.202417
v -19.171108 8.723429 -23.192690
v -19.171108 8.745357 -23.245626
v -19.279779 8.670490 -23.640116
v -19.263865 8.670490 -23.693052
v -19.263865 7.716672 -23.693052
v -19.279779 7.716672 -23.640116
v -19.263865 8.723429 -23.640116
v -19.279779 8.670490 -23.245626
v -19.279779 7.716672 -23.245626
v -19.263865 7.663733 -23.245626
v -19.263865 8.670490 -23.192690
v -19.263865 7.716672 -23.192690
v -19.256805 7.673463 -23.202417
v -19.263865 8.723429 -23.245626
v -19.256805 8.713699 -23.202417
v -19.263865 7.663733 -23.640116
v -19.256805 7.673463 -23.683325
v -19.256805 8.713699 -23.683325
v -19.225449 7.641806 -23.640116
v -19.171108 7.663733 -23.693052
v -19.171108 7.641806 -23.640116
v -19.263865 7.663733 -23.640116
v -19.171108 7.641806 -23.245626
v -19.225449 7.663733 -23.693052
v -19.225449 7.641806 -23.245626
v -19.263865 7.663733 -23.245626
v -19.225449 7.663733 -23.192690
v -19.256805 7.673463 -23.202417
v -19.171108 7.663733 -23.192690
v -19.256805 7.673463 -23.683325
v -19.225449 8.723429 -23.192690
v -19.225449 8.670490 -23.170761
v -19.171108 8.670490 -23.170761
v -19.171108 8.723429 -23.192690
v -19.263865 8.670490 -23.192690
v -19.256805 8.713699 -23.202417
v -19.263865 7.716672 -23.192690
v -19.256805 7.673463 -23.202417
v -19.225449 7.716672 -23.170761
v -19.225449 7.663733 -23.192690
v -19.171108 7.663733 -23.192690
v -19.171108 7.716672 -23.170761
v -19.225449 10.770429 -23.714981
v -19.225449 10.823368 -23.693052
v -19.171108 9.816612 -23.714981
v -19.171108 10.823368 -23.693052
v -19.171108 10.770429 -23.714981
v -19.263865 10.770429 -23.693052
v -19.225449 9.816612 -23.714981
v -19.225449 9.763674 -23.693052
v -19.263865 9.816612 -23.693052
v -19.256805 9.773403 -23.683325
v -19.171108 9.763674 -23.693052
v -19.256805 10.813638 -23.683325
v -19.225449 10.823368 -23.693052
v -19.171108 10.845296 -23.640116
v -19.171108 10.823368 -23.693052
v -19.263865 10.823368 -23.640116
v -19.256805 10.813638 -23.683325
v -19.225449 10.845296 -23.640116
v -19.263865 10.823368 -23.245626
v -19.225449 10.845296 -23.245626
v -19.225449 10.823368 -23.192690
v -19.171108 10.845296 -23.245626
v -19.171108 10.823368 -23.192690
v -19.256805 10.813638 -23.202417
v -19.279779 10.770429 -23.640116
v -19.263865 10.823368 -23.640116
v -19.279779 10.770429 -23.245626
v -19.263865 10.770429 -23.693052
v -19.263865 9.816612 -23.693052
v -19.279779 9.816612 -23.640116
v -19.279779 9.816612 -23.245626
v -19.263865 9.763674 -23.245626
v -19.263865 10.770429 -23.192690
v -19.263865 9.816612 -23.192690
v -19.256805 9.773403 -23.202417
v -19.256805 10.813638 -23.202417
v -19.263865 10.823368 -23.245626
v -19.263865 9.763674 -23.640116
v -19.256805 9.773403 -23.683325
v -19.256805 10.813638 -23.683325
v -19.225449 9.741746 -23.640116
v -19.263865 9.763674 -23.640116
v -19.225449 9.741746 -23.245626
v -19.171108 9.741746 -23.245626
v -19.171108 9.741746 -23.640116
v -19.171108 9.763674 -23.693052
v -19.225449 9.763674 -23.693052
v -19.256805 9.773403 -23.683325
v -19.225449 9.763674 -23.192690
v -19.171108 9.763674 -23.192690
v -19.256805 9.773403 -23.202417
v -19.263865 9.763674 -23.245626
v -19.225449 10.823368 -23.192690
v -19.171108 10.823368 -23.192690
v -19.263865 10.770429 -23.192690
v -19.256805 10.813638 -23.202417
v -19.171108 10.770429 -23.170761
v -19.225449 10.770429 -23.170761
v -19.263865 9.816612 -23.192690
v -19.225449 9.816612 -23.170761
v -19.171108 9.816612 -23.170761
v -19.171108 9.763674 -23.192690
v -19.225449 9.763674 -23.192690
v -19.256805 9.773403 -23.202417
v -19.176857 11.605471 -21.049711
v -19.176857 11.563396 -20.948130
v -18.764103 11.563435 -20.948088
v -18.764103 11.605471 -21.049578
v -19.176857 11.605471 -23.897375
v -18.764103 11.605471 -23.913240
v -19.176857 11.558787 -24.010080
v -18.764103 11.563435 -24.014727
v -19.176857 11.563396 -20.948130
v -19.176857 11.461811 -20.906052
v -18.764103 11.563435 -20.948088
v -18.764103 11.461945 -20.906052
v -18.764103 5.080251 -20.906052
v -19.176857 5.080386 -20.906052
v -18.764103 4.978764 -20.948088
v -19.176857 4.978803 -20.948130
v -19.176857 4.978803 -20.948130
v -19.176857 4.936726 -21.049711
v -18.764103 4.936726 -21.049578
v -18.764103 4.978764 -20.948088
v -19.176857 4.936726 -23.897375
v -18.764103 4.936726 -23.913240
v -18.764103 4.978764 -24.014727
v -19.176857 4.983410 -24.010080
v -19.176857 11.446081 -24.056765
v -18.764103 11.563435 -24.014727
v -19.176857 11.558787 -24.010080
v -18.764103 11.461945 -24.056765
v -19.176857 5.096115 -24.056765
v -18.764103 5.080251 -24.056765
v -19.176857 4.983410 -24.010080
v -18.764103 4.978764 -24.014727
v -19.176857 11.446081 -24.056765
v -19.176857 5.096115 -24.056765
v -19.176857 5.304072 -22.967566
v -19.176857 11.558787 -24.010080
v -19.176857 11.238126 -22.967566
v -19.176857 11.362329 -22.916899
v -19.176857 11.605471 -23.897375
v -19.176857 11.413776 -22.794573
v -19.176857 11.605471 -21.049711
v -19.176857 11.413776 -21.219584
v -19.176857 11.563396 -20.948130
v -19.176857 11.369798 -21.122210
v -19.176857 11.461811 -20.906052
v -19.176857 11.263631 -21.081873
v -19.176857 5.080386 -20.906052
v -19.176857 5.278568 -21.081873
v -19.176857 4.978803 -20.948130
v -19.176857 5.172399 -21.122206
v -19.176857 4.936726 -21.049711
v -19.176857 5.128422 -21.219584
v -19.176857 4.936726 -23.897375
v -19.176857 5.128422 -22.794573
v -19.176857 4.983410 -24.010080
v -19.176857 5.179868 -22.916899
v -19.176857 5.128422 -21.219584
v -19.102940 5.128422 -21.219584
v -19.176857 5.128422 -22.794573
v -19.176857 5.172399 -21.122206
v -19.102940 5.172399 -21.122206
v -19.102940 5.128422 -22.794573
v -19.176857 5.179868 -22.916899
v -19.102940 5.179868 -22.916899
v -19.176857 5.172399 -21.122206
v -19.102940 5.278568 -21.081873
v -19.176857 5.278568 -21.081873
v -19.102940 5.172399 -21.122206
v -19.176857 11.263631 -21.081873
v -19.102940 11.263630 -21.081873
v -19.102940 11.369797 -21.122210
v -19.176857 11.369798 -21.122210
v -19.176857 11.369798 -21.122210
v -19.176857 11.413776 -21.219584
v -19.102940 11.413775 -21.219584
v -19.102940 11.369797 -21.122210
v -19.102940 11.413776 -22.794573
v -19.176857 11.413776 -22.794573
v -19.102940 11.362329 -22.916899
v -19.176857 11.362329 -22.916899
v -19.176857 11.362329 -22.916899
v -19.176857 11.238126 -22.967566
v -19.102940 11.238126 -22.967566
v -19.102940 11.362329 -22.916899
v -19.102940 5.304072 -22.967566
v -19.176857 5.304072 -22.967566
v -19.102940 5.179868 -22.916899
v -19.176857 5.179868 -22.916899
v -18.854565 22.258568 21.751375
v -18.854565 22.171143 20.463770
v -18.854565 22.171143 21.678408
v -18.854565 22.608324 20.390802
v -18.854565 22.608324 21.751375
v -18.854565 22.258568 20.390802
v -18.854565 22.608324 21.751375
v -18.854565 22.258568 21.751375
v -17.967979 22.258568 21.751375
v -17.967979 22.608324 21.751375
v -17.967979 22.608324 20.390802
v -18.854565 22.608324 20.390802
v -17.967979 22.258568 20.390802
v -18.854565 22.258568 20.390802
v -18.854565 22.171143 20.463770
v -18.854565 22.258568 20.390802
v -17.967979 22.258568 20.390802
v -17.967979 22.171143 20.463770
v -17.967979 22.171143 21.678408
v -18.854565 22.171143 21.678408
v -18.854565 22.258568 21.751375
v -17.967979 22.258568 21.751375
v -17.967979 22.608324 20.390802
v -18.854565 22.608324 20.390802
v -17.967979 22.608324 21.751375
v -18.854565 22.608324 21.751375
v -18.233137 22.790813 19.693769
v -18.100559 22.654116 19.729296
v -18.586767 22.654116 19.693769
v -18.100559 22.790813 19.729296
v -18.586769 22.790813 19.693769
v -18.233137 22.654116 19.693769
v -18.719349 22.790813 19.729296
v -18.719345 22.654116 19.729296
v -18.851925 22.654116 20.267511
v -18.851927 22.790813 20.377779
v -18.851927 22.790813 19.958925
v -18.851925 22.654116 19.958925
v -18.851927 22.127329 20.267511
v -18.851927 22.262142 20.377779
v -18.851927 22.052731 20.293299
v -18.851927 22.187546 20.403566
v -18.851927 22.156647 20.465830
v -18.851927 22.021832 20.355562
v -18.851927 22.156647 21.074236
v -18.851927 22.021832 21.074236
v -18.851927 22.156647 21.682642
v -18.851927 22.021832 21.792913
v -18.851927 22.187546 21.744905
v -18.851927 22.052731 21.855173
v -18.851927 22.262142 21.770693
v -18.851927 22.790813 21.770693
v -18.851927 22.127329 21.880964
v -18.851925 22.654116 21.880960
v -18.851925 22.654116 22.189547
v -18.851927 22.790813 22.189547
v -18.816402 22.790813 22.322123
v -18.816401 22.654116 22.322123
v -18.816401 22.654116 19.826349
v -18.816402 22.790813 19.826349
v -17.967979 22.654116 21.880960
v -17.967979 22.127329 21.880964
v -17.967979 22.654116 22.189547
v -17.967979 22.790813 21.770693
v -17.967979 22.790813 22.189547
v -18.003504 22.654116 22.322123
v -18.003504 22.790813 22.322123
v -17.967979 22.262142 21.770693
v -17.967979 22.187546 21.744905
v -17.967979 22.052731 21.855173
v -17.967979 22.156647 21.682642
v -17.967979 22.021832 21.792913
v -17.967979 22.156647 21.074236
v -17.967979 22.021832 21.074236
v -17.967979 22.021832 20.355562
v -17.967979 22.156647 20.465830
v -17.967979 22.187546 20.403566
v -17.967979 22.262142 20.377779
v -17.967979 22.052731 20.293299
v -17.967979 22.127329 20.267511
v -17.967979 22.654116 20.267511
v -17.967979 22.790813 19.958925
v -17.967979 22.790813 20.377779
v -17.967979 22.654116 19.958925
v -18.003504 22.790813 19.826349
v -18.003504 22.654116 19.826349
v -18.586769 22.790813 22.454702
v -18.233137 22.790813 22.454702
v -18.233137 22.654116 22.454702
v -18.719349 22.790813 22.419176
v -18.719345 22.654116 22.419176
v -18.586767 22.654116 22.454702
v -18.100559 22.790813 22.419176
v -18.100559 22.654116 22.419176
v -18.851927 22.127329 21.880964
v -17.967979 22.127329 21.880964
v -17.967979 22.654116 21.880960
v -18.851925 22.654116 21.880960
v -18.851927 22.052731 21.855173
v -17.967979 22.052731 21.855173
v -18.851927 22.052731 21.855173
v -17.967979 22.021832 21.792913
v -17.967979 22.052731 21.855173
v -18.851927 22.021832 21.792913
v -18.851927 22.021832 21.074236
v -17.967979 22.021832 21.074236
v -17.967979 22.021832 20.355562
v -18.851927 22.021832 20.355562
v -17.967979 22.052731 20.293299
v -18.851927 22.052731 20.293299
v -18.851927 22.156647 21.682642
v -17.967979 22.187546 21.744905
v -17.967979 22.156647 21.682642
v -18.851927 22.187546 21.744905
v -17.967979 22.156647 21.074236
v -18.851927 22.156647 21.074236
v -17.967979 22.156647 20.465830
v -18.851927 22.156647 20.465830
v -18.851927 22.187546 20.403566
v -17.967979 22.187546 20.403566
v -18.851927 22.187546 21.744905
v -18.851927 22.262142 21.770693
v -17.967979 22.262142 21.770693
v -17.967979 22.187546 21.744905
v -18.851927 22.790813 21.770693
v -17.967979 22.790813 21.770693
v -18.851927 22.052731 20.293299
v -18.851927 22.127329 20.267511
v -17.967979 22.127329 20.267511
v -17.967979 22.052731 20.293299
v -18.851925 22.654116 20.267511
v -17.967979 22.654116 20.267511
v -17.967979 22.187546 20.403566
v -17.967979 22.262142 20.377779
v -18.851927 22.187546 20.403566
v -18.851927 22.262142 20.377779
v -17.967979 22.790813 20.377779
v -18.851927 22.790813 20.377779
v -18.100559 22.790813 19.729296
v -18.100559 22.654116 19.729296
v -18.003504 22.654116 19.826349
v -18.003504 22.790813 19.826349
v -18.719345 22.654116 19.729296
v -18.816402 22.790813 19.826349
v -18.719349 22.790813 19.729296
v -18.816401 22.654116 19.826349
v -18.719349 22.790813 22.419176
v -18.816401 22.654116 22.322123
v -18.816402 22.790813 22.322123
v -18.719345 22.654116 22.419176
v -18.100559 22.654116 22.419176
v -18.003504 22.790813 22.322123
v -18.100559 22.790813 22.419176
v -18.003504 22.654116 22.322123
v -18.851925 22.654116 19.958925
v -17.967979 22.654116 20.267511
v -17.967979 22.654116 19.958925
v -18.851925 22.654116 20.267511
v -18.816401 22.654116 19.826349
v -18.100559 22.654116 19.729296
v -18.003504 22.654116 19.826349
v -18.719345 22.654116 19.729296
v -18.586767 22.654116 19.693769
v -18.233137 22.654116 19.693769
v -18.003504 22.654116 22.322123
v -18.100559 22.654116 22.419176
v -18.816401 22.654116 22.322123
v -18.851925 22.654116 22.189547
v -18.719345 22.654116 22.419176
v -17.967979 22.654116 22.189547
v -18.851925 22.654116 21.880960
v -17.967979 22.654116 21.880960
v -18.586767 22.654116 22.454702
v -18.233137 22.654116 22.454702
v 13.863122 -24.129570 -26.401810
v 13.942727 -23.590557 -26.401810
v 13.942727 -23.937384 -26.401810
v 13.942729 23.472191 -26.401810
v 13.942729 23.819021 -26.401810
v 13.863124 24.011208 -26.401810
v 13.670936 -24.209175 -26.401810
v 13.670938 24.090813 -26.401810
v -18.785484 -24.209175 -26.401810
v -18.977671 -24.129570 -26.401810
v -18.785480 24.090813 -26.401810
v -18.977667 24.011208 -26.401810
v -19.057276 -23.937384 -26.401810
v -19.057272 23.819021 -26.401810
vn -0.0000 -0.8647 0.5023
vn -0.0000 -0.0000 1.0000
vn -0.0000 0.8647 0.5023
vn -0.0931 -0.0931 0.9913
vn -0.0000 -0.1316 0.9913
vn 0.0931 -0.0931 0.9913
vn 0.1316 -0.0000 0.9913
vn 0.0931 0.0931 0.9913
vn -0.0000 0.1316 0.9913
vn -0.0931 0.0931 0.9913
vn -0.1316 -0.0000 0.9913
vn 1.0000 -0.0000 -0.0000
vn -1.0000 -0.0000 -0.0000
vn -0.0000 1.0000 -0.0000
vn -0.0000 -1.0000 -0.0000
vn 0.8718 -0.0872 -0.4821
vn 0.8609 -0.0337 0.5076
vn 0.0093 -0.1411 -0.9899
vn -0.8623 -0.1400 -0.4866
vn -0.8536 -0.0850 0.5139
vn 0.0085 -0.0326 0.9994
vn -0.7524 0.0078 0.6587
vn -0.9903 0.0978 0.0990
vn -0.9930 0.0009 0.1180
vn -0.9930 -0.0009 0.1182
vn -0.8788 0.3343 0.3404
vn -0.7521 -0.0079 0.6590
vn -0.8789 -0.3362 0.3385
vn -0.9903 -0.0980 0.0989
vn -0.7620 -0.6475 0.0078
vn -0.9932 -0.1167 0.0009
vn -0.9935 -0.1142 -0.0009
vn -0.9903 -0.1006 -0.0958
vn -0.8789 -0.3538 -0.3200
vn -0.7655 -0.6434 -0.0065
vn -0.7498 -0.0095 -0.6616
vn -0.9927 -0.0009 -0.1206
vn -0.9930 0.0009 -0.1184
vn -0.7521 0.0079 -0.6590
vn -0.8788 0.3362 -0.3385
vn -0.9903 0.0980 -0.0988
vn -0.7620 0.6475 -0.0078
vn -0.9931 0.1169 -0.0009
vn -0.9931 0.1172 0.0009
vn -0.7617 0.6478 0.0079
vn 0.6529 -0.6128 0.4452
vn 0.9955 -0.0292 0.0900
vn 0.6529 -0.2341 0.7204
vn 0.9955 -0.0765 0.0556
vn 0.9955 0.0293 0.0900
vn 0.9955 0.0765 0.0556
vn 0.6529 0.2340 0.7204
vn 0.9955 0.0946 -0.0000
vn 0.6529 0.6128 0.4452
vn 0.6529 0.7575 -0.0000
vn 0.9955 0.0765 -0.0556
vn 0.6529 0.6128 -0.4452
vn 0.9955 0.0292 -0.0899
vn 0.6529 0.2341 -0.7204
vn 0.9955 -0.0292 -0.0899
vn 0.6529 -0.2341 -0.7204
vn 0.9955 -0.0765 -0.0556
vn 0.6529 -0.6128 -0.4452
vn 0.9955 -0.0946 -0.0000
vn 0.6529 -0.7575 -0.0000
vn -0.0000 -0.0000 -1.0000
vn 0.9890 0.0004 0.1480
vn 0.6816 0.0025 0.7317
vn 0.6816 -0.0025 0.7317
vn 0.9645 0.1867 0.1867
vn 0.9890 -0.0004 0.1480
vn 0.6524 -0.5359 0.5359
vn 0.9645 -0.1867 0.1867
vn 0.9890 -0.1481 0.0005
vn 0.9893 -0.1461 -0.0000
vn 0.7071 -0.7071 -0.0000
vn 0.7072 -0.7070 -0.0000
vn 0.9893 0.1461 -0.0000
vn 0.7072 0.7070 -0.0000
vn 0.7071 0.7071 -0.0000
vn 0.9890 0.1481 0.0005
vn 0.6817 0.7316 0.0029
vn 0.6524 0.5359 0.5359
vn 0.6817 -0.7316 0.0029
vn 0.9849 -0.0000 0.1730
vn 0.9849 -0.0000 0.1731
vn 0.8151 -0.0000 0.5793
vn -0.0000 -1.0000 -0.0046
vn -0.0000 -1.0000 0.0001
vn -0.0063 -1.0000 -0.0000
vn -0.0000 -0.9896 0.1439
vn -0.7070 -0.7072 -0.0000
vn -0.0053 -0.9857 0.1682
vn -0.7071 -0.7071 -0.0030
vn -0.0063 -1.0000 -0.0045
vn -0.0042 -0.7087 0.7055
vn -0.7012 -0.7014 0.1281
vn -0.0000 -0.8149 0.5797
vn -0.5774 -0.5773 0.5774
vn -0.0000 -0.7072 -0.7071
vn -0.1136 -0.7026 -0.7025
vn -0.0978 -0.9952 -0.0046
vn -0.0042 -0.7071 -0.7071
vn -0.5773 -0.5773 -0.5774
vn -0.7931 -0.6090 0.0012
vn -0.1102 -0.9939 0.0019
vn -0.7312 -0.6822 -0.0034
vn -0.1446 -0.6997 0.6996
vn -0.8525 -0.3697 0.3697
vn -0.0000 -0.7072 0.7071
vn -0.7950 -0.4289 -0.4289
vn -0.0000 0.9896 0.1439
vn -0.0063 1.0000 -0.0000
vn -0.0000 1.0000 0.0001
vn -0.0000 1.0000 -0.0046
vn -0.7070 0.7072 -0.0000
vn -0.7012 0.7013 0.1281
vn -0.0062 1.0000 -0.0045
vn -0.0053 0.9857 0.1682
vn -0.0000 0.8149 0.5796
vn -0.0042 0.7087 0.7055
vn -0.5773 0.5773 0.5774
vn -0.0041 0.7071 -0.7071
vn -0.0978 0.9952 -0.0046
vn -0.0000 0.7072 -0.7071
vn -0.1136 0.7026 -0.7024
vn -0.7951 0.4289 -0.4289
vn -0.7311 0.6822 -0.0034
vn -0.1102 0.9939 0.0019
vn -0.7931 0.6091 0.0013
vn -0.1446 0.6998 0.6996
vn -0.0000 0.7072 0.7070
vn -0.8525 0.3697 0.3696
vn -0.7071 0.7071 -0.0030
vn -0.5774 0.5773 -0.5774
vn -0.7072 0.7070 -0.0000
vn -0.9971 0.0755 -0.0000
vn -0.9964 0.0849 -0.0000
vn -0.9993 -0.0273 0.0272
vn -0.9997 -0.0242 0.0003
vn -0.9971 0.0765 -0.0000
vn -0.9997 -0.0255 -0.0003
vn -0.9998 -0.0137 -0.0137
vn -0.9912 -0.0003 -0.1323
vn -0.9988 -0.0484 0.0003
vn -0.7932 -0.6090 0.0013
vn -0.8525 -0.3696 0.3696
vn -0.7934 -0.0011 0.6087
vn -0.9825 -0.0008 0.1864
vn -0.9825 0.0008 0.1864
vn -0.7934 0.0011 0.6087
vn -0.9993 0.0272 0.0272
vn -0.8525 0.3696 0.3696
vn -0.7932 0.6090 0.0013
vn -0.9988 0.0493 -0.0003
vn -0.7312 0.6821 -0.0034
vn -0.9988 0.0483 0.0002
vn -0.9964 -0.0849 -0.0000
vn -0.9971 -0.0755 -0.0000
vn -0.7071 -0.7071 -0.0000
vn -0.6818 -0.7315 0.0029
vn -0.9844 -0.1760 0.0006
vn -0.7072 -0.7070 -0.0000
vn -0.9973 -0.0738 -0.0000
vn -0.9997 0.0231 -0.0000
vn -0.7943 0.6076 0.0029
vn -0.9997 0.0255 -0.0003
vn -0.7943 0.6076 -0.0029
vn -0.9998 0.0137 -0.0137
vn -0.8525 0.3696 -0.3696
vn -0.7931 0.0006 -0.6090
vn -0.9912 0.0003 -0.1323
vn -0.7931 -0.0006 -0.6090
vn -0.8525 -0.3696 -0.3696
vn -0.7943 -0.6075 -0.0029
vn -0.7942 -0.6076 0.0029
vn -0.9988 -0.0493 -0.0003
vn -0.7312 -0.6821 -0.0034
vn -0.9844 0.1760 0.0006
vn -0.7071 0.7071 -0.0000
vn -0.6818 0.7316 0.0029
vn 0.0008 0.0070 1.0000
vn -0.7125 0.0054 0.7016
vn -0.8295 0.0310 0.5577
vn 0.0055 0.0035 1.0000
vn -0.7060 0.0001 0.7083
vn 0.0745 0.0162 0.9971
vn -0.6617 -0.0711 0.7464
vn 0.1365 0.0731 0.9879
vn -0.5695 -0.1883 0.8002
vn 0.1299 0.1530 0.9796
vn -0.3386 -0.3724 0.8641
vn 0.0475 0.1299 0.9904
vn -0.0980 -0.6036 0.7913
vn 0.2153 0.7351 0.6429
vn 0.0212 0.7068 0.7071
vn 0.0001 -0.0007 1.0000
vn 0.0163 0.7086 0.7054
vn 0.0001 0.0032 1.0000
vn -0.0204 -0.7075 0.7064
vn 0.0047 0.7084 0.7058
vn -0.0000 0.7073 0.7069
vn -0.0000 0.0026 1.0000
vn -0.0000 0.0001 1.0000
vn -0.0047 -0.7057 0.7085
vn -0.0162 -0.7052 0.7088
vn -0.0000 -0.7067 0.7075
vn 0.5035 0.6025 0.6192
vn 0.6961 0.3361 0.6344
vn 0.7348 0.1123 0.6689
vn 0.7113 0.0065 0.7028
vn 0.7133 0.0061 0.7009
vn -0.0000 -0.0930 0.9957
vn 0.8291 0.0320 0.5582
vn 0.9999 -0.0029 -0.0162
vn 0.7134 0.0061 0.7007
vn 1.0000 0.0054 -0.0027
vn 0.7114 0.0065 0.7027
vn 0.9798 -0.0966 -0.1749
vn 0.9200 0.3571 0.1618
vn 0.9696 -0.1907 -0.1530
vn 0.7476 0.6642 0.0043
vn 0.9945 -0.1008 -0.0266
vn 0.6035 -0.6359 -0.4811
vn 0.6112 -0.3424 -0.7136
vn 0.6969 -0.0187 -0.7169
vn 0.7084 0.0011 -0.7058
vn 0.7348 0.1122 -0.6689
vn 0.9884 0.1521 -0.0001
vn 0.6962 0.3361 -0.6343
vn 0.8998 0.4363 -0.0000
vn 0.7349 0.1123 0.6688
vn 0.6962 0.3361 0.6343
vn 0.6526 -0.7457 -0.1343
vn 1.0000 -0.0031 0.0058
vn 0.7053 -0.7088 0.0046
vn 1.0000 -0.0005 0.0063
vn 0.7074 0.7068 0.0063
vn 0.7085 0.7056 0.0067
vn 0.7069 -0.7073 0.0063
vn 0.0008 -0.0273 -0.9996
vn 0.6968 -0.0187 -0.7170
vn 0.6111 -0.3423 -0.7137
vn 0.0053 -0.0034 -1.0000
vn 0.7083 0.0011 -0.7059
vn 0.0745 0.0162 -0.9971
vn 0.7348 0.1122 -0.6690
vn 0.1365 0.0730 -0.9879
vn 0.6961 0.3362 -0.6343
vn 0.1300 0.1530 -0.9796
vn 0.5036 0.6025 -0.6192
vn 0.0475 0.1299 -0.9904
vn 0.2153 0.7351 -0.6429
vn 0.0001 -0.0007 -1.0000
vn -0.0203 -0.7075 -0.7064
vn -0.0980 -0.6036 -0.7913
vn -0.0162 -0.7052 -0.7088
vn -0.0047 -0.7057 -0.7085
vn 0.0001 0.0032 -1.0000
vn -0.0000 0.0027 -1.0000
vn 0.0163 0.7086 -0.7054
vn 0.0212 0.7068 -0.7071
vn 0.0047 0.7084 -0.7058
vn -0.0000 0.0004 -1.0000
vn -0.0000 0.7073 -0.7069
vn -0.0000 -0.7068 -0.7074
vn -0.3386 -0.3724 -0.8641
vn -0.5695 -0.1883 -0.8001
vn -0.6617 -0.0710 -0.7464
vn -0.7028 -0.0054 -0.7113
vn -0.6960 -0.0192 -0.7178
vn 0.0005 -0.4333 -0.9012
vn -0.6103 -0.3414 -0.7148
vn -0.9999 -0.0032 -0.0165
vn -0.6961 -0.0192 -0.7177
vn -0.6104 -0.3415 -0.7147
vn -1.0000 -0.0037 -0.0028
vn -0.7030 -0.0054 -0.7112
vn -0.9797 -0.0951 -0.1765
vn -0.6036 -0.6347 -0.4825
vn -0.7126 0.0055 0.7015
vn -0.8295 0.0311 0.5576
vn -0.9697 -0.1886 -0.1556
vn -0.6539 -0.7444 -0.1356
vn -0.9946 -0.0992 -0.0288
vn -0.9194 0.3598 0.1586
vn -0.7473 0.6645 0.0032
vn -1.0000 -0.0031 0.0057
vn -0.7086 0.7056 0.0067
vn -1.0000 -0.0000 0.0063
vn -0.7069 -0.7073 0.0063
vn -0.7054 -0.7087 0.0046
vn -0.7074 0.7068 0.0063
vn -0.7061 0.0001 0.7081
vn -0.6618 -0.0711 0.7463
vn -0.9949 -0.1008 -0.0001
vn -0.5696 -0.1884 0.8001
vn -0.6617 -0.0709 -0.7464
vn -0.9641 -0.2657 0.0001
vn -0.7016 -0.7126 0.0001
vn -0.3387 -0.3725 0.8640
vn -0.6538 -0.7444 -0.1356
vn -0.0001 -1.0000 0.0040
vn -0.7053 -0.7089 0.0046
vn -0.0000 -1.0000 0.0063
vn -0.7068 -0.7074 0.0063
vn 0.7067 -0.7074 0.0063
vn 0.7052 -0.7090 0.0047
vn -0.0008 -0.9832 -0.1826
vn -0.0001 -0.7993 -0.6010
vn 0.6034 -0.6359 -0.4811
vn 0.0006 -0.4335 -0.9012
vn 0.6111 -0.3424 -0.7136
vn -0.6103 -0.3415 -0.7147
vn -0.6035 -0.6348 -0.4825
vn 0.7475 0.6642 0.0042
vn -0.0000 1.0000 0.0070
vn 0.7084 0.7058 0.0067
vn -0.0000 1.0000 0.0063
vn 0.7073 0.7069 0.0063
vn -0.7073 0.7069 0.0062
vn -0.7084 0.7057 0.0067
vn -0.0002 0.9997 -0.0241
vn -0.7472 0.6646 0.0031
vn 0.0038 0.9206 -0.3905
vn -0.9195 0.3598 0.1586
vn 0.9200 0.3570 0.1619
vn -0.0000 -0.7070 0.7073
vn -0.0070 -1.0000 -0.0000
vn -0.0047 -0.7058 0.7084
vn -0.0224 -0.9997 -0.0000
vn -0.0162 -0.7053 0.7087
vn -0.0047 -0.7059 -0.7083
vn -0.0000 -0.7069 -0.7073
vn -0.0162 -0.7053 -0.7087
vn -0.0203 -0.7076 -0.7063
vn -0.0286 -0.9996 -0.0000
vn -0.0980 -0.6036 -0.7912
vn -0.3387 -0.3724 -0.8641
vn -0.1176 -0.9931 -0.0000
vn -0.7014 -0.7127 -0.0000
vn -0.0981 -0.6036 0.7912
vn -0.0204 -0.7076 0.7063
vn -0.3387 -0.3724 0.8641
vn -0.0000 0.7074 -0.7068
vn 0.0067 1.0000 -0.0000
vn 0.0048 0.7085 -0.7057
vn 0.0229 0.9997 -0.0000
vn 0.0163 0.7087 -0.7053
vn 0.0048 0.7085 0.7057
vn -0.0000 0.7074 0.7068
vn 0.0163 0.7087 0.7053
vn 0.0212 0.7069 0.7070
vn 0.2153 0.7351 0.6428
vn 0.0301 0.9995 -0.0000
vn 0.2807 0.9598 -0.0000
vn 0.0212 0.7069 -0.7070
vn 0.2153 0.7351 -0.6428
vn 0.6386 0.7696 -0.0000
vn 0.5036 0.6026 -0.6191
vn 0.8997 0.4365 -0.0000
vn 0.6962 0.3362 -0.6343
vn 0.6961 0.3362 0.6343
vn 0.5035 0.6026 0.6191
vn -0.0001 -0.0932 0.9956
vn -0.8295 0.0307 0.5577
vn -0.9195 0.3597 0.1585
vn 0.0037 0.9206 -0.3905
vn 0.8291 0.0318 0.5582
vn 0.9200 0.3569 0.1619
vn 0.7125 0.0054 0.7016
vn 0.7060 0.0001 0.7082
vn -0.0054 0.0039 1.0000
vn -0.0008 0.0070 1.0000
vn 0.8295 0.0310 0.5577
vn -0.7133 0.0061 0.7009
vn -0.8291 0.0320 0.5582
vn -0.7113 0.0065 0.7028
vn -0.7348 0.1122 0.6689
vn -0.0745 0.0162 0.9971
vn -0.6961 0.3361 0.6344
vn -0.1365 0.0731 0.9879
vn -0.5035 0.6025 0.6192
vn -0.1293 0.1535 0.9797
vn -0.2153 0.7350 0.6429
vn -0.0475 0.1299 0.9904
vn -0.0212 0.7068 0.7071
vn -0.0001 -0.0007 1.0000
vn -0.0163 0.7086 0.7054
vn -0.0047 0.7084 0.7058
vn -0.0001 0.0032 1.0000
vn 0.0162 -0.7052 0.7088
vn 0.0204 -0.7075 0.7064
vn 0.0980 -0.6036 0.7912
vn 0.3386 -0.3724 0.8641
vn 0.5695 -0.1884 0.8001
vn 0.6617 -0.0711 0.7464
vn 0.0047 -0.7057 0.7085
vn -0.0000 0.0004 1.0000
vn -0.7134 0.0061 0.7007
vn -0.7114 0.0065 0.7027
vn -1.0000 0.0054 -0.0027
vn -0.9999 -0.0024 -0.0165
vn -0.8291 0.0319 0.5582
vn -0.9798 -0.0966 -0.1749
vn -0.9200 0.3570 0.1619
vn -0.9697 -0.1907 -0.1530
vn -0.7476 0.6641 0.0043
vn -0.9945 -0.1008 -0.0266
vn -0.7085 0.7056 0.0067
vn -1.0000 -0.0031 0.0058
vn -0.6526 -0.7457 -0.1343
vn -0.6035 -0.6359 -0.4811
vn -0.6112 -0.3424 -0.7136
vn -0.6969 -0.0187 -0.7169
vn -0.7084 0.0011 -0.7058
vn -0.7348 0.1123 -0.6689
vn -0.9884 0.1521 -0.0001
vn -0.6962 0.3361 -0.6343
vn -0.8998 0.4363 -0.0000
vn -0.7349 0.1123 0.6688
vn -0.6962 0.3361 0.6343
vn -0.7054 -0.7088 0.0046
vn -1.0000 -0.0005 0.0063
vn -0.6968 -0.0187 -0.7170
vn -0.7083 0.0011 -0.7059
vn -0.0054 -0.0036 -1.0000
vn -0.0008 -0.0273 -0.9996
vn -0.6111 -0.3423 -0.7137
vn -0.0005 -0.4333 -0.9012
vn 0.6960 -0.0192 -0.7178
vn 0.6103 -0.3414 -0.7148
vn 0.7028 -0.0054 -0.7113
vn 0.6616 -0.0709 -0.7465
vn -0.0745 0.0162 -0.9971
vn 0.5695 -0.1883 -0.8001
vn -0.7348 0.1122 -0.6690
vn -0.1365 0.0730 -0.9879
vn -0.6961 0.3362 -0.6343
vn -0.1299 0.1530 -0.9796
vn 0.3386 -0.3725 -0.8641
vn 0.0980 -0.6036 -0.7913
vn -0.0475 0.1299 -0.9904
vn 0.0203 -0.7075 -0.7064
vn 0.0162 -0.7052 -0.7088
vn -0.0001 -0.0007 -1.0000
vn 0.0047 -0.7057 -0.7085
vn -0.0001 0.0032 -1.0000
vn -0.0000 0.0026 -1.0000
vn -0.0163 0.7086 -0.7054
vn -0.0212 0.7068 -0.7071
vn -0.2153 0.7351 -0.6429
vn -0.5035 0.6025 -0.6192
vn -0.0047 0.7084 -0.7058
vn -0.0000 0.0001 -1.0000
vn 0.6961 -0.0192 -0.7177
vn 0.7030 -0.0054 -0.7112
vn 1.0000 -0.0037 -0.0027
vn 0.9999 -0.0032 -0.0166
vn 0.6104 -0.3414 -0.7147
vn 0.9797 -0.0951 -0.1765
vn 0.6036 -0.6347 -0.4825
vn 0.9697 -0.1886 -0.1556
vn 0.6539 -0.7443 -0.1357
vn 0.9946 -0.0992 -0.0288
vn 0.7054 -0.7088 0.0046
vn 1.0000 -0.0031 0.0057
vn 0.9194 0.3599 0.1586
vn 0.7473 0.6645 0.0031
vn 0.8295 0.0311 0.5576
vn 0.7126 0.0055 0.7015
vn 0.7061 0.0001 0.7081
vn 0.6618 -0.0710 0.7463
vn 0.9949 -0.1008 -0.0001
vn 0.5696 -0.1883 0.8001
vn 0.9640 -0.2657 -0.0000
vn 0.3387 -0.3724 0.8641
vn 0.7015 -0.7127 0.0001
vn 0.5695 -0.1884 -0.8001
vn 0.6617 -0.0710 -0.7464
vn 0.7086 0.7056 0.0067
vn 1.0000 -0.0000 0.0063
vn 0.7053 -0.7089 0.0046
vn 0.7068 -0.7074 0.0063
vn 0.0001 -1.0000 0.0040
vn 0.6538 -0.7444 -0.1357
vn 0.6035 -0.6348 -0.4825
vn 0.0008 -0.9832 -0.1826
vn 0.0001 -0.7993 -0.6010
vn 0.6103 -0.3415 -0.7147
vn -0.0005 -0.4335 -0.9012
vn -0.6034 -0.6359 -0.4811
vn -0.6111 -0.3424 -0.7136
vn -0.7052 -0.7090 0.0045
vn -0.7067 -0.7074 0.0063
vn -0.7084 0.7058 0.0067
vn -0.7073 0.7069 0.0063
vn -0.7475 0.6642 0.0042
vn 0.0002 0.9997 -0.0241
vn -0.9200 0.3570 0.1618
vn -0.0037 0.9206 -0.3905
vn 0.7472 0.6646 0.0031
vn 0.9195 0.3598 0.1586
vn 0.7084 0.7057 0.0067
vn 0.7073 0.7069 0.0062
vn 0.0047 -0.7058 0.7084
vn 0.0068 -1.0000 -0.0000
vn 0.0162 -0.7053 0.7087
vn 0.0224 -0.9997 -0.0000
vn 0.0162 -0.7053 -0.7087
vn 0.0047 -0.7059 -0.7083
vn 0.0204 -0.7076 -0.7063
vn 0.0980 -0.6036 -0.7912
vn 0.0286 -0.9996 -0.0000
vn 0.0204 -0.7076 0.7063
vn 0.1176 -0.9931 -0.0000
vn 0.0981 -0.6036 0.7912
vn 0.7015 -0.7127 -0.0000
vn 0.3387 -0.3724 -0.8641
vn -0.0048 0.7085 -0.7057
vn -0.0067 1.0000 -0.0000
vn -0.0163 0.7087 -0.7053
vn -0.0227 0.9997 -0.0000
vn -0.0163 0.7087 0.7053
vn -0.0048 0.7085 0.7057
vn -0.0212 0.7069 0.7070
vn -0.2153 0.7351 0.6428
vn -0.0301 0.9995 -0.0000
vn -0.0212 0.7069 -0.7070
vn -0.2807 0.9598 -0.0000
vn -0.2153 0.7351 -0.6428
vn -0.6386 0.7695 -0.0000
vn -0.5036 0.6026 -0.6191
vn -0.8997 0.4365 -0.0000
vn -0.6962 0.3362 -0.6343
vn -0.6961 0.3362 0.6343
vn -0.5036 0.6026 0.6191
vn -0.8291 0.0321 0.5581
vn -0.0037 0.9206 -0.3906
vn 0.0001 -0.0932 0.9956
vn 0.9195 0.3597 0.1585
vn 0.8295 0.0307 0.5576
vn -0.9199 0.3570 0.1620
vn -0.7125 -0.0054 0.7016
vn -0.7060 -0.0001 0.7083
vn 0.0054 -0.0038 1.0000
vn 0.0008 -0.0070 1.0000
vn -0.8295 -0.0310 0.5577
vn -0.0000 0.0930 0.9957
vn 0.7133 -0.0061 0.7009
vn 0.8291 -0.0320 0.5582
vn 0.7113 -0.0065 0.7028
vn 0.7348 -0.1122 0.6689
vn 0.0745 -0.0162 0.9971
vn 0.6961 -0.3361 0.6344
vn 0.1365 -0.0730 0.9879
vn 0.5035 -0.6025 0.6192
vn 0.1293 -0.1535 0.9797
vn 0.2153 -0.7351 0.6429
vn 0.0475 -0.1299 0.9904
vn 0.0212 -0.7068 0.7071
vn 0.0001 0.0007 1.0000
vn 0.0163 -0.7086 0.7054
vn 0.0047 -0.7084 0.7058
vn 0.0001 -0.0032 1.0000
vn -0.0000 -0.0026 1.0000
vn -0.0162 0.7052 0.7088
vn -0.0204 0.7075 0.7064
vn -0.0980 0.6036 0.7913
vn -0.3386 0.3724 0.8641
vn -0.5695 0.1883 0.8002
vn -0.6617 0.0711 0.7464
vn -0.0047 0.7057 0.7085
vn -0.0000 -0.0001 1.0000
vn -0.0000 0.7067 0.7075
vn -0.0000 -0.7073 0.7069
vn 0.7134 -0.0061 0.7007
vn 0.7114 -0.0065 0.7027
vn 1.0000 -0.0054 -0.0027
vn 0.9999 0.0029 -0.0162
vn 0.8291 -0.0320 0.5581
vn 0.9798 0.0966 -0.1749
vn 0.9200 -0.3571 0.1618
vn 0.9696 0.1907 -0.1531
vn 0.7476 -0.6642 0.0043
vn 0.9945 0.1008 -0.0266
vn 0.6112 0.3424 -0.7136
vn 0.6035 0.6359 -0.4811
vn 1.0000 0.0031 0.0058
vn 0.7085 -0.7056 0.0067
vn 0.6526 0.7457 -0.1343
vn 0.7074 -0.7068 0.0063
vn 1.0000 -0.0000 0.0062
vn 0.7053 0.7088 0.0046
vn 0.7069 0.7073 0.0063
vn 0.6969 0.0187 -0.7169
vn 0.7084 -0.0011 -0.7058
vn 0.7348 -0.1122 -0.6689
vn 0.9884 -0.1521 -0.0001
vn 0.6962 -0.3361 -0.6343
vn 0.7349 -0.1123 0.6688
vn 0.8998 -0.4363 -0.0000
vn 0.6962 -0.3361 0.6343
vn 0.0008 0.0273 -0.9996
vn 0.6111 0.3423 -0.7137
vn 0.6968 0.0187 -0.7170
vn 0.7083 -0.0011 -0.7059
vn 0.0054 0.0035 -1.0000
vn -0.7028 0.0054 -0.7113
vn -0.6960 0.0192 -0.7178
vn 0.0006 0.4333 -0.9012
vn -0.6103 0.3414 -0.7148
vn -0.6617 0.0710 -0.7464
vn 0.0745 -0.0162 -0.9971
vn -0.5695 0.1883 -0.8001
vn 0.1365 -0.0730 -0.9879
vn -0.3386 0.3725 -0.8641
vn 0.1300 -0.1530 -0.9796
vn -0.0980 0.6036 -0.7913
vn 0.0475 -0.1299 -0.9904
vn 0.5036 -0.6025 -0.6192
vn 0.6961 -0.3362 -0.6343
vn 0.7348 -0.1123 -0.6690
vn 0.2153 -0.7351 -0.6429
vn 0.0212 -0.7068 -0.7071
vn 0.0001 0.0007 -1.0000
vn -0.0203 0.7075 -0.7064
vn -0.0162 0.7052 -0.7088
vn 0.0001 -0.0032 -1.0000
vn -0.0047 0.7057 -0.7085
vn -0.0000 -0.0026 -1.0000
vn 0.0163 -0.7086 -0.7054
vn 0.0047 -0.7084 -0.7058
vn -0.0000 -0.0004 -1.0000
vn -0.0000 -0.7073 -0.7069
vn -0.0000 0.7068 -0.7074
vn -0.6961 0.0192 -0.7177
vn -0.7030 0.0054 -0.7112
vn -1.0000 0.0037 -0.0027
vn -0.9999 0.0032 -0.0166
vn -0.6104 0.3414 -0.7147
vn -0.9797 0.0951 -0.1765
vn -0.6036 0.6347 -0.4825
vn -0.9697 0.1885 -0.1556
vn -0.6539 0.7444 -0.1357
vn -0.9946 0.0992 -0.0288
vn -0.9194 -0.3598 0.1586
vn -0.8295 -0.0311 0.5576
vn -0.7126 -0.0055 0.7015
vn -0.7061 -0.0001 0.7081
vn -0.6618 0.0711 0.7463
vn -0.9949 0.1008 -0.0001
vn -0.5695 0.1884 0.8001
vn -0.9641 0.2657 -0.0000
vn -0.3386 0.3725 0.8641
vn -0.7016 0.7126 -0.0000
vn -0.5696 0.1883 -0.8001
vn -0.3386 0.3724 -0.8641
vn -0.6617 0.0709 -0.7464
vn -0.7473 -0.6645 0.0032
vn -1.0000 0.0031 0.0057
vn -0.7086 -0.7056 0.0066
vn -0.7074 -0.7068 0.0062
vn -0.7069 0.7073 0.0063
vn -0.7054 0.7087 0.0046
vn -0.7053 0.7089 0.0046
vn -0.7068 0.7074 0.0063
vn -0.0001 1.0000 0.0040
vn -0.6538 0.7444 -0.1356
vn -0.6035 0.6348 -0.4825
vn -0.0008 0.9832 -0.1826
vn -0.0001 0.7993 -0.6010
vn -0.6103 0.3415 -0.7147
vn 0.0005 0.4335 -0.9012
vn 0.6034 0.6359 -0.4811
vn 0.6111 0.3424 -0.7136
vn 0.7052 0.7090 0.0046
vn 0.7067 0.7074 0.0063
vn 0.7084 -0.7058 0.0067
vn 0.7073 -0.7069 0.0063
vn -0.0000 -1.0000 0.0070
vn 0.7475 -0.6642 0.0043
vn 0.9200 -0.3570 0.1619
vn -0.0002 -0.9997 -0.0241
vn -0.7084 -0.7057 0.0067
vn -0.7472 -0.6646 0.0031
vn 0.0037 -0.9206 -0.3905
vn -0.9194 -0.3598 0.1587
vn -0.7073 -0.7069 0.0062
vn -0.0047 0.7059 0.7083
vn -0.0162 0.7053 0.7087
vn -0.0224 0.9997 -0.0000
vn -0.0068 1.0000 -0.0000
vn -0.0000 0.7070 0.7073
vn -0.0047 0.7059 -0.7083
vn -0.0000 0.7069 -0.7073
vn -0.0162 0.7054 -0.7087
vn -0.0204 0.7076 -0.7063
vn -0.0980 0.6036 -0.7912
vn -0.0286 0.9996 -0.0000
vn -0.0203 0.7076 0.7063
vn -0.1176 0.9931 -0.0000
vn -0.0980 0.6037 0.7912
vn -0.7014 0.7127 -0.0000
vn -0.3387 0.3724 -0.8641
vn 0.0048 -0.7085 -0.7057
vn 0.0163 -0.7087 -0.7053
vn 0.0229 -0.9997 -0.0000
vn 0.0067 -1.0000 -0.0000
vn -0.0000 -0.7074 -0.7068
vn 0.0048 -0.7085 0.7057
vn 0.0001 -0.7074 0.7068
vn 0.0163 -0.7087 0.7053
vn 0.0212 -0.7069 0.7070
vn 0.0301 -0.9995 -0.0000
vn 0.2153 -0.7351 0.6428
vn 0.2807 -0.9598 -0.0000
vn 0.0212 -0.7069 -0.7070
vn 0.2153 -0.7351 -0.6428
vn 0.6386 -0.7696 -0.0000
vn 0.5036 -0.6026 -0.6191
vn 0.8997 -0.4365 -0.0000
vn 0.6962 -0.3362 -0.6343
vn 0.6961 -0.3362 0.6343
vn 0.5036 -0.6026 0.6191
vn 0.8291 -0.0318 0.5582
vn -0.0001 0.0932 0.9956
vn -0.9195 -0.3596 0.1587
vn -0.8294 -0.0307 0.5578
vn 0.9200 -0.3569 0.1619
vn -0.0008 -0.0070 1.0000
vn 0.7125 -0.0054 0.7016
vn 0.8295 -0.0310 0.5577
vn -0.0055 -0.0035 1.0000
vn 0.7060 -0.0001 0.7082
vn -0.0745 -0.0162 0.9971
vn 0.6617 0.0711 0.7464
vn -0.1365 -0.0730 0.9879
vn 0.5695 0.1884 0.8001
vn -0.1299 -0.1530 0.9796
vn 0.3386 0.3724 0.8641
vn -0.0475 -0.1299 0.9904
vn 0.0980 0.6036 0.7912
vn -0.2153 -0.7350 0.6429
vn -0.0212 -0.7068 0.7071
vn -0.0001 0.0007 1.0000
vn -0.0163 -0.7086 0.7054
vn -0.0001 -0.0032 1.0000
vn 0.0204 0.7075 0.7064
vn -0.0047 -0.7084 0.7058
vn -0.0000 -0.0004 1.0000
vn 0.0047 0.7057 0.7085
vn 0.0162 0.7052 0.7088
vn -0.5035 -0.6025 0.6192
vn -0.6961 -0.3361 0.6344
vn -0.7348 -0.1123 0.6689
vn -0.7113 -0.0065 0.7028
vn -0.7133 -0.0061 0.7009
vn -0.8291 -0.0320 0.5582
vn -0.9999 0.0023 -0.0166
vn -0.7134 -0.0061 0.7007
vn -0.8291 -0.0319 0.5581
vn -1.0000 -0.0054 -0.0027
vn -0.7114 -0.0065 0.7027
vn -0.9798 0.0966 -0.1749
vn -0.9200 -0.3570 0.1619
vn -0.9697 0.1907 -0.1530
vn -0.7476 -0.6641 0.0043
vn -0.9945 0.1008 -0.0266
vn -0.6035 0.6359 -0.4811
vn -0.6112 0.3423 -0.7136
vn -0.6969 0.0187 -0.7169
vn -0.7084 -0.0011 -0.7058
vn -0.7348 -0.1122 -0.6689
vn -0.9884 -0.1521 -0.0001
vn -0.6962 -0.3361 -0.6343
vn -0.8998 -0.4363 -0.0000
vn -0.7349 -0.1123 0.6688
vn -0.6962 -0.3361 0.6343
vn -0.6526 0.7457 -0.1343
vn -1.0000 0.0031 0.0058
vn -0.7054 0.7088 0.0046
vn -1.0000 0.0005 0.0063
vn -0.7085 -0.7056 0.0067
vn -0.0008 0.0273 -0.9996
vn -0.6968 0.0187 -0.7170
vn -0.6111 0.3423 -0.7137
vn -0.0054 0.0035 -1.0000
vn -0.7083 -0.0011 -0.7059
vn -0.0745 -0.0162 -0.9971
vn -0.7348 -0.1122 -0.6690
vn -0.1365 -0.0730 -0.9879
vn -0.6961 -0.3362 -0.6343
vn -0.1299 -0.1530 -0.9796
vn -0.5036 -0.6025 -0.6192
vn -0.0475 -0.1299 -0.9904
vn -0.2153 -0.7351 -0.6429
vn -0.0001 0.0007 -1.0000
vn 0.0203 0.7075 -0.7064
vn 0.0981 0.6036 -0.7913
vn 0.0162 0.7052 -0.7088
vn 0.0047 0.7058 -0.7084
vn -0.0001 -0.0032 -1.0000
vn -0.0000 -0.0031 -1.0000
vn -0.0163 -0.7086 -0.7054
vn -0.0212 -0.7068 -0.7071
vn -0.0047 -0.7084 -0.7058
vn -0.0000 -0.0001 -1.0000
vn 0.3386 0.3724 -0.8641
vn 0.5695 0.1883 -0.8001
vn 0.6617 0.0710 -0.7464
vn 0.7028 0.0054 -0.7113
vn 0.6960 0.0192 -0.7178
vn -0.0005 0.4333 -0.9012
vn 0.6103 0.3414 -0.7148
vn 0.9999 0.0032 -0.0166
vn 0.6961 0.0192 -0.7177
vn 0.6104 0.3415 -0.7147
vn 1.0000 0.0037 -0.0027
vn 0.7030 0.0054 -0.7112
vn 0.9797 0.0951 -0.1765
vn 0.6036 0.6347 -0.4825
vn 0.7126 -0.0055 0.7015
vn 0.8295 -0.0311 0.5576
vn 0.9697 0.1886 -0.1556
vn 0.9194 -0.3599 0.1586
vn 0.9946 0.0992 -0.0288
vn 0.7473 -0.6645 0.0031
vn 0.7054 0.7088 0.0046
vn 1.0000 0.0031 0.0057
vn 0.6539 0.7444 -0.1356
vn 0.7086 -0.7056 0.0066
vn 0.7061 -0.0001 0.7081
vn 0.6618 0.0710 0.7463
vn 0.9949 0.1008 -0.0001
vn 0.5696 0.1883 0.8001
vn 0.9641 0.2657 -0.0000
vn 0.5695 0.1884 -0.8001
vn 0.7015 0.7127 -0.0000
vn 0.3386 0.3725 -0.8641
vn 0.6538 0.7444 -0.1356
vn 0.0001 1.0000 0.0040
vn 0.7053 0.7089 0.0046
vn 0.7068 0.7074 0.0063
vn 0.0008 0.9832 -0.1826
vn 0.6035 0.6348 -0.4825
vn 0.6103 0.3415 -0.7147
vn 0.0001 0.7993 -0.6010
vn -0.0006 0.4335 -0.9012
vn -0.6034 0.6359 -0.4811
vn -0.6111 0.3424 -0.7136
vn -0.7052 0.7090 0.0046
vn -0.7067 0.7074 0.0062
vn -0.7475 -0.6642 0.0043
vn -0.7084 -0.7058 0.0067
vn -0.7073 -0.7069 0.0063
vn 0.0002 -0.9997 -0.0241
vn -0.0038 -0.9206 -0.3905
vn 0.7472 -0.6646 0.0031
vn 0.9194 -0.3598 0.1586
vn 0.7084 -0.7057 0.0067
vn 0.7073 -0.7069 0.0062
vn 0.0070 1.0000 -0.0000
vn 0.0047 0.7058 0.7084
vn 0.0224 0.9997 -0.0000
vn 0.0162 0.7053 0.7087
vn 0.0047 0.7059 -0.7083
vn 0.0162 0.7053 -0.7087
vn 0.0203 0.7076 -0.7063
vn 0.0286 0.9996 -0.0000
vn 0.0980 0.6036 -0.7912
vn 0.3387 0.3724 -0.8641
vn 0.1176 0.9931 -0.0000
vn 0.0981 0.6036 0.7912
vn 0.3387 0.3724 0.8641
vn 0.0204 0.7076 0.7063
vn -0.0067 -1.0000 -0.0000
vn -0.0048 -0.7085 -0.7057
vn -0.0228 -0.9997 -0.0000
vn -0.0163 -0.7087 -0.7053
vn -0.0000 -0.7074 0.7068
vn -0.0048 -0.7085 0.7057
vn -0.0163 -0.7087 0.7053
vn -0.0212 -0.7069 0.7070
vn -0.2153 -0.7351 0.6428
vn -0.0301 -0.9995 -0.0000
vn -0.2807 -0.9598 -0.0000
vn -0.0212 -0.7069 -0.7070
vn -0.2153 -0.7351 -0.6428
vn -0.6386 -0.7696 -0.0000
vn -0.5036 -0.6026 -0.6191
vn -0.8997 -0.4365 -0.0000
vn -0.6962 -0.3362 -0.6343
vn -0.6961 -0.3362 0.6343
vn -0.5035 -0.6026 0.6191
vn 0.0001 0.0932 0.9956
vn 0.8294 -0.0307 0.5578
vn 0.9195 -0.3596 0.1587
vn -0.0037 -0.9205 -0.3906
vn -0.8291 -0.0321 0.5581
vn -0.9199 -0.3570 0.1620
vn -0.0000 0.8647 -0.5023
vn -0.0000 -0.8647 -0.5023
vn 0.8558 0.0001 -0.5174
vn 0.8557 0.0002 0.5174
vn 0.8224 0.1137 0.5575
vn 0.8557 -0.0002 -0.5174
vn 0.8558 -0.0002 0.5174
vn 0.8224 0.1137 -0.5575
vn 0.7256 0.3247 0.6067
vn 0.7256 0.3247 -0.6067
vn 0.8224 -0.1137 -0.5575
vn 0.8224 -0.1137 0.5575
vn 0.7256 -0.3247 -0.6067
vn 0.7256 -0.3247 0.6067
vn 0.8558 -0.0000 -0.5174
vn 0.8558 -0.0002 -0.5174
vn -0.8559 -0.0000 -0.5172
vn -0.8559 -0.0002 -0.5172
vn -0.8559 -0.0003 0.5172
vn -0.8673 -0.1518 -0.4741
vn -0.8559 0.0003 0.5172
vn -0.8559 0.0001 -0.5172
vn -0.8673 0.1518 0.4741
vn -0.8673 0.1518 -0.4741
vn -0.7915 0.4314 0.4330
vn -0.7915 0.4314 -0.4330
vn -0.8673 -0.1518 0.4741
vn -0.7915 -0.4314 -0.4330
vn -0.7915 -0.4314 0.4330
vn -0.8559 0.0002 0.5172
vn 0.8558 -0.0000 0.5174
vn 0.8558 0.0002 0.5174
vn 0.0004 0.8648 -0.5021
vn 0.0004 0.8648 0.5021
vn 0.1631 0.8745 0.4569
vn -0.0005 0.8648 -0.5020
vn -0.0006 0.8649 0.5020
vn 0.1630 0.8745 -0.4568
vn 0.4468 0.7872 0.4250
vn 0.4468 0.7872 -0.4250
vn 0.7365 0.5253 0.4261
vn 0.7365 0.5253 -0.4261
vn -0.2170 0.8704 -0.4420
vn -0.2170 0.8704 0.4420
vn -0.5394 0.7327 -0.4149
vn -0.5394 0.7327 0.4149
vn -0.7914 0.4314 -0.4331
vn -0.7914 0.4314 0.4330
vn 0.1631 0.8744 -0.4569
vn -0.0001 0.0005 -1.0000
vn -0.0006 0.8649 -0.5020
vn 0.0264 0.0977 -0.9949
vn -0.0003 -0.8646 -0.5024
vn -0.1245 -0.8284 -0.5461
vn 0.0970 0.1559 -0.9830
vn -0.3630 -0.7153 -0.5972
vn 0.1548 0.1170 -0.9810
vn 0.7365 0.5253 -0.4262
vn -0.6487 -0.4469 -0.6160
vn 0.8622 0.2057 -0.4629
vn 0.1081 0.0366 -0.9935
vn 0.8559 0.0003 -0.5171
vn 0.0002 -0.0000 -1.0000
vn -0.8077 -0.1538 -0.5691
vn -0.8557 -0.0003 -0.5174
vn 0.0004 -0.8646 -0.5024
vn 0.1543 -0.8087 -0.5677
vn 0.4683 -0.6156 -0.6338
vn -0.0455 0.1310 -0.9903
vn -0.1318 0.1734 -0.9760
vn 0.7256 -0.3246 -0.6067
vn -0.5394 0.7328 -0.4148
vn -0.1537 0.0947 -0.9836
vn -0.7914 0.4314 -0.4330
vn -0.0876 0.0227 -0.9959
vn -0.0002 -0.0000 -1.0000
vn -0.8559 0.0002 -0.5172
vn -0.0003 -0.8646 0.5024
vn -0.0003 -0.8646 -0.5025
vn -0.1246 -0.8284 -0.5461
vn 0.0005 -0.8646 0.5025
vn 0.0005 -0.8646 -0.5025
vn -0.1244 -0.8284 0.5461
vn -0.3631 -0.7152 -0.5972
vn -0.3630 -0.7153 0.5972
vn -0.6487 -0.4468 -0.6160
vn -0.6487 -0.4469 0.6160
vn 0.1545 -0.8086 0.5678
vn 0.1542 -0.8086 -0.5678
vn 0.4683 -0.6157 0.6338
vn 0.4683 -0.6157 -0.6338
vn -0.1245 -0.8284 0.5461
vn -0.0001 0.0005 1.0000
vn 0.0004 -0.8646 0.5024
vn 0.0264 0.0977 0.9949
vn 0.0970 0.1559 0.9830
vn 0.1548 0.1170 0.9810
vn -0.8078 -0.1537 0.5691
vn 0.1081 0.0366 0.9935
vn 0.7365 0.5253 0.4262
vn 0.8622 0.2058 0.4629
vn 0.0003 -0.0000 1.0000
vn 0.8559 0.0004 0.5172
vn -0.8557 -0.0002 0.5174
vn -0.0006 0.8648 0.5021
vn -0.0455 0.1309 0.9903
vn -0.5395 0.7327 0.4148
vn -0.1318 0.1734 0.9760
vn -0.7914 0.4314 0.4331
vn 0.1542 -0.8087 0.5677
vn -0.1537 0.0947 0.9836
vn -0.0877 0.0227 0.9959
vn -0.0002 -0.0000 1.0000
vn 0.8558 -0.0001 0.5174
vn 0.8559 -0.0004 -0.5171
vn 0.8559 -0.0004 0.5172
vn 0.8622 -0.2057 0.4629
vn 0.8559 0.0004 -0.5172
vn 0.8559 0.0004 0.5171
vn 0.8622 -0.2057 -0.4629
vn 0.7365 -0.5253 0.4261
vn 0.7365 -0.5253 -0.4261
vn 0.8559 -0.0003 -0.5172
vn 0.8559 0.0003 -0.5172
vn -0.8557 -0.0000 -0.5174
vn -0.8557 0.0002 -0.5174
vn -0.8557 0.0002 0.5174
vn -0.8077 0.1539 -0.5692
vn -0.8557 -0.0001 0.5174
vn -0.8557 -0.0002 -0.5174
vn -0.8076 0.1539 0.5692
vn -0.6487 0.4469 -0.6160
vn -0.6487 0.4469 0.6160
vn -0.8077 -0.1538 0.5692
vn -0.8077 -0.1537 -0.5692
vn -0.8557 -0.0000 0.5174
vn 0.8559 0.0003 0.5172
vn 0.8559 -0.0003 0.5172
vn 0.1632 -0.8745 -0.4568
vn 0.1631 -0.8745 0.4569
vn 0.0004 -0.8648 0.5021
vn -0.0006 -0.8649 0.5020
vn -0.0005 -0.8648 -0.5020
vn 0.0004 -0.8648 -0.5021
vn 0.4468 -0.7872 -0.4250
vn 0.4468 -0.7872 0.4250
vn -0.2170 -0.8704 0.4420
vn -0.2170 -0.8704 -0.4420
vn -0.5394 -0.7327 0.4149
vn -0.5394 -0.7327 -0.4149
vn -0.7914 -0.4314 0.4330
vn -0.7914 -0.4314 -0.4330
vn -0.0006 -0.8648 -0.5021
vn -0.0001 -0.0005 -1.0000
vn 0.0264 -0.0977 -0.9949
vn 0.1631 -0.8745 -0.4569
vn 0.0970 -0.1559 -0.9830
vn 0.1548 -0.1170 -0.9810
vn 0.7365 -0.5253 -0.4262
vn 0.1081 -0.0366 -0.9935
vn -0.8077 0.1537 -0.5691
vn -0.3630 0.7153 -0.5972
vn -0.1245 0.8284 -0.5461
vn -0.0003 0.8646 -0.5024
vn 0.0004 0.8646 -0.5024
vn -0.0455 -0.1309 -0.9903
vn 0.1542 0.8087 -0.5677
vn -0.1319 -0.1734 -0.9760
vn 0.4683 0.6157 -0.6338
vn -0.1537 -0.0947 -0.9836
vn -0.0877 -0.0227 -0.9959
vn -0.7914 -0.4314 -0.4331
vn -0.5395 -0.7327 -0.4148
vn -0.8557 0.0003 -0.5174
vn 0.0003 -0.0000 -1.0000
vn 0.8622 -0.2058 -0.4629
vn 0.8559 -0.0004 -0.5172
vn -0.0004 0.8646 -0.5025
vn 0.0002 0.8646 -0.5025
vn 0.0003 0.8646 0.5025
vn -0.0003 0.8646 0.5024
vn -0.1245 0.8284 0.5461
vn -0.1244 0.8284 -0.5461
vn -0.3630 0.7153 0.5972
vn -0.3629 0.7153 -0.5972
vn -0.6487 0.4468 0.6160
vn 0.1544 0.8086 -0.5678
vn 0.1543 0.8086 0.5678
vn 0.4683 0.6157 0.6338
vn -0.0001 -0.0005 1.0000
vn 0.0264 -0.0977 0.9949
vn -0.1245 0.8284 0.5460
vn 0.0970 -0.1559 0.9830
vn 0.1548 -0.1170 0.9810
vn 0.1081 -0.0366 0.9935
vn -0.8077 0.1538 0.5691
vn 0.0002 -0.0000 1.0000
vn -0.8557 0.0003 0.5174
vn 0.7365 -0.5253 0.4262
vn 0.1631 -0.8744 0.4569
vn -0.0006 -0.8648 0.5020
vn -0.0455 -0.1310 0.9903
vn -0.1319 -0.1734 0.9760
vn -0.5394 -0.7328 0.4148
vn -0.1537 -0.0947 0.9836
vn -0.0876 -0.0227 0.9959
vn -0.8559 -0.0002 0.5172
vn 0.7256 0.3246 0.6067
vn 0.1543 0.8087 0.5676
vn 0.0729 -0.0000 -0.9973
vn 0.2588 -0.0000 -0.9659
vn 0.0728 -0.0000 -0.9973
vn -0.0729 0.0001 -0.9973
vn -0.0728 -0.0000 -0.9973
vn -0.2588 -0.0000 -0.9659
vn -0.9974 -0.0000 -0.0714
vn -0.9974 -0.0000 0.0714
vn -0.8661 -0.0000 0.4999
vn -0.8661 0.0001 -0.4999
vn -0.8661 -0.0000 -0.4999
vn 0.9974 -0.0000 0.0714
vn 0.9974 -0.0000 -0.0714
vn 0.8661 -0.0000 -0.4999
vn 0.8661 -0.0000 0.4999
vn -0.0729 -0.0000 0.9973
vn -0.2588 -0.0000 0.9659
vn -0.0728 -0.0000 0.9973
vn 0.0729 -0.0000 0.9973
vn 0.2588 -0.0000 0.9659
vn -0.0000 -0.0430 0.9991
vn -0.0000 -0.6407 0.7678
vn -0.0000 -0.0429 0.9991
vn -0.0000 -0.6408 0.7677
vn -0.0000 -0.9992 0.0396
vn -0.0000 -0.6409 0.7677
vn -0.0000 -0.9992 -0.0396
vn 0.0001 -0.9992 -0.0397
vn -0.0000 -0.6409 -0.7677
vn -0.0000 -0.6408 -0.7677
vn -0.0000 0.9989 -0.0461
vn -0.0000 0.6409 -0.7677
vn -0.0000 0.9989 0.0461
vn -0.0000 0.6409 0.7677
vn -0.0000 0.6407 -0.7678
vn -0.0001 0.0428 -0.9991
vn -0.0000 0.0428 -0.9991
vn -0.0000 -0.6407 -0.7678
vn -0.0000 -0.0429 -0.9991
vn 0.0001 -0.0430 -0.9991
vn -0.0000 0.6407 0.7678
vn -0.0000 0.0428 0.9991
vn 0.7071 -0.0000 -0.7071
vn 0.8660 -0.0000 -0.5001
vn -0.7071 -0.0000 -0.7071
vn -0.8660 -0.0000 -0.5001
vn -0.7071 -0.0000 0.7071
vn -0.8660 -0.0000 0.5001
vn 0.7071 -0.0000 0.7071
vn 0.8660 -0.0000 0.5001
vn 0.8660 -0.0001 0.5001
vn -0.0000 -0.1645 0.9864
vn -0.0000 -0.1645 -0.9864
vn 0.0001 -0.9977 -0.0678
vn -0.0000 -0.1647 -0.9863
vn -0.0000 -0.9977 -0.0678
vn -0.0000 -0.9977 0.0678
vn -0.0000 -0.9977 0.0679
vn -0.0000 -0.1646 -0.9864
vn -0.0000 -0.1646 0.9864
vn -0.0000 -0.1647 0.9863
vn 0.0186 0.9942 -0.1059
vn 0.1228 0.7072 -0.6963
vn 0.1134 0.7071 -0.6980
vn 0.0058 0.9942 -0.1072
vn -0.0312 0.9942 0.1027
vn -0.0187 0.9942 0.1059
vn -0.1229 0.7072 0.6963
vn -0.1322 0.7071 0.6947
vn -0.7077 0.7050 -0.0460
vn -0.6688 0.5774 0.4683
vn -0.6807 0.7051 -0.1988
vn -0.4684 0.5773 -0.6688
vn 0.1228 0.7070 -0.6964
vn 0.1737 0.0009 -0.9848
vn 0.1596 0.0008 -0.9872
vn -0.5735 0.0006 -0.8192
vn -0.4683 0.5774 -0.6688
vn -0.9604 0.0007 -0.2785
vn -0.5735 -0.0006 -0.8192
vn 0.1597 -0.0009 -0.9872
vn 0.1134 -0.7070 -0.6980
vn 0.1736 -0.0009 -0.9848
vn -0.4683 -0.5774 -0.6688
vn 0.1228 -0.7070 -0.6964
vn -0.9604 -0.0007 -0.2786
vn -0.5736 0.0005 -0.8191
vn -0.9604 0.0008 -0.2785
vn -0.6809 0.7049 -0.1988
vn -0.9978 0.0008 -0.0667
vn -0.7078 0.7049 -0.0460
vn -0.8192 0.0005 0.5736
vn -0.9978 -0.0008 -0.0667
vn -0.8192 -0.0005 0.5736
vn -0.7078 -0.7049 -0.0460
vn -0.6688 -0.5774 0.4683
vn -0.9604 -0.0008 -0.2785
vn -0.6809 -0.7049 -0.1988
vn -0.5736 -0.0006 -0.8191
vn -0.1736 0.0009 0.9848
vn -0.1876 -0.0009 0.9822
vn -0.1736 -0.0009 0.9848
vn -0.1876 0.0009 0.9822
vn -0.1228 0.7070 0.6964
vn -0.1228 -0.7070 0.6964
vn -0.1322 -0.7071 0.6947
vn -0.6689 0.5773 0.4683
vn -0.0186 -0.9942 0.1059
vn 0.0058 -0.9942 -0.1072
vn 0.0187 -0.9942 -0.1059
vn -0.0312 -0.9942 0.1027
vn -0.1228 -0.7072 0.6963
vn -0.7077 -0.7051 -0.0460
vn -0.6807 -0.7051 -0.1988
vn 0.1134 -0.7071 -0.6980
vn -0.4683 -0.5773 -0.6689
vn 0.1228 -0.7071 -0.6963
vn -0.6689 -0.5773 0.4683
vn 0.8260 -0.0001 -0.5637
vn 0.9702 -0.0000 -0.2425
vn 0.8260 -0.0000 -0.5637
vn 0.3827 -0.0000 0.9239
vn -0.7070 -0.0000 0.7072
vn -0.7072 -0.0000 0.7071
vn -0.7072 -0.0000 -0.7070
vn -0.7072 -0.0000 -0.7071
vn -0.7070 -0.0000 -0.7072
vn 0.8259 0.0002 -0.5638
vn 0.8259 -0.0000 -0.5638
vn -0.2810 -0.0000 0.9597
vn 0.2960 -0.0000 -0.9552
vn 0.5878 -0.0000 0.8090
vn 0.9510 -0.0000 0.3091
vn -0.5878 -0.0000 0.8090
vn -0.9510 -0.0000 0.3091
vn 0.9511 -0.0000 0.3089
vn 0.9511 -0.0000 -0.3089
vn 0.9510 -0.0000 -0.3091
vn 0.5878 -0.0000 -0.8090
vn -0.5878 -0.0000 -0.8090
vn -0.9510 -0.0000 -0.3091
vn -0.9511 -0.0000 -0.3089
vn -0.9511 -0.0000 0.3089
vn 0.8610 -0.0338 0.5075
vn 0.8718 -0.0873 -0.4821
vn 0.8603 -0.0226 -0.5094
vn 0.8654 -0.0017 0.5010
vn 0.8522 -0.0735 -0.5180
vn 0.8584 -0.1238 0.4978
vn 0.8418 -0.1261 -0.5248
vn 0.8375 -0.2466 0.4875
vn 0.8276 -0.1767 -0.5328
vn 0.8060 -0.3593 0.4704
vn 0.8122 -0.2216 -0.5397
vn 0.7706 -0.4500 0.4512
vn 0.7991 -0.2576 -0.5432
vn 0.7414 -0.5099 0.4363
vn 0.7921 -0.2824 -0.5411
vn 0.7278 -0.5334 0.4310
vn 0.7937 -0.2936 -0.5327
vn 0.7363 -0.5160 0.4377
vn 0.7988 -0.2930 -0.5254
vn 0.7620 -0.4644 0.4513
vn 0.8019 -0.2903 -0.5221
vn 0.7923 -0.3966 0.4637
vn 0.8031 -0.2918 -0.5194
vn 0.8215 -0.3208 0.4714
vn 0.8034 -0.2991 -0.5149
vn 0.8492 -0.2350 0.4729
vn 0.8034 -0.3131 -0.5066
vn 0.8750 -0.1362 0.4646
vn 0.8042 -0.3340 -0.4917
vn 0.8972 -0.0220 0.4410
vn 0.8071 -0.3606 -0.4675
vn 0.9130 0.1069 0.3936
vn 0.8128 -0.3896 -0.4332
vn 0.9182 0.2424 0.3134
vn 0.8184 -0.4135 -0.3991
vn 0.9106 0.3651 0.1935
vn 0.8181 -0.4254 -0.3870
vn 0.8908 0.4522 0.0433
vn 0.8094 -0.4269 -0.4033
vn 0.8571 0.5029 -0.1113
vn 0.7900 -0.4262 -0.4409
vn 0.8102 0.5284 -0.2538
vn 0.7587 -0.4268 -0.4922
vn 0.7524 0.5383 -0.3796
vn 0.7154 -0.4299 -0.5508
vn 0.6862 0.5393 -0.4881
vn 0.6605 -0.4355 -0.6116
vn 0.6139 0.5354 -0.5801
vn 0.5956 -0.4429 -0.6701
vn 0.5379 0.5292 -0.6562
vn 0.4334 -0.4663 -0.7712
vn 0.3814 0.5098 -0.7711
vn 0.0085 -0.0328 0.9994
vn -0.0123 0.0236 0.9996
vn -0.8536 -0.0852 0.5140
vn -0.8721 0.0249 0.4887
vn -0.0244 -0.0459 0.9986
vn -0.8738 0.0769 0.4802
vn -0.0388 -0.1136 0.9928
vn -0.8658 0.1331 0.4823
vn -0.0561 -0.1731 0.9833
vn -0.8509 0.1874 0.4908
vn -0.0709 -0.2179 0.9734
vn -0.8313 0.2335 0.5043
vn 0.7707 -0.4500 0.4512
vn -0.0773 -0.2435 0.9668
vn -0.0697 -0.2467 0.9666
vn -0.8110 0.2673 0.5204
vn -0.7942 0.2863 0.5361
vn -0.0452 -0.2237 0.9736
vn -0.7839 0.2900 0.5490
vn 0.7621 -0.4643 0.4513
vn -0.0136 -0.1753 0.9844
vn 0.7922 -0.3967 0.4637
vn 0.0175 -0.1105 0.9937
vn -0.7809 0.2857 0.5554
vn -0.7800 0.2834 0.5580
vn 0.0491 -0.0326 0.9983
vn -0.7766 0.2870 0.5608
vn 0.0823 0.0610 0.9947
vn -0.7700 0.2974 0.5645
vn 0.1163 0.1746 0.9777
vn -0.7600 0.3169 0.5674
vn 0.8972 -0.0219 0.4410
vn 0.1489 0.3113 0.9386
vn 0.9130 0.1069 0.3937
vn 0.1753 0.4696 0.8653
vn -0.7469 0.3482 0.5665
vn -0.7323 0.3931 0.5560
vn 0.9182 0.2425 0.3134
vn 0.1875 0.6383 0.7466
vn 0.8214 -0.3209 0.4715
vn 0.8376 -0.2466 0.4875
vn 0.1874 0.6384 0.7466
vn 0.1811 0.7890 0.5871
vn -0.7202 0.4499 0.5280
vn 0.1751 0.4697 0.8653
vn -0.7173 0.5030 0.4821
vn 0.1590 0.8939 0.4191
vn -0.7254 0.5293 0.4400
vn 0.1247 0.9535 0.2742
vn -0.7348 0.5280 0.4257
vn 0.8571 0.5030 -0.1113
vn 0.8101 0.5284 -0.2538
vn 0.0844 0.9829 0.1634
vn 0.7524 0.5384 -0.3796
vn -0.7343 0.5146 0.4427
vn 0.0447 0.9954 0.0850
vn 0.0097 0.9994 0.0333
vn -0.7189 0.4999 0.4830
vn -0.6875 0.4886 0.5372
vn -0.0180 0.9998 0.0022
vn -0.6411 0.4820 0.5972
vn -0.0374 0.9992 -0.0138
vn -0.1475 0.9861 -0.0766
vn -0.5822 0.4793 0.6568
vn -0.6731 0.4471 0.5891
vn -0.8624 -0.1401 -0.4865
vn -0.8536 -0.0851 0.5140
vn -0.8655 -0.0007 -0.5009
vn -0.8738 0.0770 0.4802
vn -0.8571 0.1205 -0.5008
vn -0.8363 0.2458 -0.4902
vn -0.8509 0.1873 0.4907
vn -0.8047 0.3607 -0.4716
vn -0.8313 0.2336 0.5043
vn -0.7699 0.4525 -0.4500
vn -0.8110 0.2673 0.5205
vn -0.7423 0.5120 -0.4321
vn -0.7942 0.2863 0.5360
vn -0.7319 0.5334 -0.4240
vn -0.7451 0.5118 -0.4277
vn -0.7743 0.4572 -0.4375
vn -0.8066 0.3893 -0.4448
vn -0.7766 0.2870 0.5609
vn -0.8380 0.3147 -0.4457
vn -0.7700 0.2973 0.5645
vn -0.8689 0.2311 -0.4378
vn -0.8986 0.1367 -0.4170
vn -0.9256 0.0308 -0.3772
vn -0.7323 0.3931 0.5561
vn -0.9465 -0.0834 -0.3117
vn -0.9562 -0.1968 -0.2169
vn -0.7174 0.5030 0.4821
vn -0.9488 -0.2996 -0.1004
vn -0.9214 -0.3878 0.0254
vn -0.8773 -0.4543 0.1548
vn -0.8206 -0.4983 0.2799
vn -0.7546 -0.5244 0.3945
vn -0.6875 0.4887 0.5372
vn -0.6820 -0.5379 0.4956
vn -0.6053 -0.5431 0.5820
vn -0.5822 0.4792 0.6568
vn -0.5269 -0.5432 0.6537
vn -0.6058 -0.5458 0.5788
vn 0.0093 -0.1412 -0.9899
vn -0.0117 -0.0228 -0.9997
vn 0.8717 -0.0873 -0.4821
vn 0.8603 -0.0226 -0.5093
vn -0.0158 0.0481 -0.9987
vn 0.8523 -0.0735 -0.5179
vn -0.0071 0.1197 -0.9928
vn 0.0096 0.1831 -0.9830
vn 0.0300 0.2299 -0.9727
vn 0.8122 -0.2215 -0.5397
vn 0.0476 0.2542 -0.9660
vn 0.0558 0.2521 -0.9661
vn 0.0504 0.2212 -0.9739
vn -0.7743 0.4573 -0.4375
vn 0.0294 0.1677 -0.9854
vn -0.0000 0.1018 -0.9948
vn -0.0311 0.0242 -0.9992
vn 0.8032 -0.2918 -0.5194
vn -0.0629 -0.0695 -0.9956
vn -0.8986 0.1366 -0.4169
vn -0.0943 -0.1832 -0.9785
vn -0.1232 -0.3199 -0.9394
vn 0.8034 -0.3130 -0.5065
vn -0.1450 -0.4786 -0.8660
vn 0.8070 -0.3607 -0.4676
vn -0.9562 -0.1968 -0.2168
vn -0.1533 -0.6480 -0.7460
vn -0.8571 0.1206 -0.5008
vn 0.8071 -0.3607 -0.4675
vn -0.1532 -0.6480 -0.7460
vn -0.1403 -0.7991 -0.5846
vn -0.9214 -0.3879 0.0254
vn -0.1068 -0.9009 -0.4206
vn -0.0651 -0.9560 -0.2862
vn -0.0235 -0.9824 -0.1856
vn 0.7899 -0.4262 -0.4409
vn 0.0132 -0.9932 -0.1157
vn 0.7587 -0.4269 -0.4921
vn 0.0426 -0.9966 -0.0704
vn 0.0633 -0.9970 -0.0438
vn 0.0750 -0.9967 -0.0302
vn -0.0284 -0.9958 -0.0866
vn 0.4335 -0.4663 -0.7712
vn -0.6059 -0.5458 0.5788
vn -0.9942 0.0187 -0.1059
vn -0.7072 0.1228 -0.6963
vn -0.7071 0.1133 -0.6980
vn -0.9942 0.0058 -0.1072
vn -0.9942 -0.0312 0.1027
vn -0.9942 -0.0187 0.1059
vn -0.7051 -0.7077 -0.0460
vn -0.7071 -0.1322 0.6947
vn -0.7072 -0.1230 0.6962
vn -0.5775 -0.6688 0.4683
vn -0.7051 -0.6807 -0.1988
vn -0.5774 -0.4684 -0.6688
vn -0.7071 0.1227 -0.6964
vn -0.0009 0.1736 -0.9848
vn -0.0009 0.1596 -0.9872
vn -0.7071 0.1134 -0.6980
vn -0.0005 -0.5736 -0.8191
vn -0.5774 -0.4683 -0.6688
vn 0.0009 0.1597 -0.9872
vn 0.0005 -0.5736 -0.8192
vn 0.7071 0.1134 -0.6980
vn 0.5773 -0.4683 -0.6688
vn 0.0009 0.1736 -0.9848
vn 0.7070 0.1228 -0.6964
vn -0.0005 -0.5736 -0.8192
vn -0.0008 -0.9604 -0.2786
vn -0.7049 -0.6809 -0.1988
vn 0.0008 -0.9604 -0.2785
vn 0.0008 -0.9978 -0.0667
vn -0.0008 -0.9978 -0.0668
vn 0.7049 -0.7078 -0.0460
vn -0.0006 -0.8192 0.5735
vn 0.0006 -0.8192 0.5735
vn 0.7049 -0.6809 -0.1988
vn 0.5774 -0.6688 0.4683
vn 0.5774 -0.4683 -0.6688
vn -0.0008 -0.1876 0.9822
vn 0.0008 -0.1877 0.9822
vn -0.7049 -0.7078 -0.0461
vn -0.5774 -0.6688 0.4683
vn -0.5773 -0.4683 -0.6688
vn -0.0009 -0.1736 0.9848
vn 0.0009 -0.1876 0.9822
vn 0.0009 -0.1736 0.9848
vn -0.0009 -0.1876 0.9822
vn -0.7070 -0.1228 0.6965
vn -0.7071 -0.1321 0.6947
vn -0.0005 -0.8191 0.5736
vn 0.7070 -0.1228 0.6964
vn 0.7070 -0.1322 0.6947
vn 0.0005 -0.8191 0.5736
vn 0.9942 -0.0187 0.1059
vn 0.7072 -0.1228 0.6963
vn 0.7071 -0.1322 0.6947
vn 0.9942 -0.0313 0.1027
vn 0.9942 0.0058 -0.1072
vn 0.9942 0.0187 -0.1059
vn 0.7051 -0.7077 -0.0460
vn 0.7051 -0.6807 -0.1988
vn 0.7072 0.1228 -0.6963
vn -0.9942 -0.0187 -0.1059
vn -0.9942 0.0312 0.1027
vn -0.9942 -0.0058 -0.1072
vn -0.7071 -0.1134 -0.6980
vn -0.7072 -0.1226 -0.6963
vn -0.9942 0.0186 0.1059
vn -0.7072 0.1228 0.6963
vn -0.7071 0.1322 0.6947
vn -0.7050 0.7077 -0.0460
vn -0.5774 0.6688 0.4683
vn -0.7051 0.6807 -0.1988
vn -0.5775 0.4683 -0.6688
vn -0.7071 -0.1228 -0.6964
vn -0.0009 -0.1596 -0.9872
vn -0.0009 -0.1737 -0.9848
vn 0.0009 -0.1736 -0.9848
vn 0.0009 -0.1596 -0.9872
vn 0.7071 -0.1134 -0.6980
vn 0.7070 -0.1228 -0.6964
vn 0.0005 0.5736 -0.8192
vn 0.5774 0.4683 -0.6688
vn -0.0005 0.5736 -0.8191
vn -0.5774 0.4683 -0.6688
vn -0.0008 0.9604 -0.2785
vn 0.0008 0.9978 -0.0667
vn 0.0008 0.9604 -0.2786
vn 0.0005 0.5736 -0.8191
vn -0.0005 0.5736 -0.8192
vn -0.7049 0.6809 -0.1988
vn -0.0008 0.9978 -0.0667
vn 0.0006 0.8192 0.5735
vn 0.7049 0.7078 -0.0460
vn -0.0006 0.8192 0.5735
vn -0.7049 0.7078 -0.0461
vn -0.0008 0.1876 0.9822
vn 0.0008 0.1877 0.9822
vn 0.5774 0.6688 0.4683
vn 0.7049 0.6809 -0.1988
vn 0.5774 0.4684 -0.6688
vn -0.0009 0.1736 0.9848
vn 0.0009 0.1876 0.9822
vn -0.0009 0.1876 0.9822
vn -0.7071 0.1321 0.6947
vn -0.7070 0.1230 0.6965
vn 0.0009 0.1736 0.9848
vn 0.7070 0.1228 0.6964
vn 0.7070 0.1322 0.6947
vn 0.0005 0.8191 0.5736
vn 0.5773 0.6688 0.4684
vn -0.0005 0.8191 0.5736
vn 0.9942 0.0187 0.1059
vn 0.9942 -0.0187 -0.1059
vn 0.9942 -0.0058 -0.1072
vn 0.9942 0.0313 0.1027
vn 0.7071 0.1322 0.6947
vn 0.7072 0.1228 0.6963
vn 0.7051 0.6807 -0.1988
vn 0.7072 -0.1228 -0.6963
vn 0.7051 0.7077 -0.0460
vn -0.0002 -0.8647 0.5023
vn -0.0002 0.8647 -0.5023
vn 0.0002 0.8647 0.5023
vn 0.8558 -0.0000 0.5173
vn 0.8558 -0.0000 -0.5173
vn -0.8558 -0.0000 -0.5173
vn -0.8558 -0.0000 0.5173
vn 0.8558 -0.0002 0.5173
vn -0.0000 -0.8647 -0.5022
vn 0.0002 -0.8647 -0.5023
vn -0.0000 -0.8647 0.5022
vn -0.3498 0.9368 0.0063
vn -0.5026 0.6172 0.6054
vn -0.5034 0.6038 0.6181
vn -0.3523 0.9358 0.0125
vn -0.3523 0.9358 -0.0125
vn -0.3498 0.9368 -0.0063
vn -0.5026 0.6172 -0.6054
vn -0.5034 0.6038 -0.6181
vn -0.5026 0.6170 0.6055
vn -0.4136 0.0135 0.9104
vn -0.5034 0.6036 0.6182
vn -0.4119 0.0081 0.9112
vn -0.4136 -0.0135 0.9104
vn -0.4119 -0.0081 0.9112
vn -0.5034 -0.6036 0.6182
vn -0.5026 -0.6170 0.6055
vn -0.4119 0.0081 -0.9112
vn -0.5026 0.6170 -0.6055
vn -0.5034 0.6036 -0.6182
vn -0.4136 0.0135 -0.9104
vn -0.4136 -0.0135 -0.9104
vn -0.4119 -0.0081 -0.9112
vn -0.5026 -0.6170 -0.6055
vn -0.5034 -0.6036 -0.6182
vn -0.3498 -0.9368 -0.0063
vn -0.5026 -0.6171 -0.6054
vn -0.5034 -0.6038 -0.6181
vn -0.3523 -0.9358 -0.0125
vn -0.3498 -0.9368 0.0063
vn -0.3523 -0.9358 0.0125
vn -0.5026 -0.6172 0.6054
vn -0.5034 -0.6038 0.6181
vn -0.7520 0.0080 -0.6591
vn -0.5356 0.5923 -0.6019
vn -0.3981 0.0106 -0.9173
vn -0.8787 0.3363 -0.3387
vn -0.4004 -0.0105 -0.9163
vn -0.7497 -0.0096 -0.6617
vn -0.8788 -0.3539 -0.3201
vn -0.5352 -0.5941 -0.6006
vn -0.3703 -0.0172 -0.9288
vn -0.4927 -0.6148 -0.6159
vn -0.3703 0.0172 -0.9287
vn -0.4927 0.6148 -0.6159
vn -0.8788 0.3364 -0.3386
vn -0.7619 0.6476 -0.0078
vn -0.4217 0.9067 -0.0108
vn -0.5356 0.5925 -0.6018
vn -0.3941 0.9189 -0.0166
vn -0.4927 0.6149 -0.6157
vn -0.4219 0.9066 0.0108
vn -0.3941 0.9189 0.0166
vn -0.5356 0.5923 0.6019
vn -0.7617 0.6479 0.0080
vn -0.4927 0.6149 0.6158
vn -0.8787 0.3345 0.3405
vn -0.7520 -0.0080 0.6591
vn -0.8787 -0.3362 0.3388
vn -0.5356 -0.5923 0.6019
vn -0.3977 0.0106 0.9174
vn -0.3980 -0.0106 0.9173
vn -0.7523 0.0078 0.6587
vn -0.4927 -0.6148 0.6159
vn -0.3703 -0.0172 0.9288
vn -0.3703 0.0172 0.9287
vn -0.5356 0.5922 0.6021
vn -0.4927 0.6148 0.6159
vn -0.8787 0.3344 0.3406
vn -0.8788 -0.3363 0.3386
vn -0.4217 -0.9067 0.0109
vn -0.5355 -0.5925 0.6018
vn -0.7619 -0.6476 0.0078
vn -0.7655 -0.6435 -0.0066
vn -0.4196 -0.9076 -0.0110
vn -0.5352 -0.5942 -0.6004
vn -0.8788 -0.3540 -0.3200
vn -0.4927 -0.6149 -0.6158
vn -0.3941 -0.9189 -0.0166
vn -0.3941 -0.9189 0.0166
vn -0.4927 -0.6149 0.6158
vn 0.0607 -0.8075 0.5867
vn 0.6528 -0.2341 0.7204
vn 0.0606 -0.3086 0.9493
vn -0.0000 -0.3091 0.9510
vn -0.0000 -0.8090 0.5878
vn 0.0607 -0.9982 -0.0000
vn 0.6527 -0.6129 0.4453
vn 0.0608 -0.8075 -0.5867
vn 0.6527 -0.7576 -0.0000
vn 0.6527 -0.6129 -0.4453
vn 0.0607 -0.3086 -0.9493
vn 0.6528 -0.2341 -0.7204
vn -0.0000 -0.8090 -0.5878
vn -0.0000 -0.3091 -0.9510
vn 0.0607 -0.3083 0.9493
vn 0.6528 0.2341 0.7204
vn 0.0607 0.3083 0.9493
vn -0.0000 0.3089 0.9511
vn -0.0000 -0.3089 0.9511
vn 0.0607 0.3086 0.9493
vn 0.6527 0.6129 0.4453
vn 0.0607 0.8075 0.5867
vn -0.0000 0.8090 0.5878
vn -0.0000 0.3091 0.9510
vn 0.6527 0.7576 -0.0000
vn 0.0607 0.9982 -0.0000
vn 0.6527 0.6129 -0.4453
vn -0.0000 0.8090 -0.5878
vn 0.0607 0.8075 -0.5867
vn -0.0000 0.3091 -0.9510
vn 0.0607 0.3086 -0.9493
vn 0.6528 0.2341 -0.7204
vn 0.0606 0.3083 -0.9493
vn -0.0000 -0.3089 -0.9511
vn -0.0000 0.3089 -0.9511
vn 0.0607 -0.3083 -0.9493
vn 0.6528 0.2341 -0.7205
vn -0.0001 0.9999 0.0104
vn -0.0000 0.7360 0.6770
vn -0.0000 0.9999 0.0104
vn 0.0001 0.9999 -0.0104
vn -0.0000 0.9999 -0.0104
vn -0.0000 0.7360 -0.6770
vn -0.0000 0.7358 0.6772
vn -0.0000 0.0129 0.9999
vn -0.0002 0.0129 0.9999
vn -0.0000 0.7358 0.6771
vn -0.0001 -0.0129 0.9999
vn -0.0000 -0.0129 0.9999
vn -0.0000 -0.7358 0.6772
vn -0.0000 -0.7360 0.6770
vn -0.0000 -0.9999 0.0104
vn 0.0001 -0.9999 0.0104
vn -0.0000 -0.9999 -0.0104
vn -0.0000 -0.7360 -0.6770
vn -0.0002 -0.7360 -0.6770
vn -0.0000 0.0129 -0.9999
vn -0.0000 0.7359 -0.6771
vn -0.0000 0.0130 -0.9999
vn -0.0000 -0.0129 -0.9999
vn 0.0001 -0.7359 -0.6771
vn -0.0000 -0.7358 -0.6771
vn 0.6639 0.7478 0.0101
vn 0.8087 0.4333 0.3979
vn 1.0000 0.0004 0.0004
vn 1.0000 0.0065 0.0001
vn 1.0000 0.0064 -0.0001
vn 0.6639 0.7478 -0.0100
vn 0.8086 0.4333 -0.3979
vn 1.0000 0.0004 -0.0004
vn 0.6922 0.0124 -0.7216
vn 1.0000 -0.0001 -0.0055
vn 1.0000 0.0001 -0.0055
vn 0.6922 -0.0124 -0.7216
vn 1.0000 0.0001 0.0055
vn 0.6922 0.0124 0.7216
vn 0.6922 -0.0124 0.7216
vn 1.0000 -0.0001 0.0055
vn 1.0000 -0.0004 0.0004
vn 0.8086 -0.4333 0.3979
vn 1.0000 -0.0064 0.0001
vn 1.0000 -0.0004 -0.0004
vn 0.6638 -0.7478 -0.0100
vn 1.0000 -0.0065 -0.0001
vn 0.6639 -0.7478 0.0100
vn 0.8087 -0.4333 -0.3979
vn 0.6638 -0.7478 0.0101
vn 0.8086 -0.4334 0.3980
vn 0.0892 -0.7332 0.6742
vn 0.0602 -0.9981 0.0127
vn 0.0602 -0.9981 -0.0128
vn 0.6638 -0.7479 -0.0101
vn 0.8086 -0.4334 -0.3980
vn 0.0892 -0.7332 -0.6741
vn -0.0001 -0.9999 -0.0126
vn -0.0000 -0.9999 0.0126
vn 0.6921 -0.0124 0.7217
vn 0.0654 -0.0162 0.9977
vn 0.0892 -0.7331 0.6742
vn -0.0000 -0.0160 0.9999
vn -0.0000 -0.7359 0.6771
vn -0.0000 0.0160 0.9999
vn 0.0653 0.0162 0.9977
vn 0.6921 0.0125 0.7217
vn 0.0892 0.7331 0.6742
vn 0.8087 0.4333 0.3978
vn 0.6921 -0.0124 -0.7217
vn 0.8085 -0.4334 -0.3980
vn 0.0891 -0.7331 -0.6742
vn 0.0653 -0.0162 -0.9977
vn 0.0653 0.0162 -0.9977
vn 0.6921 0.0125 -0.7217
vn 0.8086 0.4334 -0.3980
vn 0.0892 0.7331 -0.6742
vn 0.0001 0.0160 -0.9999
vn -0.0000 -0.0160 -0.9999
vn -0.0000 0.7358 -0.6772
vn -0.0000 -0.7359 -0.6771
vn 0.6638 0.7478 -0.0100
vn 0.0892 0.7332 -0.6742
vn 0.0602 0.9981 -0.0127
vn 0.0602 0.9981 0.0127
vn 0.6638 0.7478 0.0101
vn 0.8086 0.4334 0.3980
vn 0.0892 0.7332 0.6741
vn 0.0001 0.9999 0.0126
vn -0.0000 0.9999 -0.0126
vn -0.0000 0.8647 -0.5022
vn 0.5878 -0.8090 -0.0000
vn 0.9510 -0.3091 -0.0000
vn -0.5878 -0.8090 -0.0000
vn -0.9510 -0.3091 -0.0000
vn 0.9511 -0.3089 -0.0000
vn 0.9511 0.3089 -0.0000
vn 0.9510 0.3091 -0.0000
vn 0.5878 0.8090 -0.0000
vn -0.5878 0.8090 -0.0000
vn -0.9510 0.3091 -0.0000
vn -0.9511 0.3089 -0.0000
vn -0.9511 -0.3089 -0.0000
vn -0.9978 -0.0662 -0.0001
vn -0.9995 0.0001 0.0306
vn -0.9995 -0.0001 0.0311
vn -0.9936 0.1133 -0.0000
vn -1.0000 -0.0048 0.0048
vn -0.7072 0.7070 0.0001
vn -0.9997 -0.0243 0.0003
vn -0.7942 -0.6077 0.0029
vn -0.8525 -0.3697 0.3695
vn -0.7932 -0.0006 0.6090
vn -0.7931 0.0006 0.6090
vn -1.0000 0.0040 0.0040
vn -0.7943 0.6075 0.0029
vn -0.9997 0.0230 0.0003
vn -0.7072 -0.7071 -0.0000
vn -1.0000 -0.0041 -0.0000
vn -0.7013 -0.7012 0.1281
vn -1.0000 -0.0041 -0.0045
vn -0.7071 -0.0027 -0.7071
vn -0.5773 -0.5774 -0.5773
vn -1.0000 0.0041 -0.0045
vn -0.7071 0.0027 -0.7071
vn -0.5773 0.5774 -0.5774
vn -1.0000 0.0041 -0.0000
vn -0.9857 0.0035 0.1687
vn -0.7014 0.7012 0.1280
vn -0.7071 0.0027 0.7071
vn -0.5773 0.5774 0.5773
vn -0.9857 -0.0035 0.1687
vn -0.7071 -0.0027 0.7071
vn -0.5773 -0.5774 0.5774
vn -0.0062 -0.0041 -1.0000
vn -0.0041 -0.7071 -0.7071
vn -0.0000 -0.0041 -1.0000
vn -0.0062 0.0041 -1.0000
vn 0.0001 0.0041 -1.0000
vn -0.0000 0.7070 -0.7072
vn -0.0042 0.7071 -0.7071
vn -0.5773 0.5774 -0.5773
vn -0.1136 0.7025 -0.7026
vn -0.0977 0.0041 -0.9952
vn -0.7307 0.0030 -0.6827
vn -0.7950 0.4289 -0.4289
vn -0.7307 -0.0030 -0.6827
vn -0.0977 -0.0042 -0.9952
vn -0.7951 -0.4289 -0.4289
vn -0.0000 -0.7070 -0.7072
vn -0.1136 -0.7024 -0.7026
vn -0.5774 -0.5773 -0.5773
vn 0.8151 0.0001 0.5793
vn -0.2425 0.1556 0.9576
vn -0.2425 -0.1556 0.9576
vn -0.0000 0.3827 0.9239
vn -0.0001 0.8148 0.5797
vn -0.0000 -0.8148 0.5797
vn -0.0000 -0.3827 0.9239
vn -0.5774 -0.5774 0.5773
vn -0.0000 -0.0018 1.0000
vn -0.1102 0.0017 0.9939
vn 0.0002 0.0019 1.0000
vn -0.1102 -0.0017 0.9939
vn -0.1446 -0.6996 0.6997
vn -0.0000 -0.7070 0.7072
vn -0.1446 0.6996 0.6997
vn -0.8525 0.3697 0.3697
vn -0.0000 0.7070 0.7072
vn -0.0025 -1.0000 -0.0000
vn -0.0026 -1.0000 -0.0000
vn -0.7069 -0.7073 -0.0000
vn 0.0025 -1.0000 -0.0000
vn 0.0024 -1.0000 0.0044
vn -0.0024 -1.0000 0.0044
vn -0.6816 -0.7317 0.0029
vn -0.0023 -0.7071 0.7071
vn -0.6523 -0.5359 0.5359
vn 0.0023 -0.7071 0.7071
vn 0.6816 -0.7317 0.0029
vn 0.7069 -0.7073 -0.0000
vn 0.0025 -1.0000 -0.0001
vn 0.7070 -0.7072 -0.0000
vn 0.0026 -1.0000 -0.0000
vn -0.0026 1.0000 -0.0000
vn -0.0025 1.0000 -0.0000
vn 0.0026 1.0000 -0.0000
vn -0.7069 0.7073 -0.0000
vn 0.0025 1.0000 -0.0000
vn 0.7070 0.7072 -0.0000
vn 0.7069 0.7073 -0.0000
vn 0.0024 1.0000 0.0044
vn 0.6816 0.7317 0.0029
vn -0.0024 1.0000 0.0044
vn 0.0023 0.7071 0.7071
vn -0.0023 0.7071 0.7071
vn -0.6524 0.5359 0.5359
vn -0.6816 0.7317 0.0029
vn -0.0025 1.0000 0.0001
vn -0.7951 -0.4288 -0.4288
vn -0.9988 -0.0494 -0.0003
vn -0.7312 -0.6822 -0.0035
vn -0.9991 -0.0300 -0.0300
vn -0.7307 -0.0031 -0.6827
vn -0.9988 -0.0003 -0.0485
vn -0.7307 0.0031 -0.6826
vn -0.7951 0.4288 -0.4289
vn -0.9988 0.0003 -0.0485
vn -0.9978 -0.0469 0.0469
vn -0.9847 -0.0005 0.1745
vn -0.9847 0.0005 0.1745
vn -0.9991 0.0300 -0.0300
vn -0.9844 -0.1759 0.0006
vn -0.6524 -0.5359 0.5359
vn -0.6817 -0.0025 0.7317
vn -0.6817 0.0025 0.7317
vn -0.6523 0.5359 0.5359
vn -0.9978 0.0470 0.0469
vn -0.6817 0.7316 0.0029
vn -0.9844 0.1759 0.0006
vn -0.6817 -0.7316 0.0029
vn -0.9988 0.0494 -0.0003
vn -0.7312 0.6821 -0.0035
vn -0.6523 -0.5359 0.5360
vn -0.0024 -0.0039 1.0000
vn -0.6816 -0.0026 0.7318
vn 0.6816 -0.0026 0.7318
vn 0.0024 -0.0039 1.0000
vn 0.6815 0.0026 0.7318
vn 0.0024 0.0039 1.0000
vn -0.6816 0.0026 0.7317
vn -0.0024 0.0039 1.0000
vn -0.7071 -0.0007 0.7071
vn -0.3828 -0.0007 0.9239
vn -0.3828 0.0007 0.9238
vn -0.7931 0.0006 0.6091
vn -0.4501 -0.6314 0.6315
vn -0.7931 -0.0006 0.6091
vn -0.7071 0.0007 0.7071
vn -0.5772 -0.5772 0.5776
vn -0.4503 0.6313 0.6314
vn -0.5774 0.5774 0.5773
vn -0.8525 -0.3698 0.3695
vn -0.7941 -0.6077 0.0029
vn -0.3831 -0.9237 -0.0030
vn -0.7942 -0.6076 -0.0029
vn -0.4501 -0.6316 0.6313
vn -0.3831 -0.9237 0.0030
vn -0.8525 -0.3697 0.3696
vn -0.7071 -0.7071 0.0030
vn -0.5772 -0.5773 0.5776
vn -0.7071 -0.7071 -0.0031
vn -0.4503 -0.6314 -0.6313
vn -0.5773 -0.5774 -0.5774
vn -0.8525 -0.3697 -0.3697
vn -0.7071 0.7071 0.0031
vn -0.3831 0.9237 0.0030
vn -0.3831 0.9237 -0.0030
vn -0.7942 0.6076 -0.0029
vn -0.4503 0.6314 0.6313
vn -0.7942 0.6076 0.0029
vn -0.4503 0.6314 -0.6313
vn -0.8525 0.3697 -0.3697
vn -0.7071 0.7071 -0.0031
vn -0.5773 0.5773 -0.5774
vn -0.8524 0.3697 0.3697
vn -0.4503 -0.6313 -0.6314
vn -0.3827 -0.0007 -0.9239
vn -0.7931 -0.0006 -0.6091
vn -0.3828 0.0007 -0.9238
vn -0.8525 -0.3697 -0.3696
vn -0.7931 0.0007 -0.6091
vn -0.7071 -0.0007 -0.7071
vn -0.7071 0.0007 -0.7071
vn -0.4503 0.6313 -0.6314
vn -0.8525 0.3697 -0.3696
vn -0.7071 -0.7071 0.0031
vn -1.0000 -0.0011 -0.0046
vn -1.0000 -0.0010 0.0046
vn -0.7071 -0.0006 0.7071
vn -0.5771 -0.5772 0.5777
vn -1.0000 0.0010 0.0046
vn -1.0000 0.0010 -0.0046
vn -0.7071 0.7072 -0.0031
vn -0.2272 0.0183 -0.9737
vn -0.0000 0.0219 -0.9998
vn -0.0000 -0.0219 -0.9998
vn -0.0000 0.7071 -0.7072
vn -0.1727 0.6964 -0.6966
vn -0.8089 0.0124 -0.5878
vn -0.2272 -0.0183 -0.9737
vn -0.7003 0.5047 -0.5048
vn -0.1727 -0.6964 -0.6966
vn -0.0000 -0.7071 -0.7072
vn -0.8089 -0.0124 -0.5879
vn -0.7003 -0.5047 -0.5048
vn -0.8081 0.5884 -0.0284
vn -0.1728 0.6965 -0.6964
vn -0.0000 0.9988 -0.0491
vn -0.0000 0.7071 -0.7071
vn -0.2235 0.9738 -0.0413
vn -0.2234 0.9738 0.0412
vn -0.0000 0.9988 0.0491
vn -0.1727 0.6966 0.6964
vn -0.8081 0.5883 0.0284
vn -0.7003 0.5048 0.5048
vn -0.9993 0.0153 -0.0351
vn -0.8082 0.5883 -0.0284
vn -0.9993 0.0153 0.0351
vn -0.9993 -0.0153 0.0350
vn -0.8089 -0.0125 -0.5878
vn -0.9993 -0.0153 -0.0351
vn -0.8089 0.0124 0.5878
vn -0.8082 -0.5883 0.0284
vn -0.8089 -0.0124 0.5878
vn -0.7002 -0.5048 0.5048
vn -0.8082 0.5883 0.0284
vn -0.7002 0.5048 0.5048
vn -0.8082 -0.5883 -0.0284
vn -0.7002 -0.5049 -0.5048
vn -0.7002 0.5049 -0.5048
vn -0.1727 -0.6966 -0.6964
vn -0.2234 -0.9738 -0.0412
vn -0.8081 -0.5884 -0.0284
vn -0.0000 -0.7072 -0.7070
vn -0.0000 -0.9988 -0.0491
vn 0.0001 -0.9988 0.0491
vn -0.2234 -0.9738 0.0412
vn -0.1727 -0.6965 0.6964
vn -0.8081 -0.5884 0.0284
vn -0.7003 -0.5047 0.5048
vn -0.1727 0.6964 0.6966
vn -0.0000 0.0219 0.9998
vn -0.0000 0.7071 0.7072
vn -0.7002 0.5047 0.5049
vn -0.2272 0.0182 0.9737
vn -0.0000 -0.0219 0.9998
vn -0.2272 -0.0183 0.9737
vn -0.0000 -0.7071 0.7072
vn -0.1727 -0.6964 0.6966
vn -0.1727 0.6964 -0.6965
vn -0.1728 -0.6964 -0.6966
vn -0.0000 0.7072 -0.7070
vn -0.2234 0.9739 -0.0412
vn -0.2234 0.9739 0.0412
vn -0.7003 0.5047 0.5048
vn -0.8082 0.5883 -0.0285
vn -0.8089 -0.0124 -0.5878
vn -0.9993 -0.0153 0.0351
vn -0.8082 -0.5883 0.0285
vn -0.7002 -0.5048 0.5049
vn -0.8082 0.5883 0.0285
vn -0.7002 0.5048 0.5049
vn -0.8082 -0.5883 -0.0285
vn -0.7002 -0.5048 -0.5049
vn -0.7002 0.5048 -0.5049
vn -0.0000 -0.9988 0.0491
vn -0.8081 -0.5883 -0.0284
vn -0.1728 -0.6965 0.6964
vn -0.1728 0.6964 0.6966
vn -0.1728 -0.6964 0.6965
vn -0.8089 0.0124 -0.5879
vn -0.0001 -0.0219 -0.9998
vn -0.7002 0.5047 -0.5049
vn -0.1727 0.6966 -0.6964
vn -0.2234 0.9738 -0.0412
vn -0.8081 0.5883 -0.0284
vn -0.7003 0.5048 -0.5047
vn -0.8081 0.5884 0.0284
vn -0.1727 -0.6965 -0.6964
vn -0.1728 -0.6966 0.6964
vn -0.0000 -0.7072 0.7070
vn 0.0001 0.0219 0.9998
vn -0.1728 -0.6964 0.6966
vn -0.7003 -0.5047 0.5049
vn -0.0000 0.9999 0.0143
vn -0.0001 0.9239 0.3827
vn -0.0001 0.9999 0.0143
vn -0.0006 0.9999 -0.0157
vn -0.0006 0.9999 -0.0144
vn -0.0147 0.9238 -0.3826
vn -0.0001 0.3827 0.9239
vn -0.0001 0.0066 1.0000
vn 0.0001 0.0066 1.0000
vn -0.0001 -0.0066 1.0000
vn -0.0001 -0.3827 0.9239
vn -0.0001 -0.9239 0.3827
vn -0.0001 -0.9999 0.0143
vn -0.0005 -0.9999 -0.0144
vn -0.0006 -0.9999 -0.0158
vn -0.0147 -0.9238 -0.3827
vn -0.0147 -0.9238 -0.3826
vn -0.0003 0.0066 -1.0000
vn -0.0147 0.3826 -0.9238
vn -0.0003 0.0072 -1.0000
vn -0.0003 -0.0072 -1.0000
vn -0.0003 -0.0067 -1.0000
vn -0.0147 -0.3826 -0.9238
vn -0.0000 0.9995 0.0304
vn -0.0000 0.9997 -0.0264
vn -0.0000 0.9114 -0.4116
vn -0.0000 0.9218 0.3877
vn -0.0000 0.3551 -0.9348
vn -0.0000 0.0067 -1.0000
vn -0.0000 -0.0067 -1.0000
vn -0.0000 -0.3552 -0.9348
vn -0.0000 -0.9114 -0.4116
vn 0.0001 -0.9997 -0.0264
vn -0.0000 -0.9997 -0.0264
vn 0.0001 -0.9995 0.0304
vn -0.0000 -0.9995 0.0304
vn -0.0000 -0.9218 0.3877
vn -0.0000 -0.3777 0.9259
vn 0.0001 -0.0085 1.0000
vn -0.0000 -0.0085 1.0000
vn -0.0000 0.0085 1.0000
vn -0.0000 0.3777 0.9259
vn 0.0002 -0.9977 0.0678
vn 0.0729 -0.0001 -0.9973
vn -0.0729 -0.0000 -0.9973
vn 0.8661 0.0001 0.4999
vn 0.8661 -0.0001 -0.4999
vn 0.0001 -0.0430 0.9991
vn -0.0000 -0.6406 0.7678
vn -0.0001 -0.9992 0.0397
vn -0.0000 -0.9992 0.0397
vn -0.0001 -0.9992 -0.0396
vn 0.0001 0.9989 0.0461
vn -0.0000 0.6408 -0.7677
vn -0.0001 0.0429 -0.9991
vn -0.0000 -0.0430 -0.9991
vn 0.0001 0.0428 0.9991
vn -0.0000 0.6408 0.7677
vn -0.8660 -0.0001 -0.5001
vn -0.8660 -0.0001 0.5001
vn -0.0001 -0.0000 -1.0000
vn 0.0039 -0.0000 -1.0000
vn 0.0026 -0.0000 -1.0000
vn 0.0062 -0.0000 -1.0000
vt 0.283521 0.151453
vt 0.282957 0.151453
vt 0.282957 0.293369
vt 0.283521 0.293369
vt 0.282394 0.293369
vt 0.282394 0.151453
vt 0.202980 0.761772
vt 0.203550 0.761536
vt 0.203550 0.762342
vt 0.204120 0.761772
vt 0.204356 0.762342
vt 0.204120 0.762912
vt 0.203550 0.763148
vt 0.202980 0.762912
vt 0.202744 0.762342
vt 0.160105 0.932975
vt 0.160105 0.933781
vt 0.159535 0.933212
vt 0.159299 0.933781
vt 0.160675 0.933212
vt 0.160911 0.933781
vt 0.160675 0.934351
vt 0.160105 0.934587
vt 0.159535 0.934351
vt 0.760291 0.807085
vt 0.760291 0.807732
vt 0.760854 0.807408
vt 0.760854 0.806762
vt 0.761418 0.807085
vt 0.761418 0.807732
vt 0.760854 0.808055
vt 0.036204 0.749231
vt 0.036204 0.749877
vt 0.036768 0.749554
vt 0.036768 0.748907
vt 0.037331 0.749231
vt 0.037331 0.749877
vt 0.036768 0.750200
vt 0.195856 0.991408
vt 0.196434 0.993721
vt 0.197830 0.992326
vt 0.196434 0.990930
vt 0.188691 0.988663
vt 0.188263 0.989055
vt 0.188691 0.976758
vt 0.188263 0.976758
vt 0.197830 0.990352
vt 0.199225 0.990930
vt 0.199803 0.992326
vt 0.199225 0.993721
vt 0.197830 0.994300
vt 0.206114 0.993722
vt 0.206692 0.991409
vt 0.204718 0.992326
vt 0.204718 0.994300
vt 0.203322 0.993722
vt 0.202744 0.992326
vt 0.203322 0.990931
vt 0.204718 0.990353
vt 0.206114 0.990931
vt 0.152411 0.975075
vt 0.152989 0.977388
vt 0.154385 0.975993
vt 0.152989 0.974597
vt 0.145246 0.972330
vt 0.144817 0.972722
vt 0.145246 0.960425
vt 0.144817 0.960425
vt 0.154385 0.974019
vt 0.155780 0.974597
vt 0.156358 0.975993
vt 0.155780 0.977388
vt 0.154385 0.977967
vt 0.133705 0.977297
vt 0.134283 0.974984
vt 0.132309 0.975901
vt 0.132309 0.977875
vt 0.130914 0.977297
vt 0.130336 0.975901
vt 0.130914 0.974506
vt 0.132309 0.973928
vt 0.133705 0.974506
vt 0.104306 0.950579
vt 0.103746 0.949808
vt 0.102839 0.951056
vt 0.104306 0.951532
vt 0.103746 0.952304
vt 0.102839 0.952598
vt 0.101932 0.952304
vt 0.101372 0.951532
vt 0.101372 0.950579
vt 0.101932 0.949808
vt 0.102839 0.949513
vt 0.109174 0.949808
vt 0.108613 0.950579
vt 0.110080 0.951056
vt 0.110080 0.949513
vt 0.110987 0.949808
vt 0.111547 0.950579
vt 0.111547 0.951532
vt 0.110987 0.952304
vt 0.110080 0.952598
vt 0.109174 0.952304
vt 0.108613 0.951532
vt 0.139451 0.977419
vt 0.139451 0.976337
vt 0.138514 0.976878
vt 0.138514 0.977960
vt 0.137576 0.977419
vt 0.137576 0.976337
vt 0.138514 0.975796
vt 0.014482 0.752209
vt 0.014482 0.752855
vt 0.015045 0.752532
vt 0.015045 0.751885
vt 0.015609 0.752209
vt 0.015609 0.752855
vt 0.015045 0.753179
vt 0.760291 0.791717
vt 0.760291 0.792364
vt 0.760854 0.792040
vt 0.760854 0.791394
vt 0.761418 0.791717
vt 0.761418 0.792364
vt 0.760854 0.792687
vt 0.108613 0.749897
vt 0.108613 0.750544
vt 0.109176 0.750220
vt 0.109176 0.749574
vt 0.109740 0.749897
vt 0.109740 0.750544
vt 0.109176 0.750867
vt 0.014482 0.755282
vt 0.014482 0.755929
vt 0.015045 0.755606
vt 0.015045 0.754959
vt 0.015609 0.755282
vt 0.015609 0.755929
vt 0.015045 0.756252
vt 0.760291 0.810159
vt 0.760291 0.810805
vt 0.760854 0.810482
vt 0.760854 0.809835
vt 0.761418 0.810159
vt 0.761418 0.810805
vt 0.760854 0.811129
vt 0.101372 0.753660
vt 0.101372 0.754307
vt 0.101936 0.753983
vt 0.101936 0.753337
vt 0.102499 0.753660
vt 0.102499 0.754307
vt 0.101936 0.754630
vt 0.065168 0.755154
vt 0.065168 0.755800
vt 0.065731 0.755477
vt 0.065731 0.754830
vt 0.066295 0.755154
vt 0.066295 0.755800
vt 0.065731 0.756124
vt 0.760291 0.813232
vt 0.760291 0.813879
vt 0.760854 0.813556
vt 0.760854 0.812909
vt 0.761418 0.813232
vt 0.761418 0.813879
vt 0.760854 0.814202
vt 0.086890 0.749092
vt 0.086890 0.749739
vt 0.087454 0.749415
vt 0.087454 0.748769
vt 0.088017 0.749092
vt 0.088017 0.749739
vt 0.087454 0.750062
vt 0.086890 0.752166
vt 0.086890 0.752812
vt 0.087454 0.752489
vt 0.087454 0.751842
vt 0.088017 0.752166
vt 0.088017 0.752812
vt 0.087454 0.753136
vt 0.760291 0.794791
vt 0.760291 0.795437
vt 0.760854 0.795114
vt 0.760854 0.794467
vt 0.761418 0.794791
vt 0.761418 0.795437
vt 0.760854 0.795761
vt 0.760291 0.816306
vt 0.760291 0.816953
vt 0.760854 0.816629
vt 0.760854 0.815983
vt 0.761418 0.816306
vt 0.761418 0.816953
vt 0.760854 0.817276
vt 0.209985 0.754292
vt 0.209985 0.754939
vt 0.210549 0.754616
vt 0.210549 0.753969
vt 0.211112 0.754292
vt 0.211112 0.754939
vt 0.210549 0.755262
vt 0.115854 0.755063
vt 0.115854 0.755710
vt 0.116417 0.755387
vt 0.116417 0.754740
vt 0.116981 0.755063
vt 0.116981 0.755710
vt 0.116417 0.756033
vt 0.007241 0.752209
vt 0.007241 0.752855
vt 0.007804 0.752532
vt 0.007804 0.751885
vt 0.008368 0.752209
vt 0.008368 0.752855
vt 0.007804 0.753179
vt 0.760291 0.779423
vt 0.760291 0.780069
vt 0.760854 0.779746
vt 0.760854 0.779099
vt 0.761418 0.779423
vt 0.761418 0.780069
vt 0.760854 0.780392
vt 0.108613 0.756044
vt 0.108613 0.756691
vt 0.109176 0.756367
vt 0.109176 0.755721
vt 0.109740 0.756044
vt 0.109740 0.756691
vt 0.109176 0.757014
vt 0.036204 0.752304
vt 0.036204 0.752951
vt 0.036768 0.752627
vt 0.036768 0.751981
vt 0.037331 0.752304
vt 0.037331 0.752951
vt 0.036768 0.753274
vt 0.057927 0.755024
vt 0.057927 0.755671
vt 0.058490 0.755348
vt 0.058490 0.754701
vt 0.059054 0.755024
vt 0.059054 0.755671
vt 0.058490 0.755994
vt 0.094131 0.756735
vt 0.094131 0.757382
vt 0.094695 0.757058
vt 0.094695 0.756412
vt 0.095258 0.756735
vt 0.095258 0.757382
vt 0.094695 0.757705
vt 0.760291 0.800938
vt 0.760291 0.801585
vt 0.760854 0.801261
vt 0.760854 0.800615
vt 0.761418 0.800938
vt 0.761418 0.801585
vt 0.760854 0.801908
vt 0.130336 0.749709
vt 0.130336 0.750355
vt 0.130899 0.750032
vt 0.130899 0.749385
vt 0.131462 0.749709
vt 0.131462 0.750355
vt 0.130899 0.750678
vt 0.181022 0.752556
vt 0.181022 0.753203
vt 0.181585 0.752880
vt 0.181585 0.752233
vt 0.182148 0.752556
vt 0.182148 0.753203
vt 0.181585 0.753526
vt 0.123095 0.749708
vt 0.123095 0.750355
vt 0.123658 0.750032
vt 0.123658 0.749385
vt 0.124222 0.749708
vt 0.124222 0.750355
vt 0.123658 0.750678
vt 0.760291 0.788643
vt 0.760291 0.789290
vt 0.760854 0.788967
vt 0.760854 0.788320
vt 0.761418 0.788643
vt 0.761418 0.789290
vt 0.760854 0.789613
vt 0.166540 0.750231
vt 0.166540 0.750877
vt 0.167103 0.750554
vt 0.167103 0.749907
vt 0.167667 0.750231
vt 0.167667 0.750877
vt 0.167103 0.751201
vt 0.774773 0.768245
vt 0.774773 0.768892
vt 0.775336 0.768569
vt 0.775336 0.767922
vt 0.775899 0.768245
vt 0.775899 0.768892
vt 0.775336 0.769215
vt 0.760291 0.797864
vt 0.760291 0.798511
vt 0.760854 0.798188
vt 0.760854 0.797541
vt 0.761418 0.797864
vt 0.761418 0.798511
vt 0.760854 0.798834
vt 0.173781 0.749404
vt 0.173781 0.750051
vt 0.174344 0.749728
vt 0.174344 0.749081
vt 0.174908 0.749404
vt 0.174908 0.750051
vt 0.174344 0.750374
vt 0.760291 0.804012
vt 0.760291 0.804658
vt 0.760854 0.804335
vt 0.760854 0.803688
vt 0.761418 0.804012
vt 0.761418 0.804658
vt 0.760854 0.804982
vt 0.028963 0.752304
vt 0.028963 0.752951
vt 0.029527 0.752627
vt 0.029527 0.751981
vt 0.030090 0.752304
vt 0.030090 0.752951
vt 0.029527 0.753274
vt 0.079650 0.758281
vt 0.079650 0.758928
vt 0.080213 0.758604
vt 0.080213 0.757958
vt 0.080776 0.758281
vt 0.080776 0.758928
vt 0.080213 0.759251
vt 0.015807 0.951658
vt 0.015807 0.950927
vt 0.015144 0.951292
vt 0.015144 0.952023
vt 0.014482 0.951658
vt 0.014482 0.950927
vt 0.015144 0.950562
vt 0.072409 0.950555
vt 0.072409 0.951286
vt 0.073071 0.950920
vt 0.073071 0.950190
vt 0.073734 0.950555
vt 0.073734 0.951286
vt 0.073071 0.951651
vt 0.008566 0.952164
vt 0.008566 0.951433
vt 0.007904 0.951799
vt 0.007904 0.952530
vt 0.007241 0.952164
vt 0.007241 0.951433
vt 0.007904 0.951068
vt 0.036204 0.951193
vt 0.036204 0.951924
vt 0.036867 0.951558
vt 0.036867 0.950827
vt 0.037530 0.951193
vt 0.037530 0.951924
vt 0.036867 0.952289
vt 0.137576 0.750894
vt 0.137576 0.751541
vt 0.138140 0.751217
vt 0.138140 0.750571
vt 0.138703 0.750894
vt 0.138703 0.751541
vt 0.138140 0.751864
vt 0.137576 0.753967
vt 0.137576 0.754614
vt 0.138140 0.754291
vt 0.138140 0.753644
vt 0.138703 0.753967
vt 0.138703 0.754614
vt 0.138140 0.754938
vt 0.079650 0.755208
vt 0.079650 0.755854
vt 0.080213 0.755531
vt 0.080213 0.754884
vt 0.080776 0.755208
vt 0.080776 0.755854
vt 0.080213 0.756177
vt 0.144817 0.754699
vt 0.144817 0.755346
vt 0.145381 0.755022
vt 0.145381 0.754376
vt 0.145944 0.754699
vt 0.145944 0.755346
vt 0.145381 0.755669
vt 0.159299 0.750604
vt 0.159299 0.751250
vt 0.159862 0.750927
vt 0.159862 0.750280
vt 0.160426 0.750604
vt 0.160426 0.751250
vt 0.159862 0.751574
vt 0.181022 0.749483
vt 0.181022 0.750129
vt 0.181585 0.749806
vt 0.181585 0.749160
vt 0.182148 0.749483
vt 0.182148 0.750129
vt 0.181585 0.750453
vt 0.094131 0.750588
vt 0.094131 0.751234
vt 0.094695 0.750911
vt 0.094695 0.750264
vt 0.095258 0.750588
vt 0.095258 0.751234
vt 0.094695 0.751558
vt 0.101372 0.750586
vt 0.101372 0.751233
vt 0.101936 0.750910
vt 0.101936 0.750263
vt 0.102499 0.750586
vt 0.102499 0.751233
vt 0.101936 0.751556
vt 0.152058 0.750763
vt 0.152058 0.751410
vt 0.152622 0.751086
vt 0.152622 0.750440
vt 0.153185 0.750763
vt 0.153185 0.751410
vt 0.152622 0.751733
vt 0.760291 0.782496
vt 0.760291 0.783143
vt 0.760854 0.782819
vt 0.760854 0.782173
vt 0.761418 0.782496
vt 0.761418 0.783143
vt 0.760854 0.783466
vt 0.057927 0.751951
vt 0.057927 0.752597
vt 0.058490 0.752274
vt 0.058490 0.751627
vt 0.059054 0.751951
vt 0.059054 0.752597
vt 0.058490 0.752921
vt 0.144817 0.751625
vt 0.144817 0.752272
vt 0.145381 0.751949
vt 0.145381 0.751302
vt 0.145944 0.751625
vt 0.145944 0.752272
vt 0.145381 0.752595
vt 0.760291 0.785570
vt 0.760291 0.786216
vt 0.760854 0.785893
vt 0.760854 0.785246
vt 0.761418 0.785570
vt 0.761418 0.786216
vt 0.760854 0.786540
vt 0.028963 0.749230
vt 0.028963 0.749877
vt 0.029527 0.749554
vt 0.029527 0.748907
vt 0.030090 0.749230
vt 0.030090 0.749877
vt 0.029527 0.750200
vt 0.043445 0.752304
vt 0.043445 0.752950
vt 0.044009 0.752627
vt 0.044009 0.751980
vt 0.044572 0.752304
vt 0.044572 0.752950
vt 0.044009 0.753274
vt 0.043445 0.749230
vt 0.043445 0.749877
vt 0.044009 0.749554
vt 0.044009 0.748907
vt 0.044572 0.749230
vt 0.044572 0.749877
vt 0.044009 0.750200
vt 0.760291 0.819380
vt 0.760291 0.820026
vt 0.760854 0.819703
vt 0.760854 0.819056
vt 0.761418 0.819380
vt 0.761418 0.820026
vt 0.760854 0.820350
vt 0.115854 0.751990
vt 0.115854 0.752637
vt 0.116417 0.752313
vt 0.116417 0.751667
vt 0.116981 0.751990
vt 0.116981 0.752637
vt 0.116417 0.752960
vt 0.072409 0.752080
vt 0.072409 0.752727
vt 0.072972 0.752403
vt 0.072972 0.751757
vt 0.073535 0.752080
vt 0.073535 0.752727
vt 0.072972 0.753050
vt 0.760291 0.825527
vt 0.760291 0.826174
vt 0.760854 0.825850
vt 0.760854 0.825204
vt 0.761418 0.825527
vt 0.761418 0.826174
vt 0.760854 0.826497
vt 0.021723 0.752304
vt 0.021723 0.752951
vt 0.022286 0.752627
vt 0.022286 0.751981
vt 0.022850 0.752304
vt 0.022850 0.752951
vt 0.022286 0.753274
vt 0.166540 0.753304
vt 0.166540 0.753951
vt 0.167103 0.753628
vt 0.167103 0.752981
vt 0.167667 0.753304
vt 0.167667 0.753951
vt 0.167103 0.754274
vt 0.760291 0.822453
vt 0.760291 0.823100
vt 0.760854 0.822777
vt 0.760854 0.822130
vt 0.761418 0.822453
vt 0.761418 0.823100
vt 0.760854 0.823423
vt 0.050686 0.751962
vt 0.050686 0.752609
vt 0.051249 0.752286
vt 0.051249 0.751639
vt 0.051813 0.751962
vt 0.051813 0.752609
vt 0.051249 0.752932
vt 0.015807 0.954917
vt 0.015807 0.954186
vt 0.015144 0.954551
vt 0.015144 0.955282
vt 0.014482 0.954917
vt 0.014482 0.954186
vt 0.015144 0.953820
vt 0.028963 0.951013
vt 0.028963 0.951744
vt 0.029626 0.951379
vt 0.029626 0.950648
vt 0.030289 0.951013
vt 0.030289 0.951744
vt 0.029626 0.952110
vt 0.080136 0.983664
vt 0.080007 0.984019
vt 0.080350 0.983878
vt 0.080350 0.984359
vt 0.089482 0.984359
vt 0.089482 0.983878
vt 0.079792 0.983805
vt 0.089699 0.983664
vt 0.090041 0.983806
vt 0.089825 0.984019
vt 0.090183 0.984148
vt 0.089967 0.984359
vt 0.089967 0.993596
vt 0.089482 0.993596
vt 0.089825 0.993936
vt 0.090052 0.994139
vt 0.090183 0.993771
vt 0.089737 0.994291
vt 0.089482 0.994077
vt 0.080350 0.994077
vt 0.080132 0.994291
vt 0.079791 0.994149
vt 0.080007 0.993936
vt 0.079650 0.993807
vt 0.080350 0.993596
vt 0.079865 0.993596
vt 0.079865 0.984359
vt 0.079650 0.984144
vt 0.094131 0.753661
vt 0.094131 0.754308
vt 0.094695 0.753985
vt 0.094695 0.753338
vt 0.095258 0.753661
vt 0.095258 0.754308
vt 0.094695 0.754631
vt 0.007241 0.755282
vt 0.007241 0.755929
vt 0.007804 0.755606
vt 0.007804 0.754959
vt 0.008368 0.755282
vt 0.008368 0.755929
vt 0.007804 0.756252
vt 0.021723 0.749231
vt 0.021723 0.749877
vt 0.022286 0.749554
vt 0.022286 0.748907
vt 0.022849 0.749231
vt 0.022849 0.749877
vt 0.022286 0.750200
vt 0.188263 0.751245
vt 0.188263 0.751892
vt 0.188826 0.751569
vt 0.188826 0.750922
vt 0.189389 0.751245
vt 0.189389 0.751892
vt 0.188826 0.752215
vt 0.160701 0.962412
vt 0.159572 0.960394
vt 0.159299 0.960483
vt 0.160870 0.962180
vt 0.159572 0.958186
vt 0.162969 0.959290
vt 0.160870 0.956400
vt 0.159299 0.958098
vt 0.162969 0.955718
vt 0.160701 0.956168
vt 0.162969 0.955431
vt 0.165069 0.956400
vt 0.165238 0.956168
vt 0.166367 0.958186
vt 0.166640 0.958098
vt 0.166367 0.960394
vt 0.166640 0.960483
vt 0.165069 0.962180
vt 0.165238 0.962412
vt 0.162969 0.962862
vt 0.162969 0.963149
vt 0.023048 0.951732
vt 0.023048 0.951001
vt 0.022385 0.951366
vt 0.022385 0.952097
vt 0.021723 0.951732
vt 0.021723 0.951001
vt 0.022385 0.950636
vt 0.028963 0.954272
vt 0.028963 0.955003
vt 0.029626 0.954637
vt 0.029626 0.953907
vt 0.030289 0.954272
vt 0.030289 0.955003
vt 0.029626 0.955368
vt 0.050686 0.755036
vt 0.050686 0.755682
vt 0.051250 0.755359
vt 0.051250 0.754713
vt 0.051813 0.755036
vt 0.051813 0.755682
vt 0.051250 0.756006
vt 0.108613 0.759118
vt 0.108613 0.759764
vt 0.109176 0.759441
vt 0.109176 0.758794
vt 0.109740 0.759118
vt 0.109740 0.759764
vt 0.109176 0.760088
vt 0.108613 0.752970
vt 0.108613 0.753617
vt 0.109176 0.753294
vt 0.109176 0.752647
vt 0.109740 0.752970
vt 0.109740 0.753617
vt 0.109176 0.753940
vt 0.072409 0.755154
vt 0.072409 0.755800
vt 0.072972 0.755477
vt 0.072972 0.754830
vt 0.073536 0.755154
vt 0.073536 0.755800
vt 0.072972 0.756124
vt 0.202744 0.751805
vt 0.202744 0.752452
vt 0.203308 0.752129
vt 0.203308 0.751482
vt 0.203871 0.751805
vt 0.203871 0.752452
vt 0.203308 0.752775
vt 0.065168 0.752080
vt 0.065168 0.752727
vt 0.065731 0.752403
vt 0.065731 0.751757
vt 0.066295 0.752080
vt 0.066295 0.752727
vt 0.065731 0.753050
vt 0.079650 0.752134
vt 0.079650 0.752781
vt 0.080213 0.752457
vt 0.080213 0.751811
vt 0.080776 0.752134
vt 0.080776 0.752781
vt 0.080213 0.753104
vt 0.774773 0.765172
vt 0.774773 0.765818
vt 0.775336 0.765495
vt 0.775336 0.764849
vt 0.775899 0.765172
vt 0.775899 0.765818
vt 0.775336 0.766142
vt 0.181022 0.755630
vt 0.181022 0.756277
vt 0.181585 0.755953
vt 0.181585 0.755307
vt 0.182148 0.755630
vt 0.182148 0.756277
vt 0.181585 0.756600
vt 0.101372 0.756734
vt 0.101372 0.757380
vt 0.101936 0.757057
vt 0.101936 0.756410
vt 0.102499 0.756734
vt 0.102499 0.757380
vt 0.101936 0.757704
vt 0.195503 0.751246
vt 0.195503 0.751892
vt 0.196067 0.751569
vt 0.196067 0.750922
vt 0.196630 0.751246
vt 0.196630 0.751892
vt 0.196067 0.752215
vt 0.209985 0.751219
vt 0.209985 0.751866
vt 0.210549 0.751542
vt 0.210549 0.750896
vt 0.211112 0.751219
vt 0.211112 0.751866
vt 0.210549 0.752189
vt 0.159299 0.989244
vt 0.161957 0.992903
vt 0.166257 0.986983
vt 0.159299 0.984723
vt 0.161957 0.981064
vt 0.166257 0.979667
vt 0.170558 0.981064
vt 0.173216 0.984723
vt 0.173216 0.989244
vt 0.170558 0.992903
vt 0.166257 0.994300
vt 0.130336 0.989244
vt 0.132993 0.992903
vt 0.137294 0.986983
vt 0.130336 0.984723
vt 0.132993 0.981064
vt 0.137294 0.979667
vt 0.141594 0.981064
vt 0.144252 0.984723
vt 0.144252 0.989244
vt 0.141594 0.992903
vt 0.137294 0.994300
vt 0.008973 0.942547
vt 0.008862 0.943108
vt 0.146239 0.943108
vt 0.008145 0.942204
vt 0.146127 0.942547
vt 0.008815 0.941534
vt 0.147385 0.942634
vt 0.146955 0.942204
vt 0.146285 0.941534
vt 0.008815 0.820918
vt 0.146285 0.820918
vt 0.147298 0.941376
vt 0.008815 0.819330
vt 0.146285 0.819330
vt 0.147298 0.820918
vt 0.147298 0.819330
vt 0.147860 0.820918
vt 0.147860 0.819330
vt 0.147860 0.790121
vt 0.147860 0.787652
vt 0.147298 0.790121
vt 0.147298 0.787652
vt 0.146285 0.787652
vt 0.146285 0.790121
vt 0.008815 0.787652
vt 0.007802 0.790121
vt 0.008815 0.790121
vt 0.007802 0.787652
vt 0.007241 0.790121
vt 0.007241 0.787652
vt 0.007241 0.819330
vt 0.007241 0.820918
vt 0.007802 0.819330
vt 0.007802 0.820918
vt 0.007802 0.941376
vt 0.007241 0.941488
vt 0.007716 0.942634
vt 0.147860 0.941488
vt 0.152058 0.516342
vt 0.153382 0.516342
vt 0.152994 0.515954
vt 0.156396 0.516342
vt 0.153382 0.515018
vt 0.153382 0.295079
vt 0.156396 0.293756
vt 0.152994 0.294143
vt 0.153382 0.293756
vt 0.158526 0.294638
vt 0.158526 0.515460
vt 0.152058 0.293756
vt 0.619576 0.577490
vt 0.619576 0.770900
vt 0.759925 0.772224
vt 0.619576 0.772224
vt 0.619576 0.775238
vt 0.762056 0.772224
vt 0.759925 0.775238
vt 0.762056 0.577490
vt 0.759925 0.577490
vt 0.759925 0.777368
vt 0.762056 0.775238
vt 0.620458 0.777368
vt 0.761664 0.776976
vt 0.619576 0.575360
vt 0.616410 0.575360
vt 0.616410 0.577490
vt 0.759925 0.575360
vt 0.761664 0.575751
vt 0.615474 0.771288
vt 0.616410 0.770900
vt 0.615474 0.577413
vt 0.616410 0.771836
vt 0.615474 0.772224
vt 0.619576 0.771836
vt 0.615474 0.575063
vt 0.801399 0.571419
vt 0.801399 0.568405
vt 0.661049 0.568405
vt 0.801399 0.567082
vt 0.801399 0.373672
vt 0.658919 0.568405
vt 0.658919 0.571419
vt 0.661049 0.373672
vt 0.661049 0.571419
vt 0.800516 0.573550
vt 0.661049 0.573550
vt 0.659310 0.573158
vt 0.661049 0.371541
vt 0.804565 0.373672
vt 0.801399 0.371541
vt 0.804565 0.371541
vt 0.805501 0.371244
vt 0.805501 0.373595
vt 0.804565 0.567082
vt 0.805501 0.567469
vt 0.804565 0.568018
vt 0.801399 0.568018
vt 0.805501 0.568405
vt 0.658919 0.373672
vt 0.659310 0.371933
vt 0.000000 0.995883
vt 0.000936 0.947179
vt 0.000000 0.947179
vt 0.000936 0.944531
vt 0.005008 0.945467
vt 0.005199 0.995883
vt 0.000936 0.995883
vt 0.005199 0.947179
vt 0.005417 0.946652
vt 0.005944 0.946434
vt 0.004620 0.944531
vt 0.005556 0.943595
vt 0.005944 0.944531
vt 0.006880 0.944919
vt 0.005944 0.945855
vt 0.228531 0.945855
vt 0.227595 0.944919
vt 0.229467 0.945467
vt 0.228531 0.944531
vt 0.228919 0.943595
vt 0.229855 0.749534
vt 0.228919 0.749720
vt 0.229855 0.944531
vt 0.233539 0.944531
vt 0.233539 0.947179
vt 0.234475 0.944531
vt 0.234475 0.743487
vt 0.233539 0.743673
vt 0.234475 0.947179
vt 0.233539 0.995883
vt 0.234475 0.995883
vt 0.229275 0.995883
vt 0.228749 0.995356
vt 0.229275 0.947179
vt 0.228749 0.947705
vt 0.229057 0.946652
vt 0.228531 0.947179
vt 0.228004 0.946961
vt 0.228531 0.946434
vt 0.006471 0.946961
vt 0.005944 0.947179
vt 0.005726 0.947705
vt 0.005726 0.995356
vt 0.004620 0.749534
vt 0.005556 0.749720
vt 0.000936 0.743673
vt 0.000000 0.944531
vt 0.000000 0.743487
vt 0.176439 0.981064
vt 0.173781 0.984723
vt 0.180739 0.986983
vt 0.173781 0.989244
vt 0.176439 0.992903
vt 0.180739 0.994300
vt 0.185040 0.992903
vt 0.187697 0.989244
vt 0.187697 0.984723
vt 0.185040 0.981064
vt 0.180739 0.979667
vt 0.147475 0.981064
vt 0.144817 0.984723
vt 0.151776 0.986983
vt 0.144817 0.989244
vt 0.147475 0.992903
vt 0.151776 0.994300
vt 0.156076 0.992903
vt 0.158734 0.989244
vt 0.158734 0.984723
vt 0.156076 0.981064
vt 0.151776 0.979667
vt 0.110557 0.964409
vt 0.109886 0.993550
vt 0.110557 0.993559
vt 0.110360 0.994077
vt 0.109886 0.964419
vt 0.110360 0.963892
vt 0.109886 0.963677
vt 0.102215 0.964520
vt 0.102215 0.963677
vt 0.102215 0.993448
vt 0.101372 0.964533
vt 0.101619 0.963928
vt 0.101372 0.993435
vt 0.102215 0.994291
vt 0.101619 0.994040
vt 0.109886 0.994291
vt 0.166816 0.817513
vt 0.166814 0.818127
vt 0.166541 0.818130
vt 0.170819 0.817514
vt 0.170816 0.818128
vt 0.171350 0.817528
vt 0.171292 0.818142
vt 0.171853 0.817642
vt 0.171620 0.818212
vt 0.172243 0.817910
vt 0.171770 0.818293
vt 0.172442 0.818332
vt 0.171838 0.818448
vt 0.173034 0.818223
vt 0.173082 0.818841
vt 0.172470 0.818849
vt 0.173659 0.839211
vt 0.173046 0.839216
vt 0.171854 0.818855
vt 0.173932 0.855854
vt 0.173932 0.880003
vt 0.173319 0.855857
vt 0.173318 0.880003
vt 0.172704 0.855860
vt 0.172431 0.839221
vt 0.172704 0.880003
vt 0.172709 0.817544
vt 0.172087 0.817088
vt 0.171409 0.816922
vt 0.170823 0.816901
vt 0.166814 0.816899
vt 0.166593 0.817514
vt 0.166540 0.816897
vt 0.030524 0.983127
vt 0.030534 0.983745
vt 0.030260 0.983762
vt 0.034544 0.983114
vt 0.034543 0.983727
vt 0.030086 0.983175
vt 0.030186 0.983764
vt 0.029677 0.983446
vt 0.030202 0.983953
vt 0.029585 0.983901
vt 0.029178 0.983146
vt 0.029900 0.982615
vt 0.030509 0.982515
vt 0.034542 0.982501
vt 0.035129 0.982504
vt 0.035153 0.983114
vt 0.035807 0.982508
vt 0.035902 0.983114
vt 0.035129 0.983724
vt 0.035807 0.983719
vt 0.028978 0.983838
vt 0.029577 0.984376
vt 0.028963 0.984373
vt 0.029578 0.994291
vt 0.030148 0.994291
vt 0.030191 0.984379
vt 0.029008 0.994291
vt 0.152735 0.942496
vt 0.152742 0.943106
vt 0.152132 0.943099
vt 0.156771 0.942495
vt 0.156775 0.943108
vt 0.157303 0.942481
vt 0.157362 0.943088
vt 0.157806 0.942367
vt 0.158040 0.942921
vt 0.158196 0.942100
vt 0.158662 0.942465
vt 0.158395 0.941677
vt 0.158987 0.941786
vt 0.158422 0.941161
vt 0.157807 0.941154
vt 0.157790 0.941562
vt 0.158384 0.920788
vt 0.158657 0.904149
vt 0.158999 0.920793
vt 0.159272 0.904152
vt 0.159612 0.920798
vt 0.159035 0.941168
vt 0.159885 0.904155
vt 0.159270 0.880006
vt 0.159884 0.880006
vt 0.158657 0.880006
vt 0.157723 0.941716
vt 0.157573 0.941797
vt 0.157245 0.941868
vt 0.156768 0.941881
vt 0.152742 0.941886
vt 0.152058 0.942496
vt 0.152133 0.941893
vt 0.153619 0.971583
vt 0.153604 0.972195
vt 0.152995 0.972096
vt 0.157629 0.971597
vt 0.157630 0.972211
vt 0.153181 0.971536
vt 0.152274 0.971566
vt 0.153629 0.970965
vt 0.153355 0.970949
vt 0.152773 0.971267
vt 0.152074 0.970873
vt 0.152680 0.970811
vt 0.153283 0.970948
vt 0.153297 0.970758
vt 0.152672 0.970334
vt 0.153286 0.970331
vt 0.152673 0.960419
vt 0.152103 0.960419
vt 0.152058 0.970337
vt 0.153242 0.960419
vt 0.157630 0.970982
vt 0.158107 0.970980
vt 0.158083 0.971596
vt 0.158434 0.970978
vt 0.158107 0.972213
vt 0.158343 0.971596
vt 0.158434 0.972214
vt 0.158388 0.971596
vt 0.158585 0.972220
vt 0.158585 0.970973
vt 0.102593 0.769953
vt 0.101985 0.769418
vt 0.102598 0.769416
vt 0.101985 0.759499
vt 0.102555 0.759499
vt 0.101415 0.759499
vt 0.101372 0.769416
vt 0.101985 0.769979
vt 0.101377 0.769952
vt 0.101984 0.770764
vt 0.101383 0.770643
vt 0.101983 0.771399
vt 0.101381 0.771174
vt 0.102586 0.771175
vt 0.102585 0.770645
vt 0.203992 0.775290
vt 0.203378 0.774862
vt 0.203992 0.774863
vt 0.203378 0.764952
vt 0.203948 0.764952
vt 0.202808 0.764952
vt 0.202764 0.774863
vt 0.203379 0.775275
vt 0.202765 0.775291
vt 0.203379 0.775324
vt 0.202744 0.775480
vt 0.204014 0.775479
vt 0.906345 0.938291
vt 0.905732 0.914148
vt 0.906346 0.914147
vt 0.905732 0.897510
vt 0.906346 0.897509
vt 0.905732 0.938291
vt 0.905117 0.914147
vt 0.905118 0.938291
vt 0.905117 0.897509
vt 0.905117 0.877143
vt 0.905732 0.877145
vt 0.905111 0.876735
vt 0.905108 0.876581
vt 0.905732 0.876784
vt 0.905732 0.876749
vt 0.906352 0.876735
vt 0.906346 0.877143
vt 0.906355 0.876581
vt 0.897867 0.218237
vt 0.898481 0.242387
vt 0.897868 0.242385
vt 0.898481 0.259031
vt 0.897869 0.259028
vt 0.898481 0.218237
vt 0.899094 0.242385
vt 0.899095 0.218237
vt 0.899094 0.259028
vt 0.899093 0.279399
vt 0.899087 0.280017
vt 0.898481 0.279402
vt 0.898481 0.280060
vt 0.897869 0.279399
vt 0.897875 0.280017
vt 0.898481 0.280842
vt 0.897878 0.280695
vt 0.898481 0.281375
vt 0.897876 0.281151
vt 0.899086 0.281151
vt 0.899084 0.280695
vt 0.999484 0.683243
vt 0.999239 0.683859
vt 0.999240 0.683878
vt 0.999397 0.683243
vt 0.999240 0.682627
vt 0.999242 0.682608
vt 0.166814 0.941879
vt 0.170816 0.941877
vt 0.170819 0.942492
vt 0.166816 0.942493
vt 0.166541 0.941876
vt 0.166593 0.942492
vt 0.166814 0.943107
vt 0.166540 0.943108
vt 0.170823 0.943105
vt 0.171409 0.943084
vt 0.171350 0.942478
vt 0.172087 0.942917
vt 0.171853 0.942364
vt 0.172709 0.942461
vt 0.172243 0.942096
vt 0.173034 0.941783
vt 0.172442 0.941673
vt 0.173082 0.941165
vt 0.172470 0.941157
vt 0.173659 0.920795
vt 0.173932 0.904152
vt 0.173046 0.920789
vt 0.173319 0.904149
vt 0.172431 0.920785
vt 0.171854 0.941150
vt 0.171838 0.941558
vt 0.171770 0.941712
vt 0.171620 0.941794
vt 0.171292 0.941864
vt 0.172704 0.904146
vt 0.045016 0.993047
vt 0.049025 0.993065
vt 0.049026 0.993678
vt 0.045006 0.993665
vt 0.044742 0.993030
vt 0.044567 0.993617
vt 0.044668 0.993028
vt 0.044158 0.993346
vt 0.044684 0.992839
vt 0.044066 0.992891
vt 0.044673 0.992413
vt 0.044059 0.992415
vt 0.043460 0.992954
vt 0.043659 0.993645
vt 0.044381 0.994177
vt 0.044991 0.994277
vt 0.049024 0.994291
vt 0.049610 0.994287
vt 0.049634 0.993678
vt 0.050289 0.994283
vt 0.050383 0.993678
vt 0.049610 0.993068
vt 0.050289 0.993072
vt 0.043445 0.992418
vt 0.043490 0.982501
vt 0.044060 0.982501
vt 0.044630 0.982501
vt 0.152742 0.816907
vt 0.156775 0.816904
vt 0.156771 0.817517
vt 0.152735 0.817517
vt 0.152132 0.816914
vt 0.152058 0.817517
vt 0.152742 0.818127
vt 0.152133 0.818119
vt 0.156768 0.818132
vt 0.157245 0.818145
vt 0.157303 0.817531
vt 0.157573 0.818216
vt 0.157362 0.816925
vt 0.157806 0.817645
vt 0.158040 0.817092
vt 0.158196 0.817913
vt 0.157723 0.818297
vt 0.157790 0.818451
vt 0.158395 0.818336
vt 0.157807 0.818859
vt 0.158384 0.839224
vt 0.158422 0.818852
vt 0.158657 0.855863
vt 0.158999 0.839220
vt 0.159272 0.855861
vt 0.159612 0.839215
vt 0.159035 0.818844
vt 0.158987 0.818226
vt 0.158662 0.817548
vt 0.159885 0.855858
vt 0.095677 0.961604
vt 0.099703 0.961589
vt 0.099702 0.962203
vt 0.095692 0.962216
vt 0.095068 0.961703
vt 0.095255 0.962263
vt 0.094347 0.962234
vt 0.094846 0.962533
vt 0.094147 0.962926
vt 0.094753 0.962988
vt 0.094131 0.963462
vt 0.094745 0.963466
vt 0.095356 0.962851
vt 0.095371 0.963041
vt 0.095428 0.962850
vt 0.095702 0.962834
vt 0.099703 0.962817
vt 0.100180 0.962820
vt 0.100156 0.962203
vt 0.100508 0.962821
vt 0.100416 0.962203
vt 0.100658 0.962826
vt 0.100461 0.962203
vt 0.100508 0.961585
vt 0.100658 0.961580
vt 0.100180 0.961586
vt 0.095359 0.963468
vt 0.094746 0.973380
vt 0.094176 0.973380
vt 0.095316 0.973380
vt 0.094131 0.769418
vt 0.094174 0.759500
vt 0.094744 0.759500
vt 0.094744 0.769419
vt 0.094136 0.769954
vt 0.094144 0.770646
vt 0.094744 0.769980
vt 0.094745 0.770765
vt 0.094144 0.771177
vt 0.095352 0.769953
vt 0.094746 0.771401
vt 0.095346 0.770645
vt 0.095349 0.771176
vt 0.095357 0.769418
vt 0.095314 0.759500
vt 0.210007 0.774864
vt 0.210052 0.764953
vt 0.210622 0.764953
vt 0.210622 0.774864
vt 0.210007 0.775291
vt 0.210621 0.775276
vt 0.209985 0.775480
vt 0.210620 0.775325
vt 0.211235 0.775292
vt 0.211255 0.775481
vt 0.211236 0.774865
vt 0.211191 0.764953
vt 0.906346 0.962434
vt 0.905732 0.962433
vt 0.906346 0.979073
vt 0.905732 0.979071
vt 0.905117 0.979073
vt 0.905117 0.962434
vt 0.905117 0.999438
vt 0.905111 0.999846
vt 0.905732 0.999436
vt 0.906346 0.999438
vt 0.905732 0.999797
vt 0.906352 0.999846
vt 0.905732 0.999832
vt 0.906355 1.000000
vt 0.905108 1.000000
vt 0.897868 0.194088
vt 0.898481 0.194087
vt 0.897869 0.177445
vt 0.898481 0.177443
vt 0.899094 0.177445
vt 0.899094 0.194088
vt 0.899093 0.157075
vt 0.899087 0.156456
vt 0.898481 0.157071
vt 0.897869 0.157075
vt 0.898481 0.156413
vt 0.897875 0.156456
vt 0.898481 0.155632
vt 0.897878 0.155778
vt 0.898481 0.155098
vt 0.897876 0.155322
vt 0.899086 0.155322
vt 0.899084 0.155778
vt 0.999240 0.686760
vt 0.999397 0.686143
vt 0.999484 0.686143
vt 0.999240 0.685508
vt 0.999239 0.685527
vt 0.999242 0.686778
vt 0.174427 0.009299
vt 0.173781 0.009299
vt 0.173781 0.151215
vt 0.174427 0.151215
vt 0.231708 0.738974
vt 0.232271 0.738974
vt 0.232271 0.597058
vt 0.231708 0.597058
vt 0.232835 0.597058
vt 0.232835 0.738974
vt 0.130336 0.149700
vt 0.130982 0.149700
vt 0.130982 0.007783
vt 0.130336 0.007783
vt 0.240075 0.151453
vt 0.239512 0.151453
vt 0.239512 0.293369
vt 0.240075 0.293369
vt 0.238949 0.293369
vt 0.238949 0.151453
vt 0.732523 0.368070
vt 0.731327 0.368070
vt 0.731327 0.369064
vt 0.732523 0.155800
vt 0.731327 0.155800
vt 0.732523 0.369064
vt 0.731327 0.369731
vt 0.732523 0.369731
vt 0.732523 0.154806
vt 0.731327 0.154806
vt 0.732523 0.154139
vt 0.731327 0.154139
vt 0.511095 0.474598
vt 0.512179 0.474598
vt 0.512179 0.262328
vt 0.511095 0.262328
vt 0.513263 0.262328
vt 0.513263 0.474598
vt 0.710800 0.367225
vt 0.709605 0.367225
vt 0.709605 0.368401
vt 0.710800 0.154955
vt 0.709605 0.154955
vt 0.710800 0.153779
vt 0.709605 0.153779
vt 0.710800 0.152449
vt 0.709605 0.152449
vt 0.710800 0.368401
vt 0.709605 0.369731
vt 0.710800 0.369731
vt 0.514101 0.474598
vt 0.515185 0.474598
vt 0.515185 0.262328
vt 0.514101 0.262328
vt 0.516269 0.262328
vt 0.516269 0.474598
vt 0.550306 0.336228
vt 0.551501 0.336228
vt 0.551501 0.334884
vt 0.550306 0.471437
vt 0.551501 0.471437
vt 0.550306 0.334884
vt 0.551501 0.333398
vt 0.550306 0.333398
vt 0.551501 0.332181
vt 0.550306 0.332181
vt 0.550306 0.472686
vt 0.551501 0.472686
vt 0.550306 0.474062
vt 0.551501 0.474062
vt 0.550306 0.475044
vt 0.551501 0.475044
vt 0.373997 0.259030
vt 0.373997 0.257989
vt 0.372653 0.258060
vt 0.509206 0.259030
vt 0.509206 0.257989
vt 0.372764 0.259091
vt 0.371167 0.258529
vt 0.373997 0.260072
vt 0.372874 0.260121
vt 0.371658 0.259432
vt 0.372149 0.260335
vt 0.370849 0.260141
vt 0.369950 0.259608
vt 0.371748 0.260674
vt 0.369375 0.261029
vt 0.370442 0.261154
vt 0.369284 0.262328
vt 0.370368 0.262328
vt 0.371510 0.261280
vt 0.371452 0.262328
vt 0.509206 0.260072
vt 0.510162 0.260125
vt 0.510627 0.260320
vt 0.510308 0.259103
vt 0.511229 0.259491
vt 0.510877 0.260667
vt 0.510455 0.258081
vt 0.511831 0.258661
vt 0.511845 0.260245
vt 0.512814 0.259822
vt 0.512130 0.261244
vt 0.513206 0.261153
vt 0.511055 0.261334
vt 0.565983 0.472795
vt 0.564788 0.472795
vt 0.564788 0.473918
vt 0.565983 0.337586
vt 0.564788 0.337586
vt 0.565983 0.473918
vt 0.564788 0.474643
vt 0.565983 0.474643
vt 0.564788 0.475044
vt 0.565983 0.475044
vt 0.565983 0.336630
vt 0.564788 0.336630
vt 0.565983 0.336165
vt 0.564788 0.336165
vt 0.565983 0.335915
vt 0.564788 0.335915
vt 0.653368 0.259030
vt 0.653368 0.260072
vt 0.654490 0.260121
vt 0.518158 0.259030
vt 0.518158 0.260072
vt 0.654601 0.259091
vt 0.655215 0.260335
vt 0.655706 0.259432
vt 0.655617 0.260674
vt 0.656516 0.260141
vt 0.655854 0.261280
vt 0.656922 0.261154
vt 0.657414 0.259608
vt 0.656197 0.258529
vt 0.657990 0.261029
vt 0.656996 0.262328
vt 0.658080 0.262328
vt 0.655912 0.262328
vt 0.654711 0.258060
vt 0.653368 0.257989
vt 0.518158 0.257989
vt 0.516910 0.258081
vt 0.517056 0.259103
vt 0.515533 0.258661
vt 0.516135 0.259491
vt 0.514551 0.259822
vt 0.517202 0.260125
vt 0.515519 0.260245
vt 0.516738 0.260321
vt 0.516487 0.260667
vt 0.515234 0.261244
vt 0.516309 0.261335
vt 0.514159 0.261153
vt 0.703559 0.367011
vt 0.702364 0.367011
vt 0.702364 0.368311
vt 0.703559 0.154741
vt 0.702364 0.154741
vt 0.703559 0.368311
vt 0.702364 0.369731
vt 0.703559 0.369731
vt 0.703559 0.153441
vt 0.702364 0.153441
vt 0.703559 0.152021
vt 0.702364 0.152021
vt 0.369284 0.474598
vt 0.370368 0.474598
vt 0.371452 0.474598
vt 0.739764 0.368076
vt 0.738568 0.368076
vt 0.738568 0.369125
vt 0.739764 0.155806
vt 0.738568 0.155806
vt 0.739764 0.369125
vt 0.738568 0.369731
vt 0.739764 0.369731
vt 0.739764 0.154758
vt 0.738568 0.154758
vt 0.739764 0.154152
vt 0.738568 0.154152
vt 0.655912 0.474598
vt 0.656996 0.474598
vt 0.658080 0.474598
vt 0.557547 0.472341
vt 0.558742 0.472341
vt 0.558742 0.470998
vt 0.558742 0.335788
vt 0.557547 0.335788
vt 0.557547 0.470998
vt 0.557547 0.473827
vt 0.557547 0.475044
vt 0.558742 0.473827
vt 0.558742 0.475044
vt 0.558742 0.334540
vt 0.557547 0.334540
vt 0.558742 0.333163
vt 0.557547 0.333163
vt 0.558742 0.332181
vt 0.557547 0.332181
vt 0.373997 0.478938
vt 0.509206 0.478938
vt 0.509206 0.477896
vt 0.373997 0.477896
vt 0.372764 0.477836
vt 0.372653 0.478866
vt 0.371658 0.477494
vt 0.371167 0.478397
vt 0.370849 0.476786
vt 0.369950 0.477318
vt 0.370442 0.475772
vt 0.371510 0.475647
vt 0.371748 0.476253
vt 0.372149 0.476592
vt 0.372874 0.476805
vt 0.373997 0.476855
vt 0.509206 0.476855
vt 0.510308 0.477824
vt 0.510162 0.476802
vt 0.511229 0.477436
vt 0.510627 0.476606
vt 0.511845 0.476682
vt 0.510877 0.476259
vt 0.512130 0.475683
vt 0.511055 0.475592
vt 0.513206 0.475774
vt 0.512814 0.477104
vt 0.511831 0.478266
vt 0.510455 0.478846
vt 0.369375 0.475898
vt 0.572028 0.338164
vt 0.572028 0.473373
vt 0.573224 0.473373
vt 0.573224 0.338164
vt 0.573224 0.337041
vt 0.572028 0.337041
vt 0.573224 0.336316
vt 0.572028 0.336316
vt 0.573224 0.335915
vt 0.572028 0.335915
vt 0.572028 0.474329
vt 0.573224 0.474329
vt 0.572028 0.474794
vt 0.573224 0.474794
vt 0.572028 0.475044
vt 0.573224 0.475044
vt 0.653368 0.476855
vt 0.518158 0.476855
vt 0.518158 0.477896
vt 0.653368 0.477896
vt 0.654601 0.477836
vt 0.654490 0.476805
vt 0.655706 0.477494
vt 0.655215 0.476592
vt 0.656516 0.476786
vt 0.655617 0.476253
vt 0.656922 0.475772
vt 0.655854 0.475647
vt 0.657990 0.475898
vt 0.657414 0.477318
vt 0.656197 0.478397
vt 0.654711 0.478866
vt 0.653368 0.478938
vt 0.518158 0.478938
vt 0.517056 0.477824
vt 0.516910 0.478846
vt 0.516135 0.477436
vt 0.515533 0.478266
vt 0.515519 0.476682
vt 0.514551 0.477104
vt 0.515234 0.475683
vt 0.514159 0.475774
vt 0.516309 0.475592
vt 0.516487 0.476259
vt 0.516738 0.476606
vt 0.517202 0.476802
vt 0.195503 0.763823
vt 0.196169 0.764469
vt 0.196169 0.763823
vt 0.196169 0.762101
vt 0.195503 0.762101
vt 0.195503 0.764469
vt 0.195503 0.761455
vt 0.196169 0.761455
vt 0.184253 0.960459
vt 0.181022 0.959922
vt 0.181687 0.960459
vt 0.181022 0.961962
vt 0.181687 0.961962
vt 0.184617 0.960334
vt 0.183960 0.959797
vt 0.183597 0.959922
vt 0.184110 0.959494
vt 0.184767 0.960031
vt 0.184110 0.956530
vt 0.184767 0.956530
vt 0.184110 0.953567
vt 0.184767 0.953030
vt 0.183960 0.953264
vt 0.184617 0.952727
vt 0.183597 0.953138
vt 0.181687 0.952601
vt 0.181022 0.953138
vt 0.184253 0.952601
vt 0.181687 0.951098
vt 0.181022 0.951098
vt 0.181022 0.950452
vt 0.181687 0.950452
vt 0.181687 0.962608
vt 0.181022 0.962608
vt 0.177012 0.925233
vt 0.173781 0.924696
vt 0.174447 0.925233
vt 0.173781 0.926736
vt 0.174447 0.926736
vt 0.176719 0.924570
vt 0.176356 0.924696
vt 0.177376 0.925107
vt 0.176870 0.924267
vt 0.177526 0.924804
vt 0.176870 0.921304
vt 0.177526 0.921304
vt 0.177526 0.917803
vt 0.176870 0.918340
vt 0.176719 0.918037
vt 0.177376 0.917500
vt 0.176356 0.917911
vt 0.177012 0.917374
vt 0.174447 0.917374
vt 0.174447 0.915871
vt 0.173781 0.915871
vt 0.173781 0.917911
vt 0.173781 0.915225
vt 0.174447 0.915225
vt 0.174447 0.927381
vt 0.173781 0.927381
vt 0.188263 0.763823
vt 0.188928 0.764469
vt 0.188928 0.763823
vt 0.188263 0.764469
vt 0.188928 0.762101
vt 0.188263 0.762101
vt 0.188263 0.761455
vt 0.188928 0.761455
vt 0.118420 0.954376
vt 0.118783 0.954376
vt 0.118783 0.950071
vt 0.118420 0.950071
vt 0.115854 0.950071
vt 0.115854 0.954376
vt 0.123095 0.956173
vt 0.123095 0.956476
vt 0.127400 0.956476
vt 0.127400 0.956173
vt 0.127400 0.959976
vt 0.127400 0.963477
vt 0.123095 0.959976
vt 0.123095 0.963477
vt 0.127400 0.963780
vt 0.123095 0.963780
vt 0.062232 0.953770
vt 0.062232 0.953467
vt 0.057927 0.953467
vt 0.057927 0.953770
vt 0.057927 0.956733
vt 0.062232 0.956733
vt 0.057927 0.959696
vt 0.062232 0.959696
vt 0.062232 0.960000
vt 0.057927 0.960000
vt 0.176719 0.763190
vt 0.176356 0.763190
vt 0.176356 0.767496
vt 0.176719 0.767496
vt 0.173781 0.763190
vt 0.173781 0.767496
vt 0.126024 0.950057
vt 0.125660 0.950057
vt 0.125660 0.954362
vt 0.126024 0.954362
vt 0.123095 0.950057
vt 0.123095 0.954362
vt 0.082588 0.953837
vt 0.082224 0.953837
vt 0.082224 0.958142
vt 0.082588 0.958142
vt 0.079650 0.953837
vt 0.079650 0.958142
vt 0.195503 0.764941
vt 0.196169 0.764941
vt 0.196169 0.760982
vt 0.195503 0.760982
vt 0.188263 0.764942
vt 0.188928 0.764942
vt 0.188928 0.760982
vt 0.188263 0.760982
vt 0.087536 0.762075
vt 0.088182 0.766208
vt 0.088182 0.761902
vt 0.089685 0.766208
vt 0.089685 0.761902
vt 0.087063 0.762548
vt 0.087063 0.765562
vt 0.087536 0.766035
vt 0.086890 0.763194
vt 0.086890 0.764916
vt 0.031112 0.964791
vt 0.031585 0.964318
vt 0.031585 0.961304
vt 0.031112 0.960831
vt 0.030466 0.960658
vt 0.030466 0.964964
vt 0.028963 0.960658
vt 0.028963 0.964964
vt 0.031758 0.963672
vt 0.031758 0.961950
vt 0.115854 0.770584
vt 0.117557 0.763957
vt 0.115854 0.763957
vt 0.117557 0.770584
vt 0.117983 0.770229
vt 0.117983 0.764313
vt 0.137576 0.764497
vt 0.139280 0.764497
vt 0.139280 0.760178
vt 0.137576 0.760178
vt 0.115854 0.762147
vt 0.117557 0.762147
vt 0.117557 0.757829
vt 0.115854 0.757829
vt 0.079650 0.981499
vt 0.083968 0.981854
vt 0.083968 0.981499
vt 0.083968 0.975583
vt 0.079650 0.975583
vt 0.079650 0.981854
vt 0.079650 0.975227
vt 0.083968 0.975227
vt 0.050686 0.960000
vt 0.055004 0.960000
vt 0.055004 0.953373
vt 0.050686 0.953373
vt 0.160643 0.936424
vt 0.160418 0.936384
vt 0.159299 0.942732
vt 0.159524 0.942772
vt 0.160159 0.942884
vt 0.161278 0.936536
vt 0.161503 0.936576
vt 0.160383 0.942923
vt 0.160119 0.943108
vt 0.160310 0.943099
vt 0.159484 0.942996
vt 0.159308 0.942923
vt 0.760307 0.880308
vt 0.760291 0.880536
vt 0.766639 0.880536
vt 0.766655 0.880308
vt 0.766880 0.880536
vt 0.766846 0.880350
vt 0.767012 0.880536
vt 0.766880 0.999772
vt 0.766639 0.999772
vt 0.766655 1.000000
vt 0.760291 0.999772
vt 0.766846 0.999958
vt 0.760307 1.000000
vt 0.767012 0.999772
vt 0.905108 0.512309
vt 0.905316 0.512309
vt 0.905333 0.512081
vt 0.905952 0.512309
vt 0.905968 0.512081
vt 0.905157 0.512123
vt 0.906193 0.512309
vt 0.906159 0.512123
vt 0.905952 0.631546
vt 0.906193 0.631546
vt 0.905968 0.631774
vt 0.906159 0.631732
vt 0.905316 0.631546
vt 0.905333 0.631774
vt 0.905108 0.631546
vt 0.905157 0.631732
vt 0.216541 0.823644
vt 0.210193 0.942880
vt 0.216541 0.942880
vt 0.210193 0.823644
vt 0.216557 0.823416
vt 0.210210 0.823416
vt 0.216557 0.943108
vt 0.210210 0.943108
vt 0.209985 0.942880
vt 0.210034 0.943066
vt 0.209985 0.823644
vt 0.210034 0.823458
vt 0.146796 0.785697
vt 0.145042 0.779461
vt 0.146161 0.785809
vt 0.145677 0.779349
vt 0.147021 0.785658
vt 0.145902 0.779310
vt 0.145637 0.779125
vt 0.145002 0.779237
vt 0.144817 0.779501
vt 0.144826 0.779310
vt 0.145937 0.785849
vt 0.145828 0.779134
vt 0.154371 0.760500
vt 0.152058 0.760500
vt 0.152058 0.765261
vt 0.154371 0.765261
vt 0.159727 0.753369
vt 0.159299 0.753369
vt 0.159299 0.758130
vt 0.159727 0.758130
vt 0.173781 0.959817
vt 0.173781 0.961213
vt 0.178542 0.961213
vt 0.178542 0.959817
vt 0.178542 0.962608
vt 0.173781 0.962608
vt 0.191054 0.766752
vt 0.189658 0.766752
vt 0.189658 0.771513
vt 0.191054 0.771513
vt 0.188263 0.771513
vt 0.188263 0.766752
vt 0.176572 0.826048
vt 0.175176 0.826048
vt 0.175176 0.830809
vt 0.176572 0.830809
vt 0.173781 0.830809
vt 0.173781 0.826048
vt 0.178542 0.952074
vt 0.173781 0.952074
vt 0.214285 0.989056
vt 0.213857 0.988663
vt 0.062688 0.967590
vt 0.057927 0.967590
vt 0.057927 0.975184
vt 0.062688 0.975184
vt 0.130336 0.971570
vt 0.135096 0.971570
vt 0.135096 0.959665
vt 0.130336 0.959665
vt 0.214285 0.976759
vt 0.213857 0.976759
vt 0.161612 0.759940
vt 0.159299 0.759940
vt 0.159299 0.764701
vt 0.161612 0.764701
vt 0.174209 0.752170
vt 0.173781 0.752170
vt 0.173781 0.756930
vt 0.174209 0.756930
vt 0.043445 0.957623
vt 0.043445 0.959019
vt 0.048206 0.959019
vt 0.048206 0.957623
vt 0.048206 0.960414
vt 0.043445 0.960414
vt 0.162090 0.948867
vt 0.160695 0.948867
vt 0.160695 0.953628
vt 0.162090 0.953628
vt 0.159299 0.953628
vt 0.159299 0.948867
vt 0.198295 0.766752
vt 0.196899 0.766752
vt 0.196899 0.771513
vt 0.198295 0.771513
vt 0.195503 0.771513
vt 0.195503 0.766752
vt 0.048206 0.949880
vt 0.043445 0.949880
vt 0.141877 0.972631
vt 0.141448 0.972238
vt 0.120615 0.956186
vt 0.115854 0.956186
vt 0.115854 0.963780
vt 0.120615 0.963780
vt 0.202744 0.969689
vt 0.207505 0.969689
vt 0.207505 0.957784
vt 0.202744 0.957784
vt 0.141877 0.960333
vt 0.141448 0.960333
vt 0.197877 0.821606
vt 0.198438 0.821606
vt 0.198438 0.773323
vt 0.197877 0.773323
vt 0.196971 0.821606
vt 0.196971 0.773323
vt 0.196064 0.821606
vt 0.195503 0.821606
vt 0.196064 0.773323
vt 0.195503 0.773323
vt 0.622714 0.573550
vt 0.623668 0.573550
vt 0.623668 0.525266
vt 0.622714 0.525266
vt 0.188263 0.821606
vt 0.188823 0.821606
vt 0.188823 0.773323
vt 0.188263 0.773323
vt 0.189730 0.773323
vt 0.189730 0.821606
vt 0.190636 0.773323
vt 0.190636 0.821606
vt 0.191197 0.773323
vt 0.191197 0.821606
vt 0.615474 0.573262
vt 0.616427 0.573262
vt 0.616427 0.524979
vt 0.615474 0.524979
vt 0.010676 0.994291
vt 0.011758 0.994291
vt 0.011985 0.990178
vt 0.010905 0.990118
vt 0.011936 0.986673
vt 0.010854 0.986687
vt 0.011672 0.983653
vt 0.010593 0.983745
vt 0.011249 0.981040
vt 0.010180 0.981204
vt 0.010725 0.978752
vt 0.009667 0.978975
vt 0.010151 0.976710
vt 0.009103 0.976972
vt 0.009583 0.974834
vt 0.008539 0.975110
vt 0.009073 0.973048
vt 0.008025 0.973311
vt 0.008676 0.971280
vt 0.007617 0.971497
vt 0.008422 0.969528
vt 0.007351 0.969680
vt 0.008320 0.967827
vt 0.007241 0.967902
vt 0.008377 0.966201
vt 0.007297 0.966184
vt 0.008600 0.964678
vt 0.007529 0.964550
vt 0.008992 0.963283
vt 0.007951 0.963020
vt 0.009560 0.962043
vt 0.008576 0.961621
vt 0.010304 0.960982
vt 0.009422 0.960380
vt 0.011227 0.960118
vt 0.010500 0.959337
vt 0.012338 0.959439
vt 0.011796 0.958516
vt 0.013635 0.958916
vt 0.013261 0.957908
vt 0.015087 0.958540
vt 0.014846 0.957488
vt 0.016652 0.958301
vt 0.016508 0.957229
vt 0.018289 0.958183
vt 0.018210 0.957103
vt 0.019956 0.958166
vt 0.019918 0.957085
vt 0.021612 0.958230
vt 0.021597 0.957149
vt 0.023993 0.958393
vt 0.023989 0.957313
vt 0.073472 0.994291
vt 0.074409 0.994291
vt 0.074282 0.990118
vt 0.073345 0.990117
vt 0.072534 0.994291
vt 0.072409 0.990176
vt 0.073577 0.986633
vt 0.072643 0.986565
vt 0.074095 0.983633
vt 0.073177 0.983429
vt 0.074835 0.981033
vt 0.073947 0.980699
vt 0.075735 0.978751
vt 0.074885 0.978303
vt 0.076633 0.978975
vt 0.077615 0.976972
vt 0.076736 0.976703
vt 0.078643 0.975111
vt 0.077780 0.974811
vt 0.075922 0.976173
vt 0.076990 0.974235
vt 0.078808 0.972995
vt 0.078018 0.972416
vt 0.079661 0.973311
vt 0.080612 0.971497
vt 0.079758 0.971181
vt 0.081453 0.969680
vt 0.080597 0.969369
vt 0.078944 0.970649
vt 0.079748 0.968907
vt 0.081316 0.967591
vt 0.080434 0.967206
vt 0.081916 0.965868
vt 0.081002 0.965569
vt 0.082394 0.964220
vt 0.081449 0.964018
vt 0.083244 0.964550
vt 0.083593 0.963021
vt 0.082749 0.962668
vt 0.083813 0.961621
vt 0.082976 0.961234
vt 0.081775 0.962578
vt 0.081978 0.961270
vt 0.083900 0.960380
vt 0.083067 0.959950
vt 0.082770 0.966184
vt 0.082172 0.967902
vt 0.075751 0.981204
vt 0.075025 0.983745
vt 0.074513 0.986687
vt 0.196336 0.972910
vt 0.195503 0.973451
vt 0.195556 0.974529
vt 0.196388 0.974030
vt 0.197349 0.973250
vt 0.197425 0.972456
vt 0.196428 0.972039
vt 0.197403 0.974258
vt 0.196602 0.975369
vt 0.197600 0.975456
vt 0.196999 0.976849
vt 0.197962 0.976782
vt 0.196158 0.977290
vt 0.196766 0.978875
vt 0.197601 0.978417
vt 0.197615 0.980537
vt 0.198515 0.978201
vt 0.198432 0.980039
vt 0.198735 0.982239
vt 0.199518 0.981685
vt 0.199284 0.979684
vt 0.200298 0.981208
vt 0.200887 0.983328
vt 0.201589 0.982747
vt 0.200152 0.983947
vt 0.201895 0.985626
vt 0.202570 0.984942
vt 0.205008 0.988018
vt 0.205610 0.987271
vt 0.203189 0.984272
vt 0.206145 0.986530
vt 0.195765 0.975824
vt 0.039710 0.994291
vt 0.040793 0.994291
vt 0.040566 0.990176
vt 0.039485 0.990235
vt 0.040613 0.986565
vt 0.039531 0.986550
vt 0.040883 0.983429
vt 0.039805 0.983337
vt 0.041320 0.980699
vt 0.040250 0.980535
vt 0.041865 0.978303
vt 0.040807 0.978080
vt 0.042461 0.976173
vt 0.041413 0.975910
vt 0.043048 0.974235
vt 0.042004 0.973958
vt 0.043567 0.972416
vt 0.042519 0.972154
vt 0.043963 0.970649
vt 0.042904 0.970432
vt 0.044216 0.968907
vt 0.043144 0.968755
vt 0.044318 0.967206
vt 0.043238 0.967131
vt 0.044261 0.965569
vt 0.043180 0.965586
vt 0.044036 0.964018
vt 0.042966 0.964146
vt 0.043633 0.962578
vt 0.042592 0.962840
vt 0.043041 0.961270
vt 0.042058 0.961693
vt 0.042248 0.960121
vt 0.041366 0.960722
vt 0.041240 0.959160
vt 0.040513 0.959940
vt 0.040042 0.958414
vt 0.039499 0.959336
vt 0.038715 0.957875
vt 0.038341 0.958883
vt 0.037297 0.957511
vt 0.037056 0.958563
vt 0.035813 0.957289
vt 0.035669 0.958360
vt 0.034289 0.957183
vt 0.034211 0.958262
vt 0.032751 0.957171
vt 0.032713 0.958252
vt 0.031225 0.957233
vt 0.031211 0.958314
vt 0.028968 0.957389
vt 0.028963 0.958469
vt 0.097071 0.994291
vt 0.098009 0.994291
vt 0.098133 0.990235
vt 0.097196 0.990236
vt 0.096134 0.994291
vt 0.096260 0.990178
vt 0.096962 0.986604
vt 0.096028 0.986673
vt 0.096425 0.983450
vt 0.095507 0.983653
vt 0.095652 0.980705
vt 0.094764 0.981040
vt 0.094713 0.978305
vt 0.093862 0.978752
vt 0.095611 0.978080
vt 0.094556 0.975910
vt 0.093677 0.976179
vt 0.093481 0.973958
vt 0.092619 0.974258
vt 0.092863 0.976710
vt 0.091828 0.974834
vt 0.091607 0.972470
vt 0.090818 0.973048
vt 0.092460 0.972154
vt 0.091560 0.970432
vt 0.090706 0.970747
vt 0.090787 0.968755
vt 0.089892 0.971280
vt 0.089931 0.969066
vt 0.090134 0.967131
vt 0.089278 0.967441
vt 0.089083 0.969528
vt 0.088396 0.967827
vt 0.088747 0.965902
vt 0.087833 0.966201
vt 0.089602 0.965586
vt 0.089189 0.964146
vt 0.088340 0.964476
vt 0.088898 0.962840
vt 0.088054 0.963193
vt 0.087395 0.964678
vt 0.087080 0.963283
vt 0.087888 0.962079
vt 0.086890 0.962043
vt 0.088726 0.961693
vt 0.088669 0.960722
vt 0.087837 0.961153
vt 0.096569 0.980535
vt 0.097354 0.983338
vt 0.097898 0.986550
vt 0.213072 0.966125
vt 0.212074 0.966543
vt 0.212126 0.967210
vt 0.213139 0.966869
vt 0.212070 0.968021
vt 0.211293 0.966668
vt 0.211238 0.967522
vt 0.211062 0.968535
vt 0.211900 0.968991
vt 0.213084 0.967793
vt 0.212897 0.968904
vt 0.211577 0.970134
vt 0.212541 0.970201
vt 0.211064 0.971436
vt 0.211978 0.971652
vt 0.210320 0.972864
vt 0.211172 0.973218
vt 0.209504 0.972365
vt 0.208528 0.973824
vt 0.209311 0.974379
vt 0.207267 0.975322
vt 0.208003 0.975940
vt 0.205689 0.976824
vt 0.210091 0.974855
vt 0.206363 0.977508
vt 0.208705 0.976521
vt 0.206982 0.978178
vt 0.203346 0.979817
vt 0.203882 0.980559
vt 0.202744 0.979071
vt 0.210229 0.970978
vt 0.210737 0.969693
vt 0.138920 0.766339
vt 0.138696 0.766300
vt 0.137576 0.772648
vt 0.137801 0.772687
vt 0.138436 0.772799
vt 0.139555 0.766451
vt 0.138397 0.773024
vt 0.138661 0.772839
vt 0.139780 0.766491
vt 0.138587 0.773015
vt 0.137761 0.772912
vt 0.137585 0.772838
vt 0.181038 0.823416
vt 0.181022 0.823644
vt 0.187369 0.823644
vt 0.187386 0.823416
vt 0.187610 0.823644
vt 0.187576 0.823458
vt 0.187369 0.942880
vt 0.187610 0.942880
vt 0.187386 0.943108
vt 0.187576 0.943066
vt 0.181022 0.942880
vt 0.181038 0.943108
vt 0.905108 0.633812
vt 0.905316 0.633812
vt 0.905333 0.633584
vt 0.905108 0.753048
vt 0.905316 0.753048
vt 0.905952 0.753048
vt 0.905952 0.633812
vt 0.905968 0.753276
vt 0.906192 0.633812
vt 0.906192 0.753048
vt 0.905333 0.753276
vt 0.906159 0.753234
vt 0.905157 0.753234
vt 0.906325 0.633812
vt 0.906325 0.753048
vt 0.905968 0.633584
vt 0.906159 0.633626
vt 0.905157 0.633626
vt 0.195520 0.942880
vt 0.201868 0.823644
vt 0.195520 0.823644
vt 0.201868 0.942880
vt 0.195503 0.943108
vt 0.201851 0.943108
vt 0.202076 0.942880
vt 0.202027 0.943066
vt 0.195503 0.823416
vt 0.201851 0.823416
vt 0.202076 0.823644
vt 0.202027 0.823458
vt 0.159524 0.766656
vt 0.159299 0.766695
vt 0.160418 0.773043
vt 0.160643 0.773004
vt 0.161278 0.772892
vt 0.160159 0.766544
vt 0.160682 0.773228
vt 0.160492 0.773219
vt 0.161318 0.773116
vt 0.161503 0.772852
vt 0.161494 0.773043
vt 0.160383 0.766504
vt 0.146161 0.777282
vt 0.145677 0.770822
vt 0.145042 0.770934
vt 0.144817 0.770974
vt 0.145937 0.777322
vt 0.146796 0.777170
vt 0.147021 0.777131
vt 0.145902 0.770783
vt 0.145637 0.770598
vt 0.145828 0.770607
vt 0.145002 0.770710
vt 0.144826 0.770783
vt 0.194835 0.823416
vt 0.188487 0.823416
vt 0.188503 0.823644
vt 0.194851 0.823644
vt 0.194851 0.942880
vt 0.188503 0.942880
vt 0.188487 0.943108
vt 0.194835 0.943108
vt 0.188263 0.942880
vt 0.188296 0.943066
vt 0.188263 0.823644
vt 0.188296 0.823458
vt 0.905316 0.874550
vt 0.905952 0.755314
vt 0.905316 0.755314
vt 0.905108 0.755314
vt 0.905108 0.874550
vt 0.905333 0.874779
vt 0.905952 0.874550
vt 0.906192 0.755314
vt 0.905968 0.755086
vt 0.906192 0.874550
vt 0.905968 0.874779
vt 0.906159 0.874737
vt 0.906325 0.874550
vt 0.906325 0.755314
vt 0.906159 0.755128
vt 0.905333 0.755086
vt 0.905157 0.755128
vt 0.905157 0.874737
vt 0.209300 0.942880
vt 0.202952 0.823644
vt 0.202952 0.942880
vt 0.202969 0.943108
vt 0.209317 0.943108
vt 0.209300 0.823644
vt 0.209317 0.823416
vt 0.202969 0.823416
vt 0.202744 0.823644
vt 0.202793 0.823458
vt 0.202744 0.942880
vt 0.202793 0.943066
vt 0.152283 0.773643
vt 0.152918 0.773755
vt 0.154037 0.767407
vt 0.153402 0.767295
vt 0.153177 0.767255
vt 0.152058 0.773603
vt 0.154262 0.767446
vt 0.154077 0.767182
vt 0.153142 0.773794
vt 0.154253 0.767256
vt 0.153442 0.767070
vt 0.153251 0.767079
vt 0.261318 0.007727
vt 0.260671 0.007727
vt 0.260671 0.149643
vt 0.261318 0.149643
vt 0.260671 0.293369
vt 0.261235 0.293369
vt 0.261235 0.151453
vt 0.260671 0.151453
vt 0.261798 0.151453
vt 0.261798 0.293369
vt 0.912349 1.000000
vt 0.912996 1.000000
vt 0.912996 0.858084
vt 0.912349 0.858084
vt 0.870031 0.714357
vt 0.869467 0.714357
vt 0.869467 0.856274
vt 0.870031 0.856274
vt 0.868904 0.856274
vt 0.868904 0.714357
vt 0.905755 0.368355
vt 0.905108 0.368355
vt 0.905108 0.510271
vt 0.905755 0.510271
vt 0.275153 0.293369
vt 0.275716 0.293369
vt 0.275716 0.151453
vt 0.275153 0.151453
vt 0.276280 0.151453
vt 0.276280 0.293369
vt 0.941312 1.000000
vt 0.941959 1.000000
vt 0.941959 0.858084
vt 0.941312 0.858084
vt 0.870031 0.570631
vt 0.869467 0.712547
vt 0.870031 0.712547
vt 0.869467 0.570631
vt 0.868904 0.712547
vt 0.868904 0.570631
vt 0.956441 0.714357
vt 0.955794 0.714357
vt 0.955794 0.856274
vt 0.956441 0.856274
vt 0.007241 0.293426
vt 0.007804 0.293426
vt 0.007804 0.151510
vt 0.007241 0.151510
vt 0.008368 0.151510
vt 0.008368 0.293426
vt 0.658919 0.149018
vt 0.659565 0.149018
vt 0.659565 0.007102
vt 0.658919 0.007102
vt 0.124222 0.151510
vt 0.123658 0.151510
vt 0.123658 0.293426
vt 0.124222 0.293426
vt 0.123095 0.293426
vt 0.123095 0.151510
vt 0.912996 0.139451
vt 0.912349 0.281368
vt 0.912996 0.281368
vt 0.912349 0.139451
vt 0.224467 0.293369
vt 0.225030 0.293369
vt 0.225030 0.151453
vt 0.224467 0.151453
vt 0.225594 0.151453
vt 0.225594 0.293369
vt 0.905108 0.366545
vt 0.905755 0.366545
vt 0.905755 0.224628
vt 0.905108 0.224628
vt 0.298002 0.151453
vt 0.297439 0.293369
vt 0.298002 0.293369
vt 0.297439 0.151453
vt 0.296875 0.293369
vt 0.296875 0.151453
vt 0.746456 0.011597
vt 0.745809 0.011597
vt 0.745809 0.153513
vt 0.746456 0.153513
vt 0.615474 0.475044
vt 0.616037 0.475044
vt 0.616037 0.333128
vt 0.615474 0.333128
vt 0.616601 0.333128
vt 0.616601 0.475044
vt 0.934072 0.568820
vt 0.934718 0.568820
vt 0.934718 0.426904
vt 0.934072 0.426904
vt 0.812104 0.190844
vt 0.811540 0.190844
vt 0.811540 0.332761
vt 0.812104 0.332761
vt 0.810977 0.332761
vt 0.810977 0.190844
vt 0.985404 0.714357
vt 0.984758 0.714357
vt 0.984758 0.856273
vt 0.985404 0.856273
vt 0.325839 0.293369
vt 0.326402 0.293369
vt 0.326402 0.151453
vt 0.325839 0.151453
vt 0.326966 0.151453
vt 0.326966 0.293369
vt 0.007241 0.149700
vt 0.007888 0.149700
vt 0.007888 0.007783
vt 0.007241 0.007783
vt 0.826585 0.192315
vt 0.826022 0.192315
vt 0.826022 0.334232
vt 0.826585 0.334232
vt 0.825459 0.334232
vt 0.825459 0.192315
vt 0.254077 0.007727
vt 0.253430 0.007727
vt 0.253430 0.149643
vt 0.254077 0.149643
vt 0.079650 0.293426
vt 0.080213 0.293426
vt 0.080213 0.151510
vt 0.079650 0.151510
vt 0.080776 0.151510
vt 0.080776 0.293426
vt 0.919590 0.425094
vt 0.920237 0.425094
vt 0.920237 0.283177
vt 0.919590 0.283177
vt 0.189389 0.230700
vt 0.188826 0.230700
vt 0.188826 0.372616
vt 0.189389 0.372616
vt 0.188263 0.372616
vt 0.188263 0.230700
vt 0.246836 0.007727
vt 0.246189 0.007727
vt 0.246189 0.149643
vt 0.246836 0.149643
vt 0.209985 0.293369
vt 0.210549 0.293369
vt 0.210549 0.151453
vt 0.209985 0.151453
vt 0.211112 0.151453
vt 0.211112 0.293369
vt 0.188263 0.228889
vt 0.188909 0.228889
vt 0.188909 0.086973
vt 0.188263 0.086973
vt 0.030090 0.151510
vt 0.029527 0.151510
vt 0.029527 0.293426
vt 0.030090 0.293426
vt 0.028963 0.293426
vt 0.028963 0.151510
vt 0.826105 0.048589
vt 0.825459 0.048589
vt 0.825459 0.190505
vt 0.826105 0.190505
vt 0.304116 0.293369
vt 0.304680 0.293369
vt 0.304680 0.151453
vt 0.304116 0.151453
vt 0.305243 0.151453
vt 0.305243 0.293369
vt 0.072409 0.149699
vt 0.073055 0.149699
vt 0.073055 0.007783
vt 0.072409 0.007783
vt 0.232835 0.151453
vt 0.232271 0.151453
vt 0.232271 0.293369
vt 0.232835 0.293369
vt 0.231708 0.293369
vt 0.231708 0.151453
vt 0.963682 0.714357
vt 0.963035 0.714357
vt 0.963035 0.856273
vt 0.963682 0.856273
vt 0.579269 0.475044
vt 0.579833 0.475044
vt 0.579833 0.333128
vt 0.579269 0.333128
vt 0.580396 0.333128
vt 0.580396 0.475044
vt 0.905108 0.222818
vt 0.905755 0.222818
vt 0.905755 0.080902
vt 0.905108 0.080902
vt 0.594878 0.333128
vt 0.594314 0.475044
vt 0.594878 0.475044
vt 0.594314 0.333128
vt 0.593751 0.475044
vt 0.593751 0.333128
vt 0.695770 0.007102
vt 0.695123 0.007102
vt 0.695123 0.149018
vt 0.695770 0.149018
vt 0.868904 1.000000
vt 0.869467 1.000000
vt 0.869467 0.858084
vt 0.868904 0.858084
vt 0.870031 0.858084
vt 0.870031 1.000000
vt 0.970276 0.712547
vt 0.970923 0.712547
vt 0.970923 0.570631
vt 0.970276 0.570631
vt 0.848308 0.193525
vt 0.847745 0.193525
vt 0.847745 0.335441
vt 0.848308 0.335441
vt 0.847181 0.335441
vt 0.847181 0.193525
vt 0.992645 0.139452
vt 0.991999 0.139452
vt 0.991999 0.281368
vt 0.992645 0.281368
vt 0.267912 0.293369
vt 0.268475 0.293369
vt 0.268475 0.151453
vt 0.267912 0.151453
vt 0.269039 0.151453
vt 0.269039 0.293369
vt 0.926831 0.712547
vt 0.927478 0.712547
vt 0.927478 0.570631
vt 0.926831 0.570631
vt 0.841067 0.193525
vt 0.840504 0.193525
vt 0.840504 0.335441
vt 0.841067 0.335441
vt 0.839940 0.335441
vt 0.839940 0.193525
vt 0.804383 0.083804
vt 0.803736 0.083804
vt 0.803736 0.225720
vt 0.804383 0.225720
vt 0.195503 0.516342
vt 0.196067 0.516342
vt 0.196067 0.374426
vt 0.195503 0.374426
vt 0.196630 0.374426
vt 0.196630 0.516342
vt 0.934072 1.000000
vt 0.934718 1.000000
vt 0.934718 0.858084
vt 0.934072 0.858084
vt 0.833826 0.164826
vt 0.833263 0.164826
vt 0.833263 0.306742
vt 0.833826 0.306742
vt 0.832700 0.306742
vt 0.832700 0.164826
vt 0.724733 0.009916
vt 0.724087 0.009916
vt 0.724087 0.151832
vt 0.724733 0.151832
vt 0.036204 0.293426
vt 0.036768 0.293426
vt 0.036768 0.151510
vt 0.036204 0.151510
vt 0.037331 0.151510
vt 0.037331 0.293426
vt 0.991999 1.000000
vt 0.992645 0.858084
vt 0.991999 0.858084
vt 0.992645 1.000000
vt 0.254557 0.151453
vt 0.253994 0.293369
vt 0.254557 0.293369
vt 0.253994 0.151453
vt 0.253430 0.151453
vt 0.253430 0.293369
vt 0.970923 0.714357
vt 0.970276 0.714357
vt 0.970276 0.856273
vt 0.970923 0.856273
vt 0.333080 0.293369
vt 0.333643 0.293369
vt 0.333643 0.151453
vt 0.333080 0.151453
vt 0.334207 0.151453
vt 0.334207 0.293369
vt 0.854422 0.194134
vt 0.855069 0.052218
vt 0.854422 0.052218
vt 0.855069 0.194134
vt 0.602119 0.333128
vt 0.601555 0.475044
vt 0.602119 0.475044
vt 0.601555 0.333128
vt 0.600992 0.333128
vt 0.600992 0.475044
vt 0.978163 0.139451
vt 0.977517 0.139451
vt 0.977517 0.281368
vt 0.978163 0.281368
vt 0.021723 0.293426
vt 0.022286 0.151510
vt 0.021723 0.151510
vt 0.022286 0.293426
vt 0.022849 0.151510
vt 0.022849 0.293426
vt 0.926831 1.000000
vt 0.927478 0.858084
vt 0.926831 0.858084
vt 0.927478 1.000000
vt 0.587637 0.333128
vt 0.587074 0.475044
vt 0.587637 0.475044
vt 0.587074 0.333128
vt 0.586510 0.475044
vt 0.586510 0.333128
vt 0.839940 0.778077
vt 0.840671 0.557965
vt 0.839940 0.557965
vt 0.840671 0.778077
vt 0.832700 1.000000
vt 0.833362 0.779887
vt 0.832700 0.779887
vt 0.833362 1.000000
vt 0.834025 0.779887
vt 0.834025 1.000000
vt 0.847181 1.000000
vt 0.847912 0.779887
vt 0.847181 0.779887
vt 0.847912 1.000000
vt 0.818218 0.778077
vt 0.818881 0.778077
vt 0.818881 0.557965
vt 0.818218 0.557965
vt 0.819543 0.557965
vt 0.819543 0.778077
vt 0.774773 0.369731
vt 0.775504 0.149618
vt 0.774773 0.149618
vt 0.775504 0.369731
vt 0.825459 0.778077
vt 0.826121 0.557965
vt 0.825459 0.557965
vt 0.826121 0.778077
vt 0.826784 0.557965
vt 0.826784 0.778077
vt 0.839940 1.000000
vt 0.840671 1.000000
vt 0.840671 0.779887
vt 0.839940 0.779887
vt 0.825459 1.000000
vt 0.826121 1.000000
vt 0.826121 0.779887
vt 0.825459 0.779887
vt 0.826784 0.779887
vt 0.826784 1.000000
vt 0.985404 0.139451
vt 0.984758 0.281368
vt 0.985404 0.281368
vt 0.984758 0.139451
vt 0.094131 0.293426
vt 0.094695 0.151510
vt 0.094131 0.151510
vt 0.094695 0.293426
vt 0.095258 0.151510
vt 0.095258 0.293426
vt 0.209985 0.149643
vt 0.210632 0.149643
vt 0.210632 0.007726
vt 0.209985 0.007726
vt 0.116981 0.151510
vt 0.116417 0.293426
vt 0.116981 0.293426
vt 0.116417 0.151510
vt 0.115854 0.293426
vt 0.115854 0.151510
vt 0.970923 0.139451
vt 0.970276 0.281368
vt 0.970923 0.281368
vt 0.970276 0.139451
vt 0.181022 0.294995
vt 0.181585 0.153079
vt 0.181022 0.153079
vt 0.181585 0.294995
vt 0.182148 0.294995
vt 0.182148 0.153079
vt 0.043445 0.149700
vt 0.044092 0.149700
vt 0.044092 0.007783
vt 0.043445 0.007783
vt 0.102499 0.151510
vt 0.101936 0.293426
vt 0.102499 0.293426
vt 0.101936 0.151510
vt 0.101372 0.293426
vt 0.101372 0.151510
vt 0.688529 0.007102
vt 0.687882 0.007102
vt 0.687882 0.149018
vt 0.688529 0.149018
vt 0.057927 0.293426
vt 0.058490 0.293426
vt 0.058490 0.151510
vt 0.057927 0.151510
vt 0.059054 0.151510
vt 0.059054 0.293426
vt 0.839940 0.191715
vt 0.840587 0.049799
vt 0.839940 0.049799
vt 0.840587 0.191715
vt 0.066295 0.151510
vt 0.065731 0.293426
vt 0.066295 0.293426
vt 0.065731 0.151510
vt 0.065168 0.151510
vt 0.065168 0.293426
vt 0.999886 0.858084
vt 0.999239 0.858084
vt 0.999239 1.000000
vt 0.999886 1.000000
vt 0.861663 0.779287
vt 0.862226 0.637370
vt 0.861663 0.637370
vt 0.862226 0.779287
vt 0.862790 0.779287
vt 0.862790 0.637370
vt 0.919590 0.712547
vt 0.920237 0.712547
vt 0.920237 0.570631
vt 0.919590 0.570631
vt 0.051813 0.151510
vt 0.051250 0.151510
vt 0.051250 0.293426
vt 0.051813 0.293426
vt 0.050686 0.293426
vt 0.050686 0.151510
vt 0.239595 0.007727
vt 0.238949 0.007727
vt 0.238949 0.149643
vt 0.239595 0.149643
vt 0.861663 0.635560
vt 0.862226 0.635560
vt 0.862226 0.493644
vt 0.861663 0.493644
vt 0.862790 0.493644
vt 0.862790 0.635560
vt 0.919590 0.568820
vt 0.920237 0.568820
vt 0.920237 0.426904
vt 0.919590 0.426904
vt 0.819345 0.192316
vt 0.818781 0.334232
vt 0.819345 0.334232
vt 0.818781 0.192316
vt 0.818218 0.334232
vt 0.818218 0.192316
vt 0.978163 0.283178
vt 0.977517 0.283178
vt 0.977517 0.425094
vt 0.978163 0.425094
vt 0.347562 0.293369
vt 0.348125 0.293369
vt 0.348125 0.151453
vt 0.347562 0.151453
vt 0.348688 0.151453
vt 0.348688 0.293369
vt 0.934072 0.712547
vt 0.934718 0.570631
vt 0.934072 0.570631
vt 0.934718 0.712547
vt 0.196630 0.230700
vt 0.196067 0.372616
vt 0.196630 0.372616
vt 0.196067 0.230700
vt 0.195503 0.372616
vt 0.195503 0.230700
vt 0.992645 0.570631
vt 0.991999 0.570631
vt 0.991999 0.712547
vt 0.992645 0.712547
vt 0.086890 0.293426
vt 0.087454 0.293426
vt 0.087454 0.151510
vt 0.086890 0.151510
vt 0.088017 0.151510
vt 0.088017 0.293426
vt 0.152058 0.291945
vt 0.152705 0.150029
vt 0.152058 0.150029
vt 0.152705 0.291945
vt 0.145944 0.151226
vt 0.145381 0.151226
vt 0.145381 0.293142
vt 0.145944 0.293142
vt 0.144817 0.293142
vt 0.144817 0.151226
vt 0.768178 0.577780
vt 0.767532 0.719696
vt 0.768178 0.719696
vt 0.767532 0.577780
vt 0.861663 0.491834
vt 0.862226 0.349918
vt 0.861663 0.349918
vt 0.862226 0.491834
vt 0.862790 0.491834
vt 0.862790 0.349918
vt 0.926831 0.568820
vt 0.927478 0.568820
vt 0.927478 0.426904
vt 0.926831 0.426904
vt 0.355929 0.151453
vt 0.355366 0.151453
vt 0.355366 0.293369
vt 0.355929 0.293369
vt 0.354802 0.293369
vt 0.354802 0.151453
vt 0.681288 0.007102
vt 0.680641 0.007102
vt 0.680641 0.149018
vt 0.681288 0.149018
vt 0.130336 0.293426
vt 0.130899 0.293426
vt 0.130899 0.151510
vt 0.130336 0.151510
vt 0.131462 0.151510
vt 0.131462 0.293426
vt 0.709605 0.150638
vt 0.710251 0.150638
vt 0.710251 0.008722
vt 0.709605 0.008722
vt 0.138703 0.151510
vt 0.138140 0.293426
vt 0.138703 0.293426
vt 0.138140 0.151510
vt 0.137576 0.293426
vt 0.137576 0.151510
vt 0.963682 0.139451
vt 0.963035 0.281367
vt 0.963682 0.281367
vt 0.963035 0.139451
vt 0.202744 0.293369
vt 0.203308 0.151453
vt 0.202744 0.151453
vt 0.203308 0.293369
vt 0.203871 0.151453
vt 0.203871 0.293369
vt 0.991999 0.425094
vt 0.992645 0.283178
vt 0.991999 0.283178
vt 0.992645 0.425094
vt 0.109740 0.151510
vt 0.109176 0.151510
vt 0.109176 0.293426
vt 0.109740 0.293426
vt 0.108613 0.293426
vt 0.108613 0.151510
vt 0.985404 0.426904
vt 0.984758 0.568820
vt 0.985404 0.568820
vt 0.984758 0.426904
vt 0.311357 0.293369
vt 0.311921 0.151453
vt 0.311357 0.151453
vt 0.311921 0.293369
vt 0.312484 0.151453
vt 0.312484 0.293369
vt 0.231708 0.149643
vt 0.232354 0.149643
vt 0.232354 0.007726
vt 0.231708 0.007726
vt 0.218353 0.151453
vt 0.217789 0.151453
vt 0.217789 0.293369
vt 0.218353 0.293369
vt 0.217226 0.293369
vt 0.217226 0.151453
vt 0.970923 0.283178
vt 0.970276 0.425094
vt 0.970923 0.425094
vt 0.970276 0.283178
vt 0.173781 0.294941
vt 0.174344 0.153025
vt 0.173781 0.153025
vt 0.174344 0.294941
vt 0.174908 0.153025
vt 0.174908 0.294941
vt 0.224467 0.149643
vt 0.225113 0.149643
vt 0.225113 0.007726
vt 0.224467 0.007726
vt 0.319725 0.151453
vt 0.319162 0.151453
vt 0.319162 0.293369
vt 0.319725 0.293369
vt 0.318598 0.293369
vt 0.318598 0.151453
vt 0.789254 0.369731
vt 0.789985 0.149619
vt 0.789254 0.149619
vt 0.789985 0.369731
vt 0.818218 1.000000
vt 0.818880 1.000000
vt 0.818880 0.779887
vt 0.818218 0.779887
vt 0.819543 0.779887
vt 0.819543 1.000000
vt 0.847181 0.778077
vt 0.847912 0.778077
vt 0.847912 0.557965
vt 0.847181 0.557965
vt 0.825459 0.556154
vt 0.826121 0.556154
vt 0.826121 0.336042
vt 0.825459 0.336042
vt 0.826784 0.336042
vt 0.826784 0.556154
vt 0.999880 0.776379
vt 0.999880 0.776023
vt 0.999239 0.775734
vt 0.999239 0.776088
vt 0.999239 0.792015
vt 0.999880 0.791723
vt 0.999880 0.792080
vt 0.999239 0.792368
vt 0.999239 0.742111
vt 0.999880 0.742226
vt 0.999880 0.741872
vt 0.999239 0.742467
vt 0.999880 0.755198
vt 0.999239 0.754956
vt 0.999880 0.755551
vt 0.999239 0.755313
vt 0.129351 0.978443
vt 0.128262 0.980442
vt 0.128410 0.980796
vt 0.129204 0.978086
vt 0.128410 0.991433
vt 0.129351 0.993786
vt 0.129204 0.994143
vt 0.128262 0.991787
vt 0.128847 0.994291
vt 0.116358 0.994291
vt 0.127903 0.991934
vt 0.117302 0.991934
vt 0.116002 0.994143
vt 0.116944 0.991787
vt 0.115854 0.993786
vt 0.116795 0.991433
vt 0.116795 0.980796
vt 0.116002 0.978086
vt 0.116944 0.980442
vt 0.115854 0.978443
vt 0.116358 0.977938
vt 0.117302 0.980295
vt 0.128847 0.977938
vt 0.127903 0.980295
vt 0.999880 0.727006
vt 0.999880 0.726649
vt 0.999239 0.726411
vt 0.999239 0.726764
vt 0.999239 0.739736
vt 0.999880 0.739494
vt 0.999880 0.739851
vt 0.999239 0.740090
vt 0.999239 0.773312
vt 0.999239 0.773669
vt 0.999880 0.773958
vt 0.999880 0.773604
vt 0.999239 0.757968
vt 0.999880 0.757677
vt 0.999239 0.757612
vt 0.999880 0.757323
vt 0.051804 0.758665
vt 0.051631 0.758182
vt 0.051631 0.758526
vt 0.051803 0.758323
vt 0.051631 0.768371
vt 0.051804 0.768269
vt 0.051803 0.768584
vt 0.051631 0.768714
vt 0.050686 0.768749
vt 0.050686 0.769107
vt 0.050686 0.758147
vt 0.050686 0.757789
vt 0.145935 0.768298
vt 0.145935 0.767956
vt 0.145762 0.768095
vt 0.145762 0.768435
vt 0.144817 0.768444
vt 0.144817 0.768799
vt 0.145762 0.758157
vt 0.144817 0.757808
vt 0.145762 0.757817
vt 0.145935 0.758292
vt 0.144817 0.757453
vt 0.145935 0.757953
vt 0.057927 0.768226
vt 0.057927 0.768567
vt 0.058100 0.768709
vt 0.058100 0.758520
vt 0.058100 0.768365
vt 0.057927 0.758663
vt 0.059044 0.769101
vt 0.059044 0.768743
vt 0.059044 0.758142
vt 0.058100 0.758176
vt 0.059044 0.757784
vt 0.057927 0.758319
vt 0.181022 0.758891
vt 0.181194 0.759093
vt 0.181195 0.758753
vt 0.181022 0.759232
vt 0.181022 0.768856
vt 0.181194 0.769031
vt 0.181195 0.769371
vt 0.181022 0.769223
vt 0.182139 0.769735
vt 0.182139 0.769381
vt 0.182139 0.758744
vt 0.182139 0.758390
vt 0.992645 0.426904
vt 0.991999 0.426904
vt 0.991999 0.568821
vt 0.992645 0.568821
vt 0.362043 0.293467
vt 0.362607 0.293467
vt 0.362607 0.151551
vt 0.362043 0.151551
vt 0.363170 0.151551
vt 0.363170 0.293467
vt 0.977517 0.856273
vt 0.978163 0.714357
vt 0.977517 0.714357
vt 0.978163 0.856273
vt 0.341447 0.151453
vt 0.340884 0.293369
vt 0.341447 0.293369
vt 0.340884 0.151453
vt 0.340321 0.151453
vt 0.340321 0.293369
vt 0.283040 0.007727
vt 0.282394 0.007727
vt 0.282394 0.149643
vt 0.283040 0.149643
vt 0.246189 0.293369
vt 0.246753 0.151453
vt 0.246189 0.151453
vt 0.246753 0.293369
vt 0.247316 0.293369
vt 0.247316 0.151453
vt 0.977517 0.712547
vt 0.978163 0.712547
vt 0.978163 0.570631
vt 0.977517 0.570631
vt 0.044572 0.151510
vt 0.044009 0.151510
vt 0.044009 0.293426
vt 0.044572 0.293426
vt 0.043445 0.293426
vt 0.043445 0.151510
vt 0.124637 0.764469
vt 0.124927 0.763134
vt 0.124637 0.763025
vt 0.123095 0.763025
vt 0.123095 0.764469
vt 0.124637 0.766804
vt 0.124927 0.764536
vt 0.124637 0.769140
vt 0.124927 0.766804
vt 0.123095 0.766804
vt 0.124927 0.769073
vt 0.124637 0.770584
vt 0.124927 0.770475
vt 0.123095 0.769140
vt 0.123095 0.770584
vt 0.146360 0.952283
vt 0.146649 0.949862
vt 0.146360 0.949827
vt 0.144817 0.949827
vt 0.146649 0.952247
vt 0.144817 0.952283
vt 0.130625 0.763025
vt 0.130336 0.764536
vt 0.130625 0.764469
vt 0.132167 0.764469
vt 0.132167 0.763025
vt 0.130336 0.763134
vt 0.130336 0.766805
vt 0.130625 0.766805
vt 0.130336 0.769073
vt 0.132167 0.766805
vt 0.132167 0.769141
vt 0.130625 0.769141
vt 0.132167 0.770584
vt 0.130625 0.770584
vt 0.130336 0.770475
vt 0.152348 0.949821
vt 0.153890 0.952277
vt 0.153890 0.949821
vt 0.152348 0.952277
vt 0.152058 0.949857
vt 0.152058 0.952242
vt 0.102860 0.773535
vt 0.102860 0.773203
vt 0.101372 0.773203
vt 0.101372 0.773535
vt 0.101372 0.785510
vt 0.102860 0.785510
vt 0.102860 0.785842
vt 0.101372 0.785842
vt 0.159299 0.775038
vt 0.159299 0.775343
vt 0.160787 0.775343
vt 0.160787 0.775038
vt 0.159299 0.785741
vt 0.160787 0.785741
vt 0.160787 0.786046
vt 0.159299 0.786046
vt 0.094131 0.773203
vt 0.094131 0.773535
vt 0.095619 0.773535
vt 0.095619 0.773203
vt 0.094131 0.785510
vt 0.095619 0.785510
vt 0.094131 0.785842
vt 0.095619 0.785842
vt 0.139064 0.775139
vt 0.139064 0.774834
vt 0.137576 0.774834
vt 0.137576 0.775139
vt 0.139064 0.785537
vt 0.137576 0.785537
vt 0.139064 0.785842
vt 0.137576 0.785842
vt 0.115854 0.975659
vt 0.115980 0.975991
vt 0.116178 0.975776
vt 0.116052 0.975444
vt 0.116052 0.966274
vt 0.115854 0.966059
vt 0.115980 0.965728
vt 0.116178 0.965942
vt 0.116286 0.965590
vt 0.124253 0.965805
vt 0.116483 0.965805
vt 0.124451 0.965590
vt 0.116483 0.975913
vt 0.116285 0.976128
vt 0.124451 0.976128
vt 0.124253 0.975913
vt 0.124559 0.975776
vt 0.124756 0.975991
vt 0.124685 0.975444
vt 0.124559 0.965942
vt 0.124883 0.966059
vt 0.124685 0.966274
vt 0.124883 0.975659
vt 0.124756 0.965728
vt 0.211302 0.777704
vt 0.211302 0.777372
vt 0.211104 0.777283
vt 0.211104 0.777615
vt 0.211104 0.787393
vt 0.211302 0.787304
vt 0.211302 0.787635
vt 0.211104 0.787724
vt 0.209985 0.787393
vt 0.209985 0.777615
vt 0.209985 0.787724
vt 0.209985 0.777283
vt 0.008557 0.770033
vt 0.008557 0.769728
vt 0.008360 0.769810
vt 0.008360 0.770115
vt 0.007241 0.769810
vt 0.007241 0.770115
vt 0.007241 0.761480
vt 0.007241 0.761175
vt 0.008360 0.761480
vt 0.008557 0.761562
vt 0.008360 0.761175
vt 0.008557 0.761257
vt 0.014482 0.769728
vt 0.014482 0.770033
vt 0.014679 0.770115
vt 0.014679 0.769810
vt 0.014679 0.761480
vt 0.014482 0.761562
vt 0.014482 0.761257
vt 0.014679 0.761175
vt 0.015798 0.761480
vt 0.015798 0.769810
vt 0.015798 0.761175
vt 0.015798 0.770115
vt 0.202744 0.787304
vt 0.202744 0.787636
vt 0.202942 0.787725
vt 0.202942 0.787393
vt 0.202942 0.777615
vt 0.202744 0.777704
vt 0.202744 0.777373
vt 0.202942 0.777284
vt 0.204061 0.777615
vt 0.204061 0.777284
vt 0.204061 0.787393
vt 0.204061 0.787725
vt 0.159731 0.977866
vt 0.170128 0.977866
vt 0.169094 0.976767
vt 0.160765 0.976767
vt 0.159425 0.977728
vt 0.159299 0.977397
vt 0.160460 0.976630
vt 0.160333 0.976298
vt 0.159299 0.965422
vt 0.160333 0.966520
vt 0.159425 0.965090
vt 0.160460 0.966189
vt 0.159731 0.964953
vt 0.160765 0.966051
vt 0.170128 0.964953
vt 0.169094 0.966051
vt 0.170433 0.965090
vt 0.169399 0.966189
vt 0.170560 0.965422
vt 0.169526 0.966520
vt 0.170560 0.977397
vt 0.169526 0.976298
vt 0.170433 0.977728
vt 0.169399 0.976630
vt 0.782013 0.369731
vt 0.782744 0.149618
vt 0.782013 0.149618
vt 0.782744 0.369731
vt 0.810977 0.554683
vt 0.811640 0.554683
vt 0.811640 0.334571
vt 0.810977 0.334571
vt 0.812302 0.334571
vt 0.812302 0.554683
vt 0.796495 0.369731
vt 0.797226 0.369731
vt 0.797226 0.149619
vt 0.796495 0.149619
vt 0.818218 0.556154
vt 0.818880 0.336042
vt 0.818218 0.336042
vt 0.818880 0.556154
vt 0.819543 0.336042
vt 0.819543 0.556154
vt 0.920237 0.858084
vt 0.919590 0.858084
vt 0.919590 1.000000
vt 0.920237 1.000000
vt 0.608233 0.475044
vt 0.608796 0.475044
vt 0.608796 0.333128
vt 0.608233 0.333128
vt 0.609360 0.333128
vt 0.609360 0.475044
vt 0.934072 0.856274
vt 0.934718 0.714357
vt 0.934072 0.714357
vt 0.934718 0.856274
vt 0.855549 0.195944
vt 0.854986 0.195944
vt 0.854986 0.337860
vt 0.855549 0.337860
vt 0.854422 0.337860
vt 0.854422 0.195944
vt 0.963682 0.570631
vt 0.963035 0.712547
vt 0.963682 0.712547
vt 0.963035 0.570631
vt 0.861663 0.348107
vt 0.862226 0.348107
vt 0.862226 0.206191
vt 0.861663 0.206191
vt 0.862790 0.206191
vt 0.862790 0.348107
vt 0.014482 0.149700
vt 0.015128 0.007783
vt 0.014482 0.007783
vt 0.015128 0.149700
vt 0.804863 0.227530
vt 0.804299 0.369447
vt 0.804863 0.369447
vt 0.804299 0.227530
vt 0.803736 0.369447
vt 0.803736 0.227530
vt 0.963682 0.858084
vt 0.963035 0.858084
vt 0.963035 1.000000
vt 0.963682 1.000000
vt 0.188263 0.516342
vt 0.188826 0.516342
vt 0.188826 0.374426
vt 0.188263 0.374426
vt 0.189389 0.374426
vt 0.189389 0.516342
vt 0.050686 0.149700
vt 0.051333 0.149700
vt 0.051333 0.007783
vt 0.050686 0.007783
vt 0.001127 0.151510
vt 0.000564 0.151510
vt 0.000564 0.293426
vt 0.001127 0.293426
vt 0.000000 0.293426
vt 0.000000 0.151510
vt 0.956441 0.139452
vt 0.955794 0.281368
vt 0.956441 0.281368
vt 0.955794 0.139452
vt 0.166540 0.294960
vt 0.167103 0.294960
vt 0.167103 0.153044
vt 0.166540 0.153044
vt 0.167667 0.153044
vt 0.167667 0.294960
vt 0.036204 0.149700
vt 0.036851 0.007783
vt 0.036204 0.007783
vt 0.036851 0.149700
vt 0.804863 0.634123
vt 0.804299 0.776039
vt 0.804863 0.776039
vt 0.804299 0.634123
vt 0.803736 0.776039
vt 0.803736 0.634123
vt 0.326486 0.007727
vt 0.325839 0.007727
vt 0.325839 0.149643
vt 0.326486 0.149643
vt 0.014482 0.293426
vt 0.015045 0.151510
vt 0.014482 0.151510
vt 0.015045 0.293426
vt 0.015609 0.151510
vt 0.015609 0.293426
vt 0.955794 0.712547
vt 0.956441 0.570631
vt 0.955794 0.570631
vt 0.956441 0.712547
vt 0.290761 0.151453
vt 0.290198 0.293369
vt 0.290761 0.293369
vt 0.290198 0.151453
vt 0.289635 0.151453
vt 0.289635 0.293369
vt 0.319245 0.007727
vt 0.318598 0.007727
vt 0.318598 0.149643
vt 0.319245 0.149643
vt 0.072409 0.293426
vt 0.072972 0.293426
vt 0.072972 0.151510
vt 0.072409 0.151510
vt 0.073535 0.151510
vt 0.073535 0.293426
vt 0.941312 0.712547
vt 0.941959 0.570631
vt 0.941312 0.570631
vt 0.941959 0.712547
vt 0.072409 0.960413
vt 0.072409 0.964714
vt 0.076018 0.964714
vt 0.076018 0.967371
vt 0.072409 0.967371
vt 0.076018 0.960413
vt 0.072409 0.956113
vt 0.072409 0.953455
vt 0.076018 0.956113
vt 0.076018 0.953455
vt 0.148426 0.958615
vt 0.148426 0.954093
vt 0.144817 0.954093
vt 0.144817 0.958615
vt 0.007241 0.771925
vt 0.007241 0.774583
vt 0.010850 0.774583
vt 0.010850 0.771925
vt 0.010850 0.778883
vt 0.007241 0.778883
vt 0.010850 0.783184
vt 0.007241 0.783184
vt 0.010850 0.785842
vt 0.007241 0.785842
vt 0.188263 0.950453
vt 0.188263 0.954975
vt 0.191872 0.954975
vt 0.191872 0.950453
vt 0.209985 0.961659
vt 0.209985 0.964317
vt 0.213594 0.964317
vt 0.213594 0.961659
vt 0.209985 0.957358
vt 0.209985 0.953058
vt 0.213594 0.957358
vt 0.213594 0.953058
vt 0.209985 0.950400
vt 0.213594 0.950400
vt 0.155667 0.958609
vt 0.155667 0.954087
vt 0.152058 0.954087
vt 0.152058 0.958609
vt 0.028963 0.966774
vt 0.032573 0.969432
vt 0.032573 0.966774
vt 0.028963 0.969432
vt 0.032573 0.973732
vt 0.028963 0.973732
vt 0.032573 0.978033
vt 0.028963 0.978033
vt 0.032573 0.980691
vt 0.028963 0.980691
vt 0.166540 0.951667
vt 0.170149 0.956189
vt 0.170149 0.951667
vt 0.166540 0.956189
vt 0.233539 1.000000
vt 0.228531 0.996628
vt 0.228531 1.000000
vt 0.005944 0.996628
vt 0.005944 1.000000
vt 0.000936 1.000000
vt 0.005417 0.996409
vt 0.000000 1.000000
vt 0.005944 0.995883
vt 0.006471 0.996101
vt 0.228004 0.996101
vt 0.229057 0.996409
vt 0.228531 0.995883
vt 0.234475 1.000000
vt 0.005144 0.520283
vt 0.005144 0.518152
vt 0.002131 0.518152
vt 0.199878 0.520283
vt 0.199878 0.518152
vt 0.202008 0.520283
vt 0.201617 0.518544
vt 0.199878 0.736844
vt 0.202008 0.736844
vt 0.199878 0.738974
vt 0.201617 0.738583
vt 0.005144 0.736844
vt 0.005144 0.738974
vt 0.002131 0.736844
vt 0.002131 0.738974
vt 0.000000 0.736844
vt 0.000392 0.738583
vt 0.002131 0.520283
vt 0.000000 0.520283
vt 0.000392 0.518544
vt 0.000000 0.297367
vt 0.002131 0.297367
vt 0.002131 0.295236
vt 0.142480 0.297367
vt 0.000000 0.513927
vt 0.002131 0.513927
vt 0.142480 0.513927
vt 0.142480 0.516058
vt 0.002131 0.516058
vt 0.000392 0.515666
vt 0.145646 0.516058
vt 0.145646 0.513927
vt 0.146582 0.514005
vt 0.146582 0.516355
vt 0.146582 0.297290
vt 0.145646 0.297367
vt 0.146582 0.294940
vt 0.142480 0.295236
vt 0.145646 0.295236
vt 0.000392 0.295628
vt 0.617604 0.781309
vt 0.615474 0.779178
vt 0.615474 1.000000
vt 0.617604 0.997869
vt 0.754941 0.997869
vt 0.757071 0.781309
vt 0.754941 0.781309
vt 0.757071 0.997869
vt 0.754941 1.000000
vt 0.756680 0.999608
vt 0.754941 0.779178
vt 0.756680 0.779570
vt 0.163401 0.295091
vt 0.160235 0.515030
vt 0.163401 0.515030
vt 0.160235 0.295091
vt 0.160235 0.294155
vt 0.163401 0.294155
vt 0.159299 0.294703
vt 0.159299 0.293767
vt 0.159299 0.515418
vt 0.160235 0.515966
vt 0.159299 0.516354
vt 0.163401 0.515966
vt 0.449870 0.944531
vt 0.448934 0.947179
vt 0.449870 0.947179
vt 0.448934 0.944531
vt 0.607952 0.944531
vt 0.607952 0.743410
vt 0.449870 0.743410
vt 0.448934 0.743487
vt 0.449870 0.741279
vt 0.448934 0.741576
vt 0.607952 0.741279
vt 0.608888 0.741576
vt 0.608888 0.743487
vt 0.608888 0.944531
vt 0.607952 0.947179
vt 0.608888 0.947179
vt 0.607952 0.995883
vt 0.449870 0.995883
vt 0.448934 1.000000
vt 0.448934 0.995883
vt 0.449870 1.000000
vt 0.607952 1.000000
vt 0.608888 0.995883
vt 0.608888 1.000000
vt 0.607952 0.735352
vt 0.608888 0.686648
vt 0.607952 0.686648
vt 0.449870 0.735352
vt 0.608888 0.684000
vt 0.607952 0.684000
vt 0.449870 0.686648
vt 0.449870 0.684000
vt 0.448934 0.686648
vt 0.448934 0.735352
vt 0.448934 0.684000
vt 0.449870 0.482879
vt 0.448934 0.482956
vt 0.607952 0.482879
vt 0.449870 0.480748
vt 0.607952 0.480748
vt 0.448934 0.481045
vt 0.608888 0.481045
vt 0.608888 0.482956
vt 0.448934 0.739469
vt 0.449870 0.739469
vt 0.607952 0.739469
vt 0.608888 0.739469
vt 0.608888 0.735352
vt 0.006530 0.747370
vt 0.005813 0.746653
vt 0.008880 0.746396
vt 0.008694 0.745460
vt 0.225595 0.746396
vt 0.227945 0.747370
vt 0.225781 0.745460
vt 0.232967 0.742292
vt 0.231586 0.741720
vt 0.002889 0.741720
vt 0.228661 0.746653
vt 0.233683 0.741576
vt 0.231772 0.740784
vt 0.002702 0.740784
vt 0.000792 0.741576
vt 0.001508 0.742292
vt 0.202744 0.528368
vt 0.203680 0.526534
vt 0.202744 0.526457
vt 0.203680 0.528665
vt 0.361763 0.528665
vt 0.362699 0.526457
vt 0.362699 0.528368
vt 0.361763 0.526534
vt 0.362699 0.297387
vt 0.361763 0.297310
vt 0.362699 0.295476
vt 0.361763 0.295179
vt 0.203680 0.295179
vt 0.202744 0.295476
vt 0.202744 0.297387
vt 0.203680 0.297310
vt 0.768585 0.147901
vt 0.768058 0.147901
vt 0.768058 0.368998
vt 0.767532 0.369216
vt 0.768058 0.147374
vt 0.767532 0.147683
vt 0.768585 0.368998
vt 0.768488 0.147471
vt 0.768058 0.369525
vt 0.768488 0.369428
vt 0.767532 0.369743
vt 0.767532 0.147156
vt 0.782014 0.630850
vt 0.782540 0.583418
vt 0.782013 0.583200
vt 0.782540 0.631159
vt 0.782540 0.630633
vt 0.782014 0.631377
vt 0.783067 0.630633
vt 0.782970 0.631062
vt 0.783067 0.583418
vt 0.782540 0.582891
vt 0.782970 0.582988
vt 0.782013 0.582673
vt 0.217226 0.797692
vt 0.217753 0.797692
vt 0.217753 0.750478
vt 0.218279 0.750259
vt 0.217753 0.798219
vt 0.218279 0.797911
vt 0.217753 0.749951
vt 0.218279 0.749733
vt 0.217226 0.750478
vt 0.217323 0.750048
vt 0.218279 0.798437
vt 0.217323 0.798122
vt 0.760818 0.147365
vt 0.760818 0.147892
vt 0.761344 0.147674
vt 0.760818 0.368989
vt 0.761344 0.147147
vt 0.761344 0.369207
vt 0.760291 0.147892
vt 0.760388 0.147462
vt 0.760291 0.368989
vt 0.760818 0.369516
vt 0.760388 0.369419
vt 0.761344 0.369734
vt 0.768058 0.777849
vt 0.815273 0.778376
vt 0.815273 0.777849
vt 0.768058 0.778376
vt 0.767532 0.778376
vt 0.767628 0.777946
vt 0.767532 0.999473
vt 0.768058 0.999473
vt 0.815273 0.999473
vt 0.815800 0.778376
vt 0.815800 0.999473
vt 0.815273 1.000000
vt 0.815703 0.999903
vt 0.815703 0.777946
vt 0.768058 1.000000
vt 0.767628 0.999903
vt 0.057927 0.983952
vt 0.061536 0.979652
vt 0.057927 0.979652
vt 0.061536 0.976994
vt 0.057927 0.976994
vt 0.057927 0.988253
vt 0.061536 0.983952
vt 0.061536 0.988253
vt 0.057927 0.990911
vt 0.061536 0.990911
vt 0.133945 0.953333
vt 0.130336 0.957855
vt 0.133945 0.957855
vt 0.130336 0.953333
vt 0.173781 0.846536
vt 0.177390 0.843878
vt 0.173781 0.843878
vt 0.177390 0.846536
vt 0.177390 0.839577
vt 0.173781 0.839577
vt 0.177390 0.835277
vt 0.173781 0.835277
vt 0.177390 0.832619
vt 0.173781 0.832619
vt 0.195503 0.954975
vt 0.199112 0.954975
vt 0.199112 0.950453
vt 0.195503 0.950453
vt 0.014482 0.774583
vt 0.018091 0.771925
vt 0.014482 0.771925
vt 0.018091 0.774583
vt 0.014482 0.778883
vt 0.018091 0.778883
vt 0.014482 0.783184
vt 0.018091 0.783184
vt 0.014482 0.785842
vt 0.018091 0.785842
vt 0.141186 0.954001
vt 0.137576 0.954001
vt 0.137576 0.958523
vt 0.141186 0.958523
vt 0.173781 0.943108
vt 0.177390 0.940450
vt 0.173781 0.940450
vt 0.177390 0.943108
vt 0.177390 0.936150
vt 0.173781 0.936150
vt 0.177390 0.931850
vt 0.173781 0.931850
vt 0.177390 0.929192
vt 0.173781 0.929192
vt 0.202744 0.955974
vt 0.206353 0.951452
vt 0.202744 0.951452
vt 0.206353 0.955974
vt 0.152323 0.753786
vt 0.152058 0.753786
vt 0.152058 0.758432
vt 0.152058 0.753528
vt 0.152323 0.753528
vt 0.152510 0.753786
vt 0.152323 0.758432
vt 0.152475 0.753576
vt 0.152323 0.758689
vt 0.152058 0.758689
vt 0.152510 0.758432
vt 0.152475 0.758642
vt 0.999691 0.711611
vt 0.999504 0.711869
vt 0.999657 0.711821
vt 0.999239 0.711611
vt 0.999239 0.711869
vt 0.999504 0.711611
vt 0.999504 0.709689
vt 0.999239 0.709689
vt 0.999504 0.709431
vt 0.999691 0.709689
vt 0.999239 0.709431
vt 0.999657 0.709479
vt 0.079650 0.761304
vt 0.079907 0.761304
vt 0.079907 0.761046
vt 0.081829 0.761304
vt 0.081829 0.765950
vt 0.079650 0.765950
vt 0.079907 0.765950
vt 0.082086 0.761304
vt 0.081829 0.766208
vt 0.082086 0.765950
vt 0.082039 0.766160
vt 0.081829 0.761046
vt 0.082039 0.761094
vt 0.079907 0.766208
vt 0.079697 0.766160
vt 0.079697 0.761094
vt 0.999427 0.724611
vt 0.999427 0.724353
vt 0.999239 0.724353
vt 0.999691 0.724611
vt 0.999691 0.724353
vt 0.999691 0.722432
vt 0.999427 0.722432
vt 0.999427 0.722174
vt 0.999691 0.722174
vt 0.999239 0.722432
vt 0.999274 0.722221
vt 0.999274 0.724563
vt 0.202931 0.754570
vt 0.203196 0.754828
vt 0.203196 0.754570
vt 0.202744 0.754828
vt 0.202779 0.754618
vt 0.202931 0.754828
vt 0.203196 0.759474
vt 0.202931 0.759474
vt 0.203196 0.759732
vt 0.202931 0.759732
vt 0.202744 0.759474
vt 0.202779 0.759684
vt 0.087155 0.755189
vt 0.086890 0.754931
vt 0.086890 0.755189
vt 0.087155 0.754931
vt 0.086890 0.759834
vt 0.087155 0.759834
vt 0.087342 0.755189
vt 0.087155 0.760092
vt 0.086890 0.760092
vt 0.087342 0.759834
vt 0.087308 0.760045
vt 0.087308 0.754978
vt 0.999691 0.707363
vt 0.999504 0.707621
vt 0.999657 0.707574
vt 0.999239 0.707363
vt 0.999239 0.707621
vt 0.999504 0.707363
vt 0.999691 0.705442
vt 0.999504 0.705184
vt 0.999504 0.705442
vt 0.999657 0.705232
vt 0.999239 0.705184
vt 0.999239 0.705442
vt 0.072409 0.761304
vt 0.072666 0.761304
vt 0.072666 0.761046
vt 0.072409 0.765950
vt 0.072666 0.765950
vt 0.074588 0.765950
vt 0.074588 0.761304
vt 0.074846 0.761304
vt 0.074588 0.766208
vt 0.074846 0.765950
vt 0.074798 0.766160
vt 0.074588 0.761046
vt 0.074798 0.761094
vt 0.072666 0.766208
vt 0.072456 0.766160
vt 0.072456 0.761094
vt 0.999427 0.715858
vt 0.999691 0.716116
vt 0.999691 0.715858
vt 0.999427 0.716116
vt 0.999691 0.713937
vt 0.999239 0.715858
vt 0.999427 0.713937
vt 0.999239 0.713937
vt 0.999427 0.713679
vt 0.999274 0.713726
vt 0.999691 0.713679
vt 0.999274 0.716069
vt 0.166540 0.756327
vt 0.166727 0.756327
vt 0.166727 0.756070
vt 0.166992 0.756327
vt 0.166992 0.756070
vt 0.166574 0.756117
vt 0.166540 0.760973
vt 0.166727 0.761231
vt 0.166574 0.761183
vt 0.166727 0.760973
vt 0.166992 0.761231
vt 0.166992 0.760973
vt 0.188527 0.754011
vt 0.188527 0.754268
vt 0.188714 0.754268
vt 0.188263 0.754011
vt 0.188263 0.758914
vt 0.188527 0.758914
vt 0.188263 0.754268
vt 0.188714 0.758914
vt 0.188527 0.759172
vt 0.188680 0.759125
vt 0.188263 0.759172
vt 0.188680 0.754058
vt 0.999504 0.703374
vt 0.999239 0.703116
vt 0.999239 0.703374
vt 0.999504 0.703116
vt 0.999691 0.703116
vt 0.999657 0.703326
vt 0.999691 0.701195
vt 0.999504 0.701195
vt 0.999504 0.700937
vt 0.999239 0.700937
vt 0.999239 0.701195
vt 0.999657 0.700984
vt 0.065168 0.761304
vt 0.065426 0.761304
vt 0.065426 0.761046
vt 0.067347 0.761304
vt 0.067347 0.765950
vt 0.065168 0.765950
vt 0.065426 0.765950
vt 0.067605 0.761304
vt 0.067347 0.766208
vt 0.067605 0.765950
vt 0.067557 0.766160
vt 0.067347 0.761046
vt 0.067557 0.761094
vt 0.065426 0.766208
vt 0.065215 0.766160
vt 0.065215 0.761094
vt 0.999427 0.720363
vt 0.999427 0.720106
vt 0.999239 0.720106
vt 0.999427 0.718184
vt 0.999691 0.718184
vt 0.999691 0.720106
vt 0.999691 0.720363
vt 0.999274 0.720316
vt 0.999427 0.717926
vt 0.999691 0.717926
vt 0.999239 0.718184
vt 0.999274 0.717974
vt 0.195690 0.754011
vt 0.195955 0.754269
vt 0.195955 0.754011
vt 0.195503 0.754269
vt 0.195538 0.754058
vt 0.195690 0.754269
vt 0.195955 0.758914
vt 0.195503 0.758914
vt 0.195690 0.758914
vt 0.195955 0.759172
vt 0.195690 0.759172
vt 0.195538 0.759125
vt 0.059937 0.771401
vt 0.059937 0.770906
vt 0.057927 0.770906
vt 0.057927 0.771400
vt 0.057927 0.785348
vt 0.059937 0.785271
vt 0.059937 0.785819
vt 0.057927 0.785842
vt 0.209985 0.789535
vt 0.209985 0.790029
vt 0.211995 0.790029
vt 0.211995 0.789535
vt 0.211995 0.821112
vt 0.209985 0.821111
vt 0.211995 0.821606
vt 0.209985 0.821606
vt 0.050686 0.770906
vt 0.050686 0.771400
vt 0.052696 0.771400
vt 0.052696 0.770905
vt 0.050686 0.785270
vt 0.052696 0.785348
vt 0.052696 0.785842
vt 0.050686 0.785819
vt 0.204755 0.790106
vt 0.202744 0.789535
vt 0.202744 0.790029
vt 0.204755 0.789557
vt 0.202744 0.821112
vt 0.204755 0.821034
vt 0.204755 0.821584
vt 0.202744 0.821606
vt 0.050686 0.962586
vt 0.050686 0.993514
vt 0.055991 0.992502
vt 0.055991 0.963599
vt 0.050913 0.962037
vt 0.056238 0.962994
vt 0.051462 0.961810
vt 0.056834 0.962744
vt 0.065332 0.961810
vt 0.064505 0.962744
vt 0.065827 0.962015
vt 0.064979 0.962958
vt 0.066032 0.962510
vt 0.065176 0.963475
vt 0.066032 0.993591
vt 0.065176 0.992626
vt 0.065827 0.994086
vt 0.064979 0.993143
vt 0.065332 0.994291
vt 0.064505 0.993357
vt 0.051462 0.994291
vt 0.056834 0.993357
vt 0.050913 0.994063
vt 0.056238 0.993107
vt 0.130696 0.760619
vt 0.130696 0.752948
vt 0.130336 0.752948
vt 0.130336 0.752474
vt 0.130696 0.752474
vt 0.130696 0.761215
vt 0.130336 0.760619
vt 0.130336 0.761215
vt 0.999599 0.856274
vt 0.999239 0.855757
vt 0.999239 0.856274
vt 0.999599 0.855757
vt 0.999599 0.826606
vt 0.999239 0.826606
vt 0.999239 0.826089
vt 0.999599 0.826089
vt 0.123095 0.752474
vt 0.123095 0.752948
vt 0.123455 0.752948
vt 0.123455 0.752474
vt 0.123455 0.760619
vt 0.123095 0.760619
vt 0.123455 0.761215
vt 0.123095 0.761215
vt 0.999239 0.794166
vt 0.999239 0.794771
vt 0.999599 0.794771
vt 0.999599 0.794166
vt 0.999599 0.823673
vt 0.999239 0.823673
vt 0.999599 0.824278
vt 0.999239 0.824278
vt 0.376525 0.473764
vt 0.376690 0.474880
vt 0.376525 0.376356
vt 0.376525 0.474482
vt 0.376525 0.375638
vt 0.376690 0.375240
vt 0.377088 0.475044
vt 0.377088 0.375076
vt 0.444264 0.475044
vt 0.444264 0.375076
vt 0.444662 0.474880
vt 0.444662 0.375240
vt 0.444827 0.474482
vt 0.444827 0.375638
s 1
usemtl M_Incubator_body_NakedSingularity_main_0_681_0
f 1/1/1 2/2/2 3/3/2
f 1/1/1 3/3/2 4/4/1
f 2/2/2 5/5/3 3/3/2
f 2/2/2 6/6/3 5/5/3
f 7/7/4 8/8/5 9/9/2
f 8/8/5 10/10/6 9/9/2
f 10/10/6 11/11/7 9/9/2
f 11/11/7 12/12/8 9/9/2
f 12/12/8 13/13/9 9/9/2
f 13/13/9 14/14/10 9/9/2
f 14/14/10 15/15/11 9/9/2
f 15/15/11 7/7/4 9/9/2
f 19/16/7 17/17/2 16/18/6
f 16/18/6 17/17/2 18/19/5
f 20/20/8 17/17/2 19/16/7
f 21/21/9 17/17/2 20/20/8
f 22/22/10 17/17/2 21/21/9
f 23/23/11 17/17/2 22/22/10
f 24/24/4 17/17/2 23/23/11
f 18/19/5 17/17/2 24/24/4
f 28/15/11 26/9/2 25/7/10
f 25/7/10 26/9/2 27/8/9
f 29/14/4 26/9/2 28/15/11
f 30/13/5 26/9/2 29/14/4
f 31/12/6 26/9/2 30/13/5
f 32/11/7 26/9/2 31/12/6
f 33/10/8 26/9/2 32/11/7
f 27/8/9 26/9/2 33/10/8
f 34/18/8 35/19/9 36/17/2
f 37/16/7 34/18/8 36/17/2
f 38/20/6 37/16/7 36/17/2
f 39/21/5 38/20/6 36/17/2
f 40/22/4 39/21/5 36/17/2
f 41/23/11 40/22/4 36/17/2
f 42/24/10 41/23/11 36/17/2
f 35/19/9 42/24/10 36/17/2
f 43/25/12 44/26/12 45/27/12
f 46/28/12 43/25/12 45/27/12
f 47/29/12 46/28/12 45/27/12
f 48/30/12 47/29/12 45/27/12
f 49/31/12 48/30/12 45/27/12
f 44/26/12 49/31/12 45/27/12
f 50/32/13 51/33/13 52/34/13
f 53/35/13 50/32/13 52/34/13
f 54/36/13 53/35/13 52/34/13
f 55/37/13 54/36/13 52/34/13
f 56/38/13 55/37/13 52/34/13
f 51/33/13 56/38/13 52/34/13
f 57/39/14 58/40/14 59/41/14
f 60/42/14 57/39/14 59/41/14
f 57/39/14 60/42/14 61/43/14
f 57/39/14 61/43/14 62/44/14
f 62/44/14 61/43/14 63/45/14
f 62/44/14 63/45/14 64/46/14
f 65/47/14 60/42/14 59/41/14
f 66/48/14 65/47/14 59/41/14
f 67/49/14 66/48/14 59/41/14
f 68/50/14 67/49/14 59/41/14
f 69/51/14 68/50/14 59/41/14
f 58/40/14 69/51/14 59/41/14
f 70/52/15 71/53/15 72/54/15
f 73/55/15 70/52/15 72/54/15
f 74/56/15 73/55/15 72/54/15
f 75/57/15 74/56/15 72/54/15
f 76/58/15 75/57/15 72/54/15
f 77/59/15 76/58/15 72/54/15
f 78/60/15 77/59/15 72/54/15
f 71/53/15 78/60/15 72/54/15
f 79/61/14 80/62/14 81/63/14
f 82/64/14 79/61/14 81/63/14
f 79/61/14 82/64/14 83/65/14
f 79/61/14 83/65/14 84/66/14
f 84/66/14 83/65/14 85/67/14
f 84/66/14 85/67/14 86/68/14
f 87/69/14 82/64/14 81/63/14
f 88/70/14 87/69/14 81/63/14
f 89/71/14 88/70/14 81/63/14
f 90/72/14 89/71/14 81/63/14
f 91/73/14 90/72/14 81/63/14
f 80/62/14 91/73/14 81/63/14
f 92/74/15 93/75/15 94/76/15
f 95/77/15 92/74/15 94/76/15
f 96/78/15 95/77/15 94/76/15
f 97/79/15 96/78/15 94/76/15
f 98/80/15 97/79/15 94/76/15
f 99/81/15 98/80/15 94/76/15
f 100/82/15 99/81/15 94/76/15
f 93/75/15 100/82/15 94/76/15
f 101/83/15 102/84/15 103/85/15
f 104/86/15 101/83/15 103/85/15
f 105/87/15 104/86/15 103/85/15
f 106/88/15 105/87/15 103/85/15
f 107/89/15 106/88/15 103/85/15
f 108/90/15 107/89/15 103/85/15
f 109/91/15 108/90/15 103/85/15
f 110/92/15 109/91/15 103/85/15
f 111/93/15 110/92/15 103/85/15
f 102/84/15 111/93/15 103/85/15
f 112/94/14 113/95/14 114/96/14
f 115/97/14 112/94/14 114/96/14
f 116/98/14 115/97/14 114/96/14
f 117/99/14 116/98/14 114/96/14
f 118/100/14 117/99/14 114/96/14
f 119/101/14 118/100/14 114/96/14
f 120/102/14 119/101/14 114/96/14
f 121/103/14 120/102/14 114/96/14
f 122/104/14 121/103/14 114/96/14
f 113/95/14 122/104/14 114/96/14
f 123/105/16 124/106/17 125/107/15
f 126/108/18 123/105/16 125/107/15
f 127/109/19 126/108/18 125/107/15
f 128/110/20 127/109/19 125/107/15
f 129/111/21 128/110/20 125/107/15
f 124/106/17 129/111/21 125/107/15
f 130/112/12 131/113/12 132/114/12
f 133/115/12 130/112/12 132/114/12
f 134/116/12 133/115/12 132/114/12
f 135/117/12 134/116/12 132/114/12
f 136/118/12 135/117/12 132/114/12
f 131/113/12 136/118/12 132/114/12
f 137/119/13 138/120/13 139/121/13
f 140/122/13 137/119/13 139/121/13
f 141/123/13 140/122/13 139/121/13
f 142/124/13 141/123/13 139/121/13
f 143/125/13 142/124/13 139/121/13
f 138/120/13 143/125/13 139/121/13
f 144/126/12 145/127/12 146/128/12
f 147/129/12 144/126/12 146/128/12
f 148/130/12 147/129/12 146/128/12
f 149/131/12 148/130/12 146/128/12
f 150/132/12 149/131/12 146/128/12
f 145/127/12 150/132/12 146/128/12
f 151/133/13 152/134/13 153/135/13
f 154/136/13 151/133/13 153/135/13
f 155/137/13 154/136/13 153/135/13
f 156/138/13 155/137/13 153/135/13
f 157/139/13 156/138/13 153/135/13
f 152/134/13 157/139/13 153/135/13
f 158/140/12 159/141/12 160/142/12
f 161/143/12 158/140/12 160/142/12
f 162/144/12 161/143/12 160/142/12
f 163/145/12 162/144/12 160/142/12
f 164/146/12 163/145/12 160/142/12
f 159/141/12 164/146/12 160/142/12
f 165/147/13 166/148/13 167/149/13
f 168/150/13 165/147/13 167/149/13
f 169/151/13 168/150/13 167/149/13
f 170/152/13 169/151/13 167/149/13
f 171/153/13 170/152/13 167/149/13
f 166/148/13 171/153/13 167/149/13
f 172/154/12 173/155/12 174/156/12
f 175/157/12 172/154/12 174/156/12
f 176/158/12 175/157/12 174/156/12
f 177/159/12 176/158/12 174/156/12
f 178/160/12 177/159/12 174/156/12
f 173/155/12 178/160/12 174/156/12
f 179/161/13 180/162/13 181/163/13
f 182/164/13 179/161/13 181/163/13
f 183/165/13 182/164/13 181/163/13
f 184/166/13 183/165/13 181/163/13
f 185/167/13 184/166/13 181/163/13
f 180/162/13 185/167/13 181/163/13
f 186/168/12 187/169/12 188/170/12
f 189/171/12 186/168/12 188/170/12
f 190/172/12 189/171/12 188/170/12
f 191/173/12 190/172/12 188/170/12
f 192/174/12 191/173/12 188/170/12
f 187/169/12 192/174/12 188/170/12
f 193/175/13 194/176/13 195/177/13
f 196/178/13 193/175/13 195/177/13
f 197/179/13 196/178/13 195/177/13
f 198/180/13 197/179/13 195/177/13
f 199/181/13 198/180/13 195/177/13
f 194/176/13 199/181/13 195/177/13
f 200/182/12 201/183/12 202/184/12
f 203/185/12 200/182/12 202/184/12
f 204/186/12 203/185/12 202/184/12
f 205/187/12 204/186/12 202/184/12
f 206/188/12 205/187/12 202/184/12
f 201/183/12 206/188/12 202/184/12
f 207/189/13 208/190/13 209/191/13
f 210/192/13 207/189/13 209/191/13
f 211/193/13 210/192/13 209/191/13
f 212/194/13 211/193/13 209/191/13
f 213/195/13 212/194/13 209/191/13
f 208/190/13 213/195/13 209/191/13
f 214/196/12 215/197/12 216/198/12
f 217/199/12 214/196/12 216/198/12
f 218/200/12 217/199/12 216/198/12
f 219/201/12 218/200/12 216/198/12
f 220/202/12 219/201/12 216/198/12
f 215/197/12 220/202/12 216/198/12
f 221/203/13 222/204/13 223/205/13
f 224/206/13 221/203/13 223/205/13
f 225/207/13 224/206/13 223/205/13
f 226/208/13 225/207/13 223/205/13
f 227/209/13 226/208/13 223/205/13
f 222/204/13 227/209/13 223/205/13
f 228/210/12 229/211/12 230/212/12
f 231/213/12 228/210/12 230/212/12
f 232/214/12 231/213/12 230/212/12
f 233/215/12 232/214/12 230/212/12
f 234/216/12 233/215/12 230/212/12
f 229/211/12 234/216/12 230/212/12
f 235/217/13 236/218/13 237/219/13
f 238/220/13 235/217/13 237/219/13
f 239/221/13 238/220/13 237/219/13
f 240/222/13 239/221/13 237/219/13
f 241/223/13 240/222/13 237/219/13
f 236/218/13 241/223/13 237/219/13
f 242/224/12 243/225/12 244/226/12
f 245/227/12 242/224/12 244/226/12
f 246/228/12 245/227/12 244/226/12
f 247/229/12 246/228/12 244/226/12
f 248/230/12 247/229/12 244/226/12
f 243/225/12 248/230/12 244/226/12
f 249/231/13 250/232/13 251/233/13
f 252/234/13 249/231/13 251/233/13
f 253/235/13 252/234/13 251/233/13
f 254/236/13 253/235/13 251/233/13
f 255/237/13 254/236/13 251/233/13
f 250/232/13 255/237/13 251/233/13
f 256/238/12 257/239/12 258/240/12
f 259/241/12 256/238/12 258/240/12
f 260/242/12 259/241/12 258/240/12
f 261/243/12 260/242/12 258/240/12
f 262/244/12 261/243/12 258/240/12
f 257/239/12 262/244/12 258/240/12
f 263/245/13 264/246/13 265/247/13
f 266/248/13 263/245/13 265/247/13
f 267/249/13 266/248/13 265/247/13
f 268/250/13 267/249/13 265/247/13
f 269/251/13 268/250/13 265/247/13
f 264/246/13 269/251/13 265/247/13
f 270/252/12 271/253/12 272/254/12
f 273/255/12 270/252/12 272/254/12
f 274/256/12 273/255/12 272/254/12
f 275/257/12 274/256/12 272/254/12
f 276/258/12 275/257/12 272/254/12
f 271/253/12 276/258/12 272/254/12
f 277/259/13 278/260/13 279/261/13
f 280/262/13 277/259/13 279/261/13
f 281/263/13 280/262/13 279/261/13
f 282/264/13 281/263/13 279/261/13
f 283/265/13 282/264/13 279/261/13
f 278/260/13 283/265/13 279/261/13
f 284/266/12 285/267/12 286/268/12
f 287/269/12 284/266/12 286/268/12
f 288/270/12 287/269/12 286/268/12
f 289/271/12 288/270/12 286/268/12
f 290/272/12 289/271/12 286/268/12
f 285/267/12 290/272/12 286/268/12
f 291/273/13 292/274/13 293/275/13
f 294/276/13 291/273/13 293/275/13
f 295/277/13 294/276/13 293/275/13
f 296/278/13 295/277/13 293/275/13
f 297/279/13 296/278/13 293/275/13
f 292/274/13 297/279/13 293/275/13
f 298/280/12 299/281/12 300/282/12
f 301/283/12 298/280/12 300/282/12
f 302/284/12 301/283/12 300/282/12
f 303/285/12 302/284/12 300/282/12
f 304/286/12 303/285/12 300/282/12
f 299/281/12 304/286/12 300/282/12
f 305/287/13 306/288/13 307/289/13
f 308/290/13 305/287/13 307/289/13
f 309/291/13 308/290/13 307/289/13
f 310/292/13 309/291/13 307/289/13
f 311/293/13 310/292/13 307/289/13
f 306/288/13 311/293/13 307/289/13
f 312/294/12 313/295/12 314/296/12
f 315/297/12 312/294/12 314/296/12
f 316/298/12 315/297/12 314/296/12
f 317/299/12 316/298/12 314/296/12
f 318/300/12 317/299/12 314/296/12
f 313/295/12 318/300/12 314/296/12
f 319/301/13 320/302/13 321/303/13
f 322/304/13 319/301/13 321/303/13
f 323/305/13 322/304/13 321/303/13
f 324/306/13 323/305/13 321/303/13
f 325/307/13 324/306/13 321/303/13
f 320/302/13 325/307/13 321/303/13
f 326/308/12 327/309/12 328/310/12
f 329/311/12 326/308/12 328/310/12
f 330/312/12 329/311/12 328/310/12
f 331/313/12 330/312/12 328/310/12
f 332/314/12 331/313/12 328/310/12
f 327/309/12 332/314/12 328/310/12
f 333/315/13 334/316/13 335/317/13
f 336/318/13 333/315/13 335/317/13
f 337/319/13 336/318/13 335/317/13
f 338/320/13 337/319/13 335/317/13
f 339/321/13 338/320/13 335/317/13
f 334/316/13 339/321/13 335/317/13
f 340/322/12 341/323/12 342/324/12
f 343/325/12 340/322/12 342/324/12
f 344/326/12 343/325/12 342/324/12
f 345/327/12 344/326/12 342/324/12
f 346/328/12 345/327/12 342/324/12
f 341/323/12 346/328/12 342/324/12
f 347/329/13 348/330/13 349/331/13
f 350/332/13 347/329/13 349/331/13
f 351/333/13 350/332/13 349/331/13
f 352/334/13 351/333/13 349/331/13
f 353/335/13 352/334/13 349/331/13
f 348/330/13 353/335/13 349/331/13
f 354/336/15 355/337/15 356/338/15
f 357/339/15 354/336/15 356/338/15
f 358/340/15 357/339/15 356/338/15
f 359/341/15 358/340/15 356/338/15
f 360/342/15 359/341/15 356/338/15
f 355/337/15 360/342/15 356/338/15
f 361/343/14 362/344/14 363/345/14
f 364/346/14 361/343/14 363/345/14
f 365/347/14 364/346/14 363/345/14
f 366/348/14 365/347/14 363/345/14
f 367/349/14 366/348/14 363/345/14
f 362/344/14 367/349/14 363/345/14
f 368/350/15 369/351/15 370/352/15
f 371/353/15 368/350/15 370/352/15
f 372/354/15 371/353/15 370/352/15
f 373/355/15 372/354/15 370/352/15
f 374/356/15 373/355/15 370/352/15
f 369/351/15 374/356/15 370/352/15
f 375/357/14 376/358/14 377/359/14
f 378/360/14 375/357/14 377/359/14
f 379/361/14 378/360/14 377/359/14
f 380/362/14 379/361/14 377/359/14
f 381/363/14 380/362/14 377/359/14
f 376/358/14 381/363/14 377/359/14
f 382/364/12 383/365/12 384/366/12
f 385/367/12 382/364/12 384/366/12
f 386/368/12 385/367/12 384/366/12
f 387/369/12 386/368/12 384/366/12
f 388/370/12 387/369/12 384/366/12
f 383/365/12 388/370/12 384/366/12
f 389/371/13 390/372/13 391/373/13
f 392/374/13 389/371/13 391/373/13
f 393/375/13 392/374/13 391/373/13
f 394/376/13 393/375/13 391/373/13
f 395/377/13 394/376/13 391/373/13
f 390/372/13 395/377/13 391/373/13
f 396/378/12 397/379/12 398/380/12
f 399/381/12 396/378/12 398/380/12
f 400/382/12 399/381/12 398/380/12
f 401/383/12 400/382/12 398/380/12
f 402/384/12 401/383/12 398/380/12
f 397/379/12 402/384/12 398/380/12
f 403/385/13 404/386/13 405/387/13
f 406/388/13 403/385/13 405/387/13
f 407/389/13 406/388/13 405/387/13
f 408/390/13 407/389/13 405/387/13
f 409/391/13 408/390/13 405/387/13
f 404/386/13 409/391/13 405/387/13
f 410/392/12 411/393/12 412/394/12
f 413/395/12 410/392/12 412/394/12
f 414/396/12 413/395/12 412/394/12
f 415/397/12 414/396/12 412/394/12
f 416/398/12 415/397/12 412/394/12
f 411/393/12 416/398/12 412/394/12
f 417/399/13 418/400/13 419/401/13
f 420/402/13 417/399/13 419/401/13
f 421/403/13 420/402/13 419/401/13
f 422/404/13 421/403/13 419/401/13
f 423/405/13 422/404/13 419/401/13
f 418/400/13 423/405/13 419/401/13
f 424/406/12 425/407/12 426/408/12
f 427/409/12 424/406/12 426/408/12
f 428/410/12 427/409/12 426/408/12
f 429/411/12 428/410/12 426/408/12
f 430/412/12 429/411/12 426/408/12
f 425/407/12 430/412/12 426/408/12
f 431/413/13 432/414/13 433/415/13
f 434/416/13 431/413/13 433/415/13
f 435/417/13 434/416/13 433/415/13
f 436/418/13 435/417/13 433/415/13
f 437/419/13 436/418/13 433/415/13
f 432/414/13 437/419/13 433/415/13
f 438/420/12 439/421/12 440/422/12
f 441/423/12 438/420/12 440/422/12
f 442/424/12 441/423/12 440/422/12
f 443/425/12 442/424/12 440/422/12
f 444/426/12 443/425/12 440/422/12
f 439/421/12 444/426/12 440/422/12
f 445/427/13 446/428/13 447/429/13
f 448/430/13 445/427/13 447/429/13
f 449/431/13 448/430/13 447/429/13
f 450/432/13 449/431/13 447/429/13
f 451/433/13 450/432/13 447/429/13
f 446/428/13 451/433/13 447/429/13
f 452/434/12 453/435/12 454/436/12
f 455/437/12 452/434/12 454/436/12
f 456/438/12 455/437/12 454/436/12
f 457/439/12 456/438/12 454/436/12
f 458/440/12 457/439/12 454/436/12
f 453/435/12 458/440/12 454/436/12
f 459/441/13 460/442/13 461/443/13
f 462/444/13 459/441/13 461/443/13
f 463/445/13 462/444/13 461/443/13
f 464/446/13 463/445/13 461/443/13
f 465/447/13 464/446/13 461/443/13
f 460/442/13 465/447/13 461/443/13
f 466/448/12 467/449/12 468/450/12
f 469/451/12 466/448/12 468/450/12
f 470/452/12 469/451/12 468/450/12
f 471/453/12 470/452/12 468/450/12
f 472/454/12 471/453/12 468/450/12
f 467/449/12 472/454/12 468/450/12
f 473/455/13 474/456/13 475/457/13
f 476/458/13 473/455/13 475/457/13
f 477/459/13 476/458/13 475/457/13
f 478/460/13 477/459/13 475/457/13
f 479/461/13 478/460/13 475/457/13
f 474/456/13 479/461/13 475/457/13
f 480/462/12 481/463/12 482/464/12
f 483/465/12 480/462/12 482/464/12
f 484/466/12 483/465/12 482/464/12
f 485/467/12 484/466/12 482/464/12
f 486/468/12 485/467/12 482/464/12
f 481/463/12 486/468/12 482/464/12
f 487/469/13 488/470/13 489/471/13
f 490/472/13 487/469/13 489/471/13
f 491/473/13 490/472/13 489/471/13
f 492/474/13 491/473/13 489/471/13
f 493/475/13 492/474/13 489/471/13
f 488/470/13 493/475/13 489/471/13
f 494/476/12 495/477/12 496/478/12
f 497/479/12 494/476/12 496/478/12
f 498/480/12 497/479/12 496/478/12
f 499/481/12 498/480/12 496/478/12
f 500/482/12 499/481/12 496/478/12
f 495/477/12 500/482/12 496/478/12
f 501/483/13 502/484/13 503/485/13
f 504/486/13 501/483/13 503/485/13
f 505/487/13 504/486/13 503/485/13
f 506/488/13 505/487/13 503/485/13
f 507/489/13 506/488/13 503/485/13
f 502/484/13 507/489/13 503/485/13
f 508/490/12 509/491/12 510/492/12
f 511/493/12 508/490/12 510/492/12
f 512/494/12 511/493/12 510/492/12
f 513/495/12 512/494/12 510/492/12
f 514/496/12 513/495/12 510/492/12
f 509/491/12 514/496/12 510/492/12
f 515/497/13 516/498/13 517/499/13
f 518/500/13 515/497/13 517/499/13
f 519/501/13 518/500/13 517/499/13
f 520/502/13 519/501/13 517/499/13
f 521/503/13 520/502/13 517/499/13
f 516/498/13 521/503/13 517/499/13
f 522/504/12 523/505/12 524/506/12
f 525/507/12 522/504/12 524/506/12
f 526/508/12 525/507/12 524/506/12
f 527/509/12 526/508/12 524/506/12
f 528/510/12 527/509/12 524/506/12
f 523/505/12 528/510/12 524/506/12
f 529/511/13 530/512/13 531/513/13
f 532/514/13 529/511/13 531/513/13
f 533/515/13 532/514/13 531/513/13
f 534/516/13 533/515/13 531/513/13
f 535/517/13 534/516/13 531/513/13
f 530/512/13 535/517/13 531/513/13
f 536/518/12 537/519/12 538/520/12
f 539/521/12 536/518/12 538/520/12
f 540/522/12 539/521/12 538/520/12
f 541/523/12 540/522/12 538/520/12
f 542/524/12 541/523/12 538/520/12
f 537/519/12 542/524/12 538/520/12
f 543/525/13 544/526/13 545/527/13
f 546/528/13 543/525/13 545/527/13
f 547/529/13 546/528/13 545/527/13
f 548/530/13 547/529/13 545/527/13
f 549/531/13 548/530/13 545/527/13
f 544/526/13 549/531/13 545/527/13
f 550/532/15 551/533/15 552/534/15
f 553/535/15 550/532/15 552/534/15
f 554/536/15 553/535/15 552/534/15
f 555/537/15 554/536/15 552/534/15
f 556/538/15 555/537/15 552/534/15
f 551/533/15 556/538/15 552/534/15
f 557/539/14 558/540/14 559/541/14
f 560/542/14 557/539/14 559/541/14
f 561/543/14 560/542/14 559/541/14
f 562/544/14 561/543/14 559/541/14
f 563/545/14 562/544/14 559/541/14
f 558/540/14 563/545/14 559/541/14
f 569/546/22 565/547/23 564/548/24
f 564/548/24 565/547/23 566/549/13
f 564/548/24 566/549/13 568/550/13
f 564/548/24 568/550/13 567/551/25
f 569/546/22 564/548/24 567/551/25
f 569/546/22 570/552/26 565/547/23
f 569/546/22 567/551/25 571/553/27
f 567/551/25 572/554/28 571/553/27
f 567/551/25 574/555/29 572/554/28
f 574/555/29 573/556/30 572/554/28
f 567/551/25 568/550/13 574/555/29
f 574/555/29 568/550/13 575/557/31
f 574/555/29 575/557/31 573/556/30
f 576/558/32 575/557/31 568/550/13
f 573/556/30 575/557/31 576/558/32
f 576/558/32 568/550/13 577/559/13
f 576/558/32 577/559/13 578/560/33
f 579/561/34 576/558/32 578/560/33
f 573/556/30 576/558/32 580/562/35
f 579/561/34 580/562/35 576/558/32
f 581/563/36 579/561/34 578/560/33
f 581/563/36 578/560/33 582/564/37
f 581/563/36 582/564/37 583/565/38
f 581/563/36 583/565/38 584/566/39
f 583/565/38 585/567/40 584/566/39
f 583/565/38 587/568/41 585/567/40
f 587/568/41 586/569/42 585/567/40
f 583/565/38 588/570/13 587/568/41
f 587/568/41 588/570/13 589/571/43
f 587/568/41 589/571/43 586/569/42
f 566/549/13 589/571/43 588/570/13
f 566/549/13 590/572/44 589/571/43
f 590/572/44 586/569/42 589/571/43
f 570/552/26 590/572/44 565/547/23
f 566/549/13 565/547/23 590/572/44
f 570/552/26 591/573/45 590/572/44
f 590/572/44 591/573/45 586/569/42
f 577/559/13 566/549/13 588/570/13
f 582/564/37 588/570/13 583/565/38
f 582/564/37 577/559/13 588/570/13
f 578/560/33 577/559/13 582/564/37
f 577/559/13 568/550/13 566/549/13
f 592/574/12 593/575/12 594/576/12
f 595/577/12 592/574/12 594/576/12
f 596/578/12 595/577/12 594/576/12
f 597/579/12 596/578/12 594/576/12
f 598/580/12 597/579/12 594/576/12
f 593/575/12 598/580/12 594/576/12
f 599/581/13 600/582/13 601/583/13
f 602/584/13 599/581/13 601/583/13
f 603/585/13 602/584/13 601/583/13
f 604/586/13 603/585/13 601/583/13
f 605/587/13 604/586/13 601/583/13
f 600/582/13 605/587/13 601/583/13
f 606/588/12 607/589/12 608/590/12
f 609/591/12 606/588/12 608/590/12
f 610/592/12 609/591/12 608/590/12
f 611/593/12 610/592/12 608/590/12
f 612/594/12 611/593/12 608/590/12
f 607/589/12 612/594/12 608/590/12
f 613/595/13 614/596/13 615/597/13
f 616/598/13 613/595/13 615/597/13
f 617/599/13 616/598/13 615/597/13
f 618/600/13 617/599/13 615/597/13
f 619/601/13 618/600/13 615/597/13
f 614/596/13 619/601/13 615/597/13
f 621/602/46 620/603/47 622/604/48
f 621/602/46 623/605/49 620/603/47
f 622/604/48 620/603/47 625/606/50
f 620/603/47 623/605/49 624/607/12
f 625/606/50 620/603/47 624/607/12
f 627/608/51 625/606/50 624/607/12
f 622/604/48 625/606/50 626/609/52
f 626/609/52 625/606/50 627/608/51
f 629/610/53 627/608/51 624/607/12
f 626/609/52 627/608/51 628/611/54
f 628/611/54 627/608/51 629/610/53
f 628/611/54 629/610/53 631/612/55
f 631/612/55 629/610/53 630/613/56
f 630/613/56 629/610/53 624/607/12
f 631/612/55 630/613/56 632/614/57
f 632/614/57 630/613/56 633/615/58
f 632/614/57 633/615/58 634/616/59
f 634/616/59 633/615/58 635/617/60
f 634/616/59 635/617/60 636/618/61
f 636/618/61 638/619/62 637/620/63
f 636/618/61 635/617/60 638/619/62
f 638/619/62 635/617/60 624/607/12
f 637/620/63 638/619/62 639/621/64
f 639/621/64 638/619/62 624/607/12
f 623/605/49 640/622/65 639/621/64
f 623/605/49 639/621/64 624/607/12
f 637/620/63 639/621/64 640/622/65
f 623/605/49 621/602/46 640/622/65
f 635/617/60 633/615/58 624/607/12
f 633/615/58 630/613/56 624/607/12
f 641/623/15 642/624/15 643/625/15
f 644/626/15 641/623/15 643/625/15
f 645/627/15 644/626/15 643/625/15
f 646/628/15 645/627/15 643/625/15
f 647/629/15 646/628/15 643/625/15
f 642/624/15 647/629/15 643/625/15
f 648/630/14 649/631/14 650/632/14
f 651/633/14 648/630/14 650/632/14
f 652/634/14 651/633/14 650/632/14
f 653/635/14 652/634/14 650/632/14
f 654/636/14 653/635/14 650/632/14
f 649/631/14 654/636/14 650/632/14
f 655/637/12 656/638/12 657/639/12
f 658/640/12 655/637/12 657/639/12
f 659/641/12 658/640/12 657/639/12
f 660/642/12 659/641/12 657/639/12
f 661/643/12 660/642/12 657/639/12
f 656/638/12 661/643/12 657/639/12
f 662/644/13 663/645/13 664/646/13
f 665/647/13 662/644/13 664/646/13
f 666/648/13 665/647/13 664/646/13
f 667/649/13 666/648/13 664/646/13
f 668/650/13 667/649/13 664/646/13
f 663/645/13 668/650/13 664/646/13
f 669/651/12 670/652/12 671/653/12
f 672/654/12 669/651/12 671/653/12
f 673/655/12 672/654/12 671/653/12
f 674/656/12 673/655/12 671/653/12
f 675/657/12 674/656/12 671/653/12
f 670/652/12 675/657/12 671/653/12
f 676/658/13 677/659/13 678/660/13
f 679/661/13 676/658/13 678/660/13
f 680/662/13 679/661/13 678/660/13
f 681/663/13 680/662/13 678/660/13
f 682/664/13 681/663/13 678/660/13
f 677/659/13 682/664/13 678/660/13
f 683/665/12 684/666/12 685/667/12
f 686/668/12 683/665/12 685/667/12
f 687/669/12 686/668/12 685/667/12
f 688/670/12 687/669/12 685/667/12
f 689/671/12 688/670/12 685/667/12
f 684/666/12 689/671/12 685/667/12
f 690/672/13 691/673/13 692/674/13
f 693/675/13 690/672/13 692/674/13
f 694/676/13 693/675/13 692/674/13
f 695/677/13 694/676/13 692/674/13
f 696/678/13 695/677/13 692/674/13
f 691/673/13 696/678/13 692/674/13
f 697/679/12 698/680/12 699/681/12
f 700/682/12 697/679/12 699/681/12
f 701/683/12 700/682/12 699/681/12
f 702/684/12 701/683/12 699/681/12
f 703/685/12 702/684/12 699/681/12
f 698/680/12 703/685/12 699/681/12
f 704/686/13 705/687/13 706/688/13
f 707/689/13 704/686/13 706/688/13
f 708/690/13 707/689/13 706/688/13
f 709/691/13 708/690/13 706/688/13
f 710/692/13 709/691/13 706/688/13
f 705/687/13 710/692/13 706/688/13
f 711/693/12 712/694/12 713/695/12
f 714/696/12 711/693/12 713/695/12
f 715/697/12 714/696/12 713/695/12
f 716/698/12 715/697/12 713/695/12
f 717/699/12 716/698/12 713/695/12
f 712/694/12 717/699/12 713/695/12
f 718/700/13 719/701/13 720/702/13
f 721/703/13 718/700/13 720/702/13
f 722/704/13 721/703/13 720/702/13
f 723/705/13 722/704/13 720/702/13
f 724/706/13 723/705/13 720/702/13
f 719/701/13 724/706/13 720/702/13
f 725/707/12 726/708/12 727/709/12
f 728/710/12 725/707/12 727/709/12
f 729/711/12 728/710/12 727/709/12
f 730/712/12 729/711/12 727/709/12
f 731/713/12 730/712/12 727/709/12
f 726/708/12 731/713/12 727/709/12
f 732/714/13 733/715/13 734/716/13
f 735/717/13 732/714/13 734/716/13
f 736/718/13 735/717/13 734/716/13
f 737/719/13 736/718/13 734/716/13
f 738/720/13 737/719/13 734/716/13
f 733/715/13 738/720/13 734/716/13
f 739/721/66 740/722/66 741/723/66
f 742/724/66 743/721/66 744/723/66
f 745/725/66 746/724/66 747/723/66
f 748/726/66 749/725/66 750/723/66
f 751/727/66 752/726/66 753/723/66
f 754/728/66 755/727/66 756/723/66
f 757/729/66 758/728/66 759/723/66
f 760/730/66 761/729/66 762/723/66
f 763/731/66 764/730/66 765/723/66
f 766/722/66 767/731/66 768/723/66
f 769/732/66 770/733/66 771/734/66
f 772/735/66 773/732/66 774/734/66
f 775/736/66 776/735/66 777/734/66
f 778/737/66 779/736/66 780/734/66
f 781/738/66 782/737/66 783/734/66
f 784/739/66 785/738/66 786/734/66
f 787/740/66 788/739/66 789/734/66
f 790/741/66 791/740/66 792/734/66
f 793/742/66 794/741/66 795/734/66
f 796/733/66 797/742/66 798/734/66
f 799/743/67 800/744/68 801/745/69
f 800/744/68 799/743/67 803/746/70
f 799/743/67 801/745/69 804/747/71
f 804/747/71 802/748/12 799/743/67
f 799/743/67 802/748/12 803/746/70
f 804/747/71 806/749/72 805/750/73
f 805/750/73 807/751/12 804/747/71
f 804/747/71 801/745/69 806/749/72
f 804/747/71 807/751/12 802/748/12
f 809/752/12 802/748/12 807/751/12
f 810/753/12 807/751/12 808/754/74
f 808/754/74 807/751/12 805/750/73
f 809/752/12 807/751/12 810/753/12
f 811/755/12 809/752/12 810/753/12
f 811/755/12 810/753/12 812/756/12
f 812/756/12 810/753/12 813/757/75
f 810/753/12 808/754/74 813/757/75
f 812/756/12 813/757/75 815/758/75
f 813/757/75 814/759/76 816/760/77
f 814/759/76 813/757/75 808/754/74
f 813/757/75 816/760/77 815/758/75
f 815/758/75 816/760/77 817/761/77
f 818/762/77 819/763/75 817/761/77
f 815/758/75 817/761/77 819/763/75
f 818/762/77 820/764/75 819/763/75
f 822/765/12 819/763/75 820/764/75
f 821/766/12 815/758/75 819/763/75
f 822/765/12 821/766/12 819/763/75
f 823/767/12 821/766/12 822/765/12
f 825/768/78 824/769/12 823/767/12
f 823/767/12 824/769/12 821/766/12
f 825/768/78 823/767/12 826/770/78
f 826/770/78 827/771/79 825/768/78
f 826/770/78 828/772/79 827/771/79
f 829/773/79 825/768/78 827/771/79
f 830/774/80 831/775/78 829/773/79
f 829/773/79 831/775/78 825/768/78
f 832/776/78 811/755/12 831/775/78
f 831/775/78 811/755/12 824/769/12
f 831/775/78 824/769/12 825/768/78
f 830/774/80 832/776/78 831/775/78
f 834/777/81 809/752/12 832/776/78
f 832/776/78 809/752/12 811/755/12
f 832/776/78 830/774/80 833/778/82
f 832/776/78 833/778/82 834/777/81
f 834/777/81 802/748/12 809/752/12
f 803/746/70 802/748/12 834/777/81
f 834/777/81 835/779/83 803/746/70
f 834/777/81 833/778/82 835/779/83
f 800/744/68 803/746/70 835/779/83
f 824/769/12 811/755/12 812/756/12
f 824/769/12 812/756/12 821/766/12
f 821/766/12 812/756/12 815/758/75
f 814/759/76 808/754/74 836/780/84
f 836/780/84 805/750/73 806/749/72
f 836/780/84 808/754/74 805/750/73
f 837/781/12 838/782/12 839/783/12
f 840/784/85 839/783/12 838/782/12
f 840/784/85 841/785/12 839/783/12
f 840/784/85 842/786/12 841/785/12
f 840/784/85 844/787/86 842/786/12
f 844/787/86 843/788/12 842/786/12
f 844/787/86 845/789/12 843/788/12
f 846/790/87 844/787/86 840/784/85
f 846/790/87 840/784/85 847/791/87
f 845/789/12 848/792/12 843/788/12
f 855/793/88 850/794/89 849/795/90
f 849/795/90 850/794/89 851/796/15
f 856/797/91 849/795/90 851/796/15
f 852/798/92 849/795/90 857/799/93
f 849/795/90 852/798/92 853/800/94
f 849/795/90 853/800/94 854/801/95
f 855/793/88 849/795/90 854/801/95
f 856/797/91 857/799/93 849/795/90
f 856/797/91 859/802/96 857/799/93
f 858/803/97 857/799/93 859/802/96
f 852/798/92 857/799/93 858/803/97
f 856/797/91 860/804/98 859/802/96
f 858/803/97 859/802/96 861/805/99
f 854/801/95 864/806/100 855/793/88
f 855/793/88 862/807/101 863/808/102
f 855/793/88 864/806/100 862/807/101
f 863/808/102 850/794/89 855/793/88
f 854/801/95 865/809/103 864/806/100
f 865/809/103 854/801/95 853/800/94
f 865/809/103 853/800/94 866/810/104
f 869/811/105 867/812/106 863/808/102
f 863/808/102 867/812/106 850/794/89
f 869/811/105 863/808/102 868/813/107
f 862/807/101 868/813/107 863/808/102
f 870/814/108 867/812/106 869/811/105
f 870/814/108 869/811/105 871/815/109
f 867/812/106 870/814/108 872/816/110
f 867/812/106 872/816/110 850/794/89
f 862/807/101 873/817/111 868/813/107
f 882/818/112 875/819/14 874/820/113
f 874/820/113 875/819/14 876/821/114
f 874/820/113 876/821/114 881/822/115
f 874/820/113 877/823/116 879/824/117
f 877/823/116 874/820/113 878/825/118
f 874/820/113 881/822/115 878/825/118
f 874/820/113 879/824/117 880/826/119
f 882/818/112 874/820/113 880/826/119
f 883/827/120 882/818/112 880/826/119
f 883/827/120 880/826/119 884/828/121
f 884/828/121 879/824/117 885/829/122
f 884/828/121 880/826/119 879/824/117
f 886/830/123 878/825/118 881/822/115
f 876/821/114 887/831/124 881/822/115
f 886/830/123 881/822/115 888/832/125
f 888/832/125 881/822/115 887/831/124
f 888/832/125 887/831/124 889/833/126
f 887/831/124 890/834/127 889/833/126
f 887/831/124 891/835/128 890/834/127
f 893/836/129 892/837/130 891/835/128
f 893/836/129 891/835/128 887/831/124
f 876/821/114 893/836/129 887/831/124
f 892/837/130 893/836/129 894/838/131
f 894/838/131 893/836/129 876/821/114
f 894/838/131 876/821/114 895/839/132
f 892/837/130 894/838/131 896/840/133
f 897/841/134 878/825/118 886/830/123
f 897/841/134 886/830/123 898/842/135
f 877/823/116 878/825/118 897/841/134
f 904/843/136 899/844/137 900/845/136
f 900/845/136 899/844/137 901/846/138
f 899/844/137 907/847/139 901/846/138
f 902/848/140 899/844/137 903/849/141
f 902/848/140 905/850/142 899/844/137
f 904/843/136 903/849/141 899/844/137
f 899/844/137 905/850/142 906/851/143
f 899/844/137 906/851/143 907/847/139
f 907/847/139 906/851/143 912/852/144
f 901/846/138 907/847/139 911/853/145
f 908/854/146 907/847/139 909/855/147
f 908/854/146 911/853/145 907/847/139
f 907/847/139 913/856/148 909/855/147
f 907/847/139 910/857/149 913/856/148
f 907/847/139 912/852/144 910/857/149
f 913/856/148 914/858/150 915/859/151
f 913/856/148 910/857/149 914/858/150
f 915/859/151 914/858/150 916/860/152
f 915/859/151 916/860/152 917/861/153
f 916/860/152 918/862/154 917/861/153
f 918/862/154 919/863/155 920/864/156
f 918/862/154 921/865/157 919/863/155
f 916/860/152 921/865/157 918/862/154
f 916/860/152 922/866/158 921/865/157
f 919/863/155 921/865/157 922/866/158
f 923/867/159 922/866/158 916/860/152
f 924/868/160 922/866/158 923/867/159
f 922/866/158 924/868/160 926/869/161
f 919/863/155 922/866/158 925/870/162
f 922/866/158 926/869/161 925/870/162
f 924/868/160 923/867/159 927/871/163
f 927/871/163 923/867/159 928/872/164
f 927/871/163 928/872/164 929/873/163
f 923/867/159 930/874/165 928/872/164
f 932/875/166 930/874/165 931/876/167
f 923/867/159 931/876/167 930/874/165
f 932/875/166 931/876/167 933/877/168
f 933/877/168 935/878/169 934/879/170
f 933/877/168 931/876/167 935/878/169
f 935/878/169 937/880/171 934/879/170
f 923/867/159 935/878/169 931/876/167
f 935/878/169 936/881/172 937/880/171
f 935/878/169 914/858/150 936/881/172
f 935/878/169 916/860/152 914/858/150
f 923/867/159 916/860/152 935/878/169
f 912/852/144 938/882/173 937/880/171
f 912/852/144 937/880/171 936/881/172
f 938/882/173 906/851/143 939/883/174
f 938/882/173 912/852/144 906/851/143
f 906/851/143 940/884/175 939/883/174
f 906/851/143 905/850/142 940/884/175
f 902/848/140 940/884/175 905/850/142
f 902/848/140 941/885/176 940/884/175
f 912/852/144 936/881/172 914/858/150
f 912/852/144 914/858/150 910/857/149
f 901/846/138 911/853/145 942/886/177
f 911/853/145 943/887/178 942/886/177
f 911/853/145 908/854/146 943/887/178
f 901/846/138 942/886/177 944/888/179
f 945/889/180 901/846/138 944/888/179
f 945/889/180 944/888/179 946/890/181
f 900/845/136 901/846/138 945/889/180
f 947/891/66 948/892/66 949/893/66
f 950/892/66 951/894/66 952/893/66
f 953/894/66 954/895/66 955/893/66
f 956/895/66 957/896/66 958/893/66
f 959/896/66 960/897/66 961/893/66
f 962/897/66 963/898/66 964/893/66
f 965/898/66 966/899/66 967/893/66
f 968/899/66 969/900/66 970/893/66
f 971/900/66 972/901/66 973/893/66
f 974/901/66 975/891/66 976/893/66
f 977/902/66 978/903/66 979/904/66
f 980/903/66 981/905/66 982/904/66
f 983/905/66 984/906/66 985/904/66
f 986/906/66 987/907/66 988/904/66
f 989/907/66 990/908/66 991/904/66
f 992/908/66 993/909/66 994/904/66
f 995/909/66 996/910/66 997/904/66
f 998/910/66 999/911/66 1000/904/66
f 1001/911/66 1002/912/66 1003/904/66
f 1004/912/66 1005/902/66 1006/904/66
f 1010/913/13 1008/914/13 1007/915/13
f 1007/915/13 1008/914/13 1009/916/13
f 1010/913/13 1011/917/13 1008/914/13
f 1012/918/13 1011/917/13 1010/913/13
f 1013/919/13 1011/917/13 1012/918/13
f 1013/919/13 1015/920/13 1011/917/13
f 1013/919/13 1014/921/13 1015/920/13
f 1017/922/13 1015/920/13 1016/923/13
f 1015/920/13 1018/924/13 1016/923/13
f 1011/917/13 1015/920/13 1017/922/13
f 1014/921/13 1018/924/13 1015/920/13
f 1017/922/13 1016/923/13 1021/925/13
f 1008/914/13 1017/922/13 1019/926/13
f 1019/926/13 1017/922/13 1020/927/13
f 1011/917/13 1017/922/13 1008/914/13
f 1020/927/13 1017/922/13 1021/925/13
f 1008/914/13 1019/926/13 1022/928/13
f 1009/916/13 1008/914/13 1022/928/13
f 1025/929/182 1023/930/183 1024/931/184
f 1023/930/183 1025/929/182 1026/932/185
f 1023/930/183 1026/932/185 1027/933/186
f 1027/933/186 1026/932/185 1028/934/187
f 1027/933/186 1028/934/187 1029/935/188
f 1029/935/188 1030/936/189 1031/937/190
f 1029/935/188 1028/934/187 1030/936/189
f 1031/937/190 1030/936/189 1032/938/191
f 1031/937/190 1032/938/191 1033/939/192
f 1033/939/192 1035/940/193 1034/941/194
f 1033/939/192 1032/938/191 1035/940/193
f 1032/938/191 1036/942/195 1035/940/193
f 1035/940/193 1036/942/195 1037/943/196
f 1035/940/193 1037/943/196 1038/944/197
f 1034/941/194 1035/940/193 1038/944/197
f 1041/945/198 1038/944/197 1037/943/196
f 1041/945/198 1039/946/199 1038/944/197
f 1039/946/199 1040/947/200 1038/944/197
f 1034/941/194 1038/944/197 1040/947/200
f 1042/948/201 1039/946/199 1041/945/198
f 1043/949/202 1044/950/203 1042/948/201
f 1042/948/201 1044/950/203 1039/946/199
f 1043/949/202 1045/951/204 1044/950/203
f 1045/951/204 1046/952/205 1044/950/203
f 1044/950/203 1047/953/206 1039/946/199
f 1044/950/203 1046/952/205 1047/953/206
f 1039/946/199 1047/953/206 1040/947/200
f 1045/951/204 1048/954/207 1046/952/205
f 1032/938/191 1049/955/208 1036/942/195
f 1030/936/189 1050/956/209 1049/955/208
f 1030/936/189 1049/955/208 1032/938/191
f 1028/934/187 1050/956/209 1030/936/189
f 1028/934/187 1051/957/210 1050/956/209
f 1026/932/185 1051/957/210 1028/934/187
f 1026/932/185 1052/958/211 1051/957/210
f 1025/929/182 1052/958/211 1026/932/185
f 1025/929/182 1053/959/212 1052/958/211
f 1053/959/212 1054/960/213 1055/961/214
f 1053/959/212 1025/929/182 1054/960/213
f 1025/929/182 1024/931/184 1054/960/213
f 1057/962/215 1056/963/216 1060/964/214
f 1056/963/216 1057/962/215 1058/965/217
f 1056/963/216 1058/965/217 1059/966/218
f 1061/967/219 1060/964/214 1062/968/220
f 1057/962/215 1060/964/214 1061/967/219
f 1064/969/221 1062/968/220 1063/970/222
f 1061/967/219 1062/968/220 1064/969/221
f 1064/969/221 1063/970/222 1065/971/223
f 1066/972/224 1064/969/221 1065/971/223
f 1067/973/225 1061/967/219 1064/969/221
f 1067/973/225 1064/969/221 1066/972/224
f 1068/974/226 1061/967/219 1067/973/225
f 1057/962/215 1068/974/226 1069/975/227
f 1068/974/226 1057/962/215 1061/967/219
f 1058/965/217 1069/975/227 1070/976/228
f 1057/962/215 1069/975/227 1058/965/217
f 1071/977/229 1070/976/228 1072/978/230
f 1058/965/217 1070/976/228 1071/977/229
f 1071/977/229 1072/978/230 1073/979/231
f 1074/980/232 1071/977/229 1073/979/231
f 1074/980/232 1073/979/231 1075/981/233
f 1059/966/218 1071/977/229 1074/980/232
f 1059/966/218 1058/965/217 1071/977/229
f 1066/972/224 1065/971/223 1076/982/234
f 1076/982/234 1065/971/223 1078/983/235
f 1076/982/234 1078/983/235 1077/984/236
f 1077/984/236 1078/983/235 1079/985/237
f 1078/983/235 1081/986/238 1079/985/237
f 1065/971/223 1080/987/239 1078/983/235
f 1078/983/235 1080/987/239 1081/986/238
f 1065/971/223 1063/970/222 1080/987/239
f 1077/984/236 1079/985/237 1082/988/240
f 1085/989/241 1083/990/242 1084/991/243
f 1083/990/242 1085/989/241 1086/992/244
f 1083/990/242 1086/992/244 1087/993/245
f 1087/993/245 1086/992/244 1088/994/246
f 1087/993/245 1088/994/246 1089/995/247
f 1089/995/247 1088/994/246 1090/996/248
f 1089/995/247 1090/996/248 1091/997/249
f 1091/997/249 1092/998/250 1093/999/251
f 1091/997/249 1090/996/248 1092/998/250
f 1093/999/251 1095/1000/252 1094/1001/253
f 1093/999/251 1092/998/250 1095/1000/252
f 1094/1001/253 1095/1000/252 1096/1002/254
f 1095/1000/252 1098/1003/255 1096/1002/254
f 1092/998/250 1097/1004/256 1095/1000/252
f 1095/1000/252 1097/1004/256 1098/1003/255
f 1099/1005/257 1096/1002/254 1098/1003/255
f 1100/1006/258 1101/1007/259 1099/1005/257
f 1099/1005/257 1101/1007/259 1096/1002/254
f 1100/1006/258 1102/1008/260 1101/1007/259
f 1102/1008/260 1103/1009/261 1101/1007/259
f 1101/1007/259 1103/1009/261 1104/1010/262
f 1101/1007/259 1104/1010/262 1096/1002/254
f 1094/1001/253 1096/1002/254 1104/1010/262
f 1102/1008/260 1105/1011/263 1103/1009/261
f 1106/1012/264 1105/1011/263 1102/1008/260
f 1106/1012/264 1107/1013/265 1105/1011/263
f 1108/1014/266 1106/1012/264 1102/1008/260
f 1108/1014/266 1102/1008/260 1100/1006/258
f 1092/998/250 1109/1015/267 1097/1004/256
f 1090/996/248 1110/1016/268 1109/1015/267
f 1090/996/248 1109/1015/267 1092/998/250
f 1088/994/246 1110/1016/268 1090/996/248
f 1088/994/246 1111/1017/269 1110/1016/268
f 1086/992/244 1111/1017/269 1088/994/246
f 1086/992/244 1112/1018/270 1111/1017/269
f 1085/989/241 1112/1018/270 1086/992/244
f 1085/989/241 1113/1019/271 1112/1018/270
f 1113/1019/271 1085/989/241 1114/1020/272
f 1113/1019/271 1114/1020/272 1115/1021/273
f 1085/989/241 1084/991/243 1114/1020/272
f 1117/1022/274 1116/1023/275 1120/1024/276
f 1116/1023/275 1117/1022/274 1118/1025/277
f 1116/1023/275 1118/1025/277 1119/1026/278
f 1122/1027/279 1120/1024/276 1121/1028/280
f 1117/1022/274 1120/1024/276 1122/1027/279
f 1123/1029/281 1117/1022/274 1122/1027/279
f 1123/1029/281 1122/1027/279 1124/1030/282
f 1124/1030/282 1122/1027/279 1125/1031/283
f 1122/1027/279 1121/1028/280 1125/1031/283
f 1125/1031/283 1127/1032/284 1126/1033/285
f 1128/1034/286 1125/1031/283 1126/1033/285
f 1125/1031/283 1121/1028/280 1127/1032/284
f 1124/1030/282 1125/1031/283 1128/1034/286
f 1128/1034/286 1126/1033/285 1129/1035/287
f 1129/1035/287 1131/1036/288 1130/1037/289
f 1129/1035/287 1126/1033/285 1131/1036/288
f 1130/1037/289 1131/1036/288 1132/1038/290
f 1131/1036/288 1134/1039/291 1132/1038/290
f 1126/1033/285 1133/1040/292 1131/1036/288
f 1131/1036/288 1133/1040/292 1134/1039/291
f 1126/1033/285 1127/1032/284 1133/1040/292
f 1130/1037/289 1132/1038/290 1135/1041/293
f 1117/1022/274 1123/1029/281 1136/1042/294
f 1117/1022/274 1136/1042/294 1118/1025/277
f 1118/1025/277 1136/1042/294 1137/1043/295
f 1139/1044/296 1137/1043/295 1138/1045/297
f 1118/1025/277 1137/1043/295 1139/1044/296
f 1119/1026/278 1118/1025/277 1139/1044/296
f 1119/1026/278 1139/1044/296 1141/1046/298
f 1139/1044/296 1138/1045/297 1140/1047/299
f 1141/1046/298 1139/1044/296 1140/1047/299
f 1141/1046/298 1140/1047/299 1142/1048/268
f 1142/1048/268 1140/1047/299 1143/1049/300
f 1142/1048/268 1143/1049/300 1144/1050/267
f 1140/1047/299 1145/1051/301 1143/1049/300
f 1140/1047/299 1138/1045/297 1145/1051/301
f 1147/1052/302 1148/1053/303 1146/1054/304
f 1146/1054/304 1148/1053/303 1149/1055/305
f 1146/1054/304 1149/1055/305 1150/1056/306
f 1148/1053/303 1151/1057/307 1149/1055/305
f 1148/1053/303 1152/1058/308 1151/1057/307
f 1153/1059/309 1152/1058/308 1148/1053/303
f 1153/1059/309 1154/1060/234 1152/1058/308
f 1155/1061/310 1154/1060/234 1153/1059/309
f 1155/1061/310 1156/1062/311 1154/1060/234
f 1157/1063/312 1156/1062/311 1155/1061/310
f 1157/1063/312 1158/1064/313 1156/1062/311
f 1159/1065/314 1157/1063/312 1155/1061/310
f 1159/1065/314 1155/1061/310 1160/1066/315
f 1160/1066/315 1155/1061/310 1153/1059/309
f 1160/1066/315 1153/1059/309 1147/1052/302
f 1147/1052/302 1153/1059/309 1148/1053/303
f 1162/1067/316 1163/1068/317 1161/1069/318
f 1161/1069/318 1163/1068/317 1164/1070/319
f 1161/1069/318 1164/1070/319 1165/1071/320
f 1163/1068/317 1166/1072/321 1164/1070/319
f 1163/1068/317 1167/1073/322 1166/1072/321
f 1168/1074/323 1167/1073/322 1163/1068/317
f 1168/1074/323 1169/1075/324 1167/1073/322
f 1170/1076/325 1169/1075/324 1168/1074/323
f 1170/1076/325 1171/1077/326 1169/1075/324
f 1172/1078/327 1170/1076/325 1168/1074/323
f 1172/1078/327 1168/1074/323 1162/1067/316
f 1162/1067/316 1168/1074/323 1163/1068/317
f 1177/1079/328 1174/1080/329 1173/1081/330
f 1173/1081/330 1174/1080/329 1175/1082/331
f 1173/1081/330 1175/1082/331 1176/1083/332
f 1177/1079/328 1178/1084/15 1174/1080/329
f 1178/1084/15 1179/1085/333 1174/1080/329
f 1178/1084/15 1180/1086/334 1179/1085/333
f 1174/1080/329 1179/1085/333 1181/1087/335
f 1175/1082/331 1181/1087/335 1182/1088/336
f 1174/1080/329 1181/1087/335 1175/1082/331
f 1175/1082/331 1182/1088/336 1183/1089/337
f 1184/1090/338 1183/1089/337 1182/1088/336
f 1185/1091/339 1186/1092/340 1184/1090/338
f 1184/1090/338 1186/1092/340 1183/1089/337
f 1185/1091/339 1187/1093/341 1186/1092/340
f 1187/1093/341 1188/1094/342 1186/1092/340
f 1186/1092/340 1189/1095/343 1183/1089/337
f 1186/1092/340 1188/1094/342 1189/1095/343
f 1176/1083/332 1183/1089/337 1189/1095/343
f 1187/1093/341 1190/1096/344 1188/1094/342
f 1176/1083/332 1175/1082/331 1183/1089/337
f 1195/1097/345 1192/1098/346 1191/1099/347
f 1191/1099/347 1192/1098/346 1193/1100/348
f 1191/1099/347 1193/1100/348 1194/1101/349
f 1195/1097/345 1196/1102/14 1192/1098/346
f 1196/1102/14 1197/1103/350 1192/1098/346
f 1196/1102/14 1198/1104/351 1197/1103/350
f 1192/1098/346 1197/1103/350 1199/1105/352
f 1192/1098/346 1199/1105/352 1193/1100/348
f 1193/1100/348 1199/1105/352 1200/1106/353
f 1201/1107/354 1202/1108/355 1200/1106/353
f 1193/1100/348 1200/1106/353 1202/1108/355
f 1201/1107/354 1203/1109/356 1202/1108/355
f 1194/1101/349 1193/1100/348 1202/1108/355
f 1203/1109/356 1204/1110/357 1202/1108/355
f 1194/1101/349 1202/1108/355 1204/1110/357
f 1203/1109/356 1205/1111/358 1204/1110/357
f 1206/1112/359 1205/1111/358 1203/1109/356
f 1206/1112/359 1207/1113/360 1205/1111/358
f 1208/1114/361 1207/1113/360 1206/1112/359
f 1208/1114/361 1209/1115/362 1207/1113/360
f 1210/1116/363 1208/1114/361 1206/1112/359
f 1210/1116/363 1206/1112/359 1211/1117/364
f 1211/1117/364 1203/1109/356 1201/1107/354
f 1211/1117/364 1206/1112/359 1203/1109/356
f 1212/1118/365 1213/1119/366 1214/1120/367
f 1212/1118/365 1214/1120/367 1215/1121/368
f 1216/1122/369 1212/1118/365 1215/1121/368
f 1216/1122/369 1215/1121/368 1217/1123/370
f 1218/1124/371 1219/1125/372 1220/1126/373
f 1218/1124/371 1220/1126/373 1221/1127/374
f 1221/1127/374 1222/1128/375 1218/1124/371
f 1221/1127/374 1223/1129/213 1222/1128/375
f 1224/1130/376 1223/1129/213 1221/1127/374
f 1224/1130/376 1225/1131/377 1223/1129/213
f 1221/1127/374 1226/1132/378 1224/1130/376
f 1220/1126/373 1227/1133/379 1226/1132/378
f 1221/1127/374 1220/1126/373 1226/1132/378
f 1228/1134/380 1229/1135/381 1227/1133/379
f 1220/1126/373 1228/1134/380 1227/1133/379
f 1228/1134/380 1230/1136/382 1229/1135/381
f 1230/1136/382 1231/1137/383 1229/1135/381
f 1232/1138/384 1233/1139/385 1231/1137/383
f 1230/1136/382 1232/1138/384 1231/1137/383
f 1232/1138/384 1234/1140/386 1233/1139/385
f 1234/1140/386 1235/1141/387 1233/1139/385
f 1234/1140/386 1236/1142/388 1235/1141/387
f 1237/1143/389 1235/1141/387 1236/1142/388
f 1238/1144/390 1237/1143/389 1239/1145/391
f 1237/1143/389 1236/1142/388 1239/1145/391
f 1238/1144/390 1239/1145/391 1240/1146/203
f 1240/1146/203 1239/1145/391 1241/1147/392
f 1239/1145/391 1242/1148/393 1241/1147/392
f 1239/1145/391 1236/1142/388 1242/1148/393
f 1243/1149/394 1242/1148/393 1236/1142/388
f 1244/1150/395 1243/1149/394 1234/1140/386
f 1243/1149/394 1236/1142/388 1234/1140/386
f 1245/1151/396 1244/1150/395 1232/1138/384
f 1244/1150/395 1234/1140/386 1232/1138/384
f 1245/1151/396 1232/1138/384 1230/1136/382
f 1246/1152/397 1245/1151/396 1230/1136/382
f 1246/1152/397 1230/1136/382 1228/1134/380
f 1219/1125/372 1246/1152/397 1228/1134/380
f 1240/1146/203 1241/1147/392 1247/1153/398
f 1248/951/399 1240/1146/203 1247/1153/398
f 1248/951/399 1247/1153/398 1249/954/207
f 1250/949/202 1240/1146/203 1248/951/399
f 1250/949/202 1238/1144/390 1240/1146/203
f 1219/1125/372 1228/1134/380 1220/1126/373
f 1251/1154/400 1252/1155/401 1253/1156/402
f 1251/1154/400 1253/1156/402 1254/1157/403
f 1254/1157/403 1255/1158/404 1251/1154/400
f 1256/1159/405 1257/1160/406 1255/1158/404
f 1254/1157/403 1256/1159/405 1255/1158/404
f 1256/1159/405 1258/1161/407 1257/1160/406
f 1258/1161/407 1259/1162/408 1257/1160/406
f 1261/1163/409 1260/1164/410 1259/1162/408
f 1258/1161/407 1261/1163/409 1259/1162/408
f 1261/1163/409 1262/1165/411 1260/1164/410
f 1263/1166/412 1262/1165/411 1261/1163/409
f 1264/1167/413 1263/1166/412 1261/1163/409
f 1264/1167/413 1261/1163/409 1258/1161/407
f 1265/1168/414 1264/1167/413 1258/1161/407
f 1266/1169/415 1265/1168/414 1256/1159/405
f 1265/1168/414 1258/1161/407 1256/1159/405
f 1266/1169/415 1256/1159/405 1254/1157/403
f 1254/1157/403 1267/1170/416 1266/1169/415
f 1253/1156/402 1268/1171/417 1267/1170/416
f 1254/1157/403 1253/1156/402 1267/1170/416
f 1253/1156/402 1269/1172/418 1268/1171/417
f 1269/1172/418 1270/1173/419 1268/1171/417
f 1269/1172/418 1271/1174/420 1270/1173/419
f 1272/1175/421 1271/1174/420 1269/1172/418
f 1272/1175/421 1273/1176/422 1271/1174/420
f 1252/1155/401 1272/1175/421 1269/1172/418
f 1252/1155/401 1269/1172/418 1253/1156/402
f 1263/1166/412 1274/1177/423 1262/1165/411
f 1274/1177/423 1275/1178/291 1276/1179/424
f 1274/1177/423 1276/1179/424 1262/1165/411
f 1262/1165/411 1276/1179/424 1277/1180/293
f 1262/1165/411 1277/1180/293 1260/1164/410
f 1278/1181/425 1279/1182/426 1280/1183/427
f 1278/1181/425 1280/1183/427 1281/1184/428
f 1281/1184/428 1282/1185/429 1278/1181/425
f 1281/1184/428 1283/1186/430 1282/1185/429
f 1284/1187/431 1283/1186/430 1281/1184/428
f 1284/1187/431 1285/1188/432 1283/1186/430
f 1281/1184/428 1286/1189/433 1284/1187/431
f 1281/1184/428 1280/1183/427 1286/1189/433
f 1280/1183/427 1287/1190/434 1286/1189/433
f 1289/1191/435 1288/1192/436 1287/1190/434
f 1280/1183/427 1289/1191/435 1287/1190/434
f 1279/1182/426 1289/1191/435 1280/1183/427
f 1279/1182/426 1290/1193/437 1289/1191/435
f 1290/1193/437 1291/1194/438 1289/1191/435
f 1289/1191/435 1291/1194/438 1288/1192/436
f 1292/1195/439 1293/1196/440 1291/1194/438
f 1290/1193/437 1292/1195/439 1291/1194/438
f 1291/1194/438 1294/1197/441 1288/1192/436
f 1291/1194/438 1293/1196/440 1294/1197/441
f 1293/1196/440 1295/1198/442 1294/1197/441
f 1293/1196/440 1296/1199/443 1295/1198/442
f 1296/1199/443 1297/1200/444 1295/1198/442
f 1299/1201/445 1297/1200/444 1298/1202/446
f 1296/1199/443 1298/1202/446 1297/1200/444
f 1300/1203/447 1299/1201/445 1301/1204/448
f 1299/1201/445 1298/1202/446 1301/1204/448
f 1300/1203/447 1301/1204/448 1302/1205/449
f 1302/1205/449 1301/1204/448 1303/1206/450
f 1301/1204/448 1304/1207/451 1303/1206/450
f 1301/1204/448 1298/1202/446 1304/1207/451
f 1305/1208/452 1304/1207/451 1298/1202/446
f 1305/1208/452 1298/1202/446 1296/1199/443
f 1306/1209/453 1305/1208/452 1296/1199/443
f 1306/1209/453 1296/1199/443 1293/1196/440
f 1292/1195/439 1306/1209/453 1293/1196/440
f 1302/1205/449 1303/1206/450 1307/1210/454
f 1308/1012/455 1302/1205/449 1307/1210/454
f 1308/1012/455 1307/1210/454 1309/1013/265
f 1310/1014/266 1302/1205/449 1308/1012/455
f 1310/1014/266 1300/1203/447 1302/1205/449
f 1311/1211/456 1312/1212/457 1313/1213/458
f 1311/1211/456 1313/1213/458 1314/1214/459
f 1314/1214/459 1315/1215/460 1311/1211/456
f 1316/1216/461 1317/1217/462 1315/1215/460
f 1314/1214/459 1316/1216/461 1315/1215/460
f 1318/1218/463 1319/1219/464 1317/1217/462
f 1316/1216/461 1318/1218/463 1317/1217/462
f 1321/1220/465 1320/1221/466 1319/1219/464
f 1318/1218/463 1321/1220/465 1319/1219/464
f 1321/1220/465 1323/1222/467 1320/1221/466
f 1324/1223/468 1322/1224/469 1321/1220/465
f 1322/1224/469 1323/1222/467 1321/1220/465
f 1324/1223/468 1321/1220/465 1318/1218/463
f 1325/1225/470 1324/1223/468 1318/1218/463
f 1326/1226/471 1325/1225/470 1316/1216/461
f 1325/1225/470 1318/1218/463 1316/1216/461
f 1326/1226/471 1316/1216/461 1314/1214/459
f 1314/1214/459 1327/1227/472 1326/1226/471
f 1313/1213/458 1328/1228/473 1327/1227/472
f 1314/1214/459 1313/1213/458 1327/1227/472
f 1329/1229/474 1330/1230/475 1328/1228/473
f 1313/1213/458 1329/1229/474 1328/1228/473
f 1329/1229/474 1331/1231/476 1330/1230/475
f 1331/1231/476 1332/1232/477 1330/1230/475
f 1331/1231/476 1333/1233/478 1332/1232/477
f 1335/1234/479 1334/1235/441 1333/1233/478
f 1335/1234/479 1333/1233/478 1331/1231/476
f 1336/1236/480 1335/1234/479 1331/1231/476
f 1336/1236/480 1331/1231/476 1329/1229/474
f 1312/1212/457 1336/1236/480 1329/1229/474
f 1312/1212/457 1329/1229/474 1313/1213/458
f 1322/1224/469 1337/1237/481 1323/1222/467
f 1337/1237/481 1338/1238/482 1323/1222/467
f 1323/1222/467 1338/1238/482 1339/1239/240
f 1323/1222/467 1339/1239/240 1320/1221/466
f 1337/1237/481 1340/1240/238 1338/1238/482
f 1341/1241/483 1342/1242/484 1343/1243/305
f 1341/1241/483 1343/1243/305 1344/1244/485
f 1345/1245/486 1341/1241/483 1344/1244/485
f 1347/1246/487 1345/1245/486 1346/1247/488
f 1345/1245/486 1344/1244/485 1346/1247/488
f 1347/1246/487 1346/1247/488 1349/1248/489
f 1348/1249/490 1347/1246/487 1349/1248/489
f 1349/1248/489 1346/1247/488 1350/1250/412
f 1348/1249/490 1349/1248/489 1351/1251/491
f 1349/1248/489 1350/1250/412 1352/1252/492
f 1351/1251/491 1349/1248/489 1352/1252/492
f 1351/1251/491 1352/1252/492 1353/1253/493
f 1346/1247/488 1354/1254/494 1350/1250/412
f 1346/1247/488 1344/1244/485 1354/1254/494
f 1344/1244/485 1355/1255/495 1354/1254/494
f 1344/1244/485 1343/1243/305 1355/1255/495
f 1356/1256/496 1357/1257/497 1358/1258/319
f 1356/1256/496 1358/1258/319 1359/1259/317
f 1360/1260/498 1356/1256/496 1359/1259/317
f 1360/1260/498 1359/1259/317 1361/1261/499
f 1362/1262/500 1360/1260/498 1361/1261/499
f 1362/1262/500 1361/1261/499 1363/1263/501
f 1363/1263/501 1361/1261/499 1364/1264/502
f 1363/1263/501 1364/1264/502 1365/1265/503
f 1361/1261/499 1366/1266/504 1364/1264/502
f 1361/1261/499 1359/1259/317 1366/1266/504
f 1359/1259/317 1367/1267/505 1366/1266/504
f 1359/1259/317 1358/1258/319 1367/1267/505
f 1369/1079/328 1368/1268/506 1372/1269/507
f 1368/1268/506 1370/1270/508 1371/1271/509
f 1368/1268/506 1371/1271/509 1372/1269/507
f 1372/1269/507 1371/1271/509 1373/1272/510
f 1372/1269/507 1373/1272/510 1374/1273/511
f 1375/1084/15 1372/1269/507 1374/1273/511
f 1369/1079/328 1372/1269/507 1375/1084/15
f 1375/1084/15 1374/1273/511 1376/1086/334
f 1371/1271/509 1377/1274/512 1373/1272/510
f 1378/1275/513 1377/1274/512 1379/1276/514
f 1371/1271/509 1379/1276/514 1377/1274/512
f 1370/1270/508 1379/1276/514 1371/1271/509
f 1370/1270/508 1381/1277/515 1379/1276/514
f 1378/1275/513 1379/1276/514 1380/1278/516
f 1380/1278/516 1379/1276/514 1381/1277/515
f 1380/1278/516 1381/1277/515 1382/1279/517
f 1383/1280/518 1380/1278/516 1382/1279/517
f 1383/1280/518 1382/1279/517 1384/1281/477
f 1385/1282/519 1380/1278/516 1383/1280/518
f 1385/1282/519 1378/1275/513 1380/1278/516
f 1387/1097/345 1386/1283/520 1390/1284/521
f 1386/1283/520 1388/1285/522 1389/1286/523
f 1386/1283/520 1389/1286/523 1390/1284/521
f 1390/1284/521 1389/1286/523 1391/1287/524
f 1390/1284/521 1391/1287/524 1392/1288/525
f 1393/1102/14 1390/1284/521 1392/1288/525
f 1387/1097/345 1390/1284/521 1393/1102/14
f 1393/1102/14 1392/1288/525 1394/1104/351
f 1389/1286/523 1395/1289/526 1391/1287/524
f 1396/1290/527 1395/1289/526 1397/1291/528
f 1389/1286/523 1397/1291/528 1395/1289/526
f 1388/1285/522 1397/1291/528 1389/1286/523
f 1388/1285/522 1399/1292/529 1397/1291/528
f 1396/1290/527 1397/1291/528 1398/1293/530
f 1398/1293/530 1397/1291/528 1399/1292/529
f 1398/1293/530 1399/1292/529 1400/1294/531
f 1401/1295/532 1398/1293/530 1400/1294/531
f 1401/1295/532 1400/1294/531 1402/1296/533
f 1403/1297/534 1401/1295/532 1402/1296/533
f 1403/1297/534 1402/1296/533 1404/1298/535
f 1405/1299/536 1401/1295/532 1403/1297/534
f 1405/1299/536 1406/1300/537 1401/1295/532
f 1406/1300/537 1398/1293/530 1401/1295/532
f 1406/1300/537 1396/1290/527 1398/1293/530
f 1408/1301/538 1409/1302/539 1407/1303/540
f 1407/1303/540 1409/1302/539 1410/1304/541
f 1407/1303/540 1410/1304/541 1411/1305/542
f 1408/1301/538 1412/1306/543 1409/1302/539
f 1413/930/544 1414/933/545 1415/932/546
f 1413/930/544 1415/932/546 1416/929/547
f 1416/929/547 1417/931/548 1413/930/544
f 1416/929/547 1418/960/549 1417/931/548
f 1419/959/550 1418/960/549 1416/929/547
f 1419/959/550 1420/961/551 1418/960/549
f 1416/929/547 1421/958/552 1419/959/550
f 1415/932/546 1422/957/553 1421/958/552
f 1416/929/547 1415/932/546 1421/958/552
f 1423/934/554 1424/956/555 1422/957/553
f 1415/932/546 1423/934/554 1422/957/553
f 1425/936/556 1426/955/557 1424/956/555
f 1423/934/554 1425/936/556 1424/956/555
f 1425/936/556 1427/938/558 1426/955/557
f 1427/938/558 1428/942/559 1426/955/557
f 1427/938/558 1429/940/560 1428/942/559
f 1429/940/560 1430/943/561 1428/942/559
f 1429/940/560 1431/944/562 1430/943/561
f 1432/945/563 1430/943/561 1431/944/562
f 1433/948/564 1432/945/563 1434/946/565
f 1432/945/563 1431/944/562 1434/946/565
f 1433/948/564 1434/946/565 1435/950/566
f 1435/950/566 1434/946/565 1436/953/567
f 1434/946/565 1437/947/568 1436/953/567
f 1434/946/565 1431/944/562 1437/947/568
f 1438/941/569 1437/947/568 1431/944/562
f 1439/939/570 1438/941/569 1429/940/560
f 1438/941/569 1431/944/562 1429/940/560
f 1440/937/571 1439/939/570 1427/938/558
f 1439/939/570 1429/940/560 1427/938/558
f 1440/937/571 1427/938/558 1425/936/556
f 1441/935/572 1440/937/571 1425/936/556
f 1441/935/572 1425/936/556 1423/934/554
f 1414/933/545 1441/935/572 1423/934/554
f 1435/950/566 1436/953/567 1442/952/573
f 1443/951/574 1442/952/573 1444/954/575
f 1443/951/574 1435/950/566 1442/952/573
f 1445/949/576 1435/950/566 1443/951/574
f 1445/949/576 1433/948/564 1435/950/566
f 1414/933/545 1423/934/554 1415/932/546
f 1446/963/577 1447/966/578 1448/965/579
f 1446/963/577 1448/965/579 1449/962/580
f 1449/962/580 1450/964/581 1446/963/577
f 1451/967/582 1452/968/583 1450/964/581
f 1449/962/580 1451/967/582 1450/964/581
f 1454/969/584 1453/970/585 1452/968/583
f 1451/967/582 1454/969/584 1452/968/583
f 1454/969/584 1457/971/586 1453/970/585
f 1455/973/587 1454/969/584 1451/967/582
f 1455/973/587 1456/972/588 1454/969/584
f 1456/972/588 1457/971/586 1454/969/584
f 1457/971/586 1458/983/589 1460/987/590
f 1459/982/591 1458/983/589 1457/971/586
f 1456/972/588 1459/982/591 1457/971/586
f 1457/971/586 1460/987/590 1453/970/585
f 1458/983/589 1461/986/592 1460/987/590
f 1458/983/589 1462/985/593 1461/986/592
f 1463/984/594 1462/985/593 1458/983/589
f 1463/984/594 1464/988/595 1462/985/593
f 1459/982/591 1463/984/594 1458/983/589
f 1465/974/596 1455/973/587 1451/967/582
f 1465/974/596 1451/967/582 1449/962/580
f 1449/962/580 1466/975/597 1465/974/596
f 1448/965/579 1467/976/598 1466/975/597
f 1449/962/580 1448/965/579 1466/975/597
f 1469/977/599 1468/978/600 1467/976/598
f 1448/965/579 1469/977/599 1467/976/598
f 1447/966/578 1469/977/599 1448/965/579
f 1447/966/578 1470/980/601 1469/977/599
f 1470/980/601 1471/979/602 1469/977/599
f 1469/977/599 1471/979/602 1468/978/600
f 1470/980/601 1472/981/603 1471/979/602
f 1477/989/604 1474/991/605 1473/990/606
f 1473/990/606 1475/993/607 1476/992/608
f 1473/990/606 1476/992/608 1477/989/604
f 1477/989/604 1476/992/608 1478/1018/609
f 1477/989/604 1478/1018/609 1479/1019/610
f 1479/1019/610 1480/1020/611 1477/989/604
f 1477/989/604 1480/1020/611 1474/991/605
f 1479/1019/610 1481/1021/612 1480/1020/611
f 1476/992/608 1482/1017/613 1478/1018/609
f 1483/994/614 1484/1016/615 1482/1017/613
f 1476/992/608 1483/994/614 1482/1017/613
f 1483/994/614 1485/996/616 1484/1016/615
f 1485/996/616 1486/1015/617 1484/1016/615
f 1488/998/618 1487/1004/619 1486/1015/617
f 1485/996/616 1488/998/618 1486/1015/617
f 1488/998/618 1489/1000/620 1487/1004/619
f 1490/999/621 1489/1000/620 1488/998/618
f 1491/997/622 1490/999/621 1488/998/618
f 1491/997/622 1488/998/618 1485/996/616
f 1492/995/623 1491/997/622 1485/996/616
f 1492/995/623 1485/996/616 1483/994/614
f 1475/993/607 1492/995/623 1483/994/614
f 1490/999/621 1493/1001/624 1489/1000/620
f 1493/1001/624 1494/1010/625 1495/1002/626
f 1493/1001/624 1495/1002/626 1489/1000/620
f 1489/1000/620 1495/1002/626 1496/1003/627
f 1497/1005/628 1496/1003/627 1495/1002/626
f 1497/1005/628 1495/1002/626 1498/1007/629
f 1498/1007/629 1495/1002/626 1494/1010/625
f 1499/1006/630 1498/1007/629 1500/1008/631
f 1499/1006/630 1497/1005/628 1498/1007/629
f 1500/1008/631 1498/1007/629 1501/1009/632
f 1498/1007/629 1494/1010/625 1501/1009/632
f 1500/1008/631 1501/1009/632 1502/1011/633
f 1503/1012/634 1500/1008/631 1502/1011/633
f 1503/1012/634 1502/1011/633 1504/1013/635
f 1505/1014/636 1500/1008/631 1503/1012/634
f 1505/1014/636 1499/1006/630 1500/1008/631
f 1489/1000/620 1496/1003/627 1487/1004/619
f 1475/993/607 1483/994/614 1476/992/608
f 1506/1023/637 1507/1026/638 1508/1025/639
f 1506/1023/637 1508/1025/639 1509/1022/640
f 1509/1022/640 1510/1024/641 1506/1023/637
f 1509/1022/640 1511/1027/642 1510/1024/641
f 1511/1027/642 1512/1028/643 1510/1024/641
f 1514/1031/644 1513/1032/645 1512/1028/643
f 1511/1027/642 1514/1031/644 1512/1028/643
f 1514/1031/644 1515/1033/646 1513/1032/645
f 1516/1034/647 1515/1033/646 1514/1031/644
f 1517/1030/648 1516/1034/647 1514/1031/644
f 1517/1030/648 1514/1031/644 1511/1027/642
f 1518/1029/649 1517/1030/648 1511/1027/642
f 1518/1029/649 1511/1027/642 1509/1022/640
f 1509/1022/640 1519/1042/650 1518/1029/649
f 1508/1025/639 1520/1043/651 1519/1042/650
f 1509/1022/640 1508/1025/639 1519/1042/650
f 1508/1025/639 1521/1044/652 1520/1043/651
f 1521/1044/652 1522/1045/653 1520/1043/651
f 1523/1047/654 1524/1051/655 1522/1045/653
f 1521/1044/652 1523/1047/654 1522/1045/653
f 1523/1047/654 1525/1049/656 1524/1051/655
f 1526/1048/657 1525/1049/656 1523/1047/654
f 1526/1048/657 1527/1050/658 1525/1049/656
f 1528/1046/659 1526/1048/657 1523/1047/654
f 1528/1046/659 1523/1047/654 1521/1044/652
f 1507/1026/638 1528/1046/659 1521/1044/652
f 1507/1026/638 1521/1044/652 1508/1025/639
f 1516/1034/647 1529/1035/660 1515/1033/646
f 1529/1035/660 1530/1036/661 1515/1033/646
f 1529/1035/660 1531/1037/662 1530/1036/661
f 1531/1037/662 1532/1041/663 1533/1038/290
f 1531/1037/662 1533/1038/290 1530/1036/661
f 1530/1036/661 1533/1038/290 1534/1039/664
f 1530/1036/661 1534/1039/664 1535/1040/665
f 1515/1033/646 1530/1036/661 1535/1040/665
f 1515/1033/646 1535/1040/665 1513/1032/645
f 1536/1054/666 1537/1056/667 1538/1055/319
f 1536/1054/666 1538/1055/319 1539/1053/668
f 1540/1052/669 1536/1054/666 1539/1053/668
f 1542/1066/670 1540/1052/669 1541/1059/671
f 1540/1052/669 1539/1053/668 1541/1059/671
f 1542/1066/670 1541/1059/671 1544/1061/672
f 1543/1065/673 1542/1066/670 1544/1061/672
f 1544/1061/672 1541/1059/671 1545/1060/591
f 1543/1065/673 1544/1061/672 1546/1063/674
f 1544/1061/672 1545/1060/591 1547/1062/675
f 1546/1063/674 1544/1061/672 1547/1062/675
f 1546/1063/674 1547/1062/675 1548/1064/676
f 1541/1059/671 1549/1058/677 1545/1060/591
f 1539/1053/668 1550/1057/678 1549/1058/677
f 1541/1059/671 1539/1053/668 1549/1058/677
f 1539/1053/668 1538/1055/319 1550/1057/678
f 1551/1069/679 1552/1071/680 1553/1070/305
f 1551/1069/679 1553/1070/305 1554/1068/681
f 1555/1067/682 1551/1069/679 1554/1068/681
f 1556/1078/683 1555/1067/682 1557/1074/684
f 1555/1067/682 1554/1068/681 1557/1074/684
f 1557/1074/684 1554/1068/681 1558/1073/685
f 1557/1074/684 1558/1073/685 1559/1075/686
f 1560/1076/687 1557/1074/684 1559/1075/686
f 1556/1078/683 1557/1074/684 1560/1076/687
f 1560/1076/687 1559/1075/686 1561/1077/688
f 1554/1068/681 1562/1072/689 1558/1073/685
f 1554/1068/681 1553/1070/305 1562/1072/689
f 1563/1081/690 1564/1083/691 1565/1082/692
f 1563/1081/690 1565/1082/692 1566/1080/693
f 1567/1079/694 1563/1081/690 1566/1080/693
f 1567/1079/694 1566/1080/693 1568/1084/14
f 1568/1084/14 1566/1080/693 1569/1085/695
f 1568/1084/14 1569/1085/695 1570/1086/696
f 1566/1080/693 1571/1087/697 1569/1085/695
f 1565/1082/692 1572/1088/698 1571/1087/697
f 1566/1080/693 1565/1082/692 1571/1087/697
f 1573/1090/699 1572/1088/698 1574/1089/700
f 1565/1082/692 1574/1089/700 1572/1088/698
f 1564/1083/691 1574/1089/700 1565/1082/692
f 1564/1083/691 1576/1095/701 1574/1089/700
f 1573/1090/699 1574/1089/700 1575/1092/702
f 1575/1092/702 1574/1089/700 1576/1095/701
f 1575/1092/702 1576/1095/701 1577/1094/703
f 1578/1093/704 1577/1094/703 1579/1096/570
f 1578/1093/704 1575/1092/702 1577/1094/703
f 1580/1091/705 1575/1092/702 1578/1093/704
f 1580/1091/705 1573/1090/699 1575/1092/702
f 1581/1099/706 1582/1101/707 1583/1100/708
f 1581/1099/706 1583/1100/708 1584/1098/709
f 1585/1097/710 1581/1099/706 1584/1098/709
f 1585/1097/710 1584/1098/709 1586/1102/15
f 1586/1102/15 1584/1098/709 1587/1103/711
f 1586/1102/15 1587/1103/711 1588/1104/712
f 1584/1098/709 1589/1105/713 1587/1103/711
f 1583/1100/708 1590/1106/714 1589/1105/713
f 1584/1098/709 1583/1100/708 1589/1105/713
f 1583/1100/708 1592/1108/715 1590/1106/714
f 1591/1107/716 1590/1106/714 1592/1108/715
f 1582/1101/707 1592/1108/715 1583/1100/708
f 1591/1107/716 1592/1108/715 1593/1109/717
f 1593/1109/717 1592/1108/715 1594/1110/718
f 1582/1101/707 1594/1110/718 1592/1108/715
f 1593/1109/717 1594/1110/718 1595/1111/719
f 1596/1112/720 1593/1109/717 1595/1111/719
f 1596/1112/720 1595/1111/719 1597/1113/721
f 1598/1114/722 1596/1112/720 1597/1113/721
f 1598/1114/722 1597/1113/721 1599/1115/723
f 1600/1116/724 1596/1112/720 1598/1114/722
f 1600/1116/724 1601/1117/725 1596/1112/720
f 1601/1117/725 1591/1107/716 1593/1109/717
f 1601/1117/725 1593/1109/717 1596/1112/720
f 1606/1122/726 1603/1121/687 1602/1118/727
f 1602/1118/727 1603/1121/687 1604/1120/728
f 1602/1118/727 1604/1120/728 1605/1119/729
f 1606/1122/726 1607/1123/730 1603/1121/687
f 1610/1127/731 1608/1124/732 1609/1128/733
f 1608/1124/732 1610/1127/731 1611/1126/734
f 1608/1124/732 1611/1126/734 1612/1125/735
f 1612/1125/735 1611/1126/734 1613/1134/736
f 1612/1125/735 1613/1134/736 1614/1152/737
f 1614/1152/737 1613/1134/736 1615/1136/738
f 1614/1152/737 1615/1136/738 1616/1151/739
f 1616/1151/739 1615/1136/738 1617/1138/740
f 1616/1151/739 1617/1138/740 1618/1150/741
f 1618/1150/741 1617/1138/740 1620/1140/742
f 1618/1150/741 1620/1140/742 1619/1149/743
f 1617/1138/740 1621/1139/744 1620/1140/742
f 1620/1140/742 1621/1139/744 1622/1141/745
f 1620/1140/742 1622/1141/745 1623/1142/746
f 1619/1149/743 1620/1140/742 1623/1142/746
f 1626/1143/747 1623/1142/746 1622/1141/745
f 1626/1143/747 1624/1145/748 1623/1142/746
f 1624/1145/748 1625/1148/749 1623/1142/746
f 1619/1149/743 1623/1142/746 1625/1148/749
f 1627/1144/750 1624/1145/748 1626/1143/747
f 1629/949/576 1628/1146/566 1627/1144/750
f 1627/1144/750 1628/1146/566 1624/1145/748
f 1629/949/576 1630/951/751 1628/1146/566
f 1630/951/751 1631/1153/752 1628/1146/566
f 1630/951/751 1632/954/575 1631/1153/752
f 1628/1146/566 1631/1153/752 1633/1147/753
f 1628/1146/566 1633/1147/753 1624/1145/748
f 1624/1145/748 1633/1147/753 1625/1148/749
f 1617/1138/740 1634/1137/754 1621/1139/744
f 1615/1136/738 1635/1135/755 1634/1137/754
f 1615/1136/738 1634/1137/754 1617/1138/740
f 1613/1134/736 1635/1135/755 1615/1136/738
f 1613/1134/736 1636/1133/756 1635/1135/755
f 1611/1126/734 1636/1133/756 1613/1134/736
f 1611/1126/734 1637/1132/757 1636/1133/756
f 1610/1127/731 1637/1132/757 1611/1126/734
f 1610/1127/731 1638/1130/758 1637/1132/757
f 1638/1130/758 1610/1127/731 1639/1129/549
f 1638/1130/758 1639/1129/549 1640/1131/759
f 1610/1127/731 1609/1128/733 1639/1129/549
f 1642/1157/760 1641/1154/761 1645/1158/762
f 1641/1154/761 1642/1157/760 1643/1156/763
f 1641/1154/761 1643/1156/763 1644/1155/764
f 1646/1159/765 1645/1158/762 1647/1160/766
f 1642/1157/760 1645/1158/762 1646/1159/765
f 1649/1161/767 1647/1160/766 1648/1162/768
f 1646/1159/765 1647/1160/766 1649/1161/767
f 1649/1161/767 1648/1162/768 1650/1163/769
f 1651/1167/770 1649/1161/767 1650/1163/769
f 1652/1168/771 1646/1159/765 1649/1161/767
f 1652/1168/771 1649/1161/767 1651/1167/770
f 1653/1169/772 1646/1159/765 1652/1168/771
f 1653/1169/772 1642/1157/760 1646/1159/765
f 1642/1157/760 1653/1169/772 1654/1170/773
f 1643/1156/763 1654/1170/773 1655/1171/774
f 1642/1157/760 1654/1170/773 1643/1156/763
f 1656/1172/775 1655/1171/774 1657/1173/776
f 1643/1156/763 1655/1171/774 1656/1172/775
f 1656/1172/775 1657/1173/776 1658/1174/777
f 1659/1175/778 1656/1172/775 1658/1174/777
f 1659/1175/778 1658/1174/777 1660/1176/779
f 1644/1155/764 1656/1172/775 1659/1175/778
f 1644/1155/764 1643/1156/763 1656/1172/775
f 1651/1167/770 1650/1163/769 1661/1166/780
f 1661/1166/780 1650/1163/769 1663/1165/781
f 1661/1166/780 1663/1165/781 1662/1177/782
f 1662/1177/782 1663/1165/781 1666/1179/783
f 1650/1163/769 1664/1164/784 1663/1165/781
f 1663/1165/781 1664/1164/784 1665/1180/663
f 1663/1165/781 1665/1180/663 1666/1179/783
f 1662/1177/782 1666/1179/783 1667/1178/664
f 1650/1163/769 1648/1162/768 1664/1164/784
f 1670/1184/785 1668/1181/786 1669/1185/787
f 1668/1181/786 1670/1184/785 1671/1183/788
f 1668/1181/786 1671/1183/788 1672/1182/789
f 1672/1182/789 1671/1183/788 1673/1191/790
f 1672/1182/789 1673/1191/790 1674/1193/791
f 1674/1193/791 1673/1191/790 1675/1194/792
f 1674/1193/791 1675/1194/792 1676/1195/793
f 1676/1195/793 1675/1194/792 1677/1196/794
f 1676/1195/793 1677/1196/794 1678/1209/795
f 1678/1209/795 1680/1199/796 1679/1208/797
f 1678/1209/795 1677/1196/794 1680/1199/796
f 1679/1208/797 1680/1199/796 1681/1202/798
f 1680/1199/796 1683/1200/799 1681/1202/798
f 1677/1196/794 1682/1198/800 1680/1199/796
f 1680/1199/796 1682/1198/800 1683/1200/799
f 1684/1201/801 1681/1202/798 1683/1200/799
f 1685/1203/802 1686/1204/803 1684/1201/801
f 1684/1201/801 1686/1204/803 1681/1202/798
f 1685/1203/802 1687/1205/804 1686/1204/803
f 1687/1205/804 1688/1206/805 1686/1204/803
f 1686/1204/803 1688/1206/805 1689/1207/806
f 1686/1204/803 1689/1207/806 1681/1202/798
f 1679/1208/797 1681/1202/798 1689/1207/806
f 1687/1205/804 1690/1210/807 1688/1206/805
f 1691/1012/808 1690/1210/807 1687/1205/804
f 1691/1012/808 1692/1013/635 1690/1210/807
f 1693/1014/636 1691/1012/808 1687/1205/804
f 1693/1014/636 1687/1205/804 1685/1203/802
f 1677/1196/794 1694/1197/809 1682/1198/800
f 1675/1194/792 1694/1197/809 1677/1196/794
f 1675/1194/792 1695/1192/810 1694/1197/809
f 1673/1191/790 1695/1192/810 1675/1194/792
f 1673/1191/790 1696/1190/811 1695/1192/810
f 1671/1183/788 1697/1189/812 1696/1190/811
f 1671/1183/788 1696/1190/811 1673/1191/790
f 1670/1184/785 1697/1189/812 1671/1183/788
f 1670/1184/785 1698/1187/813 1697/1189/812
f 1698/1187/813 1670/1184/785 1699/1186/814
f 1698/1187/813 1699/1186/814 1700/1188/815
f 1670/1184/785 1669/1185/787 1699/1186/814
f 1702/1214/816 1701/1211/817 1705/1215/818
f 1701/1211/817 1702/1214/816 1703/1213/819
f 1701/1211/817 1703/1213/819 1704/1212/820
f 1707/1216/821 1705/1215/818 1706/1217/822
f 1702/1214/816 1705/1215/818 1707/1216/821
f 1708/1226/823 1702/1214/816 1707/1216/821
f 1708/1226/823 1707/1216/821 1710/1225/824
f 1707/1216/821 1706/1217/822 1709/1218/825
f 1710/1225/824 1707/1216/821 1709/1218/825
f 1710/1225/824 1709/1218/825 1711/1223/826
f 1711/1223/826 1713/1220/827 1712/1224/828
f 1711/1223/826 1709/1218/825 1713/1220/827
f 1713/1220/827 1716/1221/829 1714/1222/830
f 1712/1224/828 1713/1220/827 1714/1222/830
f 1709/1218/825 1715/1219/831 1713/1220/827
f 1713/1220/827 1715/1219/831 1716/1221/829
f 1714/1222/830 1716/1221/829 1717/1239/595
f 1714/1222/830 1717/1239/595 1718/1238/482
f 1719/1237/832 1718/1238/482 1720/1240/592
f 1719/1237/832 1714/1222/830 1718/1238/482
f 1712/1224/828 1714/1222/830 1719/1237/832
f 1709/1218/825 1706/1217/822 1715/1219/831
f 1702/1214/816 1708/1226/823 1721/1227/833
f 1702/1214/816 1721/1227/833 1703/1213/819
f 1703/1213/819 1721/1227/833 1722/1228/834
f 1724/1229/835 1722/1228/834 1723/1230/836
f 1703/1213/819 1722/1228/834 1724/1229/835
f 1704/1212/820 1703/1213/819 1724/1229/835
f 1704/1212/820 1724/1229/835 1725/1236/811
f 1725/1236/811 1724/1229/835 1726/1231/837
f 1724/1229/835 1723/1230/836 1726/1231/837
f 1725/1236/811 1726/1231/837 1727/1234/838
f 1727/1234/838 1726/1231/837 1728/1233/839
f 1726/1231/837 1723/1230/836 1729/1232/741
f 1726/1231/837 1729/1232/741 1728/1233/839
f 1727/1234/838 1728/1233/839 1730/1235/840
f 1735/1245/841 1732/1244/842 1731/1241/843
f 1731/1241/843 1732/1244/842 1733/1243/319
f 1731/1241/843 1733/1243/319 1734/1242/844
f 1735/1245/841 1736/1247/845 1732/1244/842
f 1737/1246/846 1736/1247/845 1735/1245/841
f 1738/1249/847 1739/1248/848 1737/1246/846
f 1737/1246/846 1739/1248/848 1736/1247/845
f 1738/1249/847 1741/1251/849 1739/1248/848
f 1739/1248/848 1740/1250/780 1736/1247/845
f 1739/1248/848 1742/1252/850 1740/1250/780
f 1741/1251/849 1742/1252/850 1739/1248/848
f 1741/1251/849 1743/1253/851 1742/1252/850
f 1736/1247/845 1740/1250/780 1744/1254/852
f 1736/1247/845 1744/1254/852 1732/1244/842
f 1732/1244/842 1744/1254/852 1745/1255/853
f 1732/1244/842 1745/1255/853 1733/1243/319
f 1750/1260/854 1747/1259/681 1746/1256/855
f 1746/1256/855 1747/1259/681 1748/1258/305
f 1746/1256/855 1748/1258/305 1749/1257/856
f 1752/1262/766 1751/1261/857 1750/1260/854
f 1750/1260/854 1751/1261/857 1747/1259/681
f 1752/1262/766 1753/1263/858 1751/1261/857
f 1753/1263/858 1754/1264/859 1751/1261/857
f 1753/1263/858 1755/1265/860 1754/1264/859
f 1751/1261/857 1754/1264/859 1756/1266/861
f 1751/1261/857 1756/1266/861 1747/1259/681
f 1747/1259/681 1756/1266/861 1757/1267/862
f 1747/1259/681 1757/1267/862 1748/1258/305
f 1762/1079/694 1759/1269/863 1758/1268/864
f 1758/1268/864 1759/1269/863 1760/1271/865
f 1758/1268/864 1760/1271/865 1761/1270/866
f 1762/1079/694 1763/1084/14 1759/1269/863
f 1763/1084/14 1764/1273/867 1759/1269/863
f 1763/1084/14 1765/1086/696 1764/1273/867
f 1759/1269/863 1764/1273/867 1766/1272/868
f 1760/1271/865 1766/1272/868 1767/1274/869
f 1759/1269/863 1766/1272/868 1760/1271/865
f 1760/1271/865 1767/1274/869 1768/1276/870
f 1769/1275/871 1768/1276/870 1767/1274/869
f 1771/1282/872 1770/1278/873 1769/1275/871
f 1769/1275/871 1770/1278/873 1768/1276/870
f 1771/1282/872 1772/1280/839 1770/1278/873
f 1772/1280/839 1773/1279/874 1770/1278/873
f 1772/1280/839 1774/1281/875 1773/1279/874
f 1770/1278/873 1773/1279/874 1775/1277/876
f 1770/1278/873 1775/1277/876 1768/1276/870
f 1761/1270/866 1768/1276/870 1775/1277/876
f 1761/1270/866 1760/1271/865 1768/1276/870
f 1780/1097/710 1777/1284/877 1776/1283/878
f 1776/1283/878 1777/1284/877 1778/1286/879
f 1776/1283/878 1778/1286/879 1779/1285/880
f 1780/1097/710 1781/1102/15 1777/1284/877
f 1781/1102/15 1782/1104/881 1783/1288/882
f 1781/1102/15 1783/1288/882 1777/1284/877
f 1777/1284/877 1783/1288/882 1784/1287/883
f 1777/1284/877 1784/1287/883 1778/1286/879
f 1778/1286/879 1784/1287/883 1785/1289/884
f 1786/1290/885 1787/1291/886 1785/1289/884
f 1778/1286/879 1785/1289/884 1787/1291/886
f 1786/1290/885 1788/1293/887 1787/1291/886
f 1779/1285/880 1778/1286/879 1787/1291/886
f 1788/1293/887 1789/1292/888 1787/1291/886
f 1779/1285/880 1787/1291/886 1789/1292/888
f 1788/1293/887 1790/1294/889 1789/1292/888
f 1791/1295/890 1790/1294/889 1788/1293/887
f 1791/1295/890 1792/1296/891 1790/1294/889
f 1793/1297/892 1792/1296/891 1791/1295/890
f 1793/1297/892 1794/1298/893 1792/1296/891
f 1795/1299/894 1793/1297/892 1791/1295/890
f 1795/1299/894 1791/1295/890 1796/1300/895
f 1796/1300/895 1788/1293/887 1786/1290/885
f 1796/1300/895 1791/1295/890 1788/1293/887
f 1797/1303/896 1798/1305/897 1799/1304/898
f 1797/1303/896 1799/1304/898 1800/1302/899
f 1801/1301/900 1797/1303/896 1800/1302/899
f 1801/1301/900 1800/1302/899 1802/1306/901
f 1803/1307/3 1804/1308/902 1805/1309/902
f 1803/1307/3 1805/1309/902 1806/1310/3
f 1807/1311/902 1808/1312/66 1809/1313/66
f 1807/1311/902 1809/1313/66 1810/1314/902
f 1808/1312/66 1811/1315/903 1809/1313/66
f 1808/1312/66 1812/1316/903 1811/1315/903
f 1813/1317/903 1814/1318/1 1815/1319/1
f 1813/1317/903 1815/1319/1 1816/1320/903
f 1817/1321/1 1818/1322/2 1819/1323/2
f 1817/1321/1 1819/1323/2 1820/1324/1
f 1818/1322/2 1821/1325/3 1819/1323/2
f 1818/1322/2 1822/1326/3 1821/1325/3
f 1824/1327/904 1823/1328/905 1827/1329/906
f 1823/1328/905 1824/1327/904 1825/1330/907
f 1823/1328/905 1825/1330/907 1826/1331/908
f 1824/1327/904 1827/1329/906 1828/1332/909
f 1828/1332/909 1827/1329/906 1829/1333/910
f 1828/1332/909 1829/1333/910 1830/1334/911
f 1826/1331/908 1825/1330/907 1831/1335/912
f 1826/1331/908 1831/1335/912 1832/1336/913
f 1832/1336/913 1831/1335/912 1834/1337/914
f 1832/1336/913 1834/1337/914 1833/1338/915
f 1835/1339/916 1836/1340/66 1837/1341/66
f 1835/1339/916 1837/1341/66 1838/1342/917
f 1836/1340/66 1839/1343/918 1837/1341/66
f 1836/1340/66 1840/1344/919 1839/1343/918
f 1843/1345/920 1841/1346/919 1842/1347/921
f 1841/1346/919 1843/1345/920 1844/1348/922
f 1841/1346/919 1844/1348/922 1845/1349/923
f 1845/1349/923 1844/1348/922 1846/1350/924
f 1845/1349/923 1846/1350/924 1847/1351/925
f 1847/1351/925 1846/1350/924 1848/1352/926
f 1847/1351/925 1848/1352/926 1849/1353/927
f 1843/1345/920 1842/1347/921 1850/1354/928
f 1850/1354/928 1842/1347/921 1851/1355/929
f 1850/1354/928 1851/1355/929 1852/1356/930
f 1853/1357/920 1854/1358/2 1855/1359/2
f 1853/1357/920 1855/1359/2 1856/1360/931
f 1854/1358/2 1857/1361/932 1855/1359/2
f 1854/1358/2 1858/1362/933 1857/1361/932
f 1860/1363/934 1859/1364/935 1863/1365/936
f 1859/1364/935 1860/1363/934 1861/1366/937
f 1859/1364/935 1861/1366/937 1862/1367/938
f 1864/1368/939 1863/1365/936 1865/1369/940
f 1860/1363/934 1863/1365/936 1864/1368/939
f 1864/1368/939 1865/1369/940 1866/1370/941
f 1866/1370/941 1865/1369/940 1867/1371/942
f 1866/1370/941 1867/1371/942 1868/1372/943
f 1869/1373/944 1862/1367/938 1861/1366/937
f 1869/1373/944 1870/1374/945 1862/1367/938
f 1872/1375/946 1870/1374/945 1869/1373/944
f 1872/1375/946 1871/1376/947 1870/1374/945
f 1873/1377/948 1871/1376/947 1872/1375/946
f 1873/1377/948 1874/1378/949 1871/1376/947
f 1876/1379/264 1875/1380/934 1879/1381/950
f 1875/1380/934 1876/1379/264 1877/1382/951
f 1875/1380/934 1877/1382/951 1878/1383/952
f 1881/1384/953 1879/1381/950 1880/1385/941
f 1876/1379/264 1879/1381/950 1881/1384/953
f 1882/1386/954 1876/1379/264 1881/1384/953
f 1882/1386/954 1881/1384/953 1883/1387/955
f 1883/1387/955 1881/1384/953 1884/1388/956
f 1881/1384/953 1880/1385/941 1884/1388/956
f 1883/1387/955 1884/1388/956 1885/1389/957
f 1885/1389/957 1884/1388/956 1887/1390/958
f 1884/1388/956 1880/1385/941 1886/1391/959
f 1884/1388/956 1886/1391/959 1887/1390/958
f 1885/1389/957 1887/1390/958 1889/1392/960
f 1887/1390/958 1890/1393/961 1888/1394/962
f 1889/1392/960 1887/1390/958 1888/1394/962
f 1887/1390/958 1886/1391/959 1890/1393/961
f 1888/1394/962 1890/1393/961 1891/1395/963
f 1888/1394/962 1891/1395/963 1892/1396/964
f 1893/1397/965 1892/1396/964 1894/1398/966
f 1893/1397/965 1888/1394/962 1892/1396/964
f 1889/1392/960 1888/1394/962 1893/1397/965
f 1876/1379/264 1882/1386/954 1895/1399/967
f 1876/1379/264 1895/1399/967 1877/1382/951
f 1896/1400/968 1877/1382/951 1895/1399/967
f 1898/1401/969 1897/1402/970 1896/1400/968
f 1896/1400/968 1897/1402/970 1877/1382/951
f 1898/1401/969 1900/1403/971 1897/1402/970
f 1899/1404/972 1900/1403/971 1898/1401/969
f 1900/1403/971 1901/1405/944 1897/1402/970
f 1900/1403/971 1903/1406/973 1901/1405/944
f 1902/1407/974 1903/1406/973 1900/1403/971
f 1899/1404/972 1902/1407/974 1900/1403/971
f 1902/1407/974 1904/1408/975 1903/1406/973
f 1906/1409/976 1905/1410/925 1904/1408/975
f 1906/1409/976 1904/1408/975 1902/1407/974
f 1907/1342/907 1906/1409/976 1909/1411/912
f 1907/1342/907 1908/1341/977 1906/1409/976
f 1908/1341/977 1905/1410/925 1906/1409/976
f 1909/1411/912 1906/1409/976 1902/1407/974
f 1909/1411/912 1902/1407/974 1899/1404/972
f 1908/1341/977 1910/1343/978 1905/1410/925
f 1897/1402/970 1901/1405/944 1878/1383/952
f 1897/1402/970 1878/1383/952 1877/1382/951
f 1912/1412/979 1911/1413/980 1915/1414/981
f 1911/1413/980 1912/1412/979 1913/1415/982
f 1911/1413/980 1913/1415/982 1914/1416/983
f 1912/1412/979 1915/1414/981 1916/1417/984
f 1916/1417/984 1915/1414/981 1917/1418/985
f 1916/1417/984 1917/1418/985 1918/1419/986
f 1918/1419/986 1917/1418/985 1919/1420/987
f 1918/1419/986 1919/1420/987 1920/1421/988
f 1921/1422/989 1914/1416/983 1913/1415/982
f 1921/1422/989 1922/1423/990 1914/1416/983
f 1924/1424/991 1922/1423/990 1921/1422/989
f 1924/1424/991 1923/1425/992 1922/1423/990
f 1925/1426/915 1923/1425/992 1924/1424/991
f 1925/1426/915 1926/1427/914 1923/1425/992
f 1928/1428/399 1927/1429/979 1931/1430/993
f 1927/1429/979 1928/1428/399 1929/1431/994
f 1927/1429/979 1929/1431/994 1930/1432/995
f 1932/1433/996 1931/1430/993 1933/1434/986
f 1928/1428/399 1931/1430/993 1932/1433/996
f 1932/1433/996 1933/1434/986 1934/1435/997
f 1934/1435/997 1933/1434/986 1935/1436/988
f 1934/1435/997 1935/1436/988 1937/1437/998
f 1937/1437/998 1935/1436/988 1936/1438/999
f 1937/1437/998 1936/1438/999 1938/1439/1000
f 1940/1440/1001 1937/1437/998 1938/1439/1000
f 1939/1441/940 1934/1435/997 1937/1437/998
f 1939/1441/940 1937/1437/998 1940/1440/1001
f 1940/1440/1001 1938/1439/1000 1941/1442/1002
f 1941/1442/1002 1938/1439/1000 1942/1443/1003
f 1941/1442/1002 1942/1443/1003 1943/1444/1004
f 1938/1439/1000 1944/1445/1005 1942/1443/1003
f 1938/1439/1000 1936/1438/999 1944/1445/1005
f 1945/1446/936 1934/1435/997 1939/1441/940
f 1946/1447/935 1932/1433/996 1945/1446/936
f 1945/1446/936 1932/1433/996 1934/1435/997
f 1928/1428/399 1946/1447/935 1947/1448/1006
f 1946/1447/935 1928/1428/399 1932/1433/996
f 1948/1449/945 1929/1431/994 1947/1448/1006
f 1928/1428/399 1947/1448/1006 1929/1431/994
f 1948/1449/945 1949/1450/1007 1929/1431/994
f 1950/1451/1008 1949/1450/1007 1948/1449/945
f 1950/1451/1008 1952/1452/1009 1949/1450/1007
f 1951/1453/1010 1952/1452/1009 1950/1451/1008
f 1952/1452/1009 1954/1454/1011 1949/1450/1007
f 1953/1455/1012 1955/1456/991 1952/1452/1009
f 1951/1453/1010 1953/1455/1012 1952/1452/1009
f 1952/1452/1009 1955/1456/991 1954/1454/1011
f 1953/1455/1012 1956/1457/915 1955/1456/991
f 1958/1458/1013 1956/1457/915 1953/1455/1012
f 1958/1458/1013 1957/1459/913 1956/1457/915
f 1959/1360/931 1958/1458/1013 1961/1460/924
f 1959/1360/931 1960/1359/1014 1958/1458/1013
f 1960/1359/1014 1957/1459/913 1958/1458/1013
f 1961/1460/924 1958/1458/1013 1953/1455/1012
f 1961/1460/924 1953/1455/1012 1951/1453/1010
f 1960/1359/1014 1962/1361/1015 1957/1459/913
f 1949/1450/1007 1954/1454/1011 1930/1432/995
f 1949/1450/1007 1930/1432/995 1929/1431/994
f 1964/1461/1016 1963/1462/1017 1967/1463/1018
f 1963/1462/1017 1964/1461/1016 1965/1464/1019
f 1963/1462/1017 1965/1464/1019 1966/1465/1020
f 1968/1466/1021 1967/1463/1018 1969/1467/1022
f 1964/1461/1016 1967/1463/1018 1968/1466/1021
f 1968/1466/1021 1969/1467/1022 1970/1468/1023
f 1971/1469/961 1966/1465/1020 1965/1464/1019
f 1971/1469/961 1972/1470/1002 1966/1465/1020
f 1973/1471/943 1972/1470/1002 1971/1469/961
f 1973/1471/943 1974/1472/942 1972/1470/1002
f 1975/1473/1024 1976/1474/66 1977/1396/66
f 1975/1473/1024 1977/1396/66 1978/1395/1025
f 1976/1474/66 1979/1398/1026 1977/1396/66
f 1976/1474/66 1980/1475/1027 1979/1398/1026
f 1982/1476/1028 1981/1477/1027 1985/1478/1029
f 1981/1477/1027 1982/1476/1028 1983/1479/1030
f 1981/1477/1027 1983/1479/1030 1984/1480/1031
f 1986/1481/1032 1985/1478/1029 1987/1482/1033
f 1982/1476/1028 1985/1478/1029 1986/1481/1032
f 1986/1481/1032 1987/1482/1033 1988/1483/1034
f 1989/1484/1035 1984/1480/1031 1983/1479/1030
f 1989/1484/1035 1990/1485/1036 1984/1480/1031
f 1991/1486/988 1990/1485/1036 1989/1484/1035
f 1991/1486/988 1992/1487/960 1990/1485/1036
f 1993/1488/1037 1994/1489/2 1995/1443/2
f 1993/1488/1037 1995/1443/2 1996/1445/1005
f 1994/1489/2 1997/1444/1038 1995/1443/2
f 1994/1489/2 1998/1490/1039 1997/1444/1038
f 2004/1491/1040 2000/1492/1041 1999/1493/1042
f 1999/1493/1042 2001/1494/1043 2002/1495/1044
f 1999/1493/1042 2002/1495/1044 2003/1496/1045
f 2004/1491/1040 1999/1493/1042 2003/1496/1045
f 2005/1497/1046 2000/1492/1041 2004/1491/1040
f 2006/1498/1023 2007/1499/1047 2005/1497/1046
f 2005/1497/1046 2007/1499/1047 2000/1492/1041
f 2006/1498/1023 2008/1500/1022 2007/1499/1047
f 2010/1501/1048 2009/1502/1049 2002/1495/1044
f 2010/1501/1048 2002/1495/1044 2001/1494/1043
f 2011/1503/1050 2009/1502/1049 2010/1501/1048
f 2011/1503/1050 2012/1504/1051 2009/1502/1049
f 2013/1505/1052 2012/1504/1051 2011/1503/1050
f 2013/1505/1052 2014/1506/1053 2012/1504/1051
f 2015/1507/1045 2016/1508/1054 2017/1509/1055
f 2015/1507/1045 2017/1509/1055 2018/1510/634
f 2019/1511/1056 2015/1507/1045 2018/1510/634
f 2019/1511/1056 2020/1512/1057 2015/1507/1045
f 2021/1513/1058 2020/1512/1057 2019/1511/1056
f 2021/1513/1058 2022/1514/1046 2020/1512/1057
f 2024/1515/1059 2023/1516/1060 2022/1514/1046
f 2024/1515/1059 2022/1514/1046 2021/1513/1058
f 2025/1517/1061 2023/1516/1060 2024/1515/1059
f 2026/1518/1062 2025/1517/1061 2024/1515/1059
f 2026/1518/1062 2024/1515/1059 2027/1519/1033
f 2027/1519/1033 2024/1515/1059 2021/1513/1058
f 2027/1519/1033 2021/1513/1058 2028/1520/1063
f 2028/1520/1063 2021/1513/1058 2019/1511/1056
f 2028/1520/1063 2019/1511/1056 2029/1521/1064
f 2029/1521/1064 2018/1510/634 2030/1522/1065
f 2029/1521/1064 2019/1511/1056 2018/1510/634
f 2018/1510/634 2031/1523/1066 2030/1522/1065
f 2032/1524/1067 2031/1523/1066 2017/1509/1055
f 2018/1510/634 2017/1509/1055 2031/1523/1066
f 2032/1524/1067 2033/1525/1068 2031/1523/1066
f 2034/1526/1069 2033/1525/1068 2032/1524/1067
f 2034/1526/1069 2035/1527/1070 2033/1525/1068
f 2036/1528/1071 2035/1527/1070 2034/1526/1069
f 2036/1528/1071 2037/1529/911 2035/1527/1070
f 2038/1530/1072 2037/1529/911 2036/1528/1071
f 2038/1530/1072 2039/1531/909 2037/1529/911
f 2040/1340/977 2039/1531/909 2038/1530/1072
f 2040/1340/977 2041/1339/904 2039/1531/909
f 2042/1344/919 2040/1340/977 2038/1530/1072
f 2042/1344/919 2038/1530/1072 2043/1532/921
f 2043/1532/921 2038/1530/1072 2036/1528/1071
f 2043/1532/921 2036/1528/1071 2044/1533/1073
f 2044/1533/1073 2036/1528/1071 2034/1526/1069
f 2044/1533/1073 2034/1526/1069 2045/1534/1074
f 2045/1534/1074 2034/1526/1069 2032/1524/1067
f 2045/1534/1074 2032/1524/1067 2046/1535/1049
f 2046/1535/1049 2017/1509/1055 2016/1508/1054
f 2046/1535/1049 2032/1524/1067 2017/1509/1055
f 2047/1475/1075 2025/1517/1061 2026/1518/1062
f 2047/1475/1075 2048/1474/1076 2025/1517/1061
f 2048/1474/1076 2050/1536/1077 2025/1517/1061
f 2048/1474/1076 2049/1473/1078 2050/1536/1077
f 2025/1517/1061 2050/1536/1077 2023/1516/1060
f 2051/1537/1079 2052/1538/1080 2053/1539/1081
f 2051/1537/1079 2053/1539/1081 2054/1540/1082
f 2055/1541/1083 2051/1537/1079 2054/1540/1082
f 2055/1541/1083 2056/1542/1084 2051/1537/1079
f 2058/1543/1085 2056/1542/1084 2055/1541/1083
f 2058/1543/1085 2057/1544/1086 2056/1542/1084
f 2059/1545/1087 2057/1544/1086 2058/1543/1085
f 2059/1545/1087 2060/1546/1033 2057/1544/1086
f 2061/1547/1088 2053/1539/1081 2052/1538/1080
f 2061/1547/1088 2062/1548/1089 2053/1539/1081
f 2064/1549/1070 2062/1548/1089 2061/1547/1088
f 2064/1549/1070 2063/1550/1090 2062/1548/1089
f 2065/1551/911 2063/1550/1090 2064/1549/1070
f 2065/1551/911 2066/1552/910 2063/1550/1090
f 2067/1553/1082 2068/1554/1081 2069/1555/1091
f 2067/1553/1082 2069/1555/1091 2070/1556/751
f 2071/1557/1092 2067/1553/1082 2070/1556/751
f 2071/1557/1092 2072/1558/1093 2067/1553/1082
f 2073/1559/1094 2072/1558/1093 2071/1557/1092
f 2073/1559/1094 2074/1560/1085 2072/1558/1093
f 2075/1561/1095 2074/1560/1085 2073/1559/1094
f 2075/1561/1095 2076/1562/1034 2074/1560/1085
f 2077/1563/1096 2076/1562/1034 2075/1561/1095
f 2077/1563/1096 2078/1564/1097 2076/1562/1034
f 2079/1489/1098 2078/1564/1097 2077/1563/1096
f 2079/1489/1098 2080/1488/1099 2078/1564/1097
f 2081/1490/1039 2079/1489/1098 2077/1563/1096
f 2081/1490/1039 2077/1563/1096 2082/1565/1018
f 2082/1565/1018 2077/1563/1096 2075/1561/1095
f 2082/1565/1018 2075/1561/1095 2083/1566/1100
f 2083/1566/1100 2075/1561/1095 2073/1559/1094
f 2083/1566/1100 2073/1559/1094 2084/1567/1047
f 2084/1567/1047 2071/1557/1092 2085/1568/1101
f 2084/1567/1047 2073/1559/1094 2071/1557/1092
f 2085/1568/1101 2071/1557/1092 2070/1556/751
f 2085/1568/1101 2070/1556/751 2086/1569/1042
f 2070/1556/751 2087/1570/1102 2086/1569/1042
f 2088/1571/1103 2087/1570/1102 2069/1555/1091
f 2088/1571/1103 2089/1572/1048 2087/1570/1102
f 2070/1556/751 2069/1555/1091 2087/1570/1102
f 2090/1573/1104 2089/1572/1048 2088/1571/1103
f 2090/1573/1104 2091/1574/1105 2089/1572/1048
f 2092/1575/1106 2091/1574/1105 2090/1573/1104
f 2092/1575/1106 2093/1576/1052 2091/1574/1105
f 2094/1577/1107 2093/1576/1052 2092/1575/1106
f 2094/1577/1107 2095/1578/928 2093/1576/1052
f 2096/1358/1014 2095/1578/928 2094/1577/1107
f 2096/1358/1014 2097/1357/1108 2095/1578/928
f 2098/1362/905 2096/1358/1014 2094/1577/1107
f 2098/1362/905 2094/1577/1107 2099/1579/906
f 2099/1579/906 2094/1577/1107 2092/1575/1106
f 2099/1579/906 2092/1575/1106 2100/1580/1109
f 2100/1580/1109 2092/1575/1106 2090/1573/1104
f 2100/1580/1109 2090/1573/1104 2101/1581/1090
f 2101/1581/1090 2090/1573/1104 2088/1571/1103
f 2101/1581/1090 2088/1571/1103 2102/1582/1110
f 2102/1582/1110 2069/1555/1091 2068/1554/1081
f 2102/1582/1110 2088/1571/1103 2069/1555/1091
f 2103/1583/1111 2108/1584/1112 2104/1585/1113
f 2103/1583/1111 2104/1585/1113 2105/1586/1114
f 2103/1583/1111 2105/1586/1114 2106/1587/1115
f 2103/1583/1111 2107/1588/1112 2108/1584/1112
f 2105/1586/1114 2109/1589/1116 2106/1587/1115
f 2105/1586/1114 2110/1590/1116 2109/1589/1116
f 2115/1591/13 2112/1592/13 2111/1593/13
f 2111/1593/13 2112/1592/13 2113/1594/1117
f 2111/1593/13 2113/1594/1117 2114/1595/1117
f 2115/1591/13 2116/1596/13 2117/1597/13
f 2115/1591/13 2117/1597/13 2118/1598/13
f 2115/1591/13 2118/1598/13 2112/1592/13
f 2116/1596/13 2119/1599/13 2117/1597/13
f 2116/1596/13 2120/1600/13 2119/1599/13
f 2120/1600/13 2121/1601/13 2119/1599/13
f 2120/1600/13 2122/1602/13 2121/1601/13
f 2123/1603/13 2121/1601/13 2122/1602/13
f 2124/1604/13 2125/1605/13 2123/1603/13
f 2123/1603/13 2122/1602/13 2124/1604/13
f 2124/1604/13 2126/1606/13 2125/1605/13
f 2126/1606/13 2127/1607/13 2125/1605/13
f 2127/1607/13 2130/1608/13 2128/1609/13
f 2126/1606/13 2129/1610/13 2127/1607/13
f 2127/1607/13 2129/1610/13 2130/1608/13
f 2130/1608/13 2131/1611/1118 2132/1612/1118
f 2130/1608/13 2132/1612/1118 2128/1609/13
f 2133/1613/1119 2132/1612/1118 2131/1611/1118
f 2133/1613/1119 2131/1611/1118 2134/1614/1119
f 2135/1615/1120 2114/1595/1117 2113/1594/1117
f 2135/1615/1120 2113/1594/1117 2136/1616/1121
f 2141/1617/12 2138/1618/12 2137/1619/12
f 2137/1619/12 2138/1618/12 2139/1620/1122
f 2137/1619/12 2139/1620/1122 2140/1621/1122
f 2141/1617/12 2144/1622/12 2142/1623/12
f 2141/1617/12 2142/1623/12 2138/1618/12
f 2141/1617/12 2143/1624/12 2144/1622/12
f 2143/1624/12 2145/1625/12 2144/1622/12
f 2143/1624/12 2146/1626/12 2145/1625/12
f 2146/1626/12 2147/1627/12 2145/1625/12
f 2146/1626/12 2148/1628/12 2147/1627/12
f 2149/1629/12 2147/1627/12 2148/1628/12
f 2149/1629/12 2150/1630/12 2147/1627/12
f 2149/1629/12 2151/1631/12 2150/1630/12
f 2149/1629/12 2153/1632/12 2151/1631/12
f 2153/1632/12 2152/1633/12 2151/1631/12
f 2153/1632/12 2154/1634/12 2152/1633/12
f 2152/1633/12 2154/1634/12 2155/1635/12
f 2155/1635/12 2156/1636/1123 2157/1637/1123
f 2155/1635/12 2157/1637/1123 2158/1638/12
f 2152/1633/12 2155/1635/12 2158/1638/12
f 2159/1639/1124 2157/1637/1123 2156/1636/1123
f 2159/1639/1124 2156/1636/1123 2160/1640/1124
f 2161/1641/1125 2140/1621/1122 2139/1620/1122
f 2161/1641/1125 2139/1620/1122 2162/1642/1125
f 2163/1643/1126 2164/1644/1127 2165/1645/1128
f 2163/1643/1126 2168/1646/1127 2164/1644/1127
f 2163/1643/1126 2165/1645/1128 2166/1647/1129
f 2163/1643/1126 2166/1647/1129 2167/1648/1129
f 2166/1647/1129 2169/1649/1130 2167/1648/1129
f 2166/1647/1129 2170/1650/1130 2169/1649/1130
f 2171/1651/1131 2172/1652/1132 2173/1653/1132
f 2171/1651/1131 2173/1653/1132 2174/1654/1133
f 2171/1651/1131 2174/1654/1133 2175/1655/2
f 2171/1651/1131 2175/1655/2 2176/1656/2
f 2177/1657/1134 2178/1658/1135 2179/1659/1135
f 2177/1657/1134 2179/1659/1135 2180/1660/1136
f 2178/1658/1135 2181/1661/15 2179/1659/1135
f 2183/1662/1137 2181/1661/15 2182/1663/15
f 2178/1658/1135 2182/1663/15 2181/1661/15
f 2183/1662/1137 2182/1663/15 2184/1664/1138
f 2184/1664/1138 2185/1665/1139 2183/1662/1137
f 2184/1664/1138 2186/1666/1140 2185/1665/1139
f 2187/1667/1141 2188/1668/1142 2189/1669/1142
f 2187/1667/1141 2189/1669/1142 2190/1670/1141
f 2187/1667/1141 2190/1670/1141 2191/1671/14
f 2187/1667/1141 2191/1671/14 2192/1672/14
f 2192/1672/14 2193/1673/1143 2194/1674/1143
f 2192/1672/14 2191/1671/14 2193/1673/1143
f 2193/1673/1143 2195/1675/1144 2194/1674/1143
f 2193/1673/1143 2196/1676/1144 2195/1675/1144
f 2197/1677/1145 2198/1678/1146 2199/1679/1147
f 2197/1677/1145 2199/1679/1147 2200/1680/1145
f 2199/1679/1147 2201/1681/66 2202/1682/66
f 2199/1679/1147 2198/1678/1146 2201/1681/66
f 2203/1683/1148 2204/1684/1149 2205/1685/1150
f 2203/1683/1148 2205/1685/1150 2206/1686/1148
f 2205/1685/1150 2207/1687/66 2208/1688/66
f 2205/1685/1150 2204/1684/1149 2207/1687/66
f 2209/1689/1151 2210/1690/1152 2211/1691/1152
f 2209/1689/1151 2211/1691/1152 2212/1692/1151
f 2213/1693/2 2211/1691/1152 2210/1690/1152
f 2213/1693/2 2214/1694/2 2211/1691/1152
f 2215/1588/1153 2216/1695/1154 2217/1696/1154
f 2215/1588/1153 2217/1696/1154 2218/1584/1153
f 2219/1590/1155 2220/1697/1156 2221/1698/1156
f 2219/1590/1155 2221/1698/1156 2222/1589/1155
f 2223/1646/1157 2224/1699/1158 2225/1700/1158
f 2223/1646/1157 2225/1700/1158 2226/1644/1157
f 2227/1650/1159 2228/1701/1160 2229/1702/1161
f 2227/1650/1159 2229/1702/1161 2230/1649/1159
f 2235/1703/15 2232/1704/15 2231/1705/15
f 2231/1705/15 2232/1704/15 2233/1706/15
f 2231/1705/15 2233/1706/15 2234/1707/15
f 2235/1703/15 2236/1708/15 2237/1709/15
f 2235/1703/15 2237/1709/15 2238/1710/15
f 2235/1703/15 2238/1710/15 2232/1704/15
f 2237/1709/15 2236/1708/15 2239/1711/15
f 2237/1709/15 2239/1711/15 2240/1712/15
f 2241/1713/15 2242/1714/15 2243/1715/15
f 2241/1713/15 2243/1715/15 2244/1716/15
f 2241/1713/15 2244/1716/15 2246/1717/15
f 2241/1713/15 2246/1717/15 2245/1718/15
f 2245/1718/15 2246/1717/15 2247/1719/15
f 2245/1718/15 2247/1719/15 2248/1720/15
f 2243/1715/15 2249/1721/15 2250/1722/15
f 2243/1715/15 2242/1714/15 2249/1721/15
f 2256/1723/13 2251/1724/13 2252/1725/13
f 2256/1723/13 2253/1726/13 2251/1724/13
f 2251/1724/13 2253/1726/13 2254/1727/13
f 2251/1724/13 2254/1727/13 2255/1728/13
f 2257/1729/2 2258/1730/1162 2259/1731/1162
f 2257/1729/2 2259/1731/1162 2260/1732/2
f 2261/1733/66 2262/1734/1163 2263/1735/1163
f 2261/1733/66 2263/1735/1163 2264/1736/66
f 2265/1737/1164 2270/1738/1165 2266/1739/1166
f 2265/1737/1164 2266/1739/1166 2267/1740/1167
f 2265/1737/1164 2267/1740/1167 2268/1741/1168
f 2265/1737/1164 2269/1742/1169 2270/1738/1165
f 2271/1743/1170 2268/1741/1168 2267/1740/1167
f 2271/1743/1170 2267/1740/1167 2272/1744/1171
f 2273/1745/14 2274/1746/14 2275/1747/14
f 2273/1745/14 2275/1747/14 2276/1748/14
f 2277/1749/1172 2278/1750/1173 2279/1751/1174
f 2277/1749/1172 2279/1751/1174 2280/1752/1175
f 2277/1749/1172 2280/1752/1175 2281/1753/1176
f 2277/1749/1172 2281/1753/1176 2282/1754/1177
f 2283/1755/1178 2282/1754/1177 2281/1753/1176
f 2283/1755/1178 2281/1753/1176 2284/1756/1179
f 2284/1756/1179 2286/1757/1180 2285/1758/1181
f 2284/1756/1179 2281/1753/1176 2286/1757/1180
f 2280/1752/1175 2286/1757/1180 2281/1753/1176
f 2280/1752/1175 2287/1759/1182 2286/1757/1180
f 2287/1759/1182 2279/1751/1174 2288/1760/1183
f 2287/1759/1182 2280/1752/1175 2279/1751/1174
f 2289/1761/1184 2290/1762/1185 2291/1763/1186
f 2289/1761/1184 2291/1763/1186 2292/1764/1174
f 2292/1764/1174 2291/1763/1186 2294/1765/1187
f 2292/1764/1174 2294/1765/1187 2293/1766/1188
f 2295/1767/1189 2294/1765/1187 2296/1768/1190
f 2294/1765/1187 2297/1769/1191 2296/1768/1190
f 2294/1765/1187 2291/1763/1186 2297/1769/1191
f 2296/1768/1190 2297/1769/1191 2299/1770/1192
f 2298/1771/1193 2297/1769/1191 2291/1763/1186
f 2298/1771/1193 2299/1770/1192 2297/1769/1191
f 2296/1768/1190 2299/1770/1192 2300/1772/1194
f 2298/1771/1193 2301/1773/1195 2299/1770/1192
f 2298/1771/1193 2291/1763/1186 2290/1762/1185
f 2295/1767/1189 2296/1768/1190 2302/1774/1196
f 2307/1775/1197 2304/1776/1198 2303/1777/1199
f 2303/1777/1199 2304/1776/1198 2305/1778/1200
f 2303/1777/1199 2305/1778/1200 2306/1779/1201
f 2307/1775/1197 2303/1777/1199 2308/1780/1188
f 2306/1779/1201 2305/1778/1200 2309/1781/1202
f 2306/1779/1201 2309/1781/1202 2310/1782/1181
f 2309/1781/1202 2305/1778/1200 2311/1783/1203
f 2309/1781/1202 2311/1783/1203 2312/1784/1204
f 2312/1784/1204 2313/1785/1205 2314/1786/1206
f 2312/1784/1204 2311/1783/1203 2313/1785/1205
f 2313/1785/1205 2315/1787/1207 2316/1788/1208
f 2313/1785/1205 2311/1783/1203 2315/1787/1207
f 2316/1788/1208 2315/1787/1207 2317/1789/1209
f 2316/1788/1208 2317/1789/1209 2318/1790/1194
f 2304/1776/1198 2315/1787/1207 2311/1783/1203
f 2304/1776/1198 2311/1783/1203 2305/1778/1200
f 2319/1791/1210 2320/1792/1211 2324/1793/1212
f 2319/1791/1210 2323/1794/1213 2320/1792/1211
f 2319/1791/1210 2321/1795/1214 2322/1796/1179
f 2319/1791/1210 2322/1796/1179 2323/1794/1213
f 2325/1797/1215 2324/1793/1212 2320/1792/1211
f 2325/1797/1215 2320/1792/1211 2326/1798/1216
f 2326/1798/1216 2327/1799/1204 2328/1800/1206
f 2326/1798/1216 2320/1792/1211 2327/1799/1204
f 2323/1794/1213 2329/1801/1202 2327/1799/1204
f 2323/1794/1213 2327/1799/1204 2320/1792/1211
f 2329/1801/1202 2322/1796/1179 2330/1802/1217
f 2329/1801/1202 2323/1794/1213 2322/1796/1179
f 2331/1803/1218 2332/1804/1219 2333/1805/1220
f 2331/1803/1218 2336/1806/1221 2332/1804/1219
f 2331/1803/1218 2334/1807/1222 2335/1808/1216
f 2331/1803/1218 2335/1808/1216 2336/1806/1221
f 2337/1809/1223 2336/1806/1221 2335/1808/1216
f 2336/1806/1221 2337/1809/1223 2338/1810/1224
f 2336/1806/1221 2338/1810/1224 2332/1804/1219
f 2339/1811/1225 2332/1804/1219 2338/1810/1224
f 2339/1811/1225 2338/1810/1224 2340/1812/1226
f 2341/1813/1227 2332/1804/1219 2339/1811/1225
f 2341/1813/1227 2333/1805/1220 2332/1804/1219
f 2337/1809/1223 2335/1808/1216 2342/1814/1228
f 2343/1815/1229 2344/1816/1230 2345/1817/1230
f 2343/1815/1229 2345/1817/1230 2346/1818/1231
f 2347/1819/2 2348/1820/2 2349/1821/2
f 2347/1819/2 2349/1821/2 2350/1822/2
f 2351/1823/1232 2352/1824/2 2353/1825/2
f 2351/1823/1232 2353/1825/2 2354/1826/1232
f 2352/1824/2 2355/1827/1233 2353/1825/2
f 2352/1824/2 2356/1828/1233 2355/1827/1233
f 2357/1829/1234 2358/1830/13 2359/1831/13
f 2357/1829/1234 2359/1831/13 2360/1832/1234
f 2358/1830/13 2361/1833/1235 2359/1831/13
f 2358/1830/13 2362/1834/1236 2361/1833/1235
f 2363/1835/1237 2364/1836/66 2365/1837/66
f 2363/1835/1237 2365/1837/66 2366/1838/1237
f 2364/1836/66 2367/1839/1238 2365/1837/66
f 2364/1836/66 2368/1840/1239 2367/1839/1238
f 2369/1823/1240 2370/1826/1240 2371/1841/1240
f 2369/1823/1240 2371/1841/1240 2372/1842/1240
f 2373/60/15 2374/53/15 2375/1843/15
f 2373/60/15 2375/1843/15 2376/1844/15
f 2377/1845/1241 2378/1846/1241 2379/1847/1241
f 2377/1845/1241 2379/1847/1241 2380/1848/1241
f 2381/1849/13 2382/1850/13 2383/1851/13
f 2381/1849/13 2383/1851/13 2384/1852/13
f 2385/1844/15 2386/1843/15 2387/1853/15
f 2385/1844/15 2387/1853/15 2388/1854/15
f 2389/1855/1231 2390/1856/1230 2391/1857/1230
f 2389/1855/1231 2391/1857/1230 2392/1858/1231
f 2393/1859/2 2394/1860/2 2395/1861/2
f 2393/1859/2 2395/1861/2 2396/1862/2
f 2397/1863/1232 2398/1864/2 2399/1865/2
f 2397/1863/1232 2399/1865/2 2400/1866/1232
f 2398/1864/2 2401/1867/1233 2399/1865/2
f 2398/1864/2 2402/1868/1233 2401/1867/1233
f 2403/1869/1234 2404/1870/13 2405/1871/13
f 2403/1869/1234 2405/1871/13 2406/1872/1234
f 2404/1870/13 2407/1873/1235 2405/1871/13
f 2404/1870/13 2408/1874/1235 2407/1873/1235
f 2409/1875/1237 2410/1876/66 2411/1877/66
f 2409/1875/1237 2411/1877/66 2412/1878/1237
f 2410/1876/66 2413/1879/1239 2411/1877/66
f 2410/1876/66 2414/1880/1239 2413/1879/1239
f 2415/1863/1240 2416/1866/1240 2417/1881/1240
f 2415/1863/1240 2417/1881/1240 2418/1882/1240
f 2419/82/15 2420/75/15 2421/1883/15
f 2419/82/15 2421/1883/15 2422/1884/15
f 2423/1885/1241 2424/1886/1241 2425/1887/1241
f 2423/1885/1241 2425/1887/1241 2426/1888/1241
f 2427/1889/13 2428/1890/13 2429/1891/13
f 2427/1889/13 2429/1891/13 2430/1892/13
f 2431/1884/15 2432/1883/15 2433/1893/15
f 2431/1884/15 2433/1893/15 2434/1894/15
f 2435/1895/1242 2436/1896/1243 2437/1897/1243
f 2435/1895/1242 2437/1897/1243 2438/1898/1242
f 2439/1899/2 2435/1895/1242 2438/1898/1242
f 2439/1899/2 2438/1898/1242 2440/1900/2
f 2441/1901/1244 2439/1899/2 2440/1900/2
f 2442/1902/1245 2441/1901/1244 2443/1903/1244
f 2441/1901/1244 2440/1900/2 2443/1903/1244
f 2442/1902/1245 2443/1903/1244 2444/1904/1245
f 2445/1905/1246 2446/1906/1247 2447/1907/1247
f 2445/1905/1246 2447/1907/1247 2448/1908/1246
f 2449/1909/1248 2450/1910/1249 2451/1911/1249
f 2449/1909/1248 2451/1911/1249 2452/1912/1248
f 2450/1910/1249 2453/1913/66 2451/1911/1249
f 2454/1914/66 2455/1915/1250 2453/1913/66
f 2450/1910/1249 2454/1914/66 2453/1913/66
f 2454/1914/66 2456/1916/1250 2455/1915/1250
f 2456/1916/1250 2457/1917/1251 2455/1915/1250
f 2456/1916/1250 2458/1918/1251 2457/1917/1251
f 2459/1919/1252 2460/1920/1253 2461/1921/1253
f 2459/1919/1252 2461/1921/1253 2462/1922/1252
f 2463/1923/1254 2464/1924/1255 2465/1925/1256
f 2463/1923/1254 2465/1925/1256 2466/1926/1257
f 2466/1926/1257 2465/1925/1256 2467/1927/1258
f 2466/1926/1257 2467/1927/1258 2468/1928/1259
f 2468/1928/1259 2467/1927/1258 2469/1929/1260
f 2468/1928/1259 2469/1929/1260 2470/1930/1261
f 2470/1930/1261 2469/1929/1260 2471/1931/1262
f 2470/1930/1261 2471/1931/1262 2472/1932/1263
f 2472/1932/1263 2471/1931/1262 2473/1933/1264
f 2472/1932/1263 2473/1933/1264 2474/1934/1265
f 2474/1934/1265 2473/1933/1264 2475/1935/1266
f 2474/1934/1265 2475/1935/1266 2476/1936/1267
f 2476/1936/1267 2475/1935/1266 2477/1937/1268
f 2476/1936/1267 2477/1937/1268 2478/1938/1269
f 2478/1938/1269 2477/1937/1268 2479/1939/1270
f 2478/1938/1269 2479/1939/1270 2480/1940/1271
f 2480/1940/1271 2479/1939/1270 2481/1941/1272
f 2480/1940/1271 2481/1941/1272 2482/1942/1273
f 2482/1942/1273 2481/1941/1272 2483/1943/1274
f 2482/1942/1273 2483/1943/1274 2484/1944/1275
f 2484/1944/1275 2483/1943/1274 2485/1945/1276
f 2484/1944/1275 2485/1945/1276 2486/1946/1277
f 2486/1946/1277 2485/1945/1276 2487/1947/1278
f 2486/1946/1277 2487/1947/1278 2488/1948/1279
f 2488/1948/1279 2487/1947/1278 2489/1949/1280
f 2488/1948/1279 2489/1949/1280 2490/1950/1281
f 2490/1950/1281 2489/1949/1280 2491/1951/1282
f 2490/1950/1281 2491/1951/1282 2492/1952/1283
f 2492/1952/1283 2491/1951/1282 2493/1953/1284
f 2492/1952/1283 2493/1953/1284 2494/1954/1285
f 2494/1954/1285 2493/1953/1284 2495/1955/1286
f 2494/1954/1285 2495/1955/1286 2496/1956/1287
f 2496/1956/1287 2495/1955/1286 2497/1957/1288
f 2496/1956/1287 2497/1957/1288 2498/1958/1289
f 2498/1958/1289 2497/1957/1288 2499/1959/1290
f 2498/1958/1289 2499/1959/1290 2500/1960/1291
f 2500/1960/1291 2499/1959/1290 2501/1961/1292
f 2500/1960/1291 2501/1961/1292 2502/1962/1293
f 2502/1962/1293 2501/1961/1292 2503/1963/1294
f 2502/1962/1293 2503/1963/1294 2504/1964/1295
f 2504/1964/1295 2503/1963/1294 2505/1965/1296
f 2504/1964/1295 2505/1965/1296 2506/1966/1297
f 2506/1966/1297 2505/1965/1296 2507/1967/1298
f 2506/1966/1297 2507/1967/1298 2508/1968/1299
f 2508/1968/1299 2507/1967/1298 2509/1969/1300
f 2508/1968/1299 2509/1969/1300 2510/1970/1301
f 2510/1970/1301 2509/1969/1300 2511/1971/1302
f 2510/1970/1301 2511/1971/1302 2512/1972/1303
f 2512/1972/1303 2511/1971/1302 2513/1973/1304
f 2512/1972/1303 2513/1973/1304 2514/1974/1305
f 2515/1975/1306 2516/1976/1254 2517/1977/1257
f 2515/1975/1306 2517/1977/1257 2518/1978/1307
f 2519/1979/1308 2515/1975/1306 2518/1978/1307
f 2519/1979/1308 2518/1978/1307 2520/1980/1309
f 2520/1980/1309 2518/1978/1307 2521/1981/1310
f 2520/1980/1309 2521/1981/1310 2522/1982/1311
f 2522/1982/1311 2521/1981/1310 2523/1983/1312
f 2522/1982/1311 2523/1983/1312 2524/1984/1313
f 2524/1984/1313 2523/1983/1312 2525/1985/1314
f 2524/1984/1313 2525/1985/1314 2526/1986/1315
f 2526/1986/1315 2528/1987/1316 2527/1988/1317
f 2526/1986/1315 2525/1985/1314 2528/1987/1316
f 2528/1987/1316 2529/1989/1318 2530/1990/1267
f 2525/1985/1314 2529/1989/1318 2528/1987/1316
f 2528/1987/1316 2530/1990/1267 2531/1991/1319
f 2527/1988/1317 2528/1987/1316 2531/1991/1319
f 2531/1991/1319 2530/1990/1267 2532/1992/1269
f 2531/1991/1319 2532/1992/1269 2533/1993/1320
f 2534/1994/1321 2531/1991/1319 2533/1993/1320
f 2527/1988/1317 2531/1991/1319 2534/1994/1321
f 2534/1994/1321 2533/1993/1320 2535/1995/1322
f 2535/1995/1322 2537/1996/1323 2536/1997/1324
f 2535/1995/1322 2533/1993/1320 2537/1996/1323
f 2533/1993/1320 2538/1998/1271 2537/1996/1323
f 2537/1996/1323 2538/1998/1271 2539/1999/1325
f 2537/1996/1323 2539/1999/1325 2540/2000/1326
f 2536/1997/1324 2537/1996/1323 2540/2000/1326
f 2540/2000/1326 2539/1999/1325 2541/2001/1327
f 2540/2000/1326 2541/2001/1327 2542/2002/1328
f 2543/2003/1329 2540/2000/1326 2542/2002/1328
f 2536/1997/1324 2540/2000/1326 2543/2003/1329
f 2543/2003/1329 2542/2002/1328 2544/2004/1330
f 2544/2004/1330 2542/2002/1328 2545/2005/1331
f 2544/2004/1330 2545/2005/1331 2546/2006/1332
f 2546/2006/1332 2545/2005/1331 2547/2007/1333
f 2546/2006/1332 2547/2007/1333 2548/2008/1334
f 2548/2008/1334 2550/2009/1335 2549/2010/1336
f 2548/2008/1334 2547/2007/1333 2550/2009/1335
f 2550/2009/1335 2551/2011/1281 2552/2012/1337
f 2547/2007/1333 2551/2011/1281 2550/2009/1335
f 2550/2009/1335 2552/2012/1337 2553/2013/1338
f 2549/2010/1336 2550/2009/1335 2553/2013/1338
f 2553/2013/1338 2552/2012/1337 2554/2014/1339
f 2553/2013/1338 2554/2014/1339 2555/2015/1340
f 2556/2016/1341 2553/2013/1338 2555/2015/1340
f 2549/2010/1336 2553/2013/1338 2556/2016/1341
f 2556/2016/1341 2555/2015/1340 2557/2017/1342
f 2555/2015/1340 2554/2014/1339 2558/2018/1343
f 2555/2015/1340 2558/2018/1343 2559/2019/1344
f 2547/2007/1333 2560/2020/1279 2551/2011/1281
f 2545/2005/1331 2561/2021/1345 2560/2020/1279
f 2545/2005/1331 2560/2020/1279 2547/2007/1333
f 2542/2002/1328 2541/2001/1327 2561/2021/1345
f 2542/2002/1328 2561/2021/1345 2545/2005/1331
f 2533/1993/1320 2532/1992/1269 2538/1998/1271
f 2525/1985/1314 2562/2022/1263 2529/1989/1318
f 2523/1983/1312 2563/2023/1346 2562/2022/1263
f 2523/1983/1312 2562/2022/1263 2525/1985/1314
f 2521/1981/1310 2564/2024/1259 2563/2023/1346
f 2521/1981/1310 2563/2023/1346 2523/1983/1312
f 2518/1978/1307 2517/1977/1257 2564/2024/1259
f 2518/1978/1307 2564/2024/1259 2521/1981/1310
f 2565/2025/1347 2566/2026/1343 2567/2027/1289
f 2565/2025/1347 2567/2027/1289 2568/2028/1348
f 2571/2029/1349 2565/2025/1347 2568/2028/1348
f 2569/2030/1342 2565/2025/1347 2571/2029/1349
f 2569/2030/1342 2570/2031/1350 2565/2025/1347
f 2571/2029/1349 2568/2028/1348 2572/2032/1351
f 2572/2032/1351 2568/2028/1348 2573/2033/1352
f 2572/2032/1351 2573/2033/1352 2574/2034/1353
f 2574/2034/1353 2576/2035/1354 2575/2036/1355
f 2574/2034/1353 2573/2033/1352 2576/2035/1354
f 2573/2033/1352 2577/2037/1356 2576/2035/1354
f 2576/2035/1354 2577/2037/1356 2578/2038/1357
f 2576/2035/1354 2578/2038/1357 2579/2039/1358
f 2575/2036/1355 2576/2035/1354 2579/2039/1358
f 2579/2039/1358 2578/2038/1357 2581/2040/1359
f 2580/2041/1360 2579/2039/1358 2582/2042/1361
f 2575/2036/1355 2579/2039/1358 2580/2041/1360
f 2579/2039/1358 2581/2040/1359 2582/2042/1361
f 2582/2042/1361 2581/2040/1359 2583/2043/1299
f 2582/2042/1361 2583/2043/1299 2584/2044/1362
f 2585/2045/1363 2582/2042/1361 2584/2044/1362
f 2580/2041/1360 2582/2042/1361 2585/2045/1363
f 2585/2045/1363 2584/2044/1362 2586/2046/1364
f 2586/2046/1364 2588/2047/1365 2587/2048/1366
f 2586/2046/1364 2584/2044/1362 2588/2047/1365
f 2584/2044/1362 2589/2049/1301 2588/2047/1365
f 2588/2047/1365 2589/2049/1301 2590/2050/1303
f 2588/2047/1365 2590/2050/1303 2591/2051/1367
f 2587/2048/1366 2588/2047/1365 2591/2051/1367
f 2591/2051/1367 2590/2050/1303 2592/2052/1305
f 2591/2051/1367 2592/2052/1305 2593/2053/1368
f 2594/2054/1369 2591/2051/1367 2593/2053/1368
f 2587/2048/1366 2591/2051/1367 2594/2054/1369
f 2594/2054/1369 2593/2053/1368 2595/2055/1370
f 2584/2044/1362 2583/2043/1299 2589/2049/1301
f 2573/2033/1352 2596/2056/1291 2577/2037/1356
f 2568/2028/1348 2567/2027/1289 2596/2056/1291
f 2568/2028/1348 2596/2056/1291 2573/2033/1352
f 2597/2057/1371 2598/2058/1372 2599/2059/1309
f 2597/2057/1371 2599/2059/1309 2600/2060/1373
f 2600/2060/1373 2599/2059/1309 2601/2061/1374
f 2600/2060/1373 2601/2061/1374 2602/2062/1375
f 2602/2062/1375 2601/2061/1374 2603/2063/1313
f 2602/2062/1375 2603/2063/1313 2604/2064/1376
f 2604/2064/1376 2603/2063/1313 2605/2065/1377
f 2604/2064/1376 2605/2065/1377 2606/2066/1378
f 2606/2066/1378 2605/2065/1377 2607/2067/1379
f 2606/2066/1378 2607/2067/1379 2608/2068/1380
f 2608/2068/1380 2607/2067/1379 2609/2069/1381
f 2608/2068/1380 2609/2069/1381 2610/2070/1382
f 2610/2070/1382 2609/2069/1381 2611/2071/1383
f 2610/2070/1382 2611/2071/1383 2612/2072/1384
f 2612/2072/1384 2611/2071/1383 2613/2073/1324
f 2612/2072/1384 2613/2073/1324 2614/2074/1385
f 2614/2074/1385 2613/2073/1324 2615/2075/1329
f 2614/2074/1385 2615/2075/1329 2616/2076/1386
f 2616/2076/1386 2615/2075/1329 2617/2077/1330
f 2616/2076/1386 2617/2077/1330 2618/2078/1387
f 2618/2078/1387 2617/2077/1330 2619/2079/1388
f 2618/2078/1387 2619/2079/1388 2620/2080/1389
f 2620/2080/1389 2619/2079/1388 2621/2081/1390
f 2620/2080/1389 2621/2081/1390 2622/2082/1391
f 2622/2082/1391 2621/2081/1390 2623/2083/1336
f 2622/2082/1391 2623/2083/1336 2624/2084/1392
f 2624/2084/1392 2623/2083/1336 2625/2085/1341
f 2624/2084/1392 2625/2085/1341 2626/2086/1393
f 2626/2086/1393 2625/2085/1341 2627/2087/1394
f 2626/2086/1393 2627/2087/1394 2628/2088/1395
f 2628/2088/1395 2627/2087/1394 2629/2089/1349
f 2628/2088/1395 2629/2089/1349 2630/2090/1396
f 2630/2090/1396 2629/2089/1349 2631/2091/1397
f 2630/2090/1396 2631/2091/1397 2632/2092/1398
f 2632/2092/1398 2631/2091/1397 2633/2093/1353
f 2632/2092/1398 2633/2093/1353 2634/2094/1399
f 2634/2094/1399 2633/2093/1353 2635/2095/1355
f 2634/2094/1399 2635/2095/1355 2636/2096/1400
f 2636/2096/1400 2635/2095/1355 2637/2097/1360
f 2636/2096/1400 2637/2097/1360 2638/2098/1401
f 2638/2098/1401 2637/2097/1360 2639/2099/1363
f 2638/2098/1401 2639/2099/1363 2640/2100/1402
f 2640/2100/1402 2639/2099/1363 2641/2101/1403
f 2640/2100/1402 2641/2101/1403 2642/2102/1404
f 2642/2102/1404 2641/2101/1403 2643/2103/1366
f 2642/2102/1404 2643/2103/1366 2644/2104/1405
f 2644/2104/1405 2643/2103/1366 2645/2105/1406
f 2644/2104/1405 2645/2105/1406 2646/2106/1407
f 2646/2106/1407 2645/2105/1406 2647/2107/1370
f 2646/2106/1407 2647/2107/1370 2648/2108/1408
f 2649/2109/1409 2650/2110/1371 2651/2111/1373
f 2649/2109/1409 2651/2111/1373 2652/2112/1410
f 2653/2113/1411 2649/2109/1409 2652/2112/1410
f 2653/2113/1411 2652/2112/1410 2654/2114/1412
f 2654/2114/1412 2655/2115/1413 2656/2116/1414
f 2654/2114/1412 2652/2112/1410 2655/2115/1413
f 2656/2116/1414 2655/2115/1413 2657/2117/1415
f 2656/2116/1414 2657/2117/1415 2658/2118/1260
f 2658/2118/1260 2657/2117/1415 2659/2119/1416
f 2658/2118/1260 2659/2119/1416 2660/2120/1262
f 2660/2120/1262 2659/2119/1416 2662/2121/1417
f 2660/2120/1262 2662/2121/1417 2661/2122/1418
f 2659/2119/1416 2663/2123/1380 2662/2121/1417
f 2662/2121/1417 2663/2123/1380 2664/2124/1382
f 2661/2122/1418 2662/2121/1417 2665/2125/1419
f 2662/2121/1417 2664/2124/1382 2665/2125/1419
f 2665/2125/1419 2664/2124/1382 2666/2126/1384
f 2665/2125/1419 2666/2126/1384 2667/2127/1420
f 2668/2128/1266 2665/2125/1419 2667/2127/1420
f 2661/2122/1418 2665/2125/1419 2668/2128/1266
f 2668/2128/1266 2667/2127/1420 2669/2129/1268
f 2669/2129/1268 2671/2130/1421 2670/2131/1270
f 2669/2129/1268 2667/2127/1420 2671/2130/1421
f 2667/2127/1420 2672/2132/1385 2671/2130/1421
f 2671/2130/1421 2672/2132/1385 2673/2133/1422
f 2671/2130/1421 2673/2133/1422 2674/2134/1423
f 2670/2131/1270 2671/2130/1421 2674/2134/1423
f 2674/2134/1423 2673/2133/1422 2676/2135/1387
f 2670/2131/1270 2674/2134/1423 2675/2136/1272
f 2675/2136/1272 2674/2134/1423 2677/2137/1424
f 2674/2134/1423 2676/2135/1387 2677/2137/1424
f 2677/2137/1424 2676/2135/1387 2678/2138/1389
f 2677/2137/1424 2678/2138/1389 2679/2139/1425
f 2680/2140/1274 2677/2137/1424 2679/2139/1425
f 2675/2136/1272 2677/2137/1424 2680/2140/1274
f 2680/2140/1274 2679/2139/1425 2681/2141/1426
f 2681/2141/1426 2679/2139/1425 2683/2142/1427
f 2681/2141/1426 2683/2142/1427 2682/2143/1278
f 2679/2139/1425 2684/2144/1391 2683/2142/1427
f 2683/2142/1427 2684/2144/1391 2685/2145/1428
f 2683/2142/1427 2685/2145/1428 2686/2146/1429
f 2682/2143/1278 2683/2142/1427 2686/2146/1429
f 2686/2146/1429 2685/2145/1428 2687/2147/1393
f 2686/2146/1429 2687/2147/1393 2688/2148/1430
f 2689/2149/1431 2686/2146/1429 2688/2148/1430
f 2682/2143/1278 2686/2146/1429 2689/2149/1431
f 2689/2149/1431 2688/2148/1430 2690/2150/1282
f 2690/2150/1282 2692/2151/1432 2691/2152/1433
f 2690/2150/1282 2688/2148/1430 2692/2151/1432
f 2688/2148/1430 2693/2153/1395 2692/2151/1432
f 2692/2151/1432 2693/2153/1395 2694/2154/1434
f 2692/2151/1432 2694/2154/1434 2695/2155/1435
f 2688/2148/1430 2687/2147/1393 2693/2153/1395
f 2679/2139/1425 2678/2138/1389 2684/2144/1391
f 2667/2127/1420 2666/2126/1384 2672/2132/1385
f 2659/2119/1416 2696/2156/1378 2663/2123/1380
f 2657/2117/1415 2697/2157/1376 2696/2156/1378
f 2657/2117/1415 2696/2156/1378 2659/2119/1416
f 2655/2115/1413 2698/2158/1436 2697/2157/1376
f 2655/2115/1413 2697/2157/1376 2657/2117/1415
f 2652/2112/1410 2698/2158/1436 2655/2115/1413
f 2652/2112/1410 2651/2111/1373 2698/2158/1436
f 2705/2159/1437 2700/2160/1432 2699/2161/1438
f 2701/2162/1286 2699/2161/1438 2704/2163/1439
f 2705/2159/1437 2699/2161/1438 2701/2162/1286
f 2699/2161/1438 2702/2164/1396 2703/2165/1398
f 2699/2161/1438 2703/2165/1398 2704/2163/1439
f 2704/2163/1439 2703/2165/1398 2706/2166/1440
f 2704/2163/1439 2706/2166/1440 2707/2167/1441
f 2708/2168/1288 2704/2163/1439 2707/2167/1441
f 2701/2162/1286 2704/2163/1439 2708/2168/1288
f 2708/2168/1288 2707/2167/1441 2709/2169/1290
f 2709/2169/1290 2707/2167/1441 2710/2170/1442
f 2709/2169/1290 2710/2170/1442 2711/2171/1292
f 2711/2171/1292 2710/2170/1442 2712/2172/1443
f 2711/2171/1292 2712/2172/1443 2713/2173/1444
f 2713/2173/1444 2715/2174/1445 2714/2175/1446
f 2713/2173/1444 2712/2172/1443 2715/2174/1445
f 2715/2174/1445 2716/2176/1402 2718/2177/1404
f 2712/2172/1443 2716/2176/1402 2715/2174/1445
f 2714/2175/1446 2715/2174/1445 2717/2178/1447
f 2715/2174/1445 2718/2177/1404 2717/2178/1447
f 2717/2178/1447 2718/2177/1404 2719/2179/1405
f 2717/2178/1447 2719/2179/1405 2721/2180/1448
f 2721/2180/1448 2719/2179/1405 2720/2181/1407
f 2723/2182/1298 2717/2178/1447 2721/2180/1448
f 2721/2180/1448 2720/2181/1407 2722/2183/1449
f 2724/2184/1300 2721/2180/1448 2722/2183/1449
f 2723/2182/1298 2721/2180/1448 2724/2184/1300
f 2724/2184/1300 2722/2183/1449 2725/2185/1302
f 2725/2185/1302 2726/2186/1450 2727/2187/1451
f 2725/2185/1302 2722/2183/1449 2726/2186/1450
f 2722/2183/1449 2728/2188/1452 2726/2186/1450
f 2722/2183/1449 2720/2181/1407 2728/2188/1452
f 2714/2175/1446 2717/2178/1447 2723/2182/1298
f 2712/2172/1443 2729/2189/1401 2716/2176/1402
f 2710/2170/1442 2730/2190/1400 2729/2189/1401
f 2710/2170/1442 2729/2189/1401 2712/2172/1443
f 2707/2167/1441 2706/2166/1440 2730/2190/1400
f 2707/2167/1441 2730/2190/1400 2710/2170/1442
f 2731/2191/1453 2732/2192/1454 2733/2193/1455
f 2731/2191/1453 2733/2193/1455 2734/2194/1456
f 2731/2191/1453 2734/2194/1456 2736/2195/1457
f 2731/2191/1453 2736/2195/1457 2735/2196/1458
f 2734/2194/1456 2737/2197/1459 2736/2195/1457
f 2739/2198/1460 2736/2195/1457 2737/2197/1459
f 2738/2199/1461 2736/2195/1457 2739/2198/1460
f 2738/2199/1461 2735/2196/1458 2736/2195/1457
f 2739/2198/1460 2737/2197/1459 2740/2200/1462
f 2734/2194/1456 2741/2201/1463 2737/2197/1459
f 2741/2201/1463 2733/2193/1455 2742/2202/1464
f 2741/2201/1463 2734/2194/1456 2733/2193/1455
f 2743/2203/1465 2744/2204/1466 2745/2205/1467
f 2743/2203/1465 2745/2205/1467 2746/2206/1468
f 2746/2206/1468 2745/2205/1467 2747/2207/1469
f 2746/2206/1468 2747/2207/1469 2748/2208/1470
f 2747/2207/1469 2749/2209/1471 2750/2210/1472
f 2747/2207/1469 2745/2205/1467 2749/2209/1471
f 2750/2210/1472 2749/2209/1471 2752/2211/1473
f 2750/2210/1472 2752/2211/1473 2751/2212/1474
f 2753/2213/1475 2752/2211/1473 2749/2209/1471
f 2753/2213/1475 2754/2214/1476 2752/2211/1473
f 2753/2213/1475 2745/2205/1467 2744/2204/1466
f 2753/2213/1475 2749/2209/1471 2745/2205/1467
f 2756/2215/1477 2755/2216/1478 2760/2217/1479
f 2755/2216/1478 2756/2215/1477 2757/2218/1472
f 2755/2216/1478 2757/2218/1472 2758/2219/1480
f 2755/2216/1478 2758/2219/1480 2761/2220/1481
f 2755/2216/1478 2761/2220/1481 2759/2221/1482
f 2760/2217/1479 2755/2216/1478 2759/2221/1482
f 2764/2222/1483 2761/2220/1481 2758/2219/1480
f 2762/2223/1484 2759/2221/1482 2761/2220/1481
f 2762/2223/1484 2761/2220/1481 2763/2224/1485
f 2763/2224/1485 2761/2220/1481 2764/2222/1483
f 2764/2222/1483 2758/2219/1480 2765/2225/1486
f 2763/2224/1485 2764/2222/1483 2766/2226/1487
f 2765/2225/1486 2757/2218/1472 2767/2227/1488
f 2765/2225/1486 2758/2219/1480 2757/2218/1472
f 2768/2228/1489 2763/2224/1485 2769/2229/1490
f 2768/2228/1489 2762/2223/1484 2763/2224/1485
f 2770/2230/1491 2759/2221/1482 2762/2223/1484
f 2770/2230/1491 2762/2223/1484 2771/2231/1492
f 2760/2217/1479 2759/2221/1482 2770/2230/1491
f 2756/2215/1477 2760/2217/1479 2772/2232/1493
f 2773/2233/1494 2775/2234/1495 2774/2235/1496
f 2773/2233/1494 2778/2236/1497 2775/2234/1495
f 2773/2233/1494 2776/2237/1498 2777/2238/1499
f 2773/2233/1494 2777/2238/1499 2778/2236/1497
f 2779/2239/1500 2778/2236/1497 2777/2238/1499
f 2779/2239/1500 2777/2238/1499 2780/2240/1492
f 2781/2241/1501 2775/2234/1495 2782/2242/1502
f 2781/2241/1501 2774/2235/1496 2775/2234/1495
f 2782/2242/1502 2775/2234/1495 2783/2243/1503
f 2782/2242/1502 2783/2243/1503 2784/2244/1487
f 2785/2245/1504 2786/2246/1505 2790/2247/1506
f 2785/2245/1504 2787/2248/1507 2788/2249/1508
f 2785/2245/1504 2790/2247/1506 2787/2248/1507
f 2785/2245/1504 2788/2249/1508 2789/2250/1509
f 2792/2251/1510 2790/2247/1506 2791/2252/1487
f 2792/2251/1510 2787/2248/1507 2790/2247/1506
f 2787/2248/1507 2792/2251/1510 2793/2253/1511
f 2794/2254/1473 2793/2253/1511 2795/2255/1488
f 2794/2254/1473 2788/2249/1508 2793/2253/1511
f 2787/2248/1507 2793/2253/1511 2788/2249/1508
f 2796/2256/1512 2788/2249/1508 2794/2254/1473
f 2796/2256/1512 2789/2250/1509 2788/2249/1508
f 2797/2257/1513 2801/2258/1514 2798/2259/1515
f 2797/2257/1513 2798/2259/1515 2799/2260/1516
f 2797/2257/1513 2799/2260/1516 2800/2261/1517
f 2797/2257/1513 2802/2262/1518 2801/2258/1514
f 2803/2263/1519 2801/2258/1514 2802/2262/1518
f 2803/2263/1519 2804/2264/1520 2801/2258/1514
f 2804/2264/1520 2805/2265/1521 2801/2258/1514
f 2804/2264/1520 2806/2266/1522 2805/2265/1521
f 2798/2259/1515 2805/2265/1521 2807/2267/1523
f 2798/2259/1515 2801/2258/1514 2805/2265/1521
f 2807/2267/1523 2799/2260/1516 2798/2259/1515
f 2807/2267/1523 2808/2268/1524 2799/2260/1516
f 2809/2269/1525 2810/2270/1516 2811/2271/1526
f 2809/2269/1525 2811/2271/1526 2812/2272/1527
f 2813/2273/1528 2812/2272/1527 2811/2271/1526
f 2813/2273/1528 2811/2271/1526 2814/2274/1529
f 2813/2273/1528 2814/2274/1529 2815/2275/1530
f 2813/2273/1528 2815/2275/1530 2816/2276/1531
f 2817/2277/1532 2815/2275/1530 2814/2274/1529
f 2817/2277/1532 2818/2278/1533 2815/2275/1530
f 2819/2279/1534 2817/2277/1532 2814/2274/1529
f 2819/2279/1534 2814/2274/1529 2811/2271/1526
f 2810/2270/1516 2820/2280/1535 2819/2279/1534
f 2810/2270/1516 2819/2279/1534 2811/2271/1526
f 2821/2281/1536 2827/2282/1537 2822/2283/1538
f 2821/2281/1536 2822/2283/1538 2823/2284/1539
f 2821/2281/1536 2823/2284/1539 2824/2285/1540
f 2824/2285/1540 2825/2286/1541 2821/2281/1536
f 2825/2286/1541 2826/2287/1542 2821/2281/1536
f 2821/2281/1536 2826/2287/1542 2827/2282/1537
f 2829/2288/1543 2828/2289/1544 2827/2282/1537
f 2828/2289/1544 2822/2283/1538 2827/2282/1537
f 2830/2290/1545 2827/2282/1537 2826/2287/1542
f 2830/2290/1545 2829/2288/1543 2827/2282/1537
f 2831/2291/1546 2830/2290/1545 2826/2287/1542
f 2831/2291/1546 2833/2292/1522 2830/2290/1545
f 2832/2293/1547 2829/2288/1543 2830/2290/1545
f 2832/2293/1547 2834/2294/1548 2829/2288/1543
f 2825/2286/1541 2831/2291/1546 2826/2287/1542
f 2829/2288/1543 2835/2295/1549 2828/2289/1544
f 2828/2289/1544 2836/2296/1550 2822/2283/1538
f 2836/2296/1550 2823/2284/1539 2822/2283/1538
f 2836/2296/1550 2837/2297/1551 2823/2284/1539
f 2824/2285/1540 2838/2298/1535 2825/2286/1541
f 2839/2299/1552 2843/2300/1553 2840/2301/1554
f 2839/2299/1552 2840/2301/1554 2841/2302/1555
f 2839/2299/1552 2841/2302/1555 2842/2303/1556
f 2839/2299/1552 2844/2304/1557 2843/2300/1553
f 2845/2305/1558 2843/2300/1553 2844/2304/1557
f 2845/2305/1558 2846/2306/1559 2843/2300/1553
f 2846/2306/1559 2848/2307/1560 2843/2300/1553
f 2846/2306/1559 2847/2308/1561 2848/2307/1560
f 2849/2309/1562 2841/2302/1555 2840/2301/1554
f 2849/2309/1562 2850/2310/1522 2841/2302/1555
f 2851/2311/1563 2852/2312/1564 2856/2313/1565
f 2851/2311/1563 2856/2313/1565 2853/2314/1566
f 2851/2311/1563 2853/2314/1566 2854/2315/1567
f 2851/2311/1563 2854/2315/1567 2855/2316/1568
f 2859/2317/1530 2857/2318/1569 2856/2313/1565
f 2853/2314/1566 2856/2313/1565 2857/2318/1569
f 2858/2319/1570 2856/2313/1565 2852/2312/1564
f 2858/2319/1570 2859/2317/1530 2856/2313/1565
f 2859/2317/1530 2860/2320/1551 2857/2318/1569
f 2853/2314/1566 2857/2318/1569 2861/2321/1571
f 2861/2321/1571 2854/2315/1567 2853/2314/1566
f 2861/2321/1571 2862/2322/1549 2854/2315/1567
f 2863/2323/3 2864/2324/902 2865/2325/902
f 2863/2323/3 2865/2325/902 2866/2326/3
f 2867/2327/902 2868/2328/66 2869/2329/66
f 2867/2327/902 2869/2329/66 2870/2330/902
f 2868/2328/66 2871/2331/903 2869/2329/66
f 2868/2328/66 2872/2332/903 2871/2331/903
f 2873/2333/903 2874/2334/1 2875/2335/1
f 2873/2333/903 2875/2335/1 2876/2336/903
f 2877/2337/1572 2878/2338/2 2879/2339/2
f 2877/2337/1572 2879/2339/2 2880/2340/1
f 2878/2338/2 2881/2341/3 2879/2339/2
f 2878/2338/2 2882/2342/3 2881/2341/3
f 2883/2343/3 2884/2344/902 2885/2345/902
f 2883/2343/3 2885/2345/902 2886/2346/3
f 2887/2347/1573 2888/2348/66 2889/2349/66
f 2887/2347/1573 2889/2349/66 2890/2350/902
f 2888/2348/66 2891/2351/903 2889/2349/66
f 2888/2348/66 2892/2352/903 2891/2351/903
f 2893/2353/903 2894/2354/1 2895/2355/1
f 2893/2353/903 2895/2355/1 2896/2356/903
f 2897/2357/1572 2898/2358/2 2899/2359/1
f 2897/2357/1572 2900/2360/2 2898/2358/2
f 2900/2360/2 2902/2361/3 2898/2358/2
f 2900/2360/2 2901/2362/3 2902/2361/3
f 2903/2363/3 2904/2364/902 2905/2365/902
f 2903/2363/3 2905/2365/902 2906/2366/3
f 2907/2367/902 2908/2368/66 2909/2369/66
f 2907/2367/902 2909/2369/66 2910/2370/902
f 2908/2368/66 2911/2371/903 2909/2369/66
f 2908/2368/66 2912/2372/903 2911/2371/903
f 2913/2373/903 2914/2374/1 2915/2375/1
f 2913/2373/903 2915/2375/1 2916/2376/903
f 2917/2377/1 2918/2378/2 2919/2379/2
f 2917/2377/1 2919/2379/2 2920/2380/1
f 2918/2378/2 2921/2381/3 2919/2379/2
f 2918/2378/2 2922/2382/3 2921/2381/3
f 2923/2383/3 2926/2384/902 2924/2385/3
f 2923/2383/3 2925/2386/902 2926/2384/902
f 2927/2387/902 2928/2388/66 2929/2389/66
f 2927/2387/902 2929/2389/66 2930/2390/902
f 2928/2388/66 2931/2391/903 2929/2389/66
f 2928/2388/66 2932/2392/903 2931/2391/903
f 2933/2393/903 2934/2394/1 2935/2395/1
f 2933/2393/903 2935/2395/1 2936/2396/903
f 2937/2397/1572 2940/2398/2 2938/2399/1
f 2937/2397/1572 2939/2400/2 2940/2398/2
f 2939/2400/2 2941/2401/3 2940/2398/2
f 2939/2400/2 2942/2402/3 2941/2401/3
f 2943/2403/3 2944/2404/902 2945/2405/902
f 2943/2403/3 2945/2405/902 2946/2406/3
f 2947/2407/902 2948/2408/66 2949/2409/66
f 2947/2407/902 2949/2409/66 2950/2410/902
f 2948/2408/66 2951/2411/903 2949/2409/66
f 2948/2408/66 2952/2412/903 2951/2411/903
f 2953/2413/903 2954/2414/1 2955/2415/1
f 2953/2413/903 2955/2415/1 2956/2416/903
f 2957/2417/1 2958/2418/2 2959/2419/2
f 2957/2417/1 2959/2419/2 2960/2420/1
f 2958/2418/2 2961/2421/3 2959/2419/2
f 2958/2418/2 2962/2422/3 2961/2421/3
f 2963/2423/3 2964/2424/902 2965/2425/902
f 2963/2423/3 2965/2425/902 2966/2426/3
f 2967/2427/902 2968/2428/66 2969/2429/66
f 2967/2427/902 2969/2429/66 2970/2430/902
f 2968/2428/66 2971/2431/903 2969/2429/66
f 2968/2428/66 2972/2432/903 2971/2431/903
f 2973/2433/903 2974/2434/1 2975/2435/1
f 2973/2433/903 2975/2435/1 2976/2436/903
f 2977/2437/1 2978/2438/2 2979/2439/2
f 2977/2437/1 2979/2439/2 2980/2440/1
f 2978/2438/2 2981/2441/3 2979/2439/2
f 2978/2438/2 2982/2442/3 2981/2441/3
f 2983/2443/3 2984/2444/902 2985/2445/902
f 2983/2443/3 2985/2445/902 2986/2446/3
f 2987/2447/902 2988/2448/66 2989/2449/66
f 2987/2447/902 2989/2449/66 2990/2450/902
f 2988/2448/66 2991/2451/903 2989/2449/66
f 2988/2448/66 2992/2452/903 2991/2451/903
f 2993/2453/903 2994/2454/1 2995/2455/1
f 2993/2453/903 2995/2455/1 2996/2456/903
f 2997/2457/1572 2998/2458/2 2999/2459/2
f 2997/2457/1572 2999/2459/2 3000/2460/1
f 2998/2458/2 3001/2461/3 2999/2459/2
f 2998/2458/2 3002/2462/3 3001/2461/3
f 3003/2463/3 3004/2464/902 3005/2465/902
f 3003/2463/3 3005/2465/902 3006/2466/3
f 3007/2467/902 3008/2468/66 3009/2469/66
f 3007/2467/902 3009/2469/66 3010/2470/902
f 3008/2468/66 3011/2471/903 3009/2469/66
f 3008/2468/66 3012/2472/903 3011/2471/903
f 3013/2473/903 3014/2474/1 3015/2475/1
f 3013/2473/903 3015/2475/1 3016/2476/903
f 3017/2477/1 3018/2478/2 3019/2479/2
f 3017/2477/1 3019/2479/2 3020/2480/1
f 3018/2478/2 3021/2481/1574 3019/2479/2
f 3018/2478/2 3022/2482/3 3021/2481/1574
f 3023/2483/3 3024/2484/902 3025/2485/902
f 3023/2483/3 3025/2485/902 3026/2486/3
f 3027/2487/902 3028/2488/66 3029/2489/66
f 3027/2487/902 3029/2489/66 3030/2490/902
f 3028/2488/66 3031/2491/903 3029/2489/66
f 3028/2488/66 3032/2492/903 3031/2491/903
f 3033/2493/903 3034/2494/1 3035/2495/1
f 3033/2493/903 3035/2495/1 3036/2496/903
f 3037/2497/1572 3038/2498/2 3039/2499/2
f 3037/2497/1572 3039/2499/2 3040/2500/1
f 3038/2498/2 3041/2501/3 3039/2499/2
f 3038/2498/2 3042/2502/3 3041/2501/3
f 3043/2503/3 3044/2504/902 3045/2505/902
f 3043/2503/3 3045/2505/902 3046/2506/3
f 3047/2507/902 3048/2508/66 3049/2509/66
f 3047/2507/902 3049/2509/66 3050/2510/902
f 3048/2508/66 3051/2511/903 3049/2509/66
f 3048/2508/66 3052/2512/903 3051/2511/903
f 3053/2513/903 3054/2514/1 3055/2515/1
f 3053/2513/903 3055/2515/1 3056/2516/903
f 3057/2517/1572 3060/2518/2 3058/2519/1
f 3057/2517/1572 3059/2520/2 3060/2518/2
f 3059/2520/2 3061/2521/1574 3060/2518/2
f 3059/2520/2 3062/2522/3 3061/2521/1574
f 3063/2523/3 3064/2524/902 3065/2525/902
f 3063/2523/3 3065/2525/902 3066/2526/3
f 3067/2527/902 3068/2528/66 3069/2529/66
f 3067/2527/902 3069/2529/66 3070/2530/902
f 3068/2528/66 3071/2531/903 3069/2529/66
f 3068/2528/66 3072/2532/903 3071/2531/903
f 3073/2533/903 3074/2534/1 3075/2535/1
f 3073/2533/903 3075/2535/1 3076/2536/903
f 3077/2537/1572 3078/2538/2 3079/2539/2
f 3077/2537/1572 3079/2539/2 3080/2540/1
f 3078/2538/2 3081/2541/1574 3079/2539/2
f 3078/2538/2 3082/2542/3 3081/2541/1574
f 3083/2543/3 3084/2544/902 3086/2545/902
f 3083/2543/3 3086/2545/902 3085/2546/3
f 3087/2547/902 3088/2548/66 3089/2549/66
f 3087/2547/902 3089/2549/66 3090/2550/902
f 3088/2548/66 3091/2551/903 3089/2549/66
f 3088/2548/66 3092/2552/903 3091/2551/903
f 3093/2553/903 3094/2554/1 3095/2555/1
f 3093/2553/903 3095/2555/1 3096/2556/903
f 3097/2557/1 3098/2558/2 3099/2559/2
f 3097/2557/1 3099/2559/2 3100/2560/1
f 3098/2558/2 3101/2561/3 3099/2559/2
f 3098/2558/2 3102/2562/3 3101/2561/3
f 3103/2563/3 3104/2564/902 3105/2565/902
f 3103/2563/3 3105/2565/902 3106/2566/3
f 3107/2567/902 3108/2568/66 3109/2569/66
f 3107/2567/902 3109/2569/66 3110/2570/902
f 3108/2568/66 3111/2571/903 3109/2569/66
f 3108/2568/66 3112/2572/903 3111/2571/903
f 3113/2573/903 3114/2574/1 3115/2575/1
f 3113/2573/903 3115/2575/1 3116/2576/903
f 3117/2577/1 3118/2578/2 3119/2579/2
f 3117/2577/1 3119/2579/2 3120/2580/1
f 3118/2578/2 3121/2581/3 3119/2579/2
f 3118/2578/2 3122/2582/3 3121/2581/3
f 3123/2583/3 3124/2584/902 3125/2585/902
f 3123/2583/3 3125/2585/902 3126/2586/3
f 3127/2587/902 3128/2588/66 3129/2589/66
f 3127/2587/902 3129/2589/66 3130/2590/902
f 3128/2588/66 3131/2591/903 3129/2589/66
f 3128/2588/66 3132/2592/903 3131/2591/903
f 3133/2593/903 3135/2594/1 3134/2595/903
f 3133/2593/903 3136/2596/1 3135/2594/1
f 3137/2597/1572 3138/2598/2 3139/2599/1
f 3137/2597/1572 3140/2600/2 3138/2598/2
f 3140/2600/2 3141/2601/3 3142/2602/3
f 3140/2600/2 3142/2602/3 3138/2598/2
f 3143/2603/3 3144/2604/902 3146/2605/902
f 3143/2603/3 3146/2605/902 3145/2606/3
f 3147/2607/902 3148/2608/66 3149/2609/66
f 3147/2607/902 3149/2609/66 3150/2610/902
f 3148/2608/66 3151/2611/903 3149/2609/66
f 3148/2608/66 3152/2612/903 3151/2611/903
f 3153/2613/903 3154/2614/1 3155/2615/903
f 3153/2613/903 3156/2616/1 3154/2614/1
f 3157/2617/1 3158/2618/2 3160/2619/1
f 3157/2617/1 3159/2620/2 3158/2618/2
f 3159/2620/2 3161/2621/3 3162/2622/1574
f 3159/2620/2 3162/2622/1574 3158/2618/2
f 3163/2623/3 3164/2624/902 3165/2625/902
f 3163/2623/3 3165/2625/902 3166/2626/3
f 3167/2627/902 3168/2628/66 3169/2629/902
f 3167/2627/902 3170/2630/66 3168/2628/66
f 3170/2630/66 3172/2631/903 3168/2628/66
f 3170/2630/66 3171/2632/903 3172/2631/903
f 3173/2633/903 3174/2634/1 3175/2635/903
f 3173/2633/903 3176/2636/1 3174/2634/1
f 3177/2637/1572 3180/2638/2 3178/2639/1
f 3177/2637/1572 3179/2640/2 3180/2638/2
f 3179/2640/2 3181/2641/3 3180/2638/2
f 3179/2640/2 3182/2642/3 3181/2641/3
f 3183/2643/1575 3186/2644/1576 3184/2645/1575
f 3183/2643/1575 3185/2646/1576 3186/2644/1576
f 3187/2647/1576 3188/2648/66 3189/2649/1576
f 3187/2647/1576 3190/2650/66 3188/2648/66
f 3190/2650/66 3192/2651/1577 3188/2648/66
f 3190/2650/66 3191/2652/1577 3192/2651/1577
f 3193/2653/1577 3194/2654/1578 3195/2655/1577
f 3193/2653/1577 3196/2656/1578 3194/2654/1578
f 3197/2657/1578 3198/2658/2 3199/2659/2
f 3197/2657/1578 3199/2659/2 3200/2660/1578
f 3198/2658/2 3201/2661/1575 3199/2659/2
f 3198/2658/2 3202/2662/1575 3201/2661/1575
f 3203/2663/1575 3204/2664/1576 3205/2665/1575
f 3203/2663/1575 3206/2666/1576 3204/2664/1576
f 3207/2667/1576 3208/2668/66 3210/2669/1576
f 3207/2667/1576 3209/2670/66 3208/2668/66
f 3209/2670/66 3212/2671/1577 3208/2668/66
f 3209/2670/66 3211/2672/1577 3212/2671/1577
f 3213/2673/1577 3214/2674/1578 3215/2675/1578
f 3213/2673/1577 3215/2675/1578 3216/2676/1577
f 3217/2677/1578 3218/2678/2 3219/2679/2
f 3217/2677/1578 3219/2679/2 3220/2680/1578
f 3218/2678/2 3221/2681/1579 3219/2679/2
f 3218/2678/2 3222/2682/1575 3221/2681/1579
f 3223/2683/3 3224/2684/902 3225/2685/3
f 3223/2683/3 3226/2686/902 3224/2684/902
f 3227/2687/902 3230/2688/66 3228/2689/902
f 3227/2687/902 3229/2690/66 3230/2688/66
f 3229/2690/66 3231/2691/903 3230/2688/66
f 3229/2690/66 3232/2692/903 3231/2691/903
f 3233/2693/1580 3234/2694/1 3235/2695/1
f 3233/2693/1580 3235/2695/1 3236/2696/903
f 3237/2697/1 3238/2698/2 3239/2699/1
f 3237/2697/1 3240/2700/2 3238/2698/2
f 3240/2700/2 3242/2701/3 3238/2698/2
f 3240/2700/2 3241/2702/3 3242/2701/3
f 3243/2703/3 3246/2704/902 3244/2705/3
f 3243/2703/3 3245/2706/902 3246/2704/902
f 3247/2707/902 3248/2708/66 3249/2709/902
f 3247/2707/902 3250/2710/66 3248/2708/66
f 3250/2710/66 3251/2711/903 3252/2712/903
f 3250/2710/66 3252/2712/903 3248/2708/66
f 3253/2713/903 3254/2714/1 3255/2715/1
f 3253/2713/903 3255/2715/1 3256/2716/903
f 3257/2717/1572 3260/2718/2 3258/2719/1
f 3257/2717/1572 3259/2720/2 3260/2718/2
f 3259/2720/2 3261/2721/3 3260/2718/2
f 3259/2720/2 3262/2722/3 3261/2721/3
f 3263/2723/3 3264/2724/902 3265/2725/902
f 3263/2723/3 3265/2725/902 3266/2726/3
f 3267/2727/902 3268/2728/66 3269/2729/66
f 3267/2727/902 3269/2729/66 3270/2730/902
f 3268/2728/66 3271/2731/903 3269/2729/66
f 3268/2728/66 3272/2732/903 3271/2731/903
f 3273/2733/903 3274/2734/1 3275/2735/903
f 3273/2733/903 3276/2736/1 3274/2734/1
f 3277/2737/1 3278/2738/2 3279/2739/1
f 3277/2737/1 3280/2740/2 3278/2738/2
f 3280/2740/2 3281/2741/3 3282/2742/3
f 3280/2740/2 3282/2742/3 3278/2738/2
f 3283/2743/3 3284/2744/902 3285/2745/902
f 3283/2743/3 3285/2745/902 3286/2746/3
f 3287/2747/902 3288/2748/66 3289/2749/902
f 3287/2747/902 3290/2750/66 3288/2748/66
f 3290/2750/66 3291/2751/903 3292/2752/903
f 3290/2750/66 3292/2752/903 3288/2748/66
f 3293/2753/903 3294/2754/1 3295/2755/1
f 3293/2753/903 3295/2755/1 3296/2756/903
f 3297/2757/1 3298/2758/2 3299/2759/2
f 3297/2757/1 3299/2759/2 3300/2760/1
f 3298/2758/2 3301/2761/3 3299/2759/2
f 3298/2758/2 3302/2762/3 3301/2761/3
f 3303/2763/3 3304/2764/902 3305/2765/902
f 3303/2763/3 3305/2765/902 3306/2766/3
f 3307/2767/902 3308/2768/66 3309/2769/66
f 3307/2767/902 3309/2769/66 3310/2770/902
f 3308/2768/66 3311/2771/903 3309/2769/66
f 3308/2768/66 3312/2772/903 3311/2771/903
f 3313/2773/903 3314/2774/1 3315/2775/1
f 3313/2773/903 3315/2775/1 3316/2776/903
f 3317/2777/1 3320/2778/2 3318/2779/1
f 3317/2777/1 3319/2780/2 3320/2778/2
f 3319/2780/2 3321/2781/3 3320/2778/2
f 3319/2780/2 3322/2782/3 3321/2781/3
f 3323/2783/3 3324/2784/902 3326/2785/902
f 3323/2783/3 3326/2785/902 3325/2786/3
f 3327/2787/902 3328/2788/66 3329/2789/66
f 3327/2787/902 3329/2789/66 3330/2790/902
f 3328/2788/66 3331/2791/903 3329/2789/66
f 3328/2788/66 3332/2792/903 3331/2791/903
f 3333/2793/903 3334/2794/1 3335/2795/903
f 3333/2793/903 3336/2796/1 3334/2794/1
f 3337/2797/1 3338/2798/2 3339/2799/1
f 3337/2797/1 3340/2800/2 3338/2798/2
f 3340/2800/2 3342/2801/3 3338/2798/2
f 3340/2800/2 3341/2802/3 3342/2801/3
f 3343/2803/3 3344/2804/902 3345/2805/902
f 3343/2803/3 3345/2805/902 3346/2806/3
f 3347/2807/902 3348/2808/66 3349/2809/66
f 3347/2807/902 3349/2809/66 3350/2810/902
f 3348/2808/66 3351/2811/903 3349/2809/66
f 3348/2808/66 3352/2812/903 3351/2811/903
f 3353/2813/903 3356/2814/1 3354/2815/903
f 3353/2813/903 3355/2816/1 3356/2814/1
f 3357/2817/1 3358/2818/2 3359/2819/2
f 3357/2817/1 3359/2819/2 3360/2820/1
f 3358/2818/2 3361/2821/3 3359/2819/2
f 3358/2818/2 3362/2822/3 3361/2821/3
f 3363/2823/3 3364/2824/902 3365/2825/3
f 3363/2823/3 3366/2826/902 3364/2824/902
f 3367/2827/1573 3369/2828/66 3368/2829/902
f 3367/2827/1573 3370/2830/66 3369/2828/66
f 3370/2830/66 3371/2831/903 3372/2832/903
f 3370/2830/66 3372/2832/903 3369/2828/66
f 3373/2833/903 3374/2834/1 3375/2835/1
f 3373/2833/903 3375/2835/1 3376/2836/903
f 3377/2837/1 3378/2838/2 3379/2839/2
f 3377/2837/1 3379/2839/2 3380/2840/1
f 3378/2838/2 3381/2841/3 3379/2839/2
f 3378/2838/2 3382/2842/3 3381/2841/3
f 3383/2843/3 3384/2844/902 3385/2845/902
f 3383/2843/3 3385/2845/902 3386/2846/3
f 3387/2847/902 3388/2848/66 3389/2849/66
f 3387/2847/902 3389/2849/66 3390/2850/902
f 3388/2848/66 3391/2851/903 3389/2849/66
f 3388/2848/66 3392/2852/903 3391/2851/903
f 3393/2853/903 3394/2854/1 3395/2855/1
f 3393/2853/903 3395/2855/1 3396/2856/903
f 3397/2857/1 3400/2858/2 3398/2859/1
f 3397/2857/1 3399/2860/2 3400/2858/2
f 3399/2860/2 3401/2861/3 3400/2858/2
f 3399/2860/2 3402/2862/3 3401/2861/3
f 3403/2863/3 3404/2864/902 3405/2865/3
f 3403/2863/3 3406/2866/902 3404/2864/902
f 3407/2867/902 3408/2868/66 3409/2869/902
f 3407/2867/902 3410/2870/66 3408/2868/66
f 3410/2870/66 3412/2871/903 3408/2868/66
f 3410/2870/66 3411/2872/903 3412/2871/903
f 3413/2873/903 3414/2874/1 3415/2875/903
f 3413/2873/903 3416/2876/1 3414/2874/1
f 3417/2877/1 3418/2878/2 3419/2879/2
f 3417/2877/1 3419/2879/2 3420/2880/1
f 3418/2878/2 3421/2881/3 3419/2879/2
f 3418/2878/2 3422/2882/3 3421/2881/3
f 3423/2883/3 3426/2884/902 3424/2885/3
f 3423/2883/3 3425/2886/902 3426/2884/902
f 3427/2887/902 3428/2888/66 3429/2889/902
f 3427/2887/902 3430/2890/66 3428/2888/66
f 3430/2890/66 3432/2891/1581 3428/2888/66
f 3430/2890/66 3431/2892/903 3432/2891/1581
f 3433/2893/903 3434/2894/1 3435/2895/1
f 3433/2893/903 3435/2895/1 3436/2896/903
f 3437/2897/1572 3438/2898/2 3439/2899/2
f 3437/2897/1572 3439/2899/2 3440/2900/1
f 3438/2898/2 3441/2901/3 3439/2899/2
f 3438/2898/2 3442/2902/3 3441/2901/3
f 3443/2903/3 3444/2904/902 3446/2905/3
f 3443/2903/3 3445/2906/902 3444/2904/902
f 3447/2907/902 3450/2908/66 3448/2909/902
f 3447/2907/902 3449/2910/66 3450/2908/66
f 3449/2910/66 3451/2911/903 3450/2908/66
f 3449/2910/66 3452/2912/903 3451/2911/903
f 3453/2913/903 3454/2914/1 3455/2915/1
f 3453/2913/903 3455/2915/1 3456/2916/903
f 3457/2917/1582 3458/2918/2 3459/2919/2
f 3457/2917/1582 3459/2919/2 3460/2920/1
f 3458/2918/2 3461/2921/3 3459/2919/2
f 3458/2918/2 3462/2922/3 3461/2921/3
f 3463/2923/1575 3465/2924/1576 3464/2925/1575
f 3463/2923/1575 3466/2926/1576 3465/2924/1576
f 3467/2927/1576 3468/2928/66 3469/2929/66
f 3467/2927/1576 3469/2929/66 3470/2930/1576
f 3468/2928/66 3471/2931/1577 3469/2929/66
f 3468/2928/66 3472/2932/1577 3471/2931/1577
f 3473/2933/1577 3474/2934/1578 3475/2935/1578
f 3473/2933/1577 3475/2935/1578 3476/2936/1577
f 3477/2937/1578 3478/2938/2 3479/2939/2
f 3477/2937/1578 3479/2939/2 3480/2940/1578
f 3478/2938/2 3481/2941/1575 3479/2939/2
f 3478/2938/2 3482/2942/1575 3481/2941/1575
f 3483/2943/1583 3484/2944/1584 3485/2945/1585
f 3483/2943/1583 3485/2945/1585 3486/2946/1586
f 3483/2943/1583 3486/2946/1586 3488/2947/1587
f 3483/2943/1583 3488/2947/1587 3487/2948/1588
f 3489/2949/1589 3488/2947/1587 3490/2950/1590
f 3489/2949/1589 3487/2948/1588 3488/2947/1587
f 3491/2951/1591 3494/2952/1592 3492/2953/1593
f 3491/2951/1591 3493/2954/1594 3494/2952/1592
f 3493/2954/1594 3495/2955/1595 3494/2952/1592
f 3496/2956/1596 3497/2957/1597 3495/2955/1595
f 3493/2954/1594 3496/2956/1596 3495/2955/1595
f 3496/2956/1596 3498/2958/1598 3497/2957/1597
f 3499/2959/13 3500/2960/13 3502/2961/13
f 3499/2959/13 3501/2962/13 3500/2960/13
f 3499/2959/13 3502/2961/13 3503/2963/13
f 3499/2959/13 3503/2963/13 3504/2964/13
f 3505/2965/13 3504/2964/13 3503/2963/13
f 3505/2965/13 3503/2963/13 3506/2966/13
f 3507/2967/13 3505/2965/13 3506/2966/13
f 3508/2968/13 3507/2967/13 3509/2969/13
f 3507/2967/13 3506/2966/13 3509/2969/13
f 3508/2968/13 3509/2969/13 3510/2970/13
f 3511/2971/13 3510/2970/13 3512/2972/13
f 3511/2971/13 3508/2968/13 3510/2970/13
f 3513/2973/13 3512/2972/13 3514/2974/13
f 3513/2973/13 3511/2971/13 3512/2972/13
f 3515/2975/13 3513/2973/13 3514/2974/13
f 3516/2976/13 3515/2975/13 3518/2977/13
f 3516/2976/13 3517/2978/13 3515/2975/13
f 3515/2975/13 3517/2978/13 3513/2973/13
f 3519/2979/13 3518/2977/13 3520/2980/13
f 3519/2979/13 3516/2976/13 3518/2977/13
f 3521/2981/13 3520/2980/13 3522/2982/13
f 3521/2981/13 3519/2979/13 3520/2980/13
f 3501/2962/13 3522/2982/13 3500/2960/13
f 3501/2962/13 3521/2981/13 3522/2982/13
f 3523/2983/1599 3524/2984/1600 3525/2985/1601
f 3523/2983/1599 3525/2985/1601 3526/2986/1602
f 3523/2983/1599 3526/2986/1602 3528/2987/1603
f 3523/2983/1599 3528/2987/1603 3527/2988/1604
f 3529/2989/1605 3528/2987/1603 3530/2990/1606
f 3529/2989/1605 3527/2988/1604 3528/2987/1603
f 3531/2991/1607 3532/2992/1608 3534/2993/1609
f 3535/2994/1610 3533/2995/1611 3531/2991/1607
f 3531/2991/1607 3534/2993/1609 3535/2994/1610
f 3535/2994/1610 3536/2996/1612 3533/2995/1611
f 3537/2997/1613 3536/2996/1612 3538/2998/1614
f 3537/2997/1613 3533/2995/1611 3536/2996/1612
f 3539/2999/1615 3540/3000/1616 3542/3001/1617
f 3539/2999/1615 3541/3002/1618 3540/3000/1616
f 3543/3003/1619 3539/2999/1615 3542/3001/1617
f 3543/3003/1619 3544/3004/1620 3539/2999/1615
f 3543/3003/1619 3545/3005/1621 3544/3004/1620
f 3543/3003/1619 3546/3006/1622 3545/3005/1621
f 3547/3007/1623 3546/3006/1622 3543/3003/1619
f 3547/3007/1623 3548/3008/1624 3546/3006/1622
f 3549/3009/1625 3547/3007/1623 3543/3003/1619
f 3549/3009/1625 3543/3003/1619 3542/3001/1617
f 3550/3010/1626 3549/3009/1625 3542/3001/1617
f 3550/3010/1626 3542/3001/1617 3540/3000/1616
f 3551/3011/1627 3552/3012/1628 3553/3013/1629
f 3551/3011/1627 3553/3013/1629 3554/3014/1630
f 3555/3015/1631 3554/3014/1630 3553/3013/1629
f 3555/3015/1631 3556/3016/1632 3554/3014/1630
f 3558/3017/1633 3557/3018/1634 3555/3015/1631
f 3558/3017/1633 3555/3015/1631 3553/3013/1629
f 3561/3019/1635 3558/3017/1633 3559/3020/1636
f 3559/3020/1636 3558/3017/1633 3553/3013/1629
f 3560/3021/1637 3558/3017/1633 3561/3019/1635
f 3560/3021/1637 3557/3018/1634 3558/3017/1633
f 3561/3019/1635 3559/3020/1636 3562/3022/1638
f 3559/3020/1636 3553/3013/1629 3552/3012/1628
f 3563/3023/1639 3564/3024/1640 3568/3025/1641
f 3566/3026/1642 3563/3023/1639 3565/3027/1643
f 3563/3023/1639 3568/3025/1641 3565/3027/1643
f 3566/3026/1642 3567/3028/1644 3563/3023/1639
f 3569/3029/1645 3565/3027/1643 3568/3025/1641
f 3569/3029/1645 3570/3030/1646 3565/3027/1643
f 3570/3030/1646 3566/3026/1642 3565/3027/1643
f 3570/3030/1646 3571/3031/1647 3566/3026/1642
f 3571/3031/1647 3573/3032/1648 3566/3026/1642
f 3571/3031/1647 3572/3033/1649 3573/3032/1648
f 3566/3026/1642 3573/3032/1648 3574/3034/1650
f 3566/3026/1642 3574/3034/1650 3567/3028/1644
f 3575/3035/1651 3576/3036/1652 3577/3037/1653
f 3575/3035/1651 3578/3038/1654 3576/3036/1652
f 3576/3036/1652 3578/3038/1654 3579/3039/1655
f 3576/3036/1652 3579/3039/1655 3580/3040/1656
f 3581/3041/1657 3580/3040/1656 3579/3039/1655
f 3581/3041/1657 3579/3039/1655 3582/3042/1658
f 3583/3043/1659 3580/3040/1656 3581/3041/1657
f 3583/3043/1659 3584/3044/1660 3580/3040/1656
f 3585/3045/1661 3580/3040/1656 3584/3044/1660
f 3585/3045/1661 3577/3037/1653 3576/3036/1652
f 3585/3045/1661 3576/3036/1652 3580/3040/1656
f 3585/3045/1661 3586/3046/1662 3577/3037/1653
f 3587/3047/3 3588/3048/902 3589/3049/902
f 3587/3047/3 3589/3049/902 3590/3050/3
f 3591/3051/902 3592/3052/66 3593/3053/66
f 3591/3051/902 3593/3053/66 3594/3054/902
f 3592/3052/66 3595/3055/903 3593/3053/66
f 3592/3052/66 3596/3056/903 3595/3055/903
f 3597/3057/903 3598/3058/1 3599/3059/903
f 3597/3057/903 3600/3060/1 3598/3058/1
f 3601/3061/1 3602/3062/2 3604/3063/1
f 3601/3061/1 3603/3064/2 3602/3062/2
f 3603/3064/2 3605/3065/3 3606/3066/3
f 3603/3064/2 3606/3066/3 3602/3062/2
f 3607/3067/3 3608/3068/902 3609/3069/902
f 3607/3067/3 3609/3069/902 3610/3070/3
f 3611/3071/902 3612/3072/66 3613/3073/902
f 3611/3071/902 3614/3074/66 3612/3072/66
f 3614/3074/66 3615/3075/903 3616/3076/903
f 3614/3074/66 3616/3076/903 3612/3072/66
f 3617/3077/903 3618/3078/1 3619/3079/1
f 3617/3077/903 3619/3079/1 3620/3080/903
f 3621/3081/1 3622/3082/2 3623/3083/2
f 3621/3081/1 3623/3083/2 3624/3084/1
f 3622/3082/2 3625/3085/3 3623/3083/2
f 3622/3082/2 3626/3086/3 3625/3085/3
f 3627/3087/1663 3632/3088/1664 3628/3089/1665
f 3627/3087/1663 3628/3089/1665 3629/3090/1666
f 3627/3087/1663 3629/3090/1666 3630/3091/1667
f 3633/3092/1668 3627/3087/1663 3630/3091/1667
f 3631/3093/1669 3627/3087/1663 3633/3092/1668
f 3627/3087/1663 3631/3093/1669 3632/3088/1664
f 3634/3094/1670 3636/3095/1671 3633/3092/1668
f 3634/3094/1670 3633/3092/1668 3635/3096/15
f 3633/3092/1668 3630/3091/1667 3635/3096/15
f 3631/3093/1669 3633/3092/1668 3636/3095/1671
f 3634/3094/1670 3637/3097/1672 3636/3095/1671
f 3638/3098/1673 3637/3097/1672 3634/3094/1670
f 3638/3098/1673 3639/3099/1674 3637/3097/1672
f 3638/3098/1673 3634/3094/1670 3640/3100/1675
f 3638/3098/1673 3640/3100/1675 3641/3101/1676
f 3634/3094/1670 3635/3096/15 3640/3100/1675
f 3642/3102/1677 3647/3103/1678 3643/3104/1679
f 3642/3102/1677 3643/3104/1679 3645/3105/1680
f 3642/3102/1677 3644/3106/1664 3647/3103/1678
f 3642/3102/1677 3645/3105/1680 3646/3107/1681
f 3648/3108/1682 3653/3109/1683 3649/3110/1684
f 3648/3108/1682 3649/3110/1684 3650/3111/1685
f 3648/3108/1682 3650/3111/1685 3651/3112/1686
f 3648/3108/1682 3652/3113/1678 3653/3109/1683
f 3649/3110/1684 3653/3109/1683 3654/3114/1687
f 3656/3115/1688 3654/3114/1687 3655/3116/1689
f 3649/3110/1684 3654/3114/1687 3656/3115/1688
f 3649/3110/1684 3656/3115/1688 3657/3117/14
f 3656/3115/1688 3659/3118/1690 3657/3117/14
f 3656/3115/1688 3655/3116/1689 3658/3119/1691
f 3656/3115/1688 3658/3119/1691 3659/3118/1690
f 3658/3119/1691 3660/3120/1692 3659/3118/1690
f 3658/3119/1691 3661/3121/1693 3660/3120/1692
f 3658/3119/1691 3662/3122/1694 3661/3121/1693
f 3658/3119/1691 3655/3116/1689 3662/3122/1694
f 3649/3110/1684 3657/3117/14 3650/3111/1685
f 3663/3123/1695 3664/3124/1696 3665/3125/1697
f 3663/3123/1695 3668/3126/1698 3664/3124/1696
f 3663/3123/1695 3666/3127/1699 3667/3128/1674
f 3663/3123/1695 3667/3128/1674 3668/3126/1698
f 3669/3129/1700 3670/3130/1701 3671/3131/1701
f 3669/3129/1700 3671/3131/1701 3674/3132/1702
f 3673/3133/1703 3672/3134/1704 3669/3129/1700
f 3673/3133/1703 3669/3129/1700 3674/3132/1702
f 3675/3135/1705 3673/3133/1703 3676/3136/1705
f 3675/3135/1705 3672/3134/1704 3673/3133/1703
f 3677/3137/1706 3678/3138/1707 3679/3139/1708
f 3677/3137/1706 3679/3139/1708 3680/3140/1709
f 3679/3139/1708 3678/3138/1707 3682/3141/1710
f 3679/3139/1708 3682/3141/1710 3681/3142/1711
f 3682/3141/1710 3683/3143/1712 3681/3142/1711
f 3682/3141/1710 3684/3144/1712 3683/3143/1712
f 3685/3145/1713 3686/3146/1714 3687/3147/1715
f 3685/3145/1713 3687/3147/1715 3688/3148/1713
f 3690/3149/1716 3687/3147/1715 3686/3146/1714
f 3690/3149/1716 3689/3150/1716 3687/3147/1715
f 3690/3149/1716 3691/3151/1717 3692/3152/1718
f 3690/3149/1716 3692/3152/1718 3689/3150/1716
f 3693/3153/1719 3694/3154/1720 3695/3155/1720
f 3693/3153/1719 3695/3155/1720 3696/3156/1721
f 3696/3156/1721 3697/3157/1722 3693/3153/1719
f 3696/3156/1721 3699/3158/1722 3697/3157/1722
f 3698/3159/1723 3697/3157/1722 3699/3158/1722
f 3698/3159/1723 3699/3158/1722 3700/3160/1724
f 3701/3161/1725 3702/3162/1726 3703/3163/1727
f 3701/3161/1725 3703/3163/1727 3704/3164/1728
f 3701/3161/1725 3704/3164/1728 3705/3165/1729
f 3701/3161/1725 3705/3165/1729 3706/3166/1730
f 3705/3165/1729 3707/3167/1731 3706/3166/1730
f 3708/3168/1732 3709/3169/1733 3707/3167/1731
f 3705/3165/1729 3708/3168/1732 3707/3167/1731
f 3710/3170/1734 3709/3169/1733 3712/3171/1735
f 3710/3170/1734 3711/3172/1736 3709/3169/1733
f 3708/3168/1732 3712/3171/1735 3709/3169/1733
f 3712/3171/1735 3703/3163/1727 3713/3173/1737
f 3708/3168/1732 3703/3163/1727 3712/3171/1735
f 3712/3171/1735 3713/3173/1737 3710/3170/1734
f 3702/3162/1726 3713/3173/1737 3703/3163/1727
f 3713/3173/1737 3714/3174/1738 3715/3175/1739
f 3702/3162/1726 3714/3174/1738 3713/3173/1737
f 3713/3173/1737 3715/3175/1739 3716/3176/1740
f 3710/3170/1734 3713/3173/1737 3716/3176/1740
f 3717/3177/1741 3716/3176/1740 3715/3175/1739
f 3710/3170/1734 3716/3176/1740 3717/3177/1741
f 3717/3177/1741 3715/3175/1739 3718/3178/1742
f 3720/3179/1743 3717/3177/1741 3718/3178/1742
f 3719/3180/1744 3717/3177/1741 3720/3179/1743
f 3710/3170/1734 3717/3177/1741 3719/3180/1744
f 3720/3179/1743 3721/3181/1745 3723/3182/1746
f 3720/3179/1743 3722/3183/1747 3721/3181/1745
f 3720/3179/1743 3718/3178/1742 3722/3183/1747
f 3719/3180/1744 3720/3179/1743 3723/3182/1746
f 3719/3180/1744 3723/3182/1746 3721/3181/1745
f 3719/3180/1744 3721/3181/1745 3724/3184/1748
f 3710/3170/1734 3724/3184/1748 3711/3172/1736
f 3710/3170/1734 3719/3180/1744 3724/3184/1748
f 3705/3165/1729 3703/3163/1727 3708/3168/1732
f 3703/3163/1727 3705/3165/1729 3704/3164/1728
f 3725/3185/1749 3726/3186/1750 3727/3187/1751
f 3725/3185/1749 3727/3187/1751 3728/3188/1752
f 3725/3185/1749 3728/3188/1752 3730/3189/1753
f 3725/3185/1749 3730/3189/1753 3729/3190/1754
f 3731/3191/1755 3730/3189/1753 3732/3192/1756
f 3731/3191/1755 3729/3190/1754 3730/3189/1753
f 3734/3193/1757 3732/3192/1756 3730/3189/1753
f 3733/3194/1758 3730/3189/1753 3728/3188/1752
f 3733/3194/1758 3734/3193/1757 3730/3189/1753
f 3734/3193/1757 3735/3195/1717 3732/3192/1756
f 3736/3196/1713 3733/3194/1758 3728/3188/1752
f 3736/3196/1713 3728/3188/1752 3727/3187/1751
f 3737/3197/1750 3738/3198/1759 3739/3199/1760
f 3737/3197/1750 3739/3199/1760 3740/3200/1761
f 3741/3201/1762 3740/3200/1761 3739/3199/1760
f 3741/3201/1762 3742/3202/1763 3740/3200/1761
f 3743/3203/1764 3741/3201/1762 3739/3199/1760
f 3744/3204/1706 3743/3203/1764 3745/3205/1765
f 3743/3203/1764 3739/3199/1760 3745/3205/1765
f 3746/3206/1766 3745/3205/1765 3739/3199/1760
f 3746/3206/1766 3747/3207/1767 3745/3205/1765
f 3744/3204/1706 3745/3205/1765 3747/3207/1767
f 3746/3206/1766 3748/3208/1768 3747/3207/1767
f 3746/3206/1766 3739/3199/1760 3738/3198/1759
f 3749/3209/1769 3750/3210/1770 3751/3211/1771
f 3749/3209/1769 3751/3211/1771 3752/3212/1772
f 3749/3209/1769 3752/3212/1772 3754/3213/1773
f 3749/3209/1769 3754/3213/1773 3753/3214/1774
f 3755/3215/1775 3754/3213/1773 3756/3216/1776
f 3755/3215/1775 3753/3214/1774 3754/3213/1773
f 3758/3217/1777 3756/3216/1776 3754/3213/1773
f 3757/3218/1778 3754/3213/1773 3752/3212/1772
f 3757/3218/1778 3758/3217/1777 3754/3213/1773
f 3758/3217/1777 3759/3219/1779 3756/3216/1776
f 3760/3220/1780 3757/3218/1778 3752/3212/1772
f 3760/3220/1780 3752/3212/1772 3751/3211/1771
f 3761/3221/1781 3762/3222/1775 3763/3223/1782
f 3761/3221/1781 3763/3223/1782 3764/3224/1783
f 3765/3225/1784 3761/3221/1781 3764/3224/1783
f 3765/3225/1784 3766/3226/1785 3761/3221/1781
f 3767/3227/1786 3766/3226/1785 3765/3225/1784
f 3767/3227/1786 3765/3225/1784 3768/3228/1787
f 3770/3229/1788 3768/3228/1787 3765/3225/1784
f 3770/3229/1788 3769/3230/1701 3768/3228/1787
f 3771/3231/1789 3770/3229/1788 3765/3225/1784
f 3771/3231/1789 3765/3225/1784 3764/3224/1783
f 3772/3232/1705 3771/3231/1789 3764/3224/1783
f 3772/3232/1705 3764/3224/1783 3763/3223/1782
f 3773/3233/12 3774/3234/12 3775/3235/12
f 3773/3233/12 3775/3235/12 3776/3236/12
f 3777/3237/12 3773/3233/12 3776/3236/12
f 3778/3238/12 3777/3237/12 3779/3239/12
f 3777/3237/12 3776/3236/12 3779/3239/12
f 3778/3238/12 3779/3239/12 3780/3240/12
f 3781/3241/12 3780/3240/12 3782/3242/12
f 3781/3241/12 3778/3238/12 3780/3240/12
f 3783/3243/12 3781/3241/12 3782/3242/12
f 3783/3243/12 3782/3242/12 3784/3244/12
f 3785/3245/12 3783/3243/12 3784/3244/12
f 3785/3245/12 3784/3244/12 3786/3246/12
f 3787/3247/12 3786/3246/12 3788/3248/12
f 3787/3247/12 3785/3245/12 3786/3246/12
f 3789/3249/12 3787/3247/12 3788/3248/12
f 3789/3249/12 3788/3248/12 3790/3250/12
f 3791/3251/12 3790/3250/12 3792/3252/12
f 3791/3251/12 3789/3249/12 3790/3250/12
f 3793/3253/12 3792/3252/12 3794/3254/12
f 3793/3253/12 3791/3251/12 3792/3252/12
f 3795/3255/12 3793/3253/12 3794/3254/12
f 3795/3255/12 3794/3254/12 3796/3256/12
f 3774/3234/12 3796/3256/12 3775/3235/12
f 3774/3234/12 3795/3255/12 3796/3256/12
f 3797/3257/1575 3798/3258/1576 3799/3259/1575
f 3797/3257/1575 3800/3260/1576 3798/3258/1576
f 3801/3261/1576 3802/3262/66 3803/3263/66
f 3801/3261/1576 3803/3263/66 3804/3264/1576
f 3802/3262/66 3805/3265/1577 3803/3263/66
f 3802/3262/66 3806/3266/1577 3805/3265/1577
f 3807/3267/1577 3808/3268/1578 3809/3269/1578
f 3807/3267/1577 3809/3269/1578 3810/3270/1577
f 3811/3271/1578 3813/3272/2 3812/3273/1578
f 3811/3271/1578 3814/3274/2 3813/3272/2
f 3814/3274/2 3816/3275/1575 3813/3272/2
f 3814/3274/2 3815/3276/1575 3816/3275/1575
f 3817/3277/3 3818/3278/902 3819/3279/902
f 3817/3277/3 3819/3279/902 3820/3280/3
f 3821/3281/902 3822/3282/66 3823/3283/66
f 3821/3281/902 3823/3283/66 3824/3284/902
f 3822/3282/66 3825/3285/903 3823/3283/66
f 3822/3282/66 3826/3286/903 3825/3285/903
f 3827/3287/903 3828/3288/1 3829/3289/903
f 3827/3287/903 3830/3290/1 3828/3288/1
f 3831/3291/1572 3832/3292/2 3833/3293/2
f 3831/3291/1572 3833/3293/2 3834/3294/1
f 3832/3292/2 3835/3295/3 3833/3293/2
f 3832/3292/2 3836/3296/3 3835/3295/3
f 3837/3297/3 3839/3298/902 3838/3299/3
f 3837/3297/3 3840/3300/1790 3839/3298/902
f 3841/3301/1573 3842/3302/66 3843/3303/66
f 3841/3301/1573 3843/3303/66 3844/3304/902
f 3842/3302/66 3845/3305/903 3843/3303/66
f 3842/3302/66 3846/3306/903 3845/3305/903
f 3847/3307/903 3848/3308/1 3849/3309/903
f 3847/3307/903 3850/3310/1 3848/3308/1
f 3851/3311/1 3854/3312/2 3852/3313/1
f 3851/3311/1 3853/3314/2 3854/3312/2
f 3853/3314/2 3855/3315/3 3854/3312/2
f 3853/3314/2 3856/3316/3 3855/3315/3
f 3857/3317/3 3858/3318/902 3859/3319/902
f 3857/3317/3 3859/3319/902 3860/3320/3
f 3861/3321/902 3862/3322/66 3863/3323/66
f 3861/3321/902 3863/3323/66 3864/3324/902
f 3862/3322/66 3865/3325/903 3863/3323/66
f 3862/3322/66 3866/3326/903 3865/3325/903
f 3867/3327/903 3868/3328/1 3869/3329/1
f 3867/3327/903 3869/3329/1 3870/3330/903
f 3871/3331/1 3872/3332/2 3873/3333/2
f 3871/3331/1 3873/3333/2 3874/3334/1
f 3872/3332/2 3875/3335/3 3873/3333/2
f 3872/3332/2 3876/3336/3 3875/3335/3
f 3877/3337/3 3878/3338/902 3879/3339/3
f 3877/3337/3 3880/3340/1790 3878/3338/902
f 3881/3341/902 3882/3342/66 3883/3343/66
f 3881/3341/902 3883/3343/66 3884/3344/902
f 3882/3342/66 3885/3345/903 3883/3343/66
f 3882/3342/66 3886/3346/903 3885/3345/903
f 3887/3347/903 3890/3348/1 3888/3349/903
f 3887/3347/903 3889/3350/1582 3890/3348/1
f 3891/3351/1 3892/3352/2 3893/3353/1
f 3891/3351/1 3894/3354/2 3892/3352/2
f 3894/3354/2 3896/3355/3 3892/3352/2
f 3894/3354/2 3895/3356/3 3896/3355/3
f 3897/3357/3 3898/3358/902 3899/3359/902
f 3897/3357/3 3899/3359/902 3900/3360/3
f 3901/3361/1573 3902/3362/66 3903/3363/902
f 3901/3361/1573 3904/3364/66 3902/3362/66
f 3904/3364/66 3906/3365/903 3902/3362/66
f 3904/3364/66 3905/3366/903 3906/3365/903
f 3907/3367/903 3908/3368/1 3909/3369/903
f 3907/3367/903 3910/3370/1 3908/3368/1
f 3911/3371/1572 3912/3372/2 3914/3373/1
f 3911/3371/1572 3913/3374/2 3912/3372/2
f 3913/3374/2 3915/3375/3 3916/3376/3
f 3913/3374/2 3916/3376/3 3912/3372/2
f 3917/3377/3 3918/3378/902 3919/3379/902
f 3917/3377/3 3919/3379/902 3920/3380/3
f 3921/3381/902 3922/3382/66 3923/3383/66
f 3921/3381/902 3923/3383/66 3924/3384/902
f 3922/3382/66 3925/3385/903 3923/3383/66
f 3922/3382/66 3926/3386/903 3925/3385/903
f 3927/3387/903 3928/3388/1 3929/3389/903
f 3927/3387/903 3930/3390/1 3928/3388/1
f 3935/3391/15 3931/3392/1791 3932/3393/1791
f 3931/3392/1791 3934/3394/1792 3932/3393/1791
f 3931/3392/1791 3933/3395/1792 3934/3394/1792
f 3935/3391/15 3932/3393/1791 3936/3396/15
f 3937/3397/1793 3935/3391/15 3936/3396/15
f 3938/3398/1794 3937/3397/1793 3939/3399/1793
f 3937/3397/1793 3936/3396/15 3939/3399/1793
f 3938/3398/1794 3939/3399/1793 3940/3400/1794
f 3941/3401/1795 3942/3402/1796 3943/3403/1796
f 3941/3401/1795 3943/3403/1796 3944/3404/1795
f 3945/3405/1797 3946/3406/1798 3947/3407/1798
f 3945/3405/1797 3947/3407/1798 3948/3408/1797
f 3946/3406/1798 3949/3409/14 3947/3407/1798
f 3950/3410/14 3951/3411/1799 3949/3409/14
f 3946/3406/1798 3950/3410/14 3949/3409/14
f 3950/3410/14 3952/3412/1799 3951/3411/1799
f 3952/3412/1799 3953/3413/1800 3951/3411/1799
f 3952/3412/1799 3954/3414/1800 3953/3413/1800
f 3955/3415/1801 3956/3416/1802 3958/3417/1802
f 3955/3415/1801 3958/3417/1802 3957/3418/1801
f 3959/3419/1791 3960/3420/1792 3961/3421/1792
f 3959/3419/1791 3961/3421/1792 3962/3422/1791
f 3963/3423/15 3959/3419/1791 3962/3422/1791
f 3964/3424/1793 3963/3423/15 3965/3425/15
f 3963/3423/15 3962/3422/1791 3965/3425/15
f 3964/3424/1793 3965/3425/15 3966/3426/1793
f 3967/3427/1794 3966/3426/1793 3968/3428/1794
f 3967/3427/1794 3964/3424/1793 3966/3426/1793
f 3969/3429/1795 3970/3430/1796 3971/3431/1796
f 3969/3429/1795 3971/3431/1796 3972/3432/1795
f 3973/3433/1797 3974/3434/1798 3976/3435/1797
f 3973/3433/1797 3975/3436/1798 3974/3434/1798
f 3975/3436/1798 3978/3437/14 3974/3434/1798
f 3975/3436/1798 3977/3438/14 3978/3437/14
f 3977/3438/14 3979/3439/1799 3978/3437/14
f 3980/3440/1799 3981/3441/1800 3979/3439/1799
f 3977/3438/14 3980/3440/1799 3979/3439/1799
f 3980/3440/1799 3982/3442/1800 3981/3441/1800
f 3983/3443/1801 3984/3444/1802 3985/3445/1801
f 3983/3443/1801 3986/3446/1802 3984/3444/1802
f 3990/3447/1803 3988/3448/1804 3987/3449/13
f 3987/3449/13 3988/3448/1804 3989/3450/1805
f 3987/3449/13 3989/3450/1805 3991/3451/13
f 3989/3450/1805 3992/3452/1806 3991/3451/13
f 3989/3450/1805 3995/3453/1807 3992/3452/1806
f 3993/3454/1808 3992/3452/1806 3994/849/141
f 3992/3452/1806 3996/848/1809 3994/849/141
f 3992/3452/1806 3995/3453/1807 3996/848/1809
f 3997/885/1810 3996/848/1809 3995/3453/1807
f 3997/885/1810 3995/3453/1807 3998/3455/1811
f 3995/3453/1807 3999/3456/1812 3998/3455/1811
f 3995/3453/1807 3989/3450/1805 3999/3456/1812
f 3999/3456/1812 3989/3450/1805 3988/3448/1804
f 3999/3456/1812 3988/3448/1804 4000/3457/1813
f 4000/3457/1813 4001/3458/1814 4002/3459/133
f 4000/3457/1813 3988/3448/1804 4001/3458/1814
f 4001/3458/1814 4003/875/1815 4002/3459/133
f 4001/3458/1814 4004/874/1816 4003/875/1815
f 4004/874/1816 3990/3447/1803 4005/872/164
f 4001/3458/1814 3990/3447/1803 4004/874/1816
f 3990/3447/1803 4006/873/163 4005/872/164
f 3990/3447/1803 4007/3460/1817 4006/873/163
f 3988/3448/1804 3990/3447/1803 4001/3458/1814
f 3993/3454/1808 3994/849/141 4008/843/136
f 4010/3461/1818 4009/3462/163 4011/3463/1819
f 4009/3462/163 4010/3461/1818 4012/3464/1820
f 4009/3462/163 4012/3464/1820 4013/3465/94
f 4013/3465/94 4012/3464/1820 4014/3466/1821
f 4013/3465/94 4014/3466/1821 4015/3467/1822
f 4014/3466/1821 4016/3468/1823 4017/3469/1824
f 4014/3466/1821 4012/3464/1820 4016/3468/1823
f 4017/3469/1824 4016/3468/1823 4018/3470/134
f 4017/3469/1824 4018/3470/134 4019/3471/1825
f 4020/3472/1826 4018/3470/134 4016/3468/1823
f 4020/3472/1826 4021/3473/136 4018/3470/134
f 4021/3473/136 4020/3472/1826 4022/3474/1827
f 4021/3473/136 4022/3474/1827 4023/3475/1828
f 4023/3475/1828 4025/3476/1829 4024/3477/1830
f 4023/3475/1828 4022/3474/1827 4025/3476/1829
f 4025/3476/1829 4026/3478/1831 4027/3479/1832
f 4025/3476/1829 4022/3474/1827 4026/3478/1831
f 4027/3479/1832 4026/3478/1831 4011/3463/1819
f 4027/3479/1832 4011/3463/1819 4028/3480/1833
f 4010/3461/1818 4011/3463/1819 4026/3478/1831
f 4020/3472/1826 4010/3461/1818 4026/3478/1831
f 4020/3472/1826 4026/3478/1831 4022/3474/1827
f 4012/3464/1820 4020/3472/1826 4016/3468/1823
f 4012/3464/1820 4010/3461/1818 4020/3472/1826
f 4034/3481/1821 4029/3482/1834 4030/3483/1835
f 4030/3483/1835 4029/3482/1834 4033/3484/1836
f 4029/3482/1834 4031/3485/1824 4035/3486/1837
f 4029/3482/1834 4034/3481/1821 4031/3485/1824
f 4032/3487/1838 4029/3482/1834 4035/3486/1837
f 4032/3487/1838 4033/3484/1836 4029/3482/1834
f 4035/3486/1837 4036/3488/1839 4032/3487/1838
f 4035/3486/1837 4037/3489/1840 4036/3488/1839
f 4037/3489/1840 4035/3486/1837 4031/3485/1824
f 4037/3489/1840 4031/3485/1824 4038/3490/1841
f 4032/3487/1838 4036/3488/1839 4039/3491/1842
f 4032/3487/1838 4039/3491/1842 4040/3492/1843
f 4039/3491/1842 4042/3493/1844 4040/3492/1843
f 4039/3491/1842 4041/3494/1845 4042/3493/1844
f 4043/3495/1846 4040/3492/1843 4042/3493/1844
f 4045/3496/1847 4043/3495/1846 4044/3497/1848
f 4043/3495/1846 4045/3496/1847 4040/3492/1843
f 4046/3498/1849 4045/3496/1847 4047/3499/1850
f 4046/3498/1849 4033/3484/1836 4045/3496/1847
f 4040/3492/1843 4045/3496/1847 4033/3484/1836
f 4045/3496/1847 4044/3497/1848 4047/3499/1850
f 4030/3483/1835 4033/3484/1836 4046/3498/1849
f 4040/3492/1843 4033/3484/1836 4032/3487/1838
f 4034/3481/1821 4030/3483/1835 4048/3500/1851
f 4049/3501/1232 4050/3502/1852 4052/3503/87
f 4049/3501/1232 4052/3503/87 4051/3504/1232
f 4053/3505/1853 4054/3506/1832 4055/3507/1854
f 4053/3505/1853 4058/3508/1829 4054/3506/1832
f 4056/3504/1855 4057/3509/121 4053/3505/1853
f 4058/3508/1829 4053/3505/1853 4057/3509/121
f 4058/3508/1829 4057/3509/121 4059/3510/1830
f 4056/3504/1855 4060/3503/1856 4057/3509/121
f 4063/3511/96 4055/3507/1854 4054/3506/1832
f 4061/3502/1857 4055/3507/1854 4063/3511/96
f 4061/3502/1857 4062/3501/1858 4055/3507/1854
f 4063/3511/96 4054/3506/1832 4064/3512/1859
f 4065/3501/2 4066/3504/2 4068/3505/2
f 4065/3501/2 4068/3505/2 4067/3507/2
f 4069/3513/1860 4070/3514/1861 4073/3515/1862
f 4069/3513/1860 4072/3516/1863 4070/3514/1861
f 4074/3517/1864 4069/3513/1860 4071/3518/1865
f 4074/3517/1864 4072/3516/1863 4069/3513/1860
f 4076/3519/148 4072/3516/1863 4074/3517/1864
f 4076/3519/148 4074/3517/1864 4075/3520/147
f 4072/3516/1863 4076/3519/148 4077/3521/151
f 4072/3516/1863 4077/3521/151 4070/3514/1861
f 4078/3522/1866 4070/3514/1861 4077/3521/151
f 4078/3522/1866 4077/3521/151 4079/3523/1867
f 4070/3514/1861 4078/3522/1866 4080/3524/1868
f 4070/3514/1861 4080/3524/1868 4073/3515/1862
f 4081/3525/1869 4082/3526/92 4086/3527/1870
f 4081/3525/1869 4085/3528/1871 4082/3526/92
f 4081/3525/1869 4083/3529/1872 4084/3530/1873
f 4086/3527/1870 4083/3529/1872 4081/3525/1869
f 4081/3525/1869 4084/3530/1873 4087/3531/1874
f 4085/3528/1871 4081/3525/1869 4087/3531/1874
f 4085/3528/1871 4087/3531/1874 4089/3532/1875
f 4084/3530/1873 4088/3533/1876 4087/3531/1874
f 4089/3532/1875 4087/3531/1874 4088/3533/1876
f 4089/3532/1875 4088/3533/1876 4090/3534/1877
f 4084/3530/1873 4091/3535/1878 4088/3533/1876
f 4084/3530/1873 4092/3536/72 4091/3535/1878
f 4084/3530/1873 4093/3537/1879 4092/3536/72
f 4083/3529/1872 4094/3538/1880 4093/3537/1879
f 4083/3529/1872 4093/3537/1879 4084/3530/1873
f 4094/3538/1880 4096/3539/1881 4095/3540/1882
f 4094/3538/1880 4083/3529/1872 4096/3539/1881
f 4095/3540/1882 4096/3539/1881 4097/3541/1883
f 4098/3542/1870 4097/3541/1883 4096/3539/1881
f 4098/3542/1870 4096/3539/1881 4086/3527/1870
f 4086/3527/1870 4096/3539/1881 4083/3529/1872
f 4099/3543/92 4098/3542/1870 4102/3544/92
f 4099/3543/92 4100/3545/1869 4098/3542/1870
f 4098/3542/1870 4100/3545/1869 4101/3546/1881
f 4098/3542/1870 4101/3546/1881 4097/3541/1883
f 4086/3527/1870 4102/3544/92 4098/3542/1870
f 4086/3527/1870 4082/3526/92 4102/3544/92
f 4101/3546/1881 4104/3547/1882 4097/3541/1883
f 4101/3546/1881 4103/3548/1882 4104/3547/1882
f 4095/3540/1882 4097/3541/1883 4104/3547/1882
f 4106/3549/1884 4107/3550/116 4105/3551/1885
f 4110/3552/1886 4106/3549/1884 4105/3551/1885
f 4105/3551/1885 4107/3550/116 4108/3553/1887
f 4105/3551/1885 4108/3553/1887 4109/3554/1885
f 4111/3555/1886 4105/3551/1885 4109/3554/1885
f 4110/3552/1886 4105/3551/1885 4111/3555/1886
f 4112/3556/1888 4114/3557/1889 4111/3555/1886
f 4111/3555/1886 4109/3554/1885 4112/3556/1888
f 4111/3555/1886 4113/3558/1889 4110/3552/1886
f 4111/3555/1886 4114/3557/1889 4113/3558/1889
f 4112/3556/1888 4115/3559/1890 4114/3557/1889
f 4115/3559/1890 4112/3556/1888 4117/3560/1891
f 4115/3559/1890 4117/3560/1891 4116/3561/1892
f 4112/3556/1888 4118/3562/1893 4117/3560/1891
f 4118/3562/1893 4119/3563/1894 4117/3560/1891
f 4116/3561/1892 4117/3560/1891 4119/3563/1894
f 4118/3562/1893 4120/3564/1895 4119/3563/1894
f 4116/3561/1892 4119/3563/1894 4121/3565/83
f 4122/3566/1896 4120/3564/1895 4118/3562/1893
f 4122/3566/1896 4118/3562/1893 4123/3567/1897
f 4109/3554/1885 4108/3553/1887 4123/3567/1897
f 4109/3554/1885 4123/3567/1897 4118/3562/1893
f 4112/3556/1888 4109/3554/1885 4118/3562/1893
f 4124/3568/1889 4110/3552/1886 4113/3558/1889
f 4124/3568/1889 4125/3569/1888 4110/3552/1886
f 4110/3552/1886 4125/3569/1888 4126/3570/1898
f 4126/3570/1898 4127/3571/116 4128/3572/116
f 4126/3570/1898 4128/3572/116 4106/3549/1884
f 4110/3552/1886 4126/3570/1898 4106/3549/1884
f 4106/3549/1884 4128/3572/116 4107/3550/116
f 4129/3573/1899 4130/886/1900 4131/887/1901
f 4129/3573/1899 4132/3574/1902 4130/886/1900
f 4133/3575/1903 4132/3574/1902 4129/3573/1899
f 4133/3575/1903 4134/3576/1904 4132/3574/1902
f 4134/3576/1904 4133/3575/1903 4135/3577/1905
f 4136/3578/1906 4137/3579/1907 4135/3577/1905
f 4134/3576/1904 4135/3577/1905 4137/3579/1907
f 4141/3580/1908 4138/3581/1909 4137/3579/1907
f 4140/3582/1910 4137/3579/1907 4138/3581/1909
f 4136/3578/1906 4139/3583/1911 4137/3579/1907
f 4141/3580/1908 4137/3579/1907 4139/3583/1911
f 4140/3582/1910 4134/3576/1904 4137/3579/1907
f 4142/870/1912 4141/3580/1908 4139/3583/1911
f 4142/870/1912 4143/3584/1913 4141/3580/1908
f 4141/3580/1908 4143/3584/1913 4144/3585/1914
f 4141/3580/1908 4144/3585/1914 4138/3581/1909
f 4145/3586/1915 4138/3581/1909 4144/3585/1914
f 4145/3586/1915 4140/3582/1910 4138/3581/1909
f 4146/3587/1916 4140/3582/1910 4145/3586/1915
f 4146/3587/1916 4147/3588/1917 4140/3582/1910
f 4147/3588/1917 4146/3587/1916 4148/890/1918
f 4147/3588/1917 4148/890/1918 4149/888/1919
f 4147/3588/1917 4149/888/1919 4130/886/1900
f 4147/3588/1917 4130/886/1900 4132/3574/1902
f 4140/3582/1910 4147/3588/1917 4132/3574/1902
f 4142/870/1912 4150/869/1920 4143/3584/1913
f 4142/870/1912 4139/3583/1911 4151/863/1921
f 4152/864/1922 4151/863/1921 4139/3583/1911
f 4152/864/1922 4139/3583/1911 4136/3578/1906
f 4140/3582/1910 4132/3574/1902 4134/3576/1904
f 4153/3589/1923 4154/3590/1924 4155/3591/1925
f 4153/3589/1923 4156/3592/1876 4154/3590/1924
f 4157/3593/1878 4154/3590/1924 4156/3592/1876
f 4160/3594/1926 4157/3593/1878 4158/3595/72
f 4160/3594/1926 4159/3596/1927 4157/3593/1878
f 4157/3593/1878 4159/3596/1927 4154/3590/1924
f 4161/3597/1928 4159/3596/1927 4160/3594/1926
f 4161/3597/1928 4162/3598/1929 4159/3596/1927
f 4162/3598/1929 4161/3597/1928 4163/3599/83
f 4162/3598/1929 4163/3599/83 4164/3600/1894
f 4165/3601/1895 4162/3598/1929 4164/3600/1894
f 4165/3601/1895 4166/3602/1896 4167/3603/1930
f 4165/3601/1895 4167/3603/1930 4168/3604/1931
f 4165/3601/1895 4168/3604/1931 4162/3598/1929
f 4168/3604/1931 4159/3596/1927 4162/3598/1929
f 4168/3604/1931 4154/3590/1924 4159/3596/1927
f 4168/3604/1931 4167/3603/1930 4155/3591/1925
f 4168/3604/1931 4155/3591/1925 4154/3590/1924
f 4174/3605/1932 4169/3606/1933 4170/3607/1934
f 4169/3606/1933 4173/3608/1935 4170/3607/1934
f 4171/3609/1936 4169/3606/1933 4174/3605/1932
f 4172/3610/1937 4169/3606/1933 4171/3609/1936
f 4169/3606/1933 4172/3610/1937 4173/3608/1935
f 4174/3605/1932 4170/3607/1934 4175/3611/1938
f 4171/3609/1936 4174/3605/1932 4176/3612/1939
f 4175/3611/1938 4177/3613/1940 4178/3614/1941
f 4175/3611/1938 4170/3607/1934 4177/3613/1940
f 4177/3613/1940 4173/3608/1935 4179/3615/133
f 4177/3613/1940 4170/3607/1934 4173/3608/1935
f 4172/3610/1937 4171/3609/1936 4180/3616/1942
f 4181/3617/1943 4184/3618/1944 4182/3619/1945
f 4185/3620/1946 4183/3621/1947 4181/3617/1943
f 4181/3617/1943 4183/3621/1947 4184/3618/1944
f 4185/3620/1946 4181/3617/1943 4186/3622/1948
f 4188/3623/1949 4183/3621/1947 4185/3620/1946
f 4188/3623/1949 4185/3620/1946 4187/3624/1950
f 4183/3621/1947 4188/3623/1949 4189/3625/1951
f 4183/3621/1947 4189/3625/1951 4184/3618/1944
f 4191/3626/1952 4189/3625/1951 4190/3627/1953
f 4191/3626/1952 4184/3618/1944 4189/3625/1951
f 4182/3619/1945 4184/3618/1944 4191/3626/1952
f 4182/3619/1945 4191/3626/1952 4192/3628/1954
f 4195/3629/1955 4193/3630/1956 4194/3631/1957
f 4193/3630/1956 4198/3632/1958 4194/3631/1957
f 4196/3633/1959 4193/3630/1956 4195/3629/1955
f 4197/3634/1960 4193/3630/1956 4196/3633/1959
f 4193/3630/1956 4197/3634/1960 4198/3632/1958
f 4200/3635/1961 4198/3632/1958 4199/3636/1962
f 4200/3635/1961 4194/3631/1957 4198/3632/1958
f 4202/3637/1963 4200/3635/1961 4201/3638/1964
f 4202/3637/1963 4194/3631/1957 4200/3635/1961
f 4195/3629/1955 4194/3631/1957 4202/3637/1963
f 4197/3634/1960 4196/3633/1959 4203/3639/1965
f 4196/3633/1959 4195/3629/1955 4204/3640/122
f 4210/3641/1966 4206/3642/1967 4205/3643/1968
f 4205/3643/1968 4206/3642/1967 4208/3644/1969
f 4210/3641/1966 4205/3643/1968 4207/3645/1970
f 4205/3643/1968 4208/3644/1969 4209/3646/1971
f 4211/3647/1972 4210/3641/1966 4212/3648/1953
f 4211/3647/1972 4206/3642/1967 4210/3641/1966
f 4213/3649/1973 4206/3642/1967 4211/3647/1972
f 4215/3650/1974 4213/3649/1973 4214/3651/1841
f 4215/3650/1974 4208/3644/1969 4213/3649/1973
f 4213/3649/1973 4208/3644/1969 4206/3642/1967
f 4209/3646/1971 4215/3650/1974 4216/3652/1975
f 4209/3646/1971 4208/3644/1969 4215/3650/1974
f 4217/3653/1976 4218/3654/1977 4219/3655/1951
f 4217/3653/1976 4221/3656/1978 4218/3654/1977
f 4220/3657/1979 4217/3653/1976 4222/3658/1980
f 4220/3657/1979 4221/3656/1978 4217/3653/1976
f 4221/3656/1978 4220/3657/1979 4223/3659/1938
f 4221/3656/1978 4223/3659/1938 4224/3660/1981
f 4221/3656/1978 4224/3660/1981 4225/3661/1982
f 4221/3656/1978 4225/3661/1982 4218/3654/1977
f 4225/3661/1982 4227/3662/1972 4218/3654/1977
f 4228/3663/1973 4225/3661/1982 4226/3664/1983
f 4224/3660/1981 4226/3664/1983 4225/3661/1982
f 4225/3661/1982 4228/3663/1973 4227/3662/1972
f 4228/3663/1973 4226/3664/1983 4229/3665/1825
f 4219/3655/1951 4227/3662/1972 4230/3666/1822
f 4219/3655/1951 4218/3654/1977 4227/3662/1972
f 4224/3660/1981 4231/3667/1955 4226/3664/1983
f 4231/3667/1955 4223/3659/1938 4232/3668/1830
f 4231/3667/1955 4224/3660/1981 4223/3659/1938
f 4235/3669/14 4234/3670/1798 4233/3671/1798
f 4233/3671/1798 4234/3670/1798 4236/3672/1797
f 4233/3671/1798 4236/3672/1797 4237/3673/1797
f 4238/3674/1799 4239/3675/14 4235/3669/14
f 4235/3669/14 4239/3675/14 4234/3670/1798
f 4238/3674/1799 4240/3676/1799 4239/3675/14
f 4241/3677/1800 4240/3676/1799 4238/3674/1799
f 4241/3677/1800 4242/3678/1800 4240/3676/1799
f 4243/3679/1796 4244/3680/1795 4245/3681/1795
f 4243/3679/1796 4246/3682/1796 4244/3680/1795
f 4247/3683/1792 4250/3684/1791 4248/3685/1791
f 4247/3683/1792 4249/3686/1792 4250/3684/1791
f 4248/3685/1791 4250/3684/1791 4251/3687/15
f 4248/3685/1791 4251/3687/15 4252/3688/15
f 4252/3688/15 4251/3687/15 4253/3689/1793
f 4252/3688/15 4253/3689/1793 4255/3690/1793
f 4255/3690/1793 4253/3689/1793 4254/3691/1794
f 4255/3690/1793 4254/3691/1794 4256/3692/1794
f 4257/3693/1802 4258/3694/1802 4259/3695/1801
f 4257/3693/1802 4259/3695/1801 4260/3696/1801
f 4261/3697/1798 4262/3698/1797 4263/3699/1797
f 4261/3697/1798 4265/3700/1798 4262/3698/1797
f 4264/3701/14 4265/3700/1798 4261/3697/1798
f 4264/3701/14 4266/3702/14 4265/3700/1798
f 4268/3703/1799 4267/3704/1799 4266/3702/14
f 4268/3703/1799 4266/3702/14 4264/3701/14
f 4269/3705/1800 4267/3704/1799 4268/3703/1799
f 4269/3705/1800 4270/3706/1800 4267/3704/1799
f 4271/3707/1796 4272/3708/1796 4273/3709/1795
f 4271/3707/1796 4273/3709/1795 4274/3710/1795
f 4275/3711/1792 4278/3712/1791 4276/3713/1791
f 4275/3711/1792 4277/3714/1792 4278/3712/1791
f 4276/3713/1791 4278/3712/1791 4279/3715/15
f 4281/3716/15 4279/3715/15 4280/3717/1793
f 4276/3713/1791 4279/3715/15 4281/3716/15
f 4281/3716/15 4280/3717/1793 4282/3718/1793
f 4282/3718/1793 4280/3717/1793 4284/3719/1794
f 4282/3718/1793 4284/3719/1794 4283/3720/1794
f 4285/3721/1802 4286/3722/1801 4287/3723/1801
f 4285/3721/1802 4288/3724/1802 4286/3722/1801
f 4289/3725/1984 4290/3726/1985 4293/3727/1986
f 4289/3725/1984 4295/3728/1987 4290/3726/1985
f 4294/3729/1988 4289/3725/1984 4291/3730/1989
f 4291/3730/1989 4289/3725/1984 4292/3731/1990
f 4289/3725/1984 4293/3727/1986 4292/3731/1990
f 4289/3725/1984 4294/3729/1988 4295/3728/1987
f 4294/3729/1988 4291/3730/1989 4296/3732/1991
f 4297/3733/1992 4293/3727/1986 4298/3734/1993
f 4297/3733/1992 4292/3731/1990 4293/3727/1986
f 4300/3735/1994 4297/3733/1992 4299/3736/1995
f 4300/3735/1994 4292/3731/1990 4297/3733/1992
f 4291/3730/1989 4292/3731/1990 4300/3735/1994
f 4304/3737/1996 4301/3738/1997 4302/3739/1991
f 4301/3738/1997 4306/3740/1998 4303/3741/1999
f 4304/3737/1996 4305/3742/2000 4301/3738/1997
f 4301/3738/1997 4305/3742/2000 4306/3740/1998
f 4306/3740/1998 4305/3742/2000 4308/3743/2001
f 4306/3740/1998 4308/3743/2001 4307/3744/2002
f 4310/3745/2003 4308/3743/2001 4309/3746/2004
f 4305/3742/2000 4309/3746/2004 4308/3743/2001
f 4308/3743/2001 4310/3745/2003 4311/3747/132
f 4308/3743/2001 4311/3747/132 4307/3744/2002
f 4310/3745/2003 4309/3746/2004 4312/3748/2005
f 4305/3742/2000 4304/3737/1996 4309/3746/2004
f 4316/3749/1989 4313/3750/2006 4314/3751/2007
f 4314/3751/2007 4313/3750/2006 4315/3752/2008
f 4313/3750/2006 4319/3753/2009 4315/3752/2008
f 4313/3750/2006 4316/3749/1989 4317/3754/2010
f 4313/3750/2006 4317/3754/2010 4318/3755/2011
f 4313/3750/2006 4318/3755/2011 4319/3753/2009
f 4321/3756/2012 4315/3752/2008 4319/3753/2009
f 4318/3755/2011 4320/3757/2013 4319/3753/2009
f 4322/3758/2014 4319/3753/2009 4320/3757/2013
f 4321/3756/2012 4319/3753/2009 4322/3758/2014
f 4322/3758/2014 4320/3757/2013 4323/3759/2015
f 4325/3760/2016 4315/3752/2008 4321/3756/2012
f 4325/3760/2016 4321/3756/2012 4324/3761/2017
f 4314/3751/2007 4315/3752/2008 4325/3760/2016
f 4318/3755/2011 4326/3762/2018 4320/3757/2013
f 4326/3762/2018 4317/3754/2010 4327/3763/2019
f 4326/3762/2018 4318/3755/2011 4317/3754/2010
f 4316/3749/1989 4314/3751/2007 4328/3764/2020
f 4330/3765/2021 4329/3766/2022 4333/3767/2023
f 4329/3766/2022 4330/3765/2021 4331/3768/2024
f 4329/3766/2022 4331/3768/2024 4332/3769/2025
f 4329/3766/2022 4332/3769/2025 4335/3770/2026
f 4333/3767/2023 4329/3766/2022 4334/3771/2027
f 4329/3766/2022 4335/3770/2026 4334/3771/2027
f 4336/3772/2028 4334/3771/2027 4335/3770/2026
f 4336/3772/2028 4335/3770/2026 4337/3773/110
f 4339/3774/2029 4334/3771/2027 4336/3772/2028
f 4339/3774/2029 4336/3772/2028 4338/3775/2030
f 4333/3767/2023 4334/3771/2027 4339/3774/2029
f 4330/3765/2021 4333/3767/2023 4340/3776/1995
f 4341/3777/2031 4346/3778/2032 4342/3779/2033
f 4343/3780/2012 4341/3777/2031 4344/3781/2034
f 4343/3780/2012 4345/3782/2035 4341/3777/2031
f 4341/3777/2031 4345/3782/2035 4346/3778/2032
f 4345/3782/2035 4347/3783/2036 4346/3778/2032
f 4345/3782/2035 4348/3784/2037 4347/3783/2036
f 4348/3784/2037 4349/3785/2038 4347/3783/2036
f 4348/3784/2037 4350/3786/2039 4349/3785/2038
f 4350/3786/2039 4351/3787/2014 4352/3788/2030
f 4350/3786/2039 4348/3784/2037 4351/3787/2014
f 4345/3782/2035 4343/3780/2012 4351/3787/2014
f 4345/3782/2035 4351/3787/2014 4348/3784/2037
f 4353/3789/1984 4354/3790/1987 4356/3791/1985
f 4353/3789/1984 4358/3792/2040 4354/3790/1987
f 4353/3789/1984 4359/3793/1986 4355/3794/1990
f 4357/3795/1989 4353/3789/1984 4355/3794/1990
f 4353/3789/1984 4356/3791/1985 4359/3793/1986
f 4358/3792/2040 4353/3789/1984 4357/3795/1989
f 4360/3796/2041 4359/3793/1986 4361/3797/1993
f 4360/3796/2041 4355/3794/1990 4359/3793/1986
f 4363/3798/1994 4360/3796/2041 4362/3799/1995
f 4363/3798/1994 4355/3794/1990 4360/3796/2041
f 4357/3795/1989 4355/3794/1990 4363/3798/1994
f 4358/3792/2040 4357/3795/1989 4364/3800/1991
f 4370/3801/1996 4365/3802/1997 4366/3803/1991
f 4365/3802/1997 4369/3804/1998 4367/3805/2042
f 4370/3801/1996 4368/3806/2043 4365/3802/1997
f 4365/3802/1997 4368/3806/2043 4369/3804/1998
f 4368/3806/2043 4370/3801/1996 4371/3807/2004
f 4373/3808/2003 4372/3809/2044 4371/3807/2004
f 4368/3806/2043 4371/3807/2004 4372/3809/2044
f 4373/3808/2003 4371/3807/2004 4374/3810/2045
f 4372/3809/2044 4373/3808/2003 4375/3811/132
f 4372/3809/2044 4375/3811/132 4376/3812/2002
f 4369/3804/1998 4372/3809/2044 4376/3812/2002
f 4369/3804/1998 4368/3806/2043 4372/3809/2044
f 4378/3813/1989 4377/3814/2006 4381/3815/2046
f 4377/3814/2006 4378/3813/1989 4379/3816/2047
f 4377/3814/2006 4379/3816/2047 4380/3817/2011
f 4377/3814/2006 4380/3817/2011 4383/3818/2048
f 4381/3815/2046 4377/3814/2006 4382/3819/2008
f 4377/3814/2006 4383/3818/2048 4382/3819/2008
f 4385/3820/2012 4382/3819/2008 4383/3818/2048
f 4380/3817/2011 4384/3821/2049 4383/3818/2048
f 4386/3822/2014 4383/3818/2048 4384/3821/2049
f 4385/3820/2012 4383/3818/2048 4386/3822/2014
f 4386/3822/2014 4384/3821/2049 4387/3823/2050
f 4388/3824/2051 4382/3819/2008 4385/3820/2012
f 4388/3824/2051 4385/3820/2012 4389/3825/2052
f 4381/3815/2046 4382/3819/2008 4388/3824/2051
f 4380/3817/2011 4390/3826/2053 4384/3821/2049
f 4390/3826/2053 4379/3816/2047 4391/3827/2054
f 4390/3826/2053 4380/3817/2011 4379/3816/2047
f 4378/3813/1989 4381/3815/2046 4392/3828/2055
f 4393/3829/2022 4394/3830/2024 4395/3831/2025
f 4393/3829/2022 4398/3832/2021 4394/3830/2024
f 4393/3829/2022 4395/3831/2025 4397/3833/2056
f 4398/3832/2021 4393/3829/2022 4396/3834/2057
f 4396/3834/2057 4393/3829/2022 4399/3835/2027
f 4393/3829/2022 4397/3833/2056 4399/3835/2027
f 4400/3836/2029 4399/3835/2027 4401/3837/2058
f 4396/3834/2057 4399/3835/2027 4400/3836/2029
f 4401/3837/2058 4399/3835/2027 4397/3833/2056
f 4400/3836/2029 4401/3837/2058 4402/3838/2030
f 4401/3837/2058 4397/3833/2056 4403/3839/110
f 4398/3832/2021 4396/3834/2057 4404/3840/1995
f 4409/3841/2012 4406/3842/2035 4405/3843/2059
f 4405/3843/2059 4406/3842/2035 4407/3844/2032
f 4405/3843/2059 4407/3844/2032 4408/3845/2033
f 4409/3841/2012 4405/3843/2059 4410/3846/2045
f 4406/3842/2035 4409/3841/2012 4411/3847/2014
f 4414/3848/2060 4411/3847/2014 4412/3849/2030
f 4414/3848/2060 4413/3850/2037 4411/3847/2014
f 4406/3842/2035 4411/3847/2014 4413/3850/2037
f 4413/3850/2037 4414/3848/2060 4415/3851/2038
f 4413/3850/2037 4415/3851/2038 4416/3852/2036
f 4406/3842/2035 4413/3850/2037 4416/3852/2036
f 4406/3842/2035 4416/3852/2036 4407/3844/2032
f 4418/3853/2040 4417/3854/1984 4422/3855/2061
f 4417/3854/1984 4418/3853/2040 4420/3856/1987
f 4417/3854/1984 4419/3857/2062 4423/3858/1990
f 4417/3854/1984 4421/3859/1985 4419/3857/2062
f 4417/3854/1984 4420/3856/1987 4421/3859/1985
f 4422/3855/2061 4417/3854/1984 4423/3858/1990
f 4422/3855/2061 4423/3858/1990 4425/3860/2047
f 4425/3860/2047 4423/3858/1990 4424/3861/2041
f 4424/3861/2041 4423/3858/1990 4419/3857/2062
f 4425/3860/2047 4424/3861/2041 4426/3862/1995
f 4424/3861/2041 4419/3857/2062 4427/3863/1993
f 4418/3853/2040 4422/3855/2061 4428/3864/2063
f 4429/3865/2064 4430/3866/1998 4431/3867/2042
f 4429/3865/2064 4434/3868/2065 4430/3866/1998
f 4432/3869/2066 4429/3865/2064 4433/3870/2067
f 4432/3869/2066 4434/3868/2065 4429/3865/2064
f 4434/3868/2065 4432/3869/2066 4435/3871/2068
f 4434/3868/2065 4435/3871/2068 4436/3872/2001
f 4430/3866/1998 4434/3868/2065 4436/3872/2001
f 4437/3873/2003 4436/3872/2001 4435/3871/2068
f 4436/3872/2001 4437/3873/2003 4439/3874/132
f 4430/3866/1998 4436/3872/2001 4438/3875/2002
f 4436/3872/2001 4439/3874/132 4438/3875/2002
f 4437/3873/2003 4435/3871/2068 4440/3876/2005
f 4444/3877/1989 4441/3878/2006 4442/3879/2046
f 4442/3879/2046 4441/3878/2006 4443/3880/2008
f 4441/3878/2006 4447/3881/2009 4443/3880/2008
f 4441/3878/2006 4444/3877/1989 4445/3882/2010
f 4441/3878/2006 4445/3882/2010 4446/3883/2011
f 4441/3878/2006 4446/3883/2011 4447/3881/2009
f 4449/3884/2012 4443/3880/2008 4447/3881/2009
f 4446/3883/2011 4448/3885/2049 4447/3881/2009
f 4450/3886/2014 4447/3881/2009 4448/3885/2049
f 4449/3884/2012 4447/3881/2009 4450/3886/2014
f 4450/3886/2014 4448/3885/2049 4451/3887/2050
f 4453/3888/2051 4443/3880/2008 4449/3884/2012
f 4453/3888/2051 4449/3884/2012 4452/3889/2017
f 4442/3879/2046 4443/3880/2008 4453/3888/2051
f 4446/3883/2011 4454/3890/2053 4448/3885/2049
f 4454/3890/2053 4445/3882/2010 4455/3891/2054
f 4454/3890/2053 4446/3883/2011 4445/3882/2010
f 4444/3877/1989 4442/3879/2046 4456/3892/2020
f 4463/3893/2069 4457/3894/2022 4458/3895/2057
f 4458/3895/2057 4457/3894/2022 4459/3896/2027
f 4457/3894/2022 4460/3897/2056 4459/3896/2027
f 4457/3894/2022 4461/3898/2025 4460/3897/2056
f 4457/3894/2022 4462/3899/2024 4461/3898/2025
f 4457/3894/2022 4463/3893/2069 4462/3899/2024
f 4463/3893/2069 4458/3895/2057 4464/3900/1995
f 4465/3901/2070 4459/3896/2027 4460/3897/2056
f 4465/3901/2070 4460/3897/2056 4466/3902/2071
f 4468/3903/2029 4459/3896/2027 4465/3901/2070
f 4468/3903/2029 4465/3901/2070 4467/3904/2030
f 4458/3895/2057 4459/3896/2027 4468/3903/2029
f 4469/3905/2031 4473/3906/2072 4470/3907/2033
f 4471/3908/2012 4469/3905/2031 4472/3909/2045
f 4471/3908/2012 4474/3910/2035 4469/3905/2031
f 4469/3905/2031 4474/3910/2035 4473/3906/2072
f 4474/3910/2035 4477/3911/2036 4473/3906/2072
f 4474/3910/2035 4471/3908/2012 4475/3912/2014
f 4474/3910/2035 4475/3912/2014 4476/3913/2037
f 4474/3910/2035 4476/3913/2037 4477/3911/2036
f 4476/3913/2037 4478/3914/2038 4477/3911/2036
f 4476/3913/2037 4479/3915/2073 4478/3914/2038
f 4479/3915/2073 4475/3912/2014 4480/3916/2074
f 4479/3915/2073 4476/3913/2037 4475/3912/2014
f 4481/3917/2075 4482/3918/2076 4483/3919/2076
f 4481/3917/2075 4483/3919/2076 4484/3920/2077
f 4486/3921/2078 4481/3917/2075 4484/3920/2077
f 4486/3921/2078 4485/3922/2079 4481/3917/2075
f 4487/3923/2080 4486/3921/2078 4488/3924/2080
f 4487/3923/2080 4485/3922/2079 4486/3921/2078
f 4489/3925/2081 4490/3926/2082 4492/3927/2083
f 4489/3925/2081 4492/3927/2083 4491/3928/2081
f 4490/3926/2082 4493/3929/2084 4492/3927/2083
f 4490/3926/2082 4494/3930/2084 4493/3929/2084
f 4494/3930/2084 4495/3931/2085 4493/3929/2084
f 4494/3930/2084 4496/3932/2085 4495/3931/2085
f 4497/3933/2086 4498/3934/2087 4499/3935/2087
f 4497/3933/2086 4499/3935/2087 4500/3936/2086
f 4501/3937/2088 4499/3935/2087 4498/3934/2087
f 4501/3937/2088 4502/3938/2089 4499/3935/2087
f 4501/3937/2088 4503/3939/2090 4502/3938/2089
f 4501/3937/2088 4504/3940/2091 4503/3939/2090
f 4505/3941/2092 4506/3942/2093 4508/3943/2094
f 4505/3941/2092 4507/3944/2093 4506/3942/2093
f 4505/3941/2092 4508/3943/2094 4510/3945/2095
f 4505/3941/2092 4510/3945/2095 4509/3946/2096
f 4511/3947/2097 4510/3945/2095 4512/3948/2097
f 4511/3947/2097 4509/3946/2096 4510/3945/2095
f 4513/3949/13 4514/3950/13 4515/3951/13
f 4513/3949/13 4515/3951/13 4517/3952/13
f 4516/3953/13 4513/3949/13 4517/3952/13
f 4516/3953/13 4517/3952/13 4518/3954/13
f 4519/3955/13 4516/3953/13 4518/3954/13
f 4519/3955/13 4518/3954/13 4520/3956/13
f 4521/3957/13 4520/3956/13 4522/3958/13
f 4521/3957/13 4519/3955/13 4520/3956/13
f 4523/3959/13 4521/3957/13 4522/3958/13
f 4523/3959/13 4522/3958/13 4524/3960/13
f 4525/3961/13 4523/3959/13 4524/3960/13
f 4525/3961/13 4524/3960/13 4526/3962/13
f 4527/3963/13 4526/3962/13 4528/3964/13
f 4527/3963/13 4525/3961/13 4526/3962/13
f 4529/3965/13 4527/3963/13 4528/3964/13
f 4529/3965/13 4528/3964/13 4530/3966/13
f 4531/3967/13 4529/3965/13 4530/3966/13
f 4531/3967/13 4530/3966/13 4532/3968/13
f 4533/3969/13 4532/3968/13 4534/3970/13
f 4533/3969/13 4531/3967/13 4532/3968/13
f 4535/3971/13 4533/3969/13 4534/3970/13
f 4535/3971/13 4534/3970/13 4536/3972/13
f 4514/3950/13 4536/3972/13 4515/3951/13
f 4514/3950/13 4535/3971/13 4536/3972/13
f 4539/3973/2098 4537/3974/2099 4538/3975/2099
f 4537/3974/2099 4541/3976/2100 4538/3975/2099
f 4537/3974/2099 4540/3977/2100 4541/3976/2100
f 4543/3978/2101 4539/3973/2098 4542/3979/2098
f 4539/3973/2098 4538/3975/2099 4542/3979/2098
f 4543/3978/2101 4542/3979/2098 4544/3980/2101
f 4545/3981/2102 4546/3982/2103 4548/3983/2102
f 4545/3981/2102 4547/3984/2103 4546/3982/2103
f 4547/3984/2103 4549/3985/2104 4550/3986/2104
f 4547/3984/2103 4550/3986/2104 4546/3982/2103
f 4549/3985/2104 4551/3987/2105 4550/3986/2104
f 4549/3985/2104 4552/3988/2105 4551/3987/2105
f 4553/3989/2106 4554/3990/2107 4555/3991/2108
f 4553/3989/2106 4555/3991/2108 4556/3992/2106
f 4554/3990/2107 4557/3993/2109 4555/3991/2108
f 4558/3994/2110 4559/3995/2111 4557/3993/2109
f 4554/3990/2107 4558/3994/2110 4557/3993/2109
f 4558/3994/2110 4560/3996/2111 4559/3995/2111
f 4561/3997/2112 4562/3998/2113 4563/3999/2114
f 4561/3997/2112 4563/3999/2114 4564/4000/2112
f 4562/3998/2113 4565/4001/2115 4563/3999/2114
f 4566/4002/2115 4567/4003/2116 4565/4001/2115
f 4562/3998/2113 4566/4002/2115 4565/4001/2115
f 4566/4002/2115 4568/4004/2116 4567/4003/2116
f 4569/1724/13 4570/1727/13 4571/1728/13
f 4569/1724/13 4574/1726/13 4570/1727/13
f 4572/1723/13 4569/1724/13 4573/1725/13
f 4572/1723/13 4574/1726/13 4569/1724/13
f 4575/1729/2 4576/1730/1162 4577/1731/1162
f 4575/1729/2 4577/1731/1162 4578/1732/2
f 4579/1733/66 4582/1735/1163 4580/1736/66
f 4579/1733/66 4581/1734/1163 4582/1735/1163
f 4583/1737/1164 4584/1742/1169 4585/1738/1165
f 4583/1737/1164 4585/1738/1165 4586/1739/1166
f 4583/1737/1164 4586/1739/1166 4587/1740/2117
f 4583/1737/1164 4587/1740/2117 4588/1741/1167
f 4589/1743/1171 4588/1741/1167 4587/1740/2117
f 4589/1743/1171 4587/1740/2117 4590/1744/1170
f 4591/1745/14 4592/1746/14 4594/1747/14
f 4591/1745/14 4594/1747/14 4593/1748/14
f 4595/1583/2118 4596/1584/1112 4600/1585/1111
f 4595/1583/2118 4598/1588/1112 4596/1584/1112
f 4595/1583/2118 4597/1586/2119 4599/1587/2119
f 4595/1583/2118 4600/1585/1111 4597/1586/2119
f 4597/1586/2119 4601/1589/1116 4599/1587/2119
f 4597/1586/2119 4602/1590/1116 4601/1589/1116
f 4607/1591/13 4604/1592/13 4603/1593/13
f 4603/1593/13 4604/1592/13 4605/1594/1117
f 4603/1593/13 4605/1594/1117 4606/1595/1117
f 4607/1591/13 4610/1597/13 4608/1598/13
f 4607/1591/13 4608/1598/13 4604/1592/13
f 4607/1591/13 4609/1596/13 4610/1597/13
f 4609/1596/13 4611/1599/13 4610/1597/13
f 4609/1596/13 4612/1600/13 4611/1599/13
f 4612/1600/13 4613/1601/13 4611/1599/13
f 4612/1600/13 4614/1602/13 4613/1601/13
f 4615/1603/13 4613/1601/13 4614/1602/13
f 4616/1604/13 4617/1605/13 4615/1603/13
f 4615/1603/13 4614/1602/13 4616/1604/13
f 4616/1604/13 4618/1606/13 4617/1605/13
f 4618/1606/13 4619/1607/13 4617/1605/13
f 4619/1607/13 4622/1608/13 4620/1609/13
f 4618/1606/13 4621/1610/13 4619/1607/13
f 4619/1607/13 4621/1610/13 4622/1608/13
f 4622/1608/13 4623/1611/1118 4624/1612/1118
f 4622/1608/13 4624/1612/1118 4620/1609/13
f 4625/1613/1119 4624/1612/1118 4623/1611/1118
f 4625/1613/1119 4623/1611/1118 4626/1614/1119
f 4627/1615/1120 4606/1595/1117 4605/1594/1117
f 4627/1615/1120 4605/1594/1117 4628/1616/1121
f 4630/1617/12 4632/1618/12 4629/1619/12
f 4629/1619/12 4633/1620/1122 4631/1621/1122
f 4629/1619/12 4632/1618/12 4633/1620/1122
f 4634/1641/2120 4631/1621/1122 4633/1620/1122
f 4634/1641/2120 4633/1620/1122 4635/1642/1125
f 4630/1617/12 4636/1623/12 4632/1618/12
f 4630/1617/12 4637/1622/12 4636/1623/12
f 4630/1617/12 4638/1624/12 4637/1622/12
f 4638/1624/12 4639/1625/12 4637/1622/12
f 4638/1624/12 4640/1626/12 4639/1625/12
f 4640/1626/12 4641/1627/12 4639/1625/12
f 4640/1626/12 4642/1628/12 4641/1627/12
f 4643/1629/12 4641/1627/12 4642/1628/12
f 4643/1629/12 4644/1630/12 4641/1627/12
f 4643/1629/12 4645/1631/12 4644/1630/12
f 4643/1629/12 4647/1632/12 4645/1631/12
f 4647/1632/12 4646/1633/12 4645/1631/12
f 4647/1632/12 4648/1634/12 4646/1633/12
f 4646/1633/12 4648/1634/12 4649/1635/12
f 4646/1633/12 4649/1635/12 4651/1638/12
f 4649/1635/12 4650/1637/1123 4651/1638/12
f 4649/1635/12 4652/1636/1123 4650/1637/1123
f 4653/1639/2121 4650/1637/1123 4652/1636/1123
f 4653/1639/2121 4652/1636/1123 4654/1640/1124
f 4655/1643/1126 4657/1647/1129 4656/1648/1129
f 4655/1643/1126 4660/1645/1126 4657/1647/1129
f 4655/1643/1126 4658/1646/1127 4659/1644/1127
f 4655/1643/1126 4659/1644/1127 4660/1645/1126
f 4657/1647/1129 4661/1649/1130 4656/1648/1129
f 4657/1647/1129 4662/1650/1130 4661/1649/1130
f 4663/1651/2122 4664/1654/1133 4665/1655/2
f 4663/1651/2122 4668/1653/2123 4664/1654/1133
f 4663/1651/2122 4665/1655/2 4666/1656/2
f 4663/1651/2122 4667/1652/1132 4668/1653/2123
f 4669/1657/1134 4670/1659/2124 4671/1660/1134
f 4669/1657/1134 4672/1658/2125 4670/1659/2124
f 4672/1658/2125 4674/1661/15 4670/1659/2124
f 4672/1658/2125 4673/1663/15 4674/1661/15
f 4675/1662/1137 4674/1661/15 4673/1663/15
f 4675/1662/1137 4673/1663/15 4676/1664/2126
f 4676/1664/2126 4677/1665/1140 4675/1662/1137
f 4676/1664/2126 4678/1666/1140 4677/1665/1140
f 4679/1667/1141 4680/1669/1142 4681/1670/1141
f 4679/1667/1141 4682/1668/1142 4680/1669/1142
f 4679/1667/1141 4681/1670/1141 4683/1671/14
f 4679/1667/1141 4683/1671/14 4684/1672/14
f 4684/1672/14 4685/1673/1143 4686/1674/2127
f 4684/1672/14 4683/1671/14 4685/1673/1143
f 4685/1673/1143 4687/1675/1144 4686/1674/2127
f 4685/1673/1143 4688/1676/1144 4687/1675/1144
f 4689/1677/2128 4690/1678/2129 4691/1679/1147
f 4689/1677/2128 4691/1679/1147 4692/1680/1145
f 4691/1679/1147 4693/1681/66 4694/1682/66
f 4691/1679/1147 4690/1678/2129 4693/1681/66
f 4695/1683/1148 4696/1684/2130 4697/1685/1149
f 4695/1683/1148 4697/1685/1149 4698/1686/1148
f 4697/1685/1149 4699/1687/66 4700/1688/66
f 4697/1685/1149 4696/1684/2130 4699/1687/66
f 4701/1689/1151 4702/1690/2131 4704/1691/1152
f 4701/1689/1151 4704/1691/1152 4703/1692/2132
f 4705/1693/2 4704/1691/1152 4702/1690/2131
f 4705/1693/2 4706/1694/2 4704/1691/1152
f 4707/1588/1153 4709/1696/1154 4708/1584/1153
f 4707/1588/1153 4710/1695/1154 4709/1696/1154
f 4711/1590/1155 4712/1698/2133 4713/1589/1155
f 4711/1590/1155 4714/1697/1156 4712/1698/2133
f 4715/1646/1157 4716/1700/2134 4718/1644/1157
f 4715/1646/1157 4717/1699/1158 4716/1700/2134
f 4719/1650/1159 4720/1702/1160 4721/1649/1159
f 4719/1650/1159 4722/1701/1160 4720/1702/1160
f 4723/1705/15 4724/1706/15 4726/1707/15
f 4723/1705/15 4725/1704/15 4724/1706/15
f 4727/1703/15 4725/1704/15 4723/1705/15
f 4727/1703/15 4728/1709/15 4729/1710/15
f 4727/1703/15 4730/1708/15 4728/1709/15
f 4727/1703/15 4729/1710/15 4725/1704/15
f 4728/1709/15 4730/1708/15 4731/1711/15
f 4728/1709/15 4731/1711/15 4732/1712/15
f 4733/1713/15 4734/1714/15 4737/1715/15
f 4733/1713/15 4735/1716/15 4736/1717/15
f 4733/1713/15 4737/1715/15 4735/1716/15
f 4733/1713/15 4736/1717/15 4738/1718/15
f 4738/1718/15 4739/1719/15 4740/1720/15
f 4738/1718/15 4736/1717/15 4739/1719/15
f 4737/1715/15 4742/1721/15 4741/1722/15
f 4737/1715/15 4734/1714/15 4742/1721/15
f 4744/4005/2135 4743/4006/2136 4746/4007/2137
f 4743/4006/2136 4744/4005/2135 4745/4008/66
f 4746/4007/2137 4743/4006/2136 4747/4009/2138
f 4747/4009/2138 4743/4006/2136 4748/4010/66
f 4748/4010/66 4743/4006/2136 4749/4011/66
f 4748/4010/66 4749/4011/66 4750/4012/66
f 4750/4012/66 4749/4011/66 4751/4013/66
f 4750/4012/66 4751/4013/66 4753/4014/66
f 4753/4014/66 4751/4013/66 4752/4015/66
f 4753/4014/66 4752/4015/66 4754/4016/66
f 4754/4016/66 4752/4015/66 4755/4017/66
f 4754/4016/66 4755/4017/66 4756/4018/2135
