# Blender 4.4.1
# www.blender.org
mtllib SM_Incubator_body_NakedSingularity_main_0_022.mtl
o SM_Incubator_body_NakedSingularity_main_0_022
v 14.662086 -21.517088 0.003437
v 14.662086 -21.517088 0.136204
v 14.662086 -21.632130 0.069820
v 14.662086 -21.632130 -0.062943
v 14.662086 -21.747171 0.003437
v 14.662086 -21.747171 0.136204
v 14.662086 -21.632130 0.202583
v -8.970560 -22.406776 -0.297970
v -8.970560 -22.406776 -0.147907
v -9.106620 -22.406776 -0.222939
v -9.106620 -22.406776 -0.373001
v -9.242680 -22.406776 -0.297970
v -9.242680 -22.406776 -0.147907
v -9.106620 -22.406776 -0.072876
v -3.130441 -22.406778 -0.297970
v -3.130441 -22.406778 -0.147907
v -3.266501 -22.406778 -0.222939
v -3.266501 -22.406778 -0.373001
v -3.402562 -22.406778 -0.297970
v -3.402562 -22.406778 -0.147907
v -3.266501 -22.406778 -0.072876
v 8.549795 -22.406780 -0.297970
v 8.549795 -22.406780 -0.147907
v 8.413735 -22.406780 -0.222939
v 8.413735 -22.406780 -0.373001
v 8.277675 -22.406780 -0.297970
v 8.277675 -22.406780 -0.147907
v 8.413735 -22.406780 -0.072876
v 14.662086 -19.345844 0.003433
v 14.662085 -19.345844 0.136200
v -14.475192 -19.345840 0.136200
v -14.475191 -19.345840 0.003433
v -14.475191 -20.316422 0.136196
v -14.475190 -20.316422 0.003429
v -14.475191 -20.431463 0.069813
v -14.475191 -20.431463 0.202576
v -14.475191 -20.546505 0.136196
v -14.475190 -20.546505 0.003429
v -14.475191 -20.431463 -0.062950
v 14.662085 -20.316425 0.003429
v 14.662085 -20.431467 -0.062950
v -14.475191 -20.431463 -0.062950
v -14.475190 -20.316422 0.003429
v -14.475190 -20.546505 0.003429
v 14.662085 -20.546509 0.003429
v 14.662085 -20.546509 0.003429
v 14.662084 -20.546509 0.136196
v -14.475191 -20.546505 0.136196
v -14.475190 -20.546505 0.003429
v 14.662084 -20.546509 0.136196
v 14.662085 -20.431467 0.202576
v -14.475191 -20.431463 0.202576
v -14.475191 -20.546505 0.136196
v -14.475191 -20.316422 0.136196
v 14.662084 -20.316425 0.136196
v 14.662085 -21.747171 0.003429
v 14.662084 -21.747171 0.136196
v -14.475191 -21.747168 0.136196
v -14.475190 -21.747168 0.003429
v -14.475190 -21.517084 0.136192
v -14.475189 -21.517084 0.003426
v -14.475190 -21.632126 0.069809
v -14.475190 -21.632126 0.202572
v -14.475190 -21.747168 0.136192
v -14.475189 -21.747168 0.003426
v -14.475190 -21.632126 -0.062954
v 14.662083 -19.345844 0.136192
v 14.662084 -19.230803 0.202572
v -14.475190 -19.230799 0.202572
v -14.475190 -19.345840 0.136192
v -14.475190 -19.115757 0.136192
v 14.662083 -19.115761 0.136192
v -14.475189 -19.115757 0.136189
v -14.475188 -19.115757 0.003422
v -14.475189 -19.230799 0.069805
v -14.475189 -19.230799 0.202568
v -14.475189 -19.345840 0.136189
v -14.475188 -19.345840 0.003422
v -14.475189 -19.230799 -0.062958
v -14.475188 -16.714428 0.136189
v -14.475187 -16.714428 0.003422
v -14.475188 -16.829470 0.069805
v -14.475188 -16.829470 0.202568
v -14.475188 -16.944511 0.136189
v -14.475187 -16.944511 0.003422
v -14.475188 -16.829470 -0.062958
v -14.475187 -15.513764 0.136185
v -14.475186 -15.513764 0.003418
v -14.475187 -15.628806 0.069801
v -14.475187 -15.628806 0.202564
v -14.475187 -15.743848 0.136185
v -14.475186 -15.743848 0.003418
v -14.475187 -15.628806 -0.062962
v -14.475187 -14.313100 0.136185
v -14.475186 -14.313100 0.003418
v -14.475187 -14.428142 0.069801
v -14.475187 -14.428142 0.202564
v -14.475187 -14.543183 0.136185
v -14.475186 -14.543183 0.003418
v -14.475187 -14.428142 -0.062962
v -14.475187 -11.911772 0.136185
v -14.475186 -11.911772 0.003418
v -14.475187 -12.026814 0.069801
v -14.475187 -12.026814 0.202564
v -14.475187 -12.141856 0.136185
v -14.475186 -12.141856 0.003418
v -14.475187 -12.026814 -0.062962
v -14.475185 -3.507123 0.136185
v -14.475184 -3.507123 0.003418
v -14.475186 -3.622165 0.069801
v -14.475186 -3.622165 0.202564
v -14.475186 -3.737207 0.136185
v -14.475185 -3.737207 0.003418
v -14.475186 -3.622165 -0.062962
v -14.475183 3.696861 0.136181
v -14.475183 3.696861 0.003414
v -14.475183 3.581819 0.069798
v -14.475183 3.581819 0.202560
v -14.475184 3.466777 0.136181
v -14.475183 3.466777 0.003414
v -14.475183 3.581819 -0.062965
v -14.475183 4.897526 0.136181
v -14.475183 4.897526 0.003414
v -14.475183 4.782484 0.069798
v -14.475183 4.782484 0.202560
v -14.475183 4.667442 0.136181
v -14.475183 4.667442 0.003414
v -14.475183 4.782484 -0.062965
v -14.475183 7.298851 0.136181
v -14.475183 7.298851 0.003414
v -14.475183 7.183810 0.069798
v -14.475183 7.183810 0.202560
v -14.475183 7.068768 0.136181
v -14.475183 7.068768 0.003414
v -14.475183 7.183810 -0.062965
v -14.475183 6.098189 0.136181
v -14.475183 6.098189 0.003414
v -14.475183 5.983147 0.069798
v -14.475183 5.983147 0.202560
v -14.475183 5.868105 0.136181
v -14.475183 5.868105 0.003414
v -14.475183 5.983147 -0.062965
v -14.475183 10.900846 0.136181
v -14.475182 10.900846 0.003414
v -14.475183 10.785805 0.069798
v -14.475183 10.785805 0.202560
v -14.475183 10.670763 0.136181
v -14.475182 10.670763 0.003414
v -14.475183 10.785805 -0.062965
v 14.662085 8.499513 0.003414
v 14.662084 8.499513 0.136181
v 14.662085 8.384471 0.069798
v 14.662085 8.384471 -0.062965
v 14.662085 8.269429 0.003414
v 14.662084 8.269429 0.136181
v 14.662085 8.384471 0.202560
v 14.662084 7.298848 0.003410
v 14.662083 7.298848 0.136177
v 14.662084 7.183806 0.069794
v 14.662084 7.183806 -0.062969
v 14.662084 7.068764 0.003410
v 14.662083 7.068764 0.136177
v 14.662084 7.183806 0.202557
v 14.662083 6.098185 0.003407
v 14.662082 6.098185 0.136173
v 14.662083 5.983143 0.069790
v 14.662083 5.983143 -0.062973
v 14.662083 5.868101 0.003407
v 14.662082 5.868101 0.136173
v 14.662083 5.983143 0.202553
v 14.662083 4.897522 0.003407
v 14.662083 4.782480 -0.062973
v -14.475182 4.782484 -0.062973
v -14.475181 4.897526 0.003407
v -14.475181 4.667442 0.003407
v 14.662083 4.667439 0.003407
v 14.662082 4.897522 0.003403
v 14.662081 4.897522 0.136169
v 14.662082 4.782480 0.069786
v 14.662082 4.782480 -0.062977
v 14.662082 4.667439 0.003403
v 14.662081 4.667439 0.136169
v 14.662082 4.782480 0.202549
v 14.662081 2.496194 0.003403
v 14.662080 2.496194 0.136169
v 14.662081 2.381152 0.069786
v 14.662081 2.381152 -0.062977
v 14.662081 2.266110 0.003403
v 14.662080 2.266110 0.136169
v 14.662081 2.381152 0.202549
v 14.662081 1.295529 0.003403
v 14.662080 1.295529 0.136169
v 14.662081 1.180487 0.069786
v 14.662081 1.180487 -0.062977
v 14.662081 1.065445 0.003403
v 14.662080 1.065445 0.136169
v 14.662081 1.180487 0.202549
v 14.662081 3.696857 0.136169
v 14.662082 3.696857 0.003403
v -14.475180 3.696861 0.003403
v -14.475181 3.696861 0.136169
v 14.662082 3.696857 0.003403
v 14.662082 3.581815 -0.062977
v -14.475181 3.581819 -0.062977
v -14.475180 3.696861 0.003403
v -14.475181 3.466777 0.003403
v 14.662081 3.466773 0.003403
v 14.662080 3.466773 0.136169
v 14.662082 3.581815 0.202549
v -14.475181 3.581819 0.202549
v -14.475182 3.466777 0.136169
v -14.475181 3.696861 0.136169
v 14.662081 3.696857 0.136169
v 14.662081 4.897522 0.136169
v -14.475181 4.897526 0.136169
v 14.662082 4.897522 0.003403
v -14.475180 4.897526 0.003403
v 14.662081 4.667439 0.136169
v 14.662082 4.782480 0.202549
v -14.475181 4.782484 0.202549
v -14.475181 4.667442 0.136169
v -14.475181 4.897526 0.136169
v 14.662081 4.897522 0.136169
v 14.662081 0.094866 0.003403
v 14.662081 -0.020176 -0.062977
v -14.475182 -0.020172 -0.062977
v -14.475181 0.094870 0.003403
v -14.475181 -0.135214 0.003403
v 14.662081 -0.135218 0.003403
v 14.662081 -0.135218 0.003403
v 14.662080 -0.135218 0.136169
v -14.475182 -0.135214 0.136169
v -14.475181 -0.135214 0.003403
v 14.662080 -0.135218 0.136169
v 14.662081 -0.020176 0.202549
v -14.475182 -0.020172 0.202549
v -14.475182 -0.135214 0.136169
v -14.475182 0.094870 0.136169
v 14.662080 0.094866 0.136169
v 14.662080 2.496194 0.136169
v 14.662081 2.496194 0.003403
v -14.475181 2.496197 0.003403
v -14.475182 2.496197 0.136169
v 14.662081 2.496194 0.003403
v -14.475182 2.381156 -0.062977
v 14.662081 2.381152 -0.062977
v -14.475181 2.496197 0.003403
v 14.662081 2.266110 0.003403
v -14.475181 2.266114 0.003403
v 14.662080 2.266110 0.136169
v 14.662081 2.381152 0.202549
v -14.475182 2.381156 0.202549
v -14.475182 2.266114 0.136169
v -14.475182 2.496197 0.136169
v 14.662080 2.496194 0.136169
v 14.662081 1.295529 0.003403
v -14.475182 1.180491 -0.062977
v -14.475181 1.295532 0.003403
v 14.662081 1.180487 -0.062977
v 14.662081 1.065445 0.003403
v -14.475181 1.065449 0.003403
v 14.662080 1.065445 0.136169
v -14.475182 1.065449 0.136169
v 14.662081 1.180487 0.202549
v -14.475182 1.180491 0.202549
v -14.475182 1.295532 0.136169
v 14.662080 1.295529 0.136169
v 14.662080 -1.335883 0.136169
v 14.662081 -1.220841 0.202549
v -14.475182 -1.220837 0.202549
v -14.475182 -1.335879 0.136169
v -14.475182 -1.105796 0.136169
v 14.662080 -1.105799 0.136169
v 14.662080 -2.306464 0.003399
v 14.662079 -2.306464 0.136166
v 14.662080 -2.421506 0.069782
v 14.662080 -2.421506 -0.062981
v 14.662080 -2.536548 0.003399
v 14.662079 -2.536548 0.136166
v 14.662080 -2.421506 0.202545
v 14.662080 -1.105799 0.003399
v 14.662079 -1.105799 0.136166
v 14.662080 -1.220841 0.069782
v 14.662080 -1.220841 -0.062981
v 14.662080 -1.335883 0.003399
v 14.662079 -1.335883 0.136166
v 14.662080 -1.220841 0.202545
v 14.662078 -3.737211 0.136166
v 14.662079 -3.622169 0.202545
v -14.475182 -3.622165 0.202545
v -14.475182 -3.737207 0.136166
v -14.475181 -3.507123 0.136166
v 14.662079 -3.507127 0.136166
v 14.662079 -3.507127 0.003395
v 14.662078 -3.507127 0.136162
v 14.662078 -3.622169 0.069778
v 14.662078 -3.622169 -0.062984
v 14.662078 -3.737211 0.003395
v 14.662077 -3.737211 0.136162
v 14.662078 -3.622169 0.202541
v 14.662078 -9.510448 0.003395
v 14.662077 -9.510448 0.136162
v 14.662078 -9.625489 0.069778
v 14.662078 -9.625489 -0.062984
v 14.662078 -9.740531 0.003395
v 14.662077 -9.740531 0.136162
v 14.662078 -9.625489 0.202541
v 14.662078 -7.109120 0.003395
v 14.662077 -7.109120 0.136162
v 14.662078 -7.224162 0.069778
v 14.662078 -7.224162 -0.062984
v 14.662078 -7.339204 0.003395
v 14.662077 -7.339204 0.136162
v 14.662078 -7.224162 0.202541
v 14.662078 -8.309784 0.003395
v 14.662077 -8.309784 0.136162
v 14.662078 -8.424826 0.069778
v 14.662078 -8.424826 -0.062984
v 14.662078 -8.539867 0.003395
v 14.662077 -8.539867 0.136162
v 14.662078 -8.424826 0.202541
v 14.662078 -5.908456 0.003395
v 14.662077 -5.908456 0.136162
v 14.662078 -6.023498 0.069778
v 14.662078 -6.023498 -0.062984
v 14.662078 -6.138540 0.003395
v 14.662077 -6.138540 0.136162
v 14.662078 -6.023498 0.202541
v 14.662078 -4.707792 0.003395
v 14.662077 -4.707792 0.136162
v 14.662078 -4.822834 0.069778
v 14.662078 -4.822834 -0.062984
v 14.662078 -4.937876 0.003395
v 14.662077 -4.937876 0.136162
v 14.662078 -4.822834 0.202541
v 14.662078 -3.507127 0.136162
v -14.475179 -3.507123 0.003395
v 14.662079 -3.507127 0.003395
v -14.475180 -3.507123 0.136162
v 14.662079 -3.507127 0.003395
v 14.662078 -3.622169 -0.062984
v -14.475181 -3.622165 -0.062984
v -14.475179 -3.507123 0.003395
v -14.475180 -3.737207 0.003395
v 14.662078 -3.737211 0.003395
v 14.662078 -9.510448 0.003395
v -14.475181 -9.625485 -0.062984
v -14.475180 -9.510444 0.003395
v 14.662078 -9.625489 -0.062984
v 14.662078 -9.740531 0.003395
v -14.475180 -9.740527 0.003395
v 14.662078 -9.740531 0.003395
v 14.662077 -9.740531 0.136162
v -14.475181 -9.740527 0.136162
v -14.475180 -9.740527 0.003395
v 14.662077 -9.740531 0.136162
v 14.662078 -9.625489 0.202541
v -14.475181 -9.625485 0.202541
v -14.475181 -9.740527 0.136162
v -14.475181 -9.510444 0.136162
v 14.662077 -9.510448 0.136162
v 14.662077 -7.109120 0.136162
v 14.662078 -7.109120 0.003395
v -14.475180 -7.109116 0.003395
v -14.475181 -7.109116 0.136162
v 14.662078 -7.109120 0.003395
v 14.662078 -7.224162 -0.062984
v -14.475181 -7.224158 -0.062984
v -14.475180 -7.109116 0.003395
v -14.475180 -7.339200 0.003395
v 14.662078 -7.339204 0.003395
v 14.662077 -7.339204 0.136162
v -14.475181 -7.339200 0.136162
v 14.662078 -7.224162 0.202541
v -14.475181 -7.224158 0.202541
v -14.475181 -7.109116 0.136162
v 14.662077 -7.109120 0.136162
v 14.662076 -10.711111 0.136162
v -14.475182 -10.711107 0.136162
v 14.662077 -10.711111 0.003395
v -14.475181 -10.711107 0.003395
v 14.662076 -15.513768 0.003391
v 14.662075 -15.513768 0.136158
v 14.662076 -15.628810 0.069775
v 14.662076 -15.628810 -0.062988
v 14.662076 -15.743852 0.003391
v 14.662075 -15.743852 0.136158
v 14.662076 -15.628810 0.202538
v 14.662076 -14.313104 0.003391
v 14.662075 -14.313104 0.136158
v 14.662076 -14.428145 0.069775
v 14.662076 -14.428145 -0.062988
v 14.662076 -14.543187 0.003391
v 14.662075 -14.543187 0.136158
v 14.662076 -14.428145 0.202538
v 14.662076 -11.911776 0.003391
v 14.662075 -11.911776 0.136158
v 14.662076 -12.026818 0.069775
v 14.662076 -12.026818 -0.062988
v 14.662076 -12.141860 0.003391
v 14.662075 -12.141860 0.136158
v 14.662076 -12.026818 0.202538
v 14.662080 13.302169 0.003391
v 14.662079 13.302169 0.136158
v 14.662080 13.187127 0.069775
v 14.662080 13.187127 -0.062988
v 14.662080 13.072085 0.003391
v 14.662079 13.072085 0.136158
v 14.662080 13.187127 0.202538
v 14.662079 16.904163 0.003387
v 14.662078 16.904163 0.136154
v 14.662079 16.789122 0.069771
v 14.662079 16.789122 -0.062992
v 14.662079 16.674080 0.003387
v 14.662078 16.674080 0.136154
v 14.662079 16.789122 0.202534
v 14.662080 18.104824 0.003387
v 14.662079 18.104824 0.136154
v 14.662080 17.989782 0.069771
v 14.662080 17.989782 -0.062992
v 14.662080 17.874741 0.003387
v 14.662079 17.874741 0.136154
v 14.662080 17.989782 0.202534
v 14.662080 20.506155 0.003387
v 14.662079 20.506155 0.136154
v 14.662080 20.391113 0.069771
v 14.662080 20.391113 -0.062992
v 14.662080 20.276072 0.003387
v 14.662079 20.276072 0.136154
v 14.662080 20.391113 0.202534
v 14.662079 14.502833 0.003387
v 14.662078 14.502833 0.136154
v 14.662079 14.387792 0.069771
v 14.662079 14.387792 -0.062992
v 14.662079 14.272750 0.003387
v 14.662078 14.272750 0.136154
v 14.662079 14.387792 0.202534
v 14.662079 15.703499 0.003387
v 14.662078 15.703499 0.136154
v 14.662079 15.588457 0.069771
v 14.662079 15.588457 -0.062992
v 14.662079 15.473415 0.003387
v 14.662078 15.473415 0.136154
v 14.662079 15.588457 0.202534
v 14.662080 21.706820 0.003387
v 14.662079 21.706820 0.136154
v 14.662080 21.591778 0.069771
v 14.662080 21.591778 -0.062992
v 14.662080 21.476736 0.003387
v 14.662079 21.476736 0.136154
v 14.662080 21.591778 0.202534
v 14.662080 19.305490 0.003387
v 14.662079 19.305490 0.136154
v 14.662080 19.190449 0.069771
v 14.662080 19.190449 -0.062992
v 14.662080 19.075407 0.003387
v 14.662079 19.075407 0.136154
v 14.662080 19.190449 0.202534
v 14.871314 -21.606146 -0.101955
v 14.871314 -21.606146 -0.347397
v 14.871320 21.736296 -0.347397
v 14.871320 21.736296 -0.101955
v 14.852748 -21.871471 -0.101955
v 14.852748 -21.871471 -0.347397
v 14.734645 -22.161501 -0.101955
v 14.734646 -22.161501 -0.347397
v 14.852754 22.001621 -0.347397
v 14.852754 22.001621 -0.101955
v 14.734652 22.291651 -0.347397
v 14.734651 22.291651 -0.101955
v 8.549789 -22.406780 -0.147957
v 8.549795 22.536930 -0.298019
v 8.549795 22.536930 -0.147957
v 8.549789 -22.406780 -0.298019
v 13.903774 22.622341 -0.347404
v 13.903774 22.409662 -0.470100
v -13.856544 22.409666 -0.470100
v -13.856544 22.622345 -0.347404
v -13.856544 22.196989 -0.347404
v 13.903774 22.196985 -0.347404
v -14.244289 -21.606142 -0.347408
v -14.236044 -21.809021 -0.347408
v -14.466830 -21.606142 -0.470100
v -14.466825 21.736300 -0.470100
v -14.244284 21.736300 -0.347408
v -14.456832 21.957745 -0.470100
v -14.236037 21.939178 -0.347408
v -14.398377 22.161715 -0.470100
v -14.199616 22.075430 -0.347408
v -14.271749 22.315641 -0.470100
v -14.148108 22.146217 -0.347408
v -14.082794 22.394896 -0.470100
v -14.052774 22.186199 -0.347408
v -14.112816 22.603590 -0.347408
v -14.395390 22.485065 -0.347408
v -14.597138 22.247999 -0.347408
v -14.677626 21.976309 -0.347408
v -14.689364 21.736300 -0.347408
v -14.689370 -21.606142 -0.347408
v -14.456838 -21.827587 -0.470100
v -14.677631 -21.846151 -0.347408
v -14.398383 -22.031557 -0.470100
v -14.597144 -22.117842 -0.347408
v -14.271755 -22.185484 -0.470100
v -14.395395 -22.354908 -0.347408
v -14.082800 -22.264738 -0.470100
v -14.112822 -22.473433 -0.347408
v -14.052780 -22.056044 -0.347408
v -14.148115 -22.016060 -0.347408
v -14.199624 -21.945272 -0.347408
v 13.903773 22.622339 -0.101967
v 14.179617 22.607731 -0.101967
v 13.903773 22.409662 0.020752
v 14.156928 22.397314 0.020752
v 13.903773 22.622341 -0.347408
v -13.856544 22.622345 -0.347408
v -13.856544 22.622341 -0.101967
v -14.112816 22.603590 -0.347408
v -14.112816 22.603586 -0.101967
v -13.856544 22.409666 0.020752
v -14.082794 22.394896 0.020752
v -14.395389 22.485064 -0.101967
v -14.395390 22.485065 -0.347408
v -14.597138 22.247999 -0.347408
v -14.597137 22.247999 -0.101967
v -14.082794 22.394896 -0.470100
v -13.856544 22.409666 -0.470102
v 14.179618 22.607733 -0.347408
v 13.903773 22.409662 -0.470102
v 14.156928 22.397314 -0.470102
v 14.484709 22.511986 -0.101967
v 14.484710 22.511986 -0.347408
v 14.734648 22.291651 -0.101967
v 14.734649 22.291651 -0.347408
v 13.903773 22.196985 -0.347408
v 13.903773 22.196983 -0.101967
v -13.856544 22.196987 -0.101967
v -13.856544 22.196989 -0.347408
v 14.134239 22.186899 -0.347408
v 13.903773 22.409662 -0.470102
v 14.156928 22.397314 -0.470102
v 14.134239 22.186897 -0.101967
v 14.283104 22.143248 -0.347408
v 14.283104 22.143248 -0.101967
v 14.365547 22.074129 -0.347408
v 14.365547 22.074127 -0.101967
v 13.903773 22.409662 0.020752
v 14.156928 22.397314 0.020752
v -14.052774 22.186199 -0.347408
v -13.856544 22.409666 -0.470102
v -14.052774 22.186199 -0.101967
v -14.082794 22.394896 0.020752
v -14.148108 22.146215 -0.101967
v -14.199616 22.075430 -0.101967
v -14.148108 22.146217 -0.347408
v -14.199616 22.075430 -0.347408
v -13.856544 22.409666 0.020752
v -14.082794 22.394896 -0.470100
v 13.903773 22.196983 -0.101967
v 13.903773 22.409662 0.020752
v -13.856544 22.409666 0.020752
v -13.856544 22.196987 -0.101967
v -13.856544 22.622341 -0.101967
v 13.903773 22.622339 -0.101967
v 14.662076 21.706820 0.136143
v -14.475172 21.706823 0.136143
v 14.662077 21.706820 0.003376
v -14.475171 21.706823 0.003376
v -14.475171 21.706823 0.136139
v -14.475170 21.706823 0.003372
v -14.475171 21.591782 0.069756
v -14.475171 21.591782 0.202518
v -14.475171 21.476740 0.136139
v -14.475170 21.476740 0.003372
v -14.475171 21.591782 -0.063007
v -8.970545 -22.406776 -0.147968
v -8.970545 -22.406776 -0.298031
v -8.970539 22.536934 -0.298031
v -8.970539 22.536934 -0.147968
v -14.475171 16.904167 0.136135
v -14.475170 16.904167 0.003368
v -14.475171 16.789125 0.069752
v -14.475171 16.789125 0.202515
v -14.475171 16.674084 0.136135
v -14.475170 16.674084 0.003368
v -14.475171 16.789125 -0.063011
v -14.475170 18.104828 0.136135
v -14.475169 18.104828 0.003368
v -14.475170 17.989786 0.069752
v -14.475170 17.989786 0.202515
v -14.475170 17.874744 0.136135
v -14.475169 17.874744 0.003368
v -14.475170 17.989786 -0.063011
v -14.475170 20.506159 0.136135
v -14.475169 20.506159 0.003368
v -14.475170 20.391117 0.069752
v -14.475170 20.391117 0.202515
v -14.475170 20.276075 0.136135
v -14.475169 20.276075 0.003368
v -14.475170 20.391117 -0.063011
v -14.475171 12.101508 0.136135
v -14.475170 12.101508 0.003368
v -14.475171 11.986465 0.069752
v -14.475171 11.986465 0.202515
v -14.475171 11.871424 0.136135
v -14.475170 11.871424 0.003368
v -14.475171 11.986465 -0.063011
v -14.475170 13.302173 0.136131
v -14.475169 13.302173 0.003365
v -14.475170 13.187131 0.069748
v -14.475170 13.187131 0.202511
v -14.475170 13.072089 0.136131
v -14.475169 13.072089 0.003365
v -14.475170 13.187131 -0.063015
v -14.475170 14.502837 0.136131
v -14.475169 14.502837 0.003365
v -14.475170 14.387795 0.069748
v -14.475170 14.387795 0.202511
v -14.475170 14.272754 0.136131
v -14.475169 14.272754 0.003365
v -14.475170 14.387795 -0.063015
v -14.244287 -21.606142 -0.101978
v -14.236040 -21.809021 -0.101978
v -14.244287 -21.606142 -0.347420
v -14.244281 21.736300 -0.347420
v -14.244281 21.736300 -0.101978
v -14.236034 21.939178 -0.347420
v -14.236034 21.939178 -0.101978
v -14.199614 22.075430 -0.347420
v -14.199614 22.075430 -0.101978
v -14.236041 -21.809021 -0.347420
v -14.199619 -21.945272 -0.101978
v -14.199621 -21.945272 -0.347420
v -14.689366 -21.606142 -0.101982
v -14.466826 -21.606142 0.020737
v -14.466821 21.736300 0.020737
v -14.689361 21.736300 -0.101982
v -14.677627 -21.846151 -0.101982
v -14.456834 -21.827587 0.020737
v -14.597139 -22.117842 -0.101982
v -14.395391 -22.354906 -0.101982
v -14.398379 -22.031557 0.020737
v -14.236039 -21.809021 -0.101982
v -14.199618 -21.945272 -0.101982
v -14.271751 -22.185484 0.020737
v -14.148110 -22.016058 -0.101982
v -14.082796 -22.264738 0.020737
v -14.112818 -22.473429 -0.101982
v -14.052776 -22.056042 -0.101982
v -14.244286 -21.606142 -0.101982
v -14.244280 21.736300 -0.101982
v -14.236033 21.939178 -0.101982
v -14.456828 21.957745 0.020737
v -14.199613 22.075430 -0.101982
v -14.398374 22.161715 0.020737
v -14.148105 22.146215 -0.101982
v -14.271746 22.315641 0.020737
v -14.052771 22.186199 -0.101982
v -14.082790 22.394896 0.020737
v -14.395385 22.485064 -0.101982
v -14.112812 22.603586 -0.101982
v -14.597134 22.247999 -0.101982
v -14.677621 21.976309 -0.101982
v 14.662072 15.703499 0.003361
v 14.662072 15.588457 -0.063019
v -14.475168 15.703503 0.003361
v -14.475169 15.588461 -0.063019
v -14.475168 15.473419 0.003361
v 14.662072 15.473415 0.003361
v -14.475168 15.703503 0.136124
v -14.475167 15.703503 0.003357
v -14.475168 15.588461 0.069740
v -14.475168 15.588461 0.202503
v -14.475168 15.473419 0.136124
v -14.475167 15.473419 0.003357
v -14.475168 15.588461 -0.063023
v -14.689365 -21.606142 -0.347427
v -14.689365 -21.606142 -0.101986
v -14.689360 21.736300 -0.101986
v -14.689360 21.736300 -0.347427
v -14.677627 -21.846151 -0.347427
v -14.677626 -21.846151 -0.101986
v -14.597139 -22.117842 -0.347427
v -14.597138 -22.117842 -0.101986
v -14.677620 21.976309 -0.101986
v -14.677621 21.976309 -0.347427
v -14.597133 22.247999 -0.101986
v -14.597134 22.247999 -0.347427
v 14.662070 13.302169 0.136124
v 14.662071 13.302169 0.003357
v -14.475167 13.302173 0.003357
v -14.475168 13.302173 0.136124
v 14.662071 13.302169 0.003357
v 14.662071 13.187127 -0.063023
v -14.475168 13.187131 -0.063023
v -14.475167 13.302173 0.003357
v -14.475167 13.072089 0.003357
v 14.662071 13.072085 0.003357
v 14.662071 13.072085 0.003357
v 14.662070 13.072085 0.136124
v -14.475168 13.072089 0.136124
v -14.475167 13.072089 0.003357
v 14.662070 13.072085 0.136124
v 14.662071 13.187127 0.202503
v -14.475168 13.187131 0.202503
v -14.475168 13.072089 0.136124
v -14.475168 13.302173 0.136124
v 14.662070 13.302169 0.136124
v 14.662071 14.502833 0.003357
v 14.662071 14.387792 -0.063023
v -14.475168 14.387795 -0.063023
v -14.475167 14.502837 0.003357
v -14.475167 14.272754 0.003357
v 14.662071 14.272750 0.003357
v 14.662070 14.272750 0.136124
v 14.662071 14.387792 0.202503
v -14.475168 14.387795 0.202503
v -14.475168 14.272754 0.136124
v -14.475168 14.502837 0.136124
v 14.662070 14.502833 0.136124
v 14.662071 15.473415 0.003357
v -14.475167 15.473419 0.003357
v 14.662070 15.473415 0.136124
v -14.475168 15.473419 0.136124
v 14.662070 15.473415 0.136124
v -14.475168 15.588461 0.202503
v -14.475168 15.473419 0.136124
v 14.662071 15.588457 0.202503
v 14.662070 15.703499 0.136124
v -14.475168 15.703503 0.136124
v 14.662071 12.101504 0.003357
v 14.662071 11.986462 -0.063023
v -14.475168 11.986465 -0.063023
v -14.475167 12.101508 0.003357
v -14.475167 11.871424 0.003357
v 14.662071 11.871420 0.003357
v 14.662071 11.871420 0.003357
v 14.662070 11.871420 0.136124
v -14.475168 11.871424 0.136124
v -14.475167 11.871424 0.003357
v 14.662070 11.871420 0.136124
v 14.662071 11.986462 0.202503
v -14.475168 11.986465 0.202503
v -14.475168 11.871424 0.136124
v -14.475168 12.101508 0.136124
v 14.662070 12.101504 0.136124
v 14.662072 15.703499 0.136131
v 14.662073 15.703499 0.003365
v -14.475169 15.703503 0.003365
v -14.475170 15.703503 0.136131
v -14.475170 19.305494 0.136135
v -14.475169 19.305494 0.003368
v -14.475170 19.190453 0.069752
v -14.475170 19.190453 0.202515
v -14.475170 19.075411 0.136135
v -14.475169 19.075411 0.003368
v -14.475170 19.190453 -0.063011
v 14.662073 16.904163 0.136135
v 14.662074 16.904163 0.003368
v -14.475170 16.904167 0.003368
v -14.475171 16.904167 0.136135
v 14.662074 16.674080 0.003368
v 14.662073 16.674080 0.136135
v -14.475171 16.674084 0.136135
v -14.475170 16.674084 0.003368
v 14.662073 16.674080 0.136135
v 14.662074 16.789122 0.202515
v -14.475171 16.789125 0.202515
v -14.475171 16.674084 0.136135
v -14.475171 16.904167 0.136135
v 14.662073 16.904163 0.136135
v 14.662074 18.104824 0.136135
v 14.662075 18.104824 0.003368
v -14.475170 18.104828 0.136135
v -14.475169 18.104828 0.003368
v 14.662075 18.104824 0.003368
v -14.475170 17.989786 -0.063011
v -14.475169 18.104828 0.003368
v 14.662075 17.989782 -0.063011
v 14.662075 17.874741 0.003368
v -14.475169 17.874744 0.003368
v 14.662075 17.874741 0.003368
v 14.662074 17.874741 0.136135
v -14.475170 17.874744 0.136135
v -14.475169 17.874744 0.003368
v 14.662074 17.874741 0.136135
v 14.662075 17.989782 0.202515
v -14.475170 17.989786 0.202515
v -14.475170 17.874744 0.136135
v -14.475170 18.104828 0.136135
v 14.662074 18.104824 0.136135
v 14.662074 20.506155 0.136135
v 14.662075 20.506155 0.003368
v -14.475169 20.506159 0.003368
v -14.475170 20.506159 0.136135
v 14.662075 20.506155 0.003368
v 14.662075 20.391113 -0.063011
v -14.475170 20.391117 -0.063011
v -14.475169 20.506159 0.003368
v -14.475169 20.276075 0.003368
v 14.662075 20.276072 0.003368
v 14.662074 20.276072 0.136135
v 14.662075 20.391113 0.202515
v -14.475170 20.391117 0.202515
v -14.475170 20.276075 0.136135
v -14.475170 20.506159 0.136135
v 14.662074 20.506155 0.136135
v -8.970544 -22.406776 -0.298035
v -9.106604 -22.406776 -0.373066
v -9.106598 22.536934 -0.373066
v -8.970538 22.536934 -0.298035
v -9.242658 22.536934 -0.298035
v -9.242663 -22.406776 -0.298035
v -9.242663 -22.406776 -0.298035
v -9.242663 -22.406776 -0.147972
v -9.242658 22.536934 -0.147972
v -9.242658 22.536934 -0.298035
v 14.662074 19.305490 0.136135
v 14.662075 19.305490 0.003368
v -14.475169 19.305494 0.003368
v -14.475170 19.305494 0.136135
v 14.662075 19.305490 0.003368
v 14.662075 19.190449 -0.063011
v -14.475170 19.190453 -0.063011
v -14.475169 19.305494 0.003368
v -14.475169 19.075411 0.003368
v 14.662075 19.075407 0.003368
v 14.662075 19.075407 0.003368
v 14.662074 19.075407 0.136135
v -14.475170 19.075411 0.136135
v -14.475169 19.075411 0.003368
v 14.662074 19.075407 0.136135
v 14.662075 19.190449 0.202515
v -14.475170 19.190453 0.202515
v -14.475170 19.075411 0.136135
v -14.475170 19.305494 0.136135
v 14.662074 19.305490 0.136135
v 14.662076 21.706820 0.003372
v 14.662076 21.591778 -0.063007
v -14.475171 21.591782 -0.063007
v -14.475170 21.706823 0.003372
v -14.475170 21.476740 0.003372
v 14.662076 21.476736 0.003372
v 14.662075 21.476736 0.136139
v -14.475171 21.591782 0.202518
v -14.475171 21.476740 0.136139
v 14.662076 21.591778 0.202518
v 14.662075 21.706820 0.136139
v -14.475171 21.706823 0.136139
v -3.130434 -22.406778 -0.147964
v -3.130434 -22.406778 -0.298027
v -3.130428 22.536932 -0.298027
v -3.130428 22.536932 -0.147964
v -3.130434 -22.406778 -0.298027
v -3.266494 -22.406778 -0.373058
v -3.266488 22.536932 -0.373058
v -3.130428 22.536932 -0.298027
v -3.402548 22.536932 -0.298027
v -3.402555 -22.406778 -0.298027
v -3.402555 -22.406778 -0.298027
v -3.402548 22.536932 -0.147964
v -3.402548 22.536932 -0.298027
v -3.402555 -22.406778 -0.147964
v 8.549788 -22.406780 -0.298023
v 8.413729 -22.406780 -0.373055
v 8.549794 22.536930 -0.298023
v 8.413734 22.536930 -0.373055
v 8.277674 22.536930 -0.298023
v 8.277668 -22.406780 -0.298023
v 8.277668 -22.406780 -0.298023
v 8.277668 -22.406780 -0.147961
v 8.277674 22.536930 -0.298023
v 8.277674 22.536930 -0.147961
v 14.426230 -21.606146 -0.101963
v 14.648771 -21.606146 0.020756
v 14.648777 21.736296 0.020756
v 14.426236 21.736296 -0.101963
v 14.414276 -21.820219 -0.101963
v 14.633512 -21.845846 0.020756
v 14.365542 -21.943977 -0.101963
v 14.550093 -22.052742 0.020756
v 14.283099 -22.013098 -0.101963
v 14.134234 -22.056747 -0.101963
v 14.383900 -22.197470 0.020756
v 14.734643 -22.161501 -0.101963
v 14.484704 -22.381836 -0.101963
v 14.156921 -22.267168 0.020756
v 14.179612 -22.477581 -0.101963
v 14.852746 -21.871471 -0.101963
v 14.871312 -21.606146 -0.101963
v 14.871318 21.736296 -0.101963
v 14.852752 22.001621 -0.101963
v 14.633515 21.975996 0.020756
v 14.734649 22.291651 -0.101963
v 14.484710 22.511986 -0.101963
v 14.550097 22.182890 0.020756
v 14.383906 22.327616 0.020756
v 14.414282 21.950369 -0.101963
v 14.365548 22.074127 -0.101963
v 14.283105 22.143248 -0.101963
v 14.134240 22.186897 -0.101963
v 14.156929 22.397314 0.020756
v 14.179618 22.607731 -0.101963
v 14.662076 -13.112440 0.003391
v 14.662075 -13.112440 0.136158
v 14.662076 -13.227482 0.069775
v 14.662076 -13.227482 -0.062988
v 14.662076 -13.342524 0.003391
v 14.662075 -13.342524 0.136158
v 14.662076 -13.227482 0.202538
v 14.662076 -10.711111 0.003391
v 14.662075 -10.711111 0.136158
v 14.662076 -10.826153 0.069775
v 14.662076 -10.826153 -0.062988
v 14.662076 -10.941195 0.003391
v 14.662075 -10.941195 0.136158
v 14.662076 -10.826153 0.202538
v 14.662076 -16.714432 0.003391
v 14.662076 -16.829473 -0.062988
v -14.475181 -16.829470 -0.062988
v -14.475180 -16.714428 0.003391
v -14.475180 -16.944511 0.003391
v 14.662076 -16.944515 0.003391
v 14.662076 -16.944515 0.003391
v 14.662075 -16.944515 0.136158
v -14.475181 -16.944511 0.136158
v -14.475180 -16.944511 0.003391
v 14.662075 -16.944515 0.136158
v 14.662076 -16.829473 0.202538
v -14.475181 -16.829470 0.202538
v -14.475181 -16.944511 0.136158
v -14.475181 -16.714428 0.136158
v 14.662075 -16.714432 0.136158
v 14.662075 -15.513768 0.136158
v 14.662076 -15.513768 0.003391
v -14.475180 -15.513764 0.003391
v -14.475181 -15.513764 0.136158
v 14.662076 -15.513768 0.003391
v 14.662076 -15.628810 -0.062988
v -14.475181 -15.628806 -0.062988
v -14.475180 -15.513764 0.003391
v -14.475180 -15.743848 0.003391
v 14.662076 -15.743852 0.003391
v 14.662075 -15.743852 0.136158
v 14.662076 -15.628810 0.202538
v -14.475181 -15.628806 0.202538
v -14.475181 -15.743848 0.136158
v -14.475181 -15.513764 0.136158
v 14.662075 -15.513768 0.136158
v 14.662076 -14.313104 0.003391
v 14.662076 -14.428145 -0.062988
v -14.475181 -14.428142 -0.062988
v -14.475180 -14.313100 0.003391
v -14.475180 -14.543183 0.003391
v 14.662076 -14.543187 0.003391
v 14.662076 -14.543187 0.003391
v 14.662075 -14.543187 0.136158
v -14.475181 -14.543183 0.136158
v -14.475180 -14.543183 0.003391
v 14.662075 -14.543187 0.136158
v 14.662076 -14.428145 0.202538
v -14.475181 -14.428142 0.202538
v -14.475181 -14.543183 0.136158
v -14.475181 -14.313100 0.136158
v 14.662075 -14.313104 0.136158
v 14.662075 -11.911776 0.136158
v 14.662076 -11.911776 0.003391
v -14.475181 -11.911772 0.136158
v -14.475180 -11.911772 0.003391
v 14.662076 -11.911776 0.003391
v 14.662076 -12.026818 -0.062988
v -14.475181 -12.026814 -0.062988
v -14.475180 -11.911772 0.003391
v -14.475180 -12.141856 0.003391
v 14.662076 -12.141860 0.003391
v 14.662076 -12.141860 0.003391
v -14.475180 -12.141856 0.003391
v 14.662075 -12.141860 0.136158
v -14.475181 -12.141856 0.136158
v 14.662075 -12.141860 0.136158
v 14.662076 -12.026818 0.202538
v -14.475181 -12.026814 0.202538
v -14.475181 -12.141856 0.136158
v -14.475181 -11.911772 0.136158
v 14.662075 -11.911776 0.136158
v 14.662075 -13.112440 0.136158
v -14.475180 -13.112436 0.003391
v -14.475181 -13.112436 0.136158
v 14.662076 -13.112440 0.003391
v 14.662076 -13.112440 0.003391
v 14.662076 -13.227482 -0.062988
v -14.475181 -13.227478 -0.062988
v -14.475180 -13.112436 0.003391
v -14.475180 -13.342520 0.003391
v 14.662076 -13.342524 0.003391
v 14.662075 -13.342524 0.136158
v -14.475181 -13.342520 0.136158
v 14.662076 -13.227482 0.202538
v -14.475181 -13.227478 0.202538
v -14.475181 -13.112436 0.136158
v 14.662075 -13.112440 0.136158
v 14.662076 -10.711111 0.003391
v 14.662076 -10.826153 -0.062988
v -14.475181 -10.826149 -0.062988
v -14.475180 -10.711107 0.003391
v -14.475180 -10.941191 0.003391
v 14.662076 -10.941195 0.003391
v 14.662076 -10.941195 0.003391
v 14.662075 -10.941195 0.136158
v -14.475181 -10.941191 0.136158
v -14.475180 -10.941191 0.003391
v 14.662075 -10.941195 0.136158
v 14.662076 -10.826153 0.202538
v -14.475181 -10.826149 0.202538
v -14.475181 -10.941191 0.136158
v -14.475181 -10.711107 0.136158
v 14.662075 -10.711111 0.136158
v 14.662078 -8.309784 0.003395
v -14.475180 -8.309780 0.003395
v 14.662078 -8.424826 -0.062984
v -14.475181 -8.424822 -0.062984
v -14.475180 -8.539864 0.003395
v 14.662078 -8.539867 0.003395
v 14.662078 -8.539867 0.003395
v -14.475180 -8.539864 0.003395
v 14.662077 -8.539867 0.136162
v -14.475181 -8.539864 0.136162
v 14.662077 -8.539867 0.136162
v 14.662078 -8.424826 0.202541
v -14.475181 -8.424822 0.202541
v -14.475181 -8.539864 0.136162
v -14.475181 -8.309780 0.136162
v 14.662077 -8.309784 0.136162
v 14.662077 -5.908456 0.136162
v 14.662078 -5.908456 0.003395
v -14.475180 -5.908452 0.003395
v -14.475181 -5.908452 0.136162
v 14.662078 -5.908456 0.003395
v -14.475180 -5.908452 0.003395
v 14.662078 -6.023498 -0.062984
v -14.475181 -6.023494 -0.062984
v -14.475180 -6.138536 0.003395
v 14.662078 -6.138540 0.003395
v 14.662077 -6.138540 0.136162
v 14.662078 -6.023498 0.202541
v -14.475181 -6.023494 0.202541
v -14.475181 -6.138536 0.136162
v -14.475181 -5.908452 0.136162
v 14.662077 -5.908456 0.136162
v 14.662077 -4.707792 0.136162
v -14.475180 -4.707788 0.003395
v -14.475181 -4.707788 0.136162
v 14.662078 -4.707792 0.003395
v 14.662078 -4.707792 0.003395
v 14.662078 -4.822834 -0.062984
v -14.475181 -4.822830 -0.062984
v -14.475180 -4.707788 0.003395
v -14.475180 -4.937872 0.003395
v 14.662078 -4.937876 0.003395
v 14.662077 -4.937876 0.136162
v 14.662078 -4.822834 0.202541
v -14.475181 -4.822830 0.202541
v -14.475181 -4.937872 0.136162
v -14.475181 -4.707788 0.136162
v 14.662077 -4.707792 0.136162
v 14.662079 -2.306464 0.136166
v 14.662080 -2.306464 0.003399
v -14.475180 -2.306460 0.003399
v -14.475181 -2.306460 0.136166
v 14.662080 -2.306464 0.003399
v -14.475181 -2.421502 -0.062981
v 14.662080 -2.421506 -0.062981
v -14.475180 -2.306460 0.003399
v 14.662080 -2.536548 0.003399
v -14.475180 -2.536544 0.003399
v 14.662080 -2.536548 0.003399
v 14.662079 -2.536548 0.136166
v -14.475181 -2.536544 0.136166
v -14.475180 -2.536544 0.003399
v 14.662079 -2.536548 0.136166
v -14.475181 -2.421502 0.202545
v -14.475181 -2.536544 0.136166
v 14.662080 -2.421506 0.202545
v 14.662079 -2.306464 0.136166
v -14.475181 -2.306460 0.136166
v 14.662079 -1.105799 0.136166
v 14.662080 -1.105799 0.003399
v -14.475180 -1.105796 0.003399
v -14.475181 -1.105796 0.136166
v 14.662080 -1.105799 0.003399
v -14.475181 -1.220837 -0.062981
v -14.475180 -1.105796 0.003399
v 14.662080 -1.220841 -0.062981
v 14.662080 -1.335883 0.003399
v -14.475180 -1.335879 0.003399
v 14.662082 7.298848 0.136173
v 14.662083 7.298848 0.003407
v -14.475181 7.298851 0.003407
v -14.475182 7.298851 0.136173
v 14.662083 7.298848 0.003407
v 14.662083 7.183806 -0.062973
v -14.475181 7.298851 0.003407
v -14.475182 7.183810 -0.062973
v -14.475181 7.068768 0.003407
v 14.662083 7.068764 0.003407
v 14.662083 7.068764 0.003407
v 14.662082 7.068764 0.136173
v -14.475182 7.068768 0.136173
v -14.475181 7.068768 0.003407
v 14.662082 7.068764 0.136173
v 14.662083 7.183806 0.202553
v -14.475182 7.183810 0.202553
v -14.475182 7.068768 0.136173
v -14.475182 7.298851 0.136173
v 14.662082 7.298848 0.136173
v 14.662082 6.098185 0.136173
v 14.662083 6.098185 0.003407
v -14.475181 6.098189 0.003407
v -14.475182 6.098189 0.136173
v 14.662083 6.098185 0.003407
v 14.662083 5.983143 -0.062973
v -14.475181 6.098189 0.003407
v -14.475182 5.983147 -0.062973
v -14.475181 5.868105 0.003407
v 14.662083 5.868101 0.003407
v 14.662082 5.868101 0.136173
v -14.475182 5.983147 0.202553
v -14.475182 5.868105 0.136173
v 14.662083 5.983143 0.202553
v 14.662082 6.098185 0.136173
v -14.475182 6.098189 0.136173
v 14.662085 10.900843 0.003410
v 14.662084 10.900843 0.136177
v 14.662085 10.785801 0.069794
v 14.662085 10.785801 -0.062969
v 14.662085 10.670759 0.003410
v 14.662084 10.670759 0.136177
v 14.662085 10.785801 0.202557
v 14.662084 9.700176 0.003410
v 14.662083 9.700176 0.136177
v 14.662084 9.585135 0.069794
v 14.662084 9.585135 -0.062969
v 14.662084 9.470093 0.003410
v 14.662083 9.470093 0.136177
v 14.662084 9.585135 0.202557
v 14.662084 10.900843 0.136177
v -14.475182 10.900846 0.136177
v 14.662085 10.900843 0.003410
v -14.475181 10.900846 0.003410
v 14.662085 10.900843 0.003410
v 14.662085 10.785801 -0.062969
v -14.475182 10.785805 -0.062969
v -14.475181 10.900846 0.003410
v -14.475181 10.670763 0.003410
v 14.662085 10.670759 0.003410
v 14.662085 10.670759 0.003410
v 14.662084 10.670759 0.136177
v -14.475182 10.670763 0.136177
v -14.475181 10.670763 0.003410
v 14.662084 10.670759 0.136177
v 14.662085 10.785801 0.202557
v -14.475182 10.785805 0.202557
v -14.475182 10.670763 0.136177
v -14.475182 10.900846 0.136177
v 14.662084 10.900843 0.136177
v 14.662083 8.499513 0.136177
v 14.662084 8.499513 0.003410
v -14.475183 8.499516 0.136177
v -14.475182 8.499516 0.003410
v 14.662084 8.499513 0.003410
v -14.475183 8.384475 -0.062969
v -14.475182 8.499516 0.003410
v 14.662084 8.384471 -0.062969
v 14.662084 8.269429 0.003410
v -14.475182 8.269433 0.003410
v 14.662083 8.269429 0.136177
v -14.475183 8.384475 0.202557
v -14.475183 8.269433 0.136177
v 14.662084 8.384471 0.202557
v 14.662083 8.499513 0.136177
v -14.475183 8.499516 0.136177
v 14.662083 9.700176 0.136177
v 14.662084 9.700176 0.003410
v -14.475182 9.700180 0.003410
v -14.475183 9.700180 0.136177
v 14.662084 9.700176 0.003410
v 14.662084 9.585135 -0.062969
v -14.475183 9.585138 -0.062969
v -14.475182 9.700180 0.003410
v -14.475182 9.470097 0.003410
v 14.662084 9.470093 0.003410
v 14.662083 9.470093 0.136177
v 14.662084 9.585135 0.202557
v -14.475183 9.585138 0.202557
v -14.475183 9.470097 0.136177
v -14.475183 9.700180 0.136177
v 14.662083 9.700176 0.136177
v -14.475183 8.499516 0.136181
v -14.475183 8.499516 0.003414
v -14.475183 8.384475 0.069798
v -14.475183 8.384475 0.202560
v -14.475183 8.269433 0.136181
v -14.475183 8.269433 0.003414
v -14.475183 8.384475 -0.062965
v -14.475184 -2.306460 0.136181
v -14.475183 -2.306460 0.003414
v -14.475184 -2.421502 0.069798
v -14.475184 -2.421502 0.202560
v -14.475184 -2.536544 0.136181
v -14.475183 -2.536544 0.003414
v -14.475184 -2.421502 -0.062965
v -14.475183 9.700180 0.136181
v -14.475183 9.700180 0.003414
v -14.475183 9.585138 0.069798
v -14.475183 9.585138 0.202560
v -14.475183 9.470097 0.136181
v -14.475183 9.470097 0.003414
v -14.475183 9.585138 -0.062965
v -14.475184 -1.105796 0.136181
v -14.475183 -1.105796 0.003414
v -14.475184 -1.220837 0.069798
v -14.475184 -1.220837 0.202560
v -14.475184 -1.335879 0.136181
v -14.475183 -1.335879 0.003414
v -14.475184 -1.220837 -0.062965
v -14.475186 -9.510444 0.136185
v -14.475185 -9.510444 0.003418
v -14.475186 -9.625485 0.069801
v -14.475186 -9.625485 0.202564
v -14.475186 -9.740527 0.136185
v -14.475185 -9.740527 0.003418
v -14.475186 -9.625485 -0.062962
v -14.475187 -13.112436 0.136185
v -14.475186 -13.112436 0.003418
v -14.475187 -13.227478 0.069801
v -14.475187 -13.227478 0.202564
v -14.475187 -13.342520 0.136185
v -14.475186 -13.342520 0.003418
v -14.475187 -13.227478 -0.062962
v -14.475187 -10.711107 0.136185
v -14.475186 -10.711107 0.003418
v -14.475187 -10.826149 0.069801
v -14.475187 -10.826149 0.202564
v -14.475187 -10.941191 0.136185
v -14.475186 -10.941191 0.003418
v -14.475187 -10.826149 -0.062962
v -14.475186 -5.908452 0.136185
v -14.475185 -5.908452 0.003418
v -14.475186 -6.023494 0.069801
v -14.475186 -6.023494 0.202564
v -14.475186 -6.138536 0.136185
v -14.475185 -6.138536 0.003418
v -14.475186 -6.023494 -0.062962
v -14.475186 -4.707788 0.136185
v -14.475185 -4.707788 0.003418
v -14.475186 -4.822830 0.069801
v -14.475186 -4.822830 0.202564
v -14.475186 -4.937872 0.136185
v -14.475185 -4.937872 0.003418
v -14.475186 -4.822830 -0.062962
v -14.475189 -17.915092 0.136189
v -14.475188 -17.915092 0.003422
v -14.475189 -18.030134 0.069805
v -14.475189 -18.030134 0.202568
v -14.475189 -18.145176 0.136189
v -14.475188 -18.145176 0.003422
v -14.475189 -18.030134 -0.062958
v 14.662083 -19.115761 0.003422
v 14.662083 -19.230803 -0.062958
v -14.475189 -19.230799 -0.062958
v -14.475188 -19.115757 0.003422
v -14.475188 -19.345840 0.003422
v 14.662083 -19.345844 0.003422
v 14.662083 -17.915096 0.003422
v 14.662083 -18.030138 -0.062958
v -14.475189 -18.030134 -0.062958
v -14.475188 -17.915092 0.003422
v -14.475188 -18.145176 0.003422
v 14.662083 -18.145180 0.003422
v 14.662083 -18.145180 0.003422
v 14.662082 -18.145180 0.136189
v -14.475188 -18.145176 0.003422
v -14.475189 -18.145176 0.136189
v 14.662082 -18.145180 0.136189
v -14.475189 -18.030134 0.202568
v 14.662083 -18.030138 0.202568
v -14.475189 -18.145176 0.136189
v 14.662082 -17.915096 0.136189
v -14.475189 -17.915092 0.136189
v 14.662083 -21.517088 0.136192
v 14.662084 -21.517088 0.003426
v -14.475189 -21.517084 0.003426
v -14.475190 -21.517084 0.136192
v 14.662084 -21.517088 0.003426
v 14.662084 -21.632130 -0.062954
v -14.475190 -21.632126 -0.062954
v -14.475189 -21.517084 0.003426
v -14.475189 -21.747168 0.003426
v 14.662084 -21.747171 0.003426
v 14.662083 -21.747171 0.136192
v 14.662084 -21.632130 0.202572
v -14.475190 -21.632126 0.202572
v -14.475190 -21.747168 0.136192
v -14.475190 -21.517084 0.136192
v 14.662083 -21.517088 0.136192
v 14.662088 3.696857 0.003429
v 14.662087 3.696857 0.136196
v 14.662088 3.581815 0.069813
v 14.662088 3.581815 -0.062950
v 14.662087 3.466773 0.003429
v 14.662086 3.466773 0.136196
v 14.662088 3.581815 0.202576
v 14.662087 0.094866 0.003429
v 14.662086 0.094866 0.136196
v 14.662087 -0.020176 0.069813
v 14.662087 -0.020176 -0.062950
v 14.662087 -0.135218 0.003429
v 14.662086 -0.135218 0.136196
v 14.662087 -0.020176 0.202576
v -14.475188 0.094870 0.136196
v -14.475187 0.094870 0.003429
v -14.475188 -0.020172 0.069813
v -14.475188 -0.020172 0.202576
v -14.475188 -0.135214 0.136196
v -14.475187 -0.135214 0.003429
v -14.475188 -0.020172 -0.062950
v 14.662089 12.101504 0.003429
v 14.662088 12.101504 0.136196
v 14.662089 11.986462 0.069813
v 14.662089 11.986462 -0.062950
v 14.662089 11.871420 0.003429
v 14.662088 11.871420 0.136196
v 14.662089 11.986462 0.202576
v -14.475188 2.496197 0.136196
v -14.475187 2.496197 0.003429
v -14.475188 2.381156 0.069813
v -14.475188 2.381156 0.202576
v -14.475188 2.266114 0.136196
v -14.475187 2.266114 0.003429
v -14.475188 2.381156 -0.062950
v -14.475189 -7.109116 0.136196
v -14.475188 -7.109116 0.003429
v -14.475189 -7.224158 0.069813
v -14.475189 -7.224158 0.202576
v -14.475189 -7.339200 0.136196
v -14.475188 -7.339200 0.003429
v -14.475189 -7.224158 -0.062950
v -14.475188 1.295532 0.136196
v -14.475187 1.295532 0.003429
v -14.475188 1.180491 0.069813
v -14.475188 1.180491 0.202576
v -14.475188 1.065449 0.136196
v -14.475187 1.065449 0.003429
v -14.475188 1.180491 -0.062950
v -14.475189 -8.309780 0.136196
v -14.475188 -8.309780 0.003429
v -14.475189 -8.424822 0.069813
v -14.475189 -8.424822 0.202576
v -14.475189 -8.539864 0.136196
v -14.475188 -8.539864 0.003429
v -14.475189 -8.424822 -0.062950
v 14.662087 3.466773 0.003429
v 14.662086 3.466773 0.136196
v -14.475188 3.466777 0.136196
v -14.475187 3.466777 0.003429
v 14.871325 -21.606146 -0.347355
v 14.648784 -21.606146 -0.470074
v 14.648789 21.736296 -0.470074
v 14.871330 21.736296 -0.347355
v 14.852758 -21.871471 -0.347355
v 14.633524 -21.845846 -0.470074
v 14.734656 -22.161501 -0.347355
v 14.484717 -22.381836 -0.347355
v 14.550105 -22.052742 -0.470074
v 14.414289 -21.820221 -0.347355
v 14.365555 -21.943979 -0.347355
v 14.383912 -22.197470 -0.470074
v 14.283112 -22.013098 -0.347355
v 14.156934 -22.267168 -0.470074
v 14.179626 -22.477583 -0.347355
v 14.134247 -22.056749 -0.347355
v 14.426243 -21.606146 -0.347355
v 14.426249 21.736296 -0.347355
v 14.414294 21.950371 -0.347355
v 14.633528 21.975996 -0.470076
v 14.365561 22.074129 -0.347355
v 14.283117 22.143248 -0.347355
v 14.550109 22.182890 -0.470076
v 14.383919 22.327616 -0.470076
v 14.734662 22.291651 -0.347355
v 14.852764 22.001621 -0.347355
v 14.484723 22.511986 -0.347355
v 14.179631 22.607733 -0.347355
v 14.156941 22.397314 -0.470076
v 14.134253 22.186899 -0.347355
v 14.426243 -21.606146 -0.347355
v 14.426243 -21.606146 -0.101913
v 14.426249 21.736296 -0.101913
v 14.426249 21.736296 -0.347355
v 14.414289 -21.820221 -0.347355
v 14.414289 -21.820219 -0.101913
v 14.365555 -21.943979 -0.347355
v 14.365555 -21.943977 -0.101913
v 14.414294 21.950369 -0.101913
v 14.414294 21.950371 -0.347355
v 14.365561 22.074127 -0.101913
v 14.365561 22.074129 -0.347355
v 14.662085 -14.313104 0.136196
v 14.662086 -14.313104 0.003429
v -14.475189 -14.313100 0.003429
v -14.475190 -14.313100 0.136196
v 14.662089 16.904163 0.003429
v 14.662089 16.789122 -0.062950
v -14.475186 16.789125 -0.062950
v -14.475185 16.904167 0.003429
v -14.475185 16.674084 0.003429
v 14.662089 16.674080 0.003429
v 14.662088 14.502833 0.136196
v 14.662089 14.502833 0.003429
v -14.475186 14.502837 0.136196
v -14.475185 14.502837 0.003429
v 14.662089 14.272750 0.003429
v -14.475185 14.272754 0.003429
v -14.475186 14.272754 0.136196
v 14.662088 14.272750 0.136196
v 14.662088 4.667439 0.003429
v -14.475186 4.667442 0.003429
v 14.662087 4.667439 0.136196
v -14.475187 4.667442 0.136196
v 14.662088 5.868101 0.003429
v 14.662087 5.868101 0.136196
v -14.475186 5.868105 0.003429
v -14.475187 5.868105 0.136196
v -9.242679 -22.406776 -0.147911
v -9.106613 22.536934 -0.072880
v -9.106619 -22.406776 -0.072880
v -9.242673 22.536934 -0.147911
v -8.970559 -22.406776 -0.147911
v -8.970553 22.536934 -0.147911
v -3.402561 -22.406778 -0.147911
v -3.266501 -22.406778 -0.072880
v -3.266495 22.536932 -0.072880
v -3.402555 22.536932 -0.147911
v -3.130435 22.536932 -0.147911
v -3.130441 -22.406778 -0.147911
v 8.277675 -22.406780 -0.147911
v 8.277680 22.536930 -0.147911
v 8.413734 -22.406780 -0.072880
v 8.413740 22.536930 -0.072880
v 8.549801 22.536930 -0.147911
v 8.549795 -22.406780 -0.147911
v 14.662086 -3.737211 0.003429
v 14.662086 -3.737211 0.136196
v -14.475189 -3.737207 0.136196
v -14.475188 -3.737207 0.003429
v 14.662086 -9.510448 0.136196
v 14.662086 -9.510448 0.003429
v -14.475188 -9.510444 0.003429
v -14.475189 -9.510444 0.136196
v 14.662086 0.094866 0.136196
v 14.662087 0.094866 0.003429
v -14.475187 0.094870 0.003429
v -14.475188 0.094870 0.136196
v 14.662088 8.269429 0.003429
v -14.475186 8.269433 0.003429
v 14.662087 8.269429 0.136196
v -14.475187 8.269433 0.136196
v 14.662088 12.101504 0.136196
v 14.662089 12.101504 0.003429
v -14.475186 12.101508 0.136196
v -14.475185 12.101508 0.003429
v 14.662087 2.266110 0.003429
v -14.475187 2.266114 0.003429
v 14.662086 2.266110 0.136196
v -14.475188 2.266114 0.136196
v 14.662088 9.470093 0.003429
v -14.475187 9.470097 0.136196
v -14.475186 9.470097 0.003429
v 14.662087 9.470093 0.136196
v 14.662086 -7.339204 0.003429
v 14.662086 -7.339204 0.136196
v -14.475189 -7.339200 0.136196
v -14.475188 -7.339200 0.003429
v 14.662086 1.295529 0.136196
v -14.475188 1.295532 0.136196
v -14.475187 1.295532 0.003429
v 14.662087 1.295529 0.003429
v 14.662087 1.065445 0.003429
v 14.662086 1.065445 0.136196
v -14.475188 1.065449 0.136196
v -14.475187 1.065449 0.003429
v 14.662087 -1.335883 0.003429
v -14.475188 -1.335879 0.136196
v 14.662086 -1.335883 0.136196
v -14.475187 -1.335879 0.003429
v 14.662086 -13.342524 0.003429
v 14.662085 -13.342524 0.136196
v -14.475190 -13.342520 0.136196
v -14.475189 -13.342520 0.003429
v 14.662086 -8.309784 0.136196
v -14.475188 -8.309780 0.003429
v -14.475189 -8.309780 0.136196
v 14.662086 -8.309784 0.003429
v 14.662086 -6.138540 0.003429
v 14.662086 -6.138540 0.136196
v -14.475188 -6.138536 0.003429
v -14.475189 -6.138536 0.136196
v 14.662086 -4.937876 0.003429
v 14.662086 -4.937876 0.136196
v -14.475189 -4.937872 0.136196
v -14.475188 -4.937872 0.003429
v 14.662090 20.276072 0.003429
v 14.662089 20.276072 0.136196
v -14.475185 20.276075 0.136196
v -14.475184 20.276075 0.003429
v -8.970553 22.536934 -0.147911
v -8.970553 22.536934 -0.297974
v -9.106613 22.536934 -0.222942
v -9.106613 22.536934 -0.072880
v -9.242673 22.536934 -0.147911
v -9.242673 22.536934 -0.297974
v -9.106613 22.536934 -0.373005
v -3.130435 22.536932 -0.147911
v -3.130435 22.536932 -0.297974
v -3.266495 22.536932 -0.222942
v -3.266495 22.536932 -0.072880
v -3.402555 22.536932 -0.147911
v -3.402555 22.536932 -0.297974
v -3.266495 22.536932 -0.373005
v 8.549801 22.536930 -0.147911
v 8.549801 22.536930 -0.297974
v 8.413740 22.536930 -0.222942
v 8.413740 22.536930 -0.072880
v 8.277680 22.536930 -0.147911
v 8.277680 22.536930 -0.297974
v 8.413740 22.536930 -0.373005
v 14.662090 21.476736 0.003429
v -14.475185 21.476740 0.136196
v -14.475184 21.476740 0.003429
v 14.662089 21.476736 0.136196
v 14.662085 -20.316425 0.003429
v 14.662084 -20.316425 0.136196
v 14.662085 -20.431467 0.069813
v 14.662085 -20.431467 -0.062950
v 14.662085 -20.546509 0.003429
v 14.662084 -20.546509 0.136196
v 14.662085 -20.431467 0.202576
v 14.662085 -19.115761 0.003429
v 14.662084 -19.115761 0.136196
v 14.662085 -19.230803 0.069813
v 14.662085 -19.230803 -0.062950
v 14.662085 -19.345844 0.003429
v 14.662084 -19.345844 0.136196
v 14.662085 -19.230803 0.202576
v 14.662086 -16.714432 0.003429
v 14.662085 -16.714432 0.136196
v 14.662086 -16.829473 0.069813
v 14.662086 -16.829473 -0.062950
v 14.662086 -16.944515 0.003429
v 14.662085 -16.944515 0.136196
v 14.662086 -16.829473 0.202576
v 14.662085 -17.915096 0.003429
v 14.662084 -17.915096 0.136196
v 14.662085 -18.030138 0.069813
v 14.662085 -18.030138 -0.062950
v 14.662085 -18.145180 0.003429
v 14.662084 -18.145180 0.136196
v 14.662085 -18.030138 0.202576
v 14.662084 -20.316425 0.136196
v 14.662085 -20.316425 0.003429
v -14.475190 -20.316422 0.003429
v -14.475191 -20.316422 0.136196
v 14.662084 -19.115761 0.136196
v 14.662085 -19.115761 0.003429
v -14.475190 -19.115757 0.003429
v -14.475191 -19.115757 0.136196
v 14.662085 -16.714432 0.136196
v 14.662086 -16.714432 0.003429
v -14.475189 -16.714428 0.003429
v -14.475190 -16.714428 0.136196
v 14.662086 -15.743852 0.003429
v 14.662085 -15.743852 0.136196
v -14.475190 -15.743848 0.136196
v -14.475189 -15.743848 0.003429
v 14.662084 -17.915096 0.136196
v -14.475190 -17.915092 0.003429
v -14.475191 -17.915092 0.136196
v 14.662085 -17.915096 0.003429
v 13.903781 -22.492189 -0.101913
v -13.856563 -22.492184 -0.101913
v -13.856563 -22.492188 -0.347355
v 13.903781 -22.492191 -0.347355
v 14.179626 -22.477583 -0.347355
v 13.903781 -22.279512 0.020805
v 14.179625 -22.477581 -0.101913
v 14.156934 -22.267168 0.020805
v 14.484717 -22.381836 -0.347355
v 14.484716 -22.381836 -0.101913
v 14.734656 -22.161501 -0.347355
v 14.734655 -22.161501 -0.101913
v 14.156934 -22.267168 -0.470074
v 13.903781 -22.279512 -0.470076
v -14.112835 -22.473429 -0.101913
v -14.112835 -22.473433 -0.347355
v -13.856563 -22.279509 -0.470076
v -14.082813 -22.264738 -0.470074
v -14.395409 -22.354908 -0.347355
v -14.395408 -22.354906 -0.101913
v -14.597157 -22.117842 -0.101913
v -14.597157 -22.117842 -0.347355
v -14.082813 -22.264738 0.020805
v -13.856563 -22.279509 0.020805
v 13.903781 -22.492191 -0.347355
v -13.856563 -22.492188 -0.347355
v -13.856563 -22.279509 -0.470076
v 13.903781 -22.279512 -0.470076
v -13.856563 -22.066833 -0.347355
v 13.903781 -22.066835 -0.347355
v 13.903781 -22.066835 -0.347355
v -13.856563 -22.066833 -0.347355
v -13.856563 -22.066830 -0.101913
v 13.903781 -22.066833 -0.101913
v 14.134247 -22.056747 -0.101913
v 13.903781 -22.279512 -0.470076
v 14.134247 -22.056749 -0.347355
v 14.283112 -22.013098 -0.347355
v 14.283112 -22.013098 -0.101913
v 14.156934 -22.267168 -0.470074
v 14.365555 -21.943977 -0.101913
v 14.365555 -21.943979 -0.347355
v 14.156934 -22.267168 0.020805
v 13.903781 -22.279512 0.020805
v -14.052794 -22.056044 -0.347355
v -14.052794 -22.056042 -0.101913
v -13.856563 -22.279509 0.020805
v -14.082813 -22.264738 0.020805
v -14.148128 -22.016058 -0.101913
v -14.148129 -22.016060 -0.347355
v -14.199637 -21.945272 -0.347355
v -14.199636 -21.945272 -0.101913
v -14.082813 -22.264738 -0.470074
v -13.856563 -22.279509 -0.470076
v 13.903781 -22.066833 -0.101913
v -13.856563 -22.066830 -0.101913
v -13.856563 -22.279509 0.020805
v 13.903781 -22.279512 0.020805
v -13.856563 -22.492184 -0.101913
v 13.903781 -22.492189 -0.101913
vn 1.0000 -0.0000 -0.0000
vn -0.0000 -1.0000 -0.0000
vn -0.0000 -0.8659 -0.5002
vn -0.0000 -0.8659 0.5002
vn -1.0000 -0.0000 -0.0000
vn -0.0000 0.8659 -0.5003
vn -0.0000 -0.0000 -1.0000
vn -0.0000 0.8659 -0.5002
vn -0.0000 -0.0000 1.0000
vn -0.0000 -0.8659 0.5001
vn -0.0000 0.8659 0.5003
vn -0.0000 0.8659 0.5001
vn -0.0000 0.8659 0.5002
vn 0.8559 -0.0003 -0.5172
vn 0.8559 -0.0003 0.5171
vn 0.8620 -0.2068 0.4628
vn 0.8559 0.0003 -0.5171
vn 0.8559 0.0003 0.5172
vn 0.8620 -0.2068 -0.4628
vn 0.7354 -0.5274 0.4255
vn 0.7354 -0.5274 -0.4255
vn 0.8620 0.2069 -0.4628
vn 0.8620 0.2069 0.4628
vn 0.7354 0.5274 -0.4255
vn 0.7354 0.5274 0.4255
vn 0.8558 -0.0000 0.5173
vn 0.8558 -0.0000 -0.5173
vn 0.0003 0.8660 -0.5001
vn -0.0001 0.0005 -1.0000
vn -0.0006 0.8660 -0.5001
vn -0.0000 -0.8658 -0.5005
vn -0.0003 -0.8658 -0.5004
vn -0.0001 -0.0000 -1.0000
vn 0.8557 0.0002 -0.5175
vn 0.8223 0.1144 -0.5575
vn -0.0002 -0.0000 -1.0000
vn 0.8557 -0.0002 -0.5175
vn -0.0876 0.0228 -0.9959
vn 0.8223 -0.1143 -0.5575
vn -0.1537 0.0953 -0.9835
vn 0.7252 -0.3262 -0.6064
vn -0.1318 0.1743 -0.9758
vn 0.4673 -0.6177 -0.6325
vn -0.0455 0.1316 -0.9903
vn 0.1537 -0.8101 -0.5657
vn -0.2161 0.8715 -0.4403
vn -0.5378 0.7346 -0.4137
vn -0.7906 0.4333 -0.4327
vn -0.8671 0.1527 -0.4741
vn -0.8558 0.0002 -0.5173
vn -0.8558 -0.0002 -0.5173
vn -0.0877 -0.0228 -0.9959
vn -0.8671 -0.1526 -0.4741
vn -0.1536 -0.0952 -0.9835
vn -0.7906 -0.4333 -0.4327
vn -0.1318 -0.1743 -0.9758
vn -0.5378 -0.7346 -0.4137
vn -0.0455 -0.1316 -0.9903
vn -0.2161 -0.8715 -0.4403
vn 0.1537 0.8102 -0.5657
vn 0.4673 0.6177 -0.6325
vn 0.7251 0.3263 -0.6064
vn 0.0005 0.8660 0.5000
vn 0.0264 0.0984 0.9948
vn 0.1624 0.8756 0.4549
vn 0.0005 0.8661 -0.4999
vn -0.0000 0.0004 1.0000
vn -0.0006 0.8661 -0.4999
vn -0.0006 0.8661 0.4999
vn -0.2161 0.8716 -0.4401
vn -0.2161 0.8716 0.4400
vn -0.0001 0.0005 1.0000
vn -0.0455 0.1318 0.9902
vn -0.5378 0.7346 0.4137
vn -0.7906 0.4333 -0.4326
vn -0.7906 0.4333 0.4326
vn -0.0455 0.1317 -0.9902
vn -0.0000 0.0004 -1.0000
vn 0.1624 0.8756 -0.4548
vn -0.0000 0.0003 -1.0000
vn 0.0264 0.0983 -0.9948
vn 0.4452 0.7889 0.4236
vn 0.4452 0.7889 -0.4236
vn -0.0003 -0.8659 0.5003
vn -0.0003 -0.8658 -0.5003
vn -0.1240 -0.8299 -0.5439
vn 0.0004 -0.8658 0.5003
vn 0.0004 -0.8659 -0.5003
vn 0.0265 0.0984 -0.9948
vn 0.0001 0.0005 -1.0000
vn -0.1255 -0.8297 0.5439
vn -0.3619 -0.7172 -0.5955
vn -0.3619 -0.7172 0.5955
vn -0.6480 -0.4489 -0.6153
vn -0.6480 -0.4489 0.6153
vn 0.0265 0.0984 0.9948
vn 0.1537 -0.8103 0.5655
vn 0.1538 -0.8102 -0.5656
vn -0.0001 0.0006 -1.0000
vn 0.4673 -0.6178 0.6324
vn 0.4673 -0.6178 -0.6325
vn 0.7252 -0.3262 0.6063
vn 0.7252 -0.3263 -0.6063
vn -0.0000 0.0005 1.0000
vn -0.0455 0.1318 -0.9902
vn -0.0002 -0.8658 0.5003
vn 0.0004 -0.8658 0.5004
vn -0.0005 0.8660 0.5000
vn 0.0004 0.8660 0.5000
vn 0.8558 0.0002 -0.5174
vn 0.8557 0.0002 0.5174
vn 0.8223 0.1143 0.5574
vn 0.8557 -0.0002 -0.5174
vn 0.8558 -0.0002 0.5174
vn 0.8223 -0.1144 -0.5574
vn 0.8223 -0.1143 0.5574
vn 0.7252 -0.3263 0.6063
vn 0.8223 0.1144 -0.5574
vn 0.7252 0.3263 0.6063
vn 0.7252 0.3263 -0.6063
vn -0.0002 -0.0000 1.0000
vn -0.8559 -0.0002 0.5172
vn -0.8672 -0.1527 0.4740
vn -0.8559 0.0002 0.5172
vn -0.0876 -0.0228 0.9959
vn -0.7906 -0.4333 0.4326
vn -0.1537 -0.0953 0.9835
vn -0.5378 -0.7346 0.4136
vn 0.7252 0.3262 0.6064
vn -0.1318 -0.1744 0.9758
vn 0.4673 0.6178 0.6324
vn -0.0455 -0.1317 0.9903
vn -0.2161 -0.8716 0.4401
vn 0.1537 0.8102 0.5656
vn 0.8558 0.0002 0.5174
vn 0.8557 -0.0002 0.5174
vn -0.0877 0.0228 0.9959
vn -0.1537 0.0952 0.9835
vn -0.1318 0.1743 0.9758
vn 0.1537 -0.8102 0.5656
vn -0.0455 0.1317 0.9903
vn -0.5378 0.7346 0.4136
vn -0.2161 0.8716 0.4401
vn -0.8672 0.1526 0.4740
vn -0.8559 -0.0003 0.5172
vn -0.8559 -0.0003 -0.5172
vn -0.8672 -0.1527 -0.4740
vn -0.8559 0.0003 0.5172
vn -0.8559 0.0002 -0.5172
vn -0.7906 -0.4333 -0.4326
vn -0.8672 0.1527 0.4740
vn -0.8672 0.1526 -0.4740
vn -0.8558 -0.0000 -0.5173
vn -0.8558 -0.0000 0.5173
vn 0.0003 -0.0000 1.0000
vn -0.8557 0.0003 0.5174
vn -0.8076 0.1546 0.5691
vn 0.0002 -0.0000 1.0000
vn -0.8558 -0.0002 0.5174
vn 0.1081 -0.0368 0.9935
vn -0.6480 0.4489 0.6153
vn 0.1547 -0.1176 0.9809
vn -0.3620 0.7172 0.5955
vn 0.0971 -0.1568 0.9829
vn -0.1240 0.8299 0.5440
vn 0.4452 -0.7889 0.4236
vn 0.0264 -0.0982 0.9948
vn 0.1624 -0.8756 0.4549
vn 0.8559 -0.0003 0.5172
vn 0.8620 0.2068 0.4628
vn 0.1081 0.0368 0.9935
vn 0.1548 0.1176 0.9809
vn 0.0971 0.1567 0.9829
vn -0.8076 -0.1545 0.5691
vn -0.3620 -0.7172 0.5955
vn 0.0264 0.0983 0.9948
vn -0.1240 -0.8299 0.5440
vn 0.1624 0.8756 0.4550
vn 0.0002 -0.8659 -0.5002
vn 0.0003 -0.0000 -1.0000
vn 0.8559 0.0003 -0.5172
vn 0.1081 -0.0368 -0.9935
vn 0.1548 -0.1176 -0.9809
vn 0.4452 -0.7889 -0.4236
vn -0.8076 0.1545 -0.5691
vn -0.6480 0.4489 -0.6153
vn 0.0970 -0.1568 -0.9829
vn -0.3620 0.7172 -0.5955
vn 0.0264 -0.0983 -0.9948
vn 0.1624 -0.8756 -0.4549
vn -0.1240 0.8299 -0.5440
vn -0.8557 0.0002 -0.5174
vn -0.8557 -0.0002 -0.5174
vn -0.8076 -0.1546 -0.5690
vn 0.1081 0.0368 -0.9935
vn -0.3620 -0.7172 -0.5955
vn 0.1547 0.1176 -0.9809
vn 0.0970 0.1567 -0.9829
vn 0.8620 0.2068 -0.4628
vn 0.0264 0.0982 -0.9948
vn 0.1624 0.8756 -0.4549
vn -0.1240 -0.8298 -0.5440
vn -0.8557 0.0004 0.5174
vn -0.8557 0.0003 -0.5174
vn -0.8076 0.1547 -0.5691
vn -0.8557 -0.0003 0.5174
vn -0.8076 0.1546 0.5692
vn -0.8076 -0.1546 0.5691
vn -0.8076 -0.1547 -0.5691
vn -0.0000 1.0000 -0.0000
vn 0.0005 -0.8661 0.4999
vn -0.0006 -0.8661 0.4999
vn -0.0006 -0.8661 -0.4999
vn 0.0005 -0.8661 -0.4999
vn 0.1624 -0.8756 -0.4548
vn 0.1624 -0.8757 0.4548
vn -0.0000 -0.0004 1.0000
vn 0.0264 -0.0984 0.9948
vn -0.0000 -0.0004 -1.0000
vn -0.2161 -0.8716 0.4400
vn -0.2161 -0.8716 -0.4400
vn -0.0001 -0.0005 -1.0000
vn -0.0455 -0.1318 -0.9902
vn -0.5378 -0.7346 0.4137
vn -0.0455 -0.1317 0.9902
vn -0.0000 -0.0005 1.0000
vn 0.0004 -0.8660 -0.5000
vn -0.0006 -0.8660 -0.5000
vn 0.0004 0.8658 -0.5004
vn -0.0002 0.8658 -0.5003
vn -0.0003 0.8659 -0.5003
vn 0.0004 0.8658 -0.5003
vn 0.0004 0.8659 0.5003
vn -0.0003 0.8659 0.5003
vn -0.1240 0.8299 0.5439
vn -0.1255 0.8297 -0.5439
vn 0.0265 -0.0984 -0.9948
vn 0.0265 -0.0984 0.9948
vn 0.0001 -0.0003 1.0000
vn 0.1537 0.8103 -0.5656
vn -0.0455 -0.1318 0.9902
vn 0.4674 0.6177 -0.6324
vn 0.7252 0.3262 -0.6063
vn 0.7252 0.3262 0.6063
vn -0.0000 -0.0005 -1.0000
vn -0.0003 0.8658 0.5004
vn 0.0003 0.8658 0.5004
vn -0.0001 -0.0005 1.0000
vn -0.0006 -0.8660 0.5000
vn 0.0003 -0.8660 0.5000
vt 0.803736 0.619048
vt 0.803736 0.619694
vt 0.804296 0.619371
vt 0.804296 0.618724
vt 0.804857 0.619048
vt 0.804857 0.619694
vt 0.804296 0.620018
vt 0.008566 0.955423
vt 0.008566 0.954692
vt 0.007904 0.955057
vt 0.007904 0.955788
vt 0.007241 0.955423
vt 0.007241 0.954692
vt 0.007904 0.954326
vt 0.175106 0.949905
vt 0.175106 0.949174
vt 0.174443 0.949540
vt 0.174443 0.950270
vt 0.173781 0.949905
vt 0.173781 0.949174
vt 0.174443 0.948809
vt 0.023048 0.954990
vt 0.023048 0.954260
vt 0.022385 0.954625
vt 0.022385 0.955356
vt 0.021723 0.954990
vt 0.021723 0.954260
vt 0.022385 0.953894
vt 0.753050 0.153526
vt 0.753697 0.153526
vt 0.753697 0.011610
vt 0.753050 0.011610
vt 0.637196 0.551054
vt 0.637196 0.551700
vt 0.637756 0.551377
vt 0.637756 0.550730
vt 0.638317 0.551054
vt 0.638317 0.551700
vt 0.637756 0.552023
vt 0.615474 0.256178
vt 0.616034 0.256178
vt 0.616034 0.114262
vt 0.615474 0.114262
vt 0.616594 0.114262
vt 0.616594 0.256178
vt 0.217226 0.149643
vt 0.217873 0.149643
vt 0.217873 0.007726
vt 0.217226 0.007726
vt 0.877265 0.570631
vt 0.876705 0.570631
vt 0.876705 0.712547
vt 0.877265 0.712547
vt 0.876145 0.712547
vt 0.876145 0.570631
vt 0.955794 0.568821
vt 0.956441 0.568821
vt 0.956441 0.426905
vt 0.955794 0.426905
vt 0.651678 0.572593
vt 0.651678 0.573239
vt 0.652238 0.572916
vt 0.652238 0.572270
vt 0.652799 0.572593
vt 0.652799 0.573239
vt 0.652238 0.573563
vt 0.645558 0.333128
vt 0.644997 0.333128
vt 0.644997 0.475044
vt 0.645558 0.475044
vt 0.644437 0.475044
vt 0.644437 0.333128
vt 0.637196 0.569516
vt 0.637196 0.570163
vt 0.637757 0.569839
vt 0.637757 0.569193
vt 0.638317 0.569516
vt 0.638317 0.570163
vt 0.637757 0.570486
vt 0.629955 0.551054
vt 0.629955 0.551700
vt 0.630516 0.551377
vt 0.630516 0.550730
vt 0.631076 0.551054
vt 0.631076 0.551700
vt 0.630516 0.552023
vt 0.644437 0.544900
vt 0.644437 0.545546
vt 0.644997 0.545223
vt 0.644997 0.544576
vt 0.645558 0.544900
vt 0.645558 0.545546
vt 0.644997 0.545869
vt 0.651678 0.554131
vt 0.651678 0.554777
vt 0.652238 0.554454
vt 0.652238 0.553807
vt 0.652798 0.554131
vt 0.652798 0.554777
vt 0.652238 0.555100
vt 0.637196 0.547976
vt 0.637196 0.548623
vt 0.637756 0.548300
vt 0.637756 0.547653
vt 0.638317 0.547976
vt 0.638317 0.548623
vt 0.637756 0.548946
vt 0.637196 0.563362
vt 0.637196 0.564008
vt 0.637756 0.563685
vt 0.637756 0.563038
vt 0.638317 0.563362
vt 0.638317 0.564008
vt 0.637756 0.564332
vt 0.629955 0.541822
vt 0.629955 0.542469
vt 0.630516 0.542146
vt 0.630516 0.541499
vt 0.631076 0.541822
vt 0.631076 0.542469
vt 0.630516 0.542792
vt 0.644437 0.557208
vt 0.644437 0.557854
vt 0.644997 0.557531
vt 0.644997 0.556884
vt 0.645558 0.557208
vt 0.645558 0.557854
vt 0.644997 0.558178
vt 0.651678 0.544899
vt 0.651678 0.545546
vt 0.652238 0.545223
vt 0.652238 0.544576
vt 0.652798 0.544899
vt 0.652798 0.545546
vt 0.652238 0.545869
vt 0.637196 0.572593
vt 0.637196 0.573240
vt 0.637757 0.572916
vt 0.637757 0.572270
vt 0.638317 0.572593
vt 0.638317 0.573240
vt 0.637757 0.573563
vt 0.803736 0.594431
vt 0.803736 0.595078
vt 0.804296 0.594754
vt 0.804296 0.594108
vt 0.804857 0.594431
vt 0.804857 0.595078
vt 0.804296 0.595401
vt 0.637196 0.566439
vt 0.637196 0.567086
vt 0.637756 0.566762
vt 0.637756 0.566115
vt 0.638317 0.566439
vt 0.638317 0.567086
vt 0.637756 0.567409
vt 0.637196 0.554131
vt 0.637196 0.554777
vt 0.637756 0.554454
vt 0.637756 0.553807
vt 0.638317 0.554131
vt 0.638317 0.554777
vt 0.637756 0.555101
vt 0.644437 0.563362
vt 0.644437 0.564008
vt 0.644997 0.563685
vt 0.644997 0.563038
vt 0.645558 0.563362
vt 0.645558 0.564008
vt 0.644997 0.564332
vt 0.883386 0.425094
vt 0.883946 0.425094
vt 0.883946 0.283178
vt 0.883386 0.283178
vt 0.884506 0.283178
vt 0.884506 0.425094
vt 0.803736 0.628279
vt 0.803736 0.628925
vt 0.804296 0.628602
vt 0.804296 0.627955
vt 0.804857 0.628279
vt 0.804857 0.628925
vt 0.804296 0.629249
vt 0.803736 0.597508
vt 0.803736 0.598155
vt 0.804296 0.597831
vt 0.804296 0.597185
vt 0.804857 0.597508
vt 0.804857 0.598155
vt 0.804296 0.598478
vt 0.774773 0.762096
vt 0.774773 0.762743
vt 0.775333 0.762420
vt 0.775333 0.761773
vt 0.775893 0.762096
vt 0.775893 0.762743
vt 0.775333 0.763067
vt 0.775419 0.577777
vt 0.774773 0.577777
vt 0.774773 0.719693
vt 0.775419 0.719693
vt 0.419970 0.256178
vt 0.420531 0.256178
vt 0.420531 0.114262
vt 0.419970 0.114262
vt 0.421091 0.114262
vt 0.421091 0.256178
vt 0.884506 0.570631
vt 0.883946 0.570631
vt 0.883946 0.712547
vt 0.884506 0.712547
vt 0.883386 0.712547
vt 0.883386 0.570631
vt 0.949200 0.283178
vt 0.948553 0.425095
vt 0.949200 0.425095
vt 0.948553 0.283178
vt 0.884506 0.426905
vt 0.883946 0.426905
vt 0.883946 0.568821
vt 0.884506 0.568821
vt 0.883386 0.568821
vt 0.883386 0.426905
vt 0.514101 0.256179
vt 0.514662 0.256179
vt 0.514662 0.114262
vt 0.514101 0.114262
vt 0.515222 0.114262
vt 0.515222 0.256179
vt 0.108613 0.149700
vt 0.109260 0.149700
vt 0.109260 0.007783
vt 0.108613 0.007783
vt 0.587631 0.114262
vt 0.587070 0.114262
vt 0.587070 0.256178
vt 0.587631 0.256178
vt 0.586510 0.256178
vt 0.586510 0.114262
vt 0.992645 0.714357
vt 0.991999 0.714357
vt 0.991999 0.856274
vt 0.992645 0.856274
vt 0.897867 0.568821
vt 0.898428 0.426904
vt 0.897867 0.426904
vt 0.898428 0.568821
vt 0.898988 0.568821
vt 0.898988 0.426904
vt 0.529704 0.114262
vt 0.529144 0.114262
vt 0.529144 0.256179
vt 0.529704 0.256179
vt 0.528583 0.256179
vt 0.528583 0.114262
vt 0.441693 0.256178
vt 0.442253 0.114262
vt 0.441693 0.114262
vt 0.442253 0.256178
vt 0.442813 0.114262
vt 0.442813 0.256178
vt 0.891747 0.570630
vt 0.891187 0.712547
vt 0.891747 0.712547
vt 0.891187 0.570630
vt 0.890626 0.712547
vt 0.890626 0.570630
vt 0.884506 0.139452
vt 0.883946 0.139452
vt 0.883946 0.281368
vt 0.884506 0.281368
vt 0.883386 0.281368
vt 0.883386 0.139452
vt 0.774773 0.731325
vt 0.774773 0.731972
vt 0.775333 0.731649
vt 0.775333 0.731002
vt 0.775893 0.731325
vt 0.775893 0.731972
vt 0.775333 0.732295
vt 0.651678 0.566439
vt 0.651678 0.567085
vt 0.652238 0.566762
vt 0.652238 0.566115
vt 0.652798 0.566439
vt 0.652798 0.567085
vt 0.652238 0.567409
vt 0.471777 0.114262
vt 0.471217 0.114262
vt 0.471217 0.256178
vt 0.471777 0.256178
vt 0.470656 0.256178
vt 0.470656 0.114262
vt 0.774773 0.746711
vt 0.774773 0.747358
vt 0.775333 0.747035
vt 0.775333 0.746388
vt 0.775893 0.746711
vt 0.775893 0.747358
vt 0.775333 0.747681
vt 0.803736 0.603662
vt 0.803736 0.604309
vt 0.804296 0.603986
vt 0.804296 0.603339
vt 0.804857 0.603662
vt 0.804857 0.604309
vt 0.804296 0.604632
vt 0.629955 0.572593
vt 0.629955 0.573239
vt 0.630516 0.572916
vt 0.630516 0.572270
vt 0.631076 0.572593
vt 0.631076 0.573239
vt 0.630516 0.573563
vt 0.637196 0.557208
vt 0.637196 0.557854
vt 0.637756 0.557531
vt 0.637756 0.556884
vt 0.638317 0.557208
vt 0.638317 0.557854
vt 0.637756 0.558177
vt 0.774773 0.759019
vt 0.774773 0.759666
vt 0.775333 0.759343
vt 0.775333 0.758696
vt 0.775893 0.759019
vt 0.775893 0.759666
vt 0.775333 0.759989
vt 0.774773 0.734402
vt 0.774773 0.735049
vt 0.775333 0.734726
vt 0.775333 0.734079
vt 0.775893 0.734402
vt 0.775893 0.735049
vt 0.775333 0.735373
vt 0.775419 0.005892
vt 0.774773 0.147808
vt 0.775419 0.147808
vt 0.774773 0.005892
vt 0.398248 0.256178
vt 0.398808 0.256178
vt 0.398808 0.114262
vt 0.398248 0.114262
vt 0.399368 0.114262
vt 0.399368 0.256178
vt 0.434452 0.256178
vt 0.435012 0.114262
vt 0.434452 0.114262
vt 0.435012 0.256178
vt 0.435573 0.256178
vt 0.435573 0.114262
vt 0.202744 0.149643
vt 0.203391 0.149643
vt 0.203391 0.007726
vt 0.202744 0.007726
vt 0.638317 0.333128
vt 0.637756 0.333128
vt 0.637756 0.475044
vt 0.638317 0.475044
vt 0.637196 0.475044
vt 0.637196 0.333128
vt 0.949200 0.139452
vt 0.948553 0.139452
vt 0.948553 0.281368
vt 0.949200 0.281368
vt 0.477897 0.256178
vt 0.478458 0.256178
vt 0.478458 0.114262
vt 0.477897 0.114262
vt 0.479018 0.114262
vt 0.479018 0.256178
vt 0.551426 0.114262
vt 0.550866 0.256178
vt 0.551426 0.256178
vt 0.550866 0.114262
vt 0.550306 0.256178
vt 0.550306 0.114262
vt 0.811624 0.047118
vt 0.810977 0.189034
vt 0.811624 0.189034
vt 0.810977 0.047118
vt 0.774773 0.749788
vt 0.774773 0.750435
vt 0.775333 0.750111
vt 0.775333 0.749465
vt 0.775893 0.749788
vt 0.775893 0.750435
vt 0.775333 0.750758
vt 0.803736 0.591354
vt 0.803736 0.592001
vt 0.804296 0.591677
vt 0.804296 0.591031
vt 0.804857 0.591354
vt 0.804857 0.592001
vt 0.804296 0.592324
vt 0.803736 0.585200
vt 0.803736 0.585846
vt 0.804296 0.585523
vt 0.804296 0.584877
vt 0.804857 0.585200
vt 0.804857 0.585846
vt 0.804296 0.586170
vt 0.782013 0.579918
vt 0.782013 0.580564
vt 0.782574 0.580241
vt 0.782574 0.579594
vt 0.783134 0.579918
vt 0.783134 0.580564
vt 0.782574 0.580888
vt 0.644437 0.569516
vt 0.644437 0.570162
vt 0.644997 0.569839
vt 0.644997 0.569193
vt 0.645558 0.569516
vt 0.645558 0.570162
vt 0.644997 0.570486
vt 0.803736 0.609817
vt 0.803736 0.610463
vt 0.804296 0.610140
vt 0.804296 0.609493
vt 0.804857 0.609817
vt 0.804857 0.610463
vt 0.804296 0.610787
vt 0.774773 0.737480
vt 0.774773 0.738126
vt 0.775333 0.737803
vt 0.775333 0.737156
vt 0.775893 0.737480
vt 0.775893 0.738126
vt 0.775333 0.738450
vt 0.803736 0.615971
vt 0.803736 0.616617
vt 0.804296 0.616294
vt 0.804296 0.615647
vt 0.804857 0.615971
vt 0.804857 0.616617
vt 0.804296 0.616941
vt 0.774773 0.743634
vt 0.774773 0.744281
vt 0.775333 0.743957
vt 0.775333 0.743311
vt 0.775893 0.743634
vt 0.775893 0.744281
vt 0.775333 0.744604
vt 0.803736 0.631356
vt 0.803736 0.632003
vt 0.804296 0.631679
vt 0.804296 0.631032
vt 0.804857 0.631356
vt 0.804857 0.632003
vt 0.804296 0.632326
vt 0.803736 0.606740
vt 0.803736 0.607386
vt 0.804296 0.607063
vt 0.804296 0.606416
vt 0.804857 0.606740
vt 0.804857 0.607386
vt 0.804296 0.607709
vt 0.718041 0.367026
vt 0.716846 0.367026
vt 0.716846 0.368318
vt 0.718041 0.155922
vt 0.716846 0.155922
vt 0.718041 0.368318
vt 0.716846 0.369731
vt 0.718041 0.369731
vt 0.718041 0.154630
vt 0.716846 0.154630
vt 0.718041 0.153217
vt 0.716846 0.153217
vt 0.847181 0.556155
vt 0.847912 0.337252
vt 0.847181 0.337252
vt 0.847912 0.556155
vt 0.470656 0.475044
vt 0.471692 0.475044
vt 0.471692 0.339835
vt 0.470656 0.339835
vt 0.472728 0.339835
vt 0.472728 0.475044
vt 0.183038 0.512126
vt 0.181954 0.512126
vt 0.181914 0.513114
vt 0.183038 0.301022
vt 0.181954 0.301022
vt 0.182990 0.299943
vt 0.181914 0.300034
vt 0.182705 0.298950
vt 0.181737 0.299370
vt 0.182088 0.298200
vt 0.181486 0.299025
vt 0.181168 0.297814
vt 0.181022 0.298831
vt 0.181314 0.296798
vt 0.182690 0.297375
vt 0.183673 0.298530
vt 0.184065 0.299853
vt 0.184122 0.301022
vt 0.184122 0.512126
vt 0.182990 0.513204
vt 0.184065 0.513295
vt 0.182705 0.514198
vt 0.183673 0.514618
vt 0.182088 0.514948
vt 0.182690 0.515773
vt 0.181168 0.515334
vt 0.181314 0.516350
vt 0.181022 0.514317
vt 0.181486 0.514122
vt 0.181737 0.513778
vt 0.219019 0.804291
vt 0.219617 0.803058
vt 0.219019 0.802948
vt 0.217824 0.804291
vt 0.219617 0.804291
vt 0.217824 0.939501
vt 0.219019 0.939501
vt 0.217824 0.940749
vt 0.219019 0.940749
vt 0.219617 0.939501
vt 0.219617 0.940603
vt 0.217824 0.942126
vt 0.219019 0.942126
vt 0.217824 0.943108
vt 0.219019 0.943108
vt 0.217226 0.940603
vt 0.217226 0.939501
vt 0.217824 0.802948
vt 0.217226 0.804291
vt 0.217226 0.803058
vt 0.219019 0.801462
vt 0.217824 0.801462
vt 0.219019 0.800245
vt 0.217824 0.800245
vt 0.450727 0.472795
vt 0.449531 0.472795
vt 0.449531 0.473918
vt 0.450727 0.337586
vt 0.449531 0.337586
vt 0.448934 0.474028
vt 0.448934 0.472795
vt 0.450727 0.473918
vt 0.449531 0.474643
vt 0.450727 0.474643
vt 0.449531 0.475044
vt 0.450727 0.475044
vt 0.451325 0.472795
vt 0.451325 0.474028
vt 0.450727 0.336630
vt 0.449531 0.336630
vt 0.448934 0.337586
vt 0.451325 0.336484
vt 0.450727 0.336166
vt 0.449531 0.336166
vt 0.450727 0.335915
vt 0.449531 0.335915
vt 0.451325 0.337586
vt 0.448934 0.336484
vt 0.530655 0.339835
vt 0.529619 0.339835
vt 0.529619 0.475044
vt 0.530655 0.475044
vt 0.528583 0.475044
vt 0.528583 0.339835
vt 0.941959 0.714357
vt 0.941312 0.856274
vt 0.941959 0.856274
vt 0.941312 0.714357
vt 0.803736 0.588277
vt 0.803736 0.588924
vt 0.804296 0.588600
vt 0.804296 0.587954
vt 0.804857 0.588277
vt 0.804857 0.588924
vt 0.804296 0.589247
vt 0.854422 0.779287
vt 0.855153 0.779287
vt 0.855153 0.560384
vt 0.854422 0.560384
vt 0.629955 0.547976
vt 0.629955 0.548623
vt 0.630516 0.548300
vt 0.630516 0.547653
vt 0.631076 0.547976
vt 0.631076 0.548623
vt 0.630516 0.548946
vt 0.782013 0.576841
vt 0.782013 0.577487
vt 0.782574 0.577164
vt 0.782574 0.576517
vt 0.783134 0.576841
vt 0.783134 0.577487
vt 0.782574 0.577810
vt 0.803736 0.622125
vt 0.803736 0.622771
vt 0.804296 0.622448
vt 0.804296 0.621801
vt 0.804857 0.622125
vt 0.804857 0.622771
vt 0.804296 0.623095
vt 0.629955 0.560284
vt 0.629955 0.560931
vt 0.630516 0.560608
vt 0.630516 0.559961
vt 0.631076 0.560284
vt 0.631076 0.560931
vt 0.630516 0.561255
vt 0.644437 0.541823
vt 0.644437 0.542469
vt 0.644997 0.542146
vt 0.644997 0.541499
vt 0.645558 0.541823
vt 0.645558 0.542469
vt 0.644997 0.542793
vt 0.774773 0.755942
vt 0.774773 0.756589
vt 0.775333 0.756265
vt 0.775333 0.755619
vt 0.775893 0.755942
vt 0.775893 0.756589
vt 0.775333 0.756912
vt 0.747005 0.368079
vt 0.745809 0.368079
vt 0.745809 0.369067
vt 0.747005 0.156975
vt 0.745809 0.156975
vt 0.747005 0.155987
vt 0.745809 0.155987
vt 0.747005 0.155324
vt 0.745809 0.155324
vt 0.747005 0.369067
vt 0.745809 0.369731
vt 0.747005 0.369731
vt 0.812061 0.771818
vt 0.810977 0.771818
vt 0.811034 0.772987
vt 0.812061 0.560714
vt 0.810977 0.560714
vt 0.812109 0.772897
vt 0.811426 0.774311
vt 0.812394 0.773890
vt 0.812409 0.775465
vt 0.813185 0.772807
vt 0.813362 0.773470
vt 0.813011 0.774640
vt 0.813613 0.773815
vt 0.813931 0.775026
vt 0.813785 0.776043
vt 0.814077 0.774010
vt 0.813145 0.771818
vt 0.813145 0.560714
vt 0.813185 0.559726
vt 0.812109 0.559636
vt 0.813362 0.559063
vt 0.812394 0.558642
vt 0.813613 0.558718
vt 0.813011 0.557893
vt 0.814077 0.558523
vt 0.813931 0.557507
vt 0.812409 0.557068
vt 0.813785 0.556490
vt 0.811426 0.558222
vt 0.811034 0.559546
vt 0.890626 0.281367
vt 0.891187 0.281367
vt 0.891187 0.139451
vt 0.890626 0.139451
vt 0.891747 0.139451
vt 0.891747 0.281367
vt 0.803736 0.612894
vt 0.803736 0.613540
vt 0.804296 0.613217
vt 0.804296 0.612570
vt 0.804857 0.612894
vt 0.804857 0.613540
vt 0.804296 0.613864
vt 0.725282 0.367239
vt 0.724087 0.367239
vt 0.724087 0.368408
vt 0.725282 0.156135
vt 0.724087 0.156135
vt 0.725282 0.368408
vt 0.724087 0.369731
vt 0.725282 0.369731
vt 0.725282 0.154966
vt 0.724087 0.154966
vt 0.725282 0.153643
vt 0.724087 0.153643
vt 0.949200 0.858084
vt 0.948553 0.858084
vt 0.948553 1.000000
vt 0.949200 1.000000
vt 0.622714 0.256178
vt 0.623275 0.256178
vt 0.623275 0.114262
vt 0.622714 0.114262
vt 0.623835 0.114262
vt 0.623835 0.256178
vt 0.912349 0.712547
vt 0.912996 0.712547
vt 0.912996 0.570631
vt 0.912349 0.570631
vt 0.384887 0.114262
vt 0.384326 0.114262
vt 0.384326 0.256178
vt 0.384887 0.256178
vt 0.383766 0.256178
vt 0.383766 0.114262
vt 0.897867 0.712547
vt 0.898428 0.712547
vt 0.898428 0.570631
vt 0.897867 0.570631
vt 0.898988 0.570631
vt 0.898988 0.712547
vt 0.428332 0.114262
vt 0.427771 0.114262
vt 0.427771 0.256178
vt 0.428332 0.256178
vt 0.427211 0.256178
vt 0.427211 0.114262
vt 0.934072 0.281368
vt 0.934718 0.139451
vt 0.934072 0.139451
vt 0.934718 0.281368
vt 0.507981 0.114262
vt 0.507421 0.256178
vt 0.507981 0.256178
vt 0.507421 0.114262
vt 0.506861 0.256178
vt 0.506861 0.114262
vt 0.543065 0.256178
vt 0.543625 0.256178
vt 0.543625 0.114262
vt 0.543065 0.114262
vt 0.544186 0.114262
vt 0.544186 0.256178
vt 0.977517 1.000000
vt 0.978163 1.000000
vt 0.978163 0.858084
vt 0.977517 0.858084
vt 0.870025 0.283178
vt 0.869464 0.283178
vt 0.869464 0.425094
vt 0.870025 0.425094
vt 0.868904 0.425094
vt 0.868904 0.283178
vt 0.268559 0.007727
vt 0.267912 0.007727
vt 0.267912 0.149643
vt 0.268559 0.149643
vt 0.629955 0.557207
vt 0.629955 0.557854
vt 0.630516 0.557531
vt 0.630516 0.556884
vt 0.631076 0.557207
vt 0.631076 0.557854
vt 0.630516 0.558177
vt 0.927478 0.283178
vt 0.926831 0.283178
vt 0.926831 0.425094
vt 0.927478 0.425094
vt 0.123095 0.149700
vt 0.123741 0.149700
vt 0.123741 0.007783
vt 0.123095 0.007783
vt 0.594872 0.114262
vt 0.594311 0.114262
vt 0.594311 0.256178
vt 0.594872 0.256178
vt 0.593751 0.256178
vt 0.593751 0.114262
vt 0.065814 0.007783
vt 0.065168 0.007783
vt 0.065168 0.149699
vt 0.065814 0.149699
vt 0.557547 0.256178
vt 0.558107 0.114262
vt 0.557547 0.114262
vt 0.558107 0.256178
vt 0.558667 0.114262
vt 0.558667 0.256178
vt 0.926831 0.281367
vt 0.927478 0.281367
vt 0.927478 0.139451
vt 0.926831 0.139451
vt 0.450054 0.114262
vt 0.449494 0.114262
vt 0.449494 0.256178
vt 0.450054 0.256178
vt 0.448934 0.256178
vt 0.448934 0.114262
vt 0.941959 0.283178
vt 0.941312 0.283178
vt 0.941312 0.425094
vt 0.941959 0.425094
vt 0.477897 0.475045
vt 0.478457 0.475045
vt 0.478457 0.333128
vt 0.477897 0.333128
vt 0.479018 0.333128
vt 0.479018 0.475045
vt 0.493500 0.333128
vt 0.492939 0.333128
vt 0.492939 0.475045
vt 0.493500 0.475045
vt 0.492379 0.475045
vt 0.492379 0.333128
vt 0.658919 0.369731
vt 0.659582 0.369731
vt 0.659582 0.150828
vt 0.658919 0.150828
vt 0.660244 0.150828
vt 0.660244 0.369731
vt 0.839940 0.556155
vt 0.840671 0.556155
vt 0.840671 0.337252
vt 0.839940 0.337252
vt 0.000647 0.007783
vt 0.000000 0.007783
vt 0.000000 0.149700
vt 0.000647 0.149700
vt 0.890626 0.568820
vt 0.891187 0.568820
vt 0.891187 0.426904
vt 0.890626 0.426904
vt 0.891747 0.426904
vt 0.891747 0.568820
vt 0.963035 0.568820
vt 0.963682 0.568820
vt 0.963682 0.426904
vt 0.963035 0.426904
vt 0.500740 0.114262
vt 0.500180 0.114262
vt 0.500180 0.256178
vt 0.500740 0.256178
vt 0.499620 0.256178
vt 0.499620 0.114262
vt 0.579269 0.256178
vt 0.579830 0.256178
vt 0.579830 0.114262
vt 0.579269 0.114262
vt 0.580390 0.114262
vt 0.580390 0.256178
vt 0.457295 0.114262
vt 0.456735 0.256178
vt 0.457295 0.256178
vt 0.456735 0.114262
vt 0.456175 0.256178
vt 0.456175 0.114262
vt 0.854422 1.000000
vt 0.855153 1.000000
vt 0.855153 0.781097
vt 0.854422 0.781097
vt 0.687882 0.369731
vt 0.688545 0.369731
vt 0.688545 0.150828
vt 0.687882 0.150828
vt 0.689208 0.150828
vt 0.689208 0.369731
vt 0.854422 0.558574
vt 0.855153 0.339670
vt 0.854422 0.339670
vt 0.855153 0.558574
vt 0.695123 0.369731
vt 0.695786 0.369731
vt 0.695786 0.150828
vt 0.695123 0.150828
vt 0.696448 0.150828
vt 0.696448 0.369731
vt 0.861663 1.000000
vt 0.862394 1.000000
vt 0.862394 0.781097
vt 0.861663 0.781097
vt 0.169046 0.512108
vt 0.167962 0.512108
vt 0.167904 0.513151
vt 0.169046 0.301004
vt 0.167962 0.301004
vt 0.168972 0.513276
vt 0.167666 0.513754
vt 0.168565 0.514284
vt 0.167265 0.514090
vt 0.167756 0.514988
vt 0.166540 0.514303
vt 0.169464 0.514813
vt 0.168247 0.515886
vt 0.166650 0.515328
vt 0.166761 0.516353
vt 0.170039 0.513401
vt 0.170130 0.512108
vt 0.170130 0.301004
vt 0.170039 0.299712
vt 0.169464 0.298300
vt 0.168972 0.299837
vt 0.168247 0.297226
vt 0.168565 0.298829
vt 0.167756 0.298124
vt 0.167666 0.299359
vt 0.167904 0.299962
vt 0.167265 0.299022
vt 0.166650 0.297785
vt 0.166540 0.298810
vt 0.166761 0.296760
vt 0.774773 0.740557
vt 0.774773 0.741204
vt 0.775333 0.740880
vt 0.775333 0.740233
vt 0.775893 0.740557
vt 0.775893 0.741204
vt 0.775333 0.741527
vt 0.803736 0.600585
vt 0.803736 0.601232
vt 0.804296 0.600909
vt 0.804296 0.600262
vt 0.804857 0.600585
vt 0.804857 0.601232
vt 0.804296 0.601555
vt 0.376525 0.256178
vt 0.377085 0.256178
vt 0.377085 0.114262
vt 0.376525 0.114262
vt 0.377646 0.114262
vt 0.377646 0.256178
vt 0.818218 0.190505
vt 0.818864 0.190505
vt 0.818864 0.048589
vt 0.818218 0.048589
vt 0.870025 0.426904
vt 0.869464 0.426904
vt 0.869464 0.568821
vt 0.870025 0.568821
vt 0.868904 0.568821
vt 0.868904 0.426904
vt 0.920237 0.139451
vt 0.919590 0.139451
vt 0.919590 0.281367
vt 0.920237 0.281367
vt 0.600992 0.256178
vt 0.601552 0.256178
vt 0.601552 0.114262
vt 0.600992 0.114262
vt 0.602112 0.114262
vt 0.602112 0.256178
vt 0.891747 0.714357
vt 0.891187 0.714357
vt 0.891187 0.856273
vt 0.891747 0.856273
vt 0.890626 0.856273
vt 0.890626 0.714357
vt 0.572028 0.256178
vt 0.572589 0.256178
vt 0.572589 0.114262
vt 0.572028 0.114262
vt 0.573149 0.114262
vt 0.573149 0.256178
vt 0.021723 0.149700
vt 0.022369 0.149700
vt 0.022369 0.007783
vt 0.021723 0.007783
vt 0.891747 0.858084
vt 0.891187 0.858084
vt 0.891187 1.000000
vt 0.891747 1.000000
vt 0.890626 1.000000
vt 0.890626 0.858084
vt 0.181668 0.009353
vt 0.181022 0.009353
vt 0.181022 0.151269
vt 0.181668 0.151269
vt 0.868904 0.281368
vt 0.869464 0.281368
vt 0.869464 0.139451
vt 0.868904 0.139451
vt 0.870025 0.139451
vt 0.870025 0.281368
vt 0.333080 0.149643
vt 0.333726 0.007727
vt 0.333080 0.007727
vt 0.333726 0.149643
vt 0.464536 0.114262
vt 0.463976 0.114262
vt 0.463976 0.256178
vt 0.464536 0.256178
vt 0.463415 0.256178
vt 0.463415 0.114262
vt 0.941959 0.426905
vt 0.941312 0.568821
vt 0.941959 0.568821
vt 0.941312 0.426905
vt 0.485138 0.256178
vt 0.485698 0.256178
vt 0.485698 0.114262
vt 0.485138 0.114262
vt 0.486259 0.114262
vt 0.486259 0.256178
vt 0.898988 0.283178
vt 0.898427 0.425094
vt 0.898988 0.425094
vt 0.898427 0.283178
vt 0.897867 0.425094
vt 0.897867 0.283178
vt 0.651678 0.256178
vt 0.652238 0.256178
vt 0.652238 0.114262
vt 0.651678 0.114262
vt 0.652798 0.114262
vt 0.652798 0.256178
vt 0.970276 0.568820
vt 0.970923 0.568820
vt 0.970923 0.426904
vt 0.970276 0.426904
vt 0.877265 0.139452
vt 0.876705 0.139452
vt 0.876705 0.281368
vt 0.877265 0.281368
vt 0.876145 0.281368
vt 0.876145 0.139452
vt 0.883386 1.000000
vt 0.883946 0.858084
vt 0.883386 0.858084
vt 0.883946 1.000000
vt 0.884506 0.858084
vt 0.884506 1.000000
vt 0.311357 0.149643
vt 0.312004 0.007727
vt 0.311357 0.007727
vt 0.312004 0.149643
vt 0.522463 0.114262
vt 0.521903 0.114262
vt 0.521903 0.256179
vt 0.522463 0.256179
vt 0.521342 0.256179
vt 0.521342 0.114262
vt 0.674047 0.007102
vt 0.673401 0.007102
vt 0.673401 0.149018
vt 0.674047 0.149018
vt 0.608233 0.256178
vt 0.608793 0.114262
vt 0.608233 0.114262
vt 0.608793 0.256178
vt 0.609353 0.114262
vt 0.609353 0.256178
vt 0.877265 0.714357
vt 0.876705 0.714357
vt 0.876705 0.856274
vt 0.877265 0.856274
vt 0.876145 0.856274
vt 0.876145 0.714357
vt 0.949200 0.714357
vt 0.948553 0.856274
vt 0.949200 0.856274
vt 0.948553 0.714357
vt 0.890626 0.425094
vt 0.891187 0.425094
vt 0.891187 0.283178
vt 0.890626 0.283178
vt 0.891747 0.283178
vt 0.891747 0.425094
vt 0.536945 0.114262
vt 0.536384 0.114262
vt 0.536384 0.256178
vt 0.536945 0.256178
vt 0.535824 0.256178
vt 0.535824 0.114262
vt 0.862310 0.062465
vt 0.861663 0.062465
vt 0.861663 0.204381
vt 0.862310 0.204381
vt 0.369284 0.256178
vt 0.369845 0.114262
vt 0.369284 0.114262
vt 0.369845 0.256178
vt 0.370405 0.256178
vt 0.370405 0.114262
vt 0.101372 0.149700
vt 0.102019 0.149700
vt 0.102019 0.007783
vt 0.101372 0.007783
vt 0.631076 0.114262
vt 0.630516 0.256178
vt 0.631076 0.256178
vt 0.630516 0.114262
vt 0.629955 0.114262
vt 0.629955 0.256178
vt 0.985404 0.570631
vt 0.984758 0.570631
vt 0.984758 0.712547
vt 0.985404 0.712547
vt 0.644437 0.256178
vt 0.644997 0.114262
vt 0.644437 0.114262
vt 0.644997 0.256178
vt 0.645558 0.114262
vt 0.645558 0.256178
vt 0.941959 0.139452
vt 0.941312 0.139452
vt 0.941312 0.281368
vt 0.941959 0.281368
vt 0.405488 0.256178
vt 0.406049 0.256178
vt 0.406049 0.114262
vt 0.405488 0.114262
vt 0.406609 0.114262
vt 0.406609 0.256178
vt 0.275153 0.149643
vt 0.275800 0.149643
vt 0.275800 0.007727
vt 0.275153 0.007727
vt 0.877265 0.283178
vt 0.876705 0.283178
vt 0.876705 0.425094
vt 0.877265 0.425094
vt 0.876145 0.425094
vt 0.876145 0.283178
vt 0.956441 0.283178
vt 0.955794 0.283178
vt 0.955794 0.425094
vt 0.956441 0.425094
vt 0.637196 0.256178
vt 0.637756 0.256178
vt 0.637756 0.114262
vt 0.637196 0.114262
vt 0.638317 0.114262
vt 0.638317 0.256178
vt 0.392127 0.114262
vt 0.391567 0.256178
vt 0.392127 0.256178
vt 0.391567 0.114262
vt 0.391007 0.256178
vt 0.391007 0.114262
vt 0.651678 0.557208
vt 0.651678 0.557854
vt 0.652238 0.557531
vt 0.652238 0.556884
vt 0.652798 0.557208
vt 0.652798 0.557854
vt 0.652238 0.558177
vt 0.774773 0.752865
vt 0.774773 0.753512
vt 0.775333 0.753189
vt 0.775333 0.752542
vt 0.775893 0.752865
vt 0.775893 0.753512
vt 0.775333 0.753835
vt 0.956441 0.858084
vt 0.955794 1.000000
vt 0.956441 1.000000
vt 0.955794 0.858084
vt 0.492379 0.256178
vt 0.492939 0.256178
vt 0.492939 0.114262
vt 0.492379 0.114262
vt 0.493500 0.114262
vt 0.493500 0.256178
vt 0.115854 0.149700
vt 0.116501 0.149700
vt 0.116501 0.007783
vt 0.115854 0.007783
vt 0.413850 0.114262
vt 0.413290 0.114262
vt 0.413290 0.256178
vt 0.413850 0.256178
vt 0.412729 0.256178
vt 0.412729 0.114262
vt 0.196150 0.086973
vt 0.195503 0.086973
vt 0.195503 0.228889
vt 0.196150 0.228889
vt 0.876145 1.000000
vt 0.876705 0.858084
vt 0.876145 0.858084
vt 0.876705 1.000000
vt 0.877265 0.858084
vt 0.877265 1.000000
vt 0.631076 0.333128
vt 0.630516 0.475044
vt 0.631076 0.475044
vt 0.630516 0.333128
vt 0.629955 0.475044
vt 0.629955 0.333128
vt 0.912996 0.426904
vt 0.912349 0.426904
vt 0.912349 0.568821
vt 0.912996 0.568821
vt 0.897867 0.856274
vt 0.898428 0.856274
vt 0.898428 0.714357
vt 0.897867 0.714357
vt 0.898988 0.714357
vt 0.898988 0.856274
vt 0.898988 0.858084
vt 0.898427 0.858084
vt 0.898427 1.000000
vt 0.898988 1.000000
vt 0.897867 1.000000
vt 0.897867 0.858084
vt 0.644437 0.566439
vt 0.644437 0.567085
vt 0.644997 0.566762
vt 0.644997 0.566115
vt 0.645558 0.566439
vt 0.645558 0.567085
vt 0.644997 0.567409
vt 0.651678 0.560285
vt 0.651678 0.560931
vt 0.652238 0.560608
vt 0.652238 0.559961
vt 0.652799 0.560285
vt 0.652799 0.560931
vt 0.652238 0.561254
vt 0.644437 0.551054
vt 0.644437 0.551700
vt 0.644997 0.551377
vt 0.644997 0.550730
vt 0.645558 0.551054
vt 0.645558 0.551700
vt 0.644997 0.552024
vt 0.644437 0.554131
vt 0.644437 0.554777
vt 0.644997 0.554454
vt 0.644997 0.553807
vt 0.645558 0.554131
vt 0.645558 0.554777
vt 0.644997 0.555101
vt 0.803736 0.579046
vt 0.803736 0.579692
vt 0.804296 0.579369
vt 0.804296 0.578722
vt 0.804857 0.579046
vt 0.804857 0.579692
vt 0.804296 0.580016
vt 0.629955 0.544899
vt 0.629955 0.545546
vt 0.630516 0.545223
vt 0.630516 0.544576
vt 0.631076 0.544899
vt 0.631076 0.545546
vt 0.630516 0.545869
vt 0.637196 0.544899
vt 0.637196 0.545546
vt 0.637756 0.545223
vt 0.637756 0.544576
vt 0.638317 0.544899
vt 0.638317 0.545546
vt 0.637756 0.545869
vt 0.644437 0.572593
vt 0.644437 0.573239
vt 0.644997 0.572916
vt 0.644997 0.572270
vt 0.645558 0.572593
vt 0.645558 0.573239
vt 0.644997 0.573563
vt 0.629955 0.554131
vt 0.629955 0.554777
vt 0.630516 0.554454
vt 0.630516 0.553807
vt 0.631076 0.554131
vt 0.631076 0.554777
vt 0.630516 0.555100
vt 0.629955 0.566439
vt 0.629955 0.567085
vt 0.630516 0.566762
vt 0.630516 0.566115
vt 0.631076 0.566439
vt 0.631076 0.567085
vt 0.630516 0.567409
vt 0.499620 0.475045
vt 0.500180 0.475045
vt 0.500180 0.333128
vt 0.499620 0.333128
vt 0.500740 0.333128
vt 0.500740 0.475045
vt 0.622714 0.475044
vt 0.623275 0.475044
vt 0.623275 0.333128
vt 0.622714 0.333128
vt 0.623835 0.333128
vt 0.623835 0.475044
vt 0.094131 0.149700
vt 0.094778 0.149700
vt 0.094778 0.007783
vt 0.094131 0.007783
vt 0.877265 0.426905
vt 0.876705 0.568821
vt 0.877265 0.568821
vt 0.876705 0.426905
vt 0.876145 0.426905
vt 0.876145 0.568821
vt 0.159946 0.150052
vt 0.159299 0.150052
vt 0.159299 0.291969
vt 0.159946 0.291969
vt 0.485138 0.475045
vt 0.485698 0.475045
vt 0.485698 0.333128
vt 0.485138 0.333128
vt 0.486259 0.333128
vt 0.486259 0.475045
vt 0.884506 0.714357
vt 0.883946 0.714357
vt 0.883946 0.856274
vt 0.884506 0.856274
vt 0.883386 0.856274
vt 0.883386 0.714357
vt 0.803736 0.582123
vt 0.803736 0.582769
vt 0.804296 0.582446
vt 0.804296 0.581799
vt 0.804857 0.582123
vt 0.804857 0.582769
vt 0.804296 0.583093
vt 0.644437 0.560285
vt 0.644437 0.560931
vt 0.644997 0.560608
vt 0.644997 0.559961
vt 0.645558 0.560285
vt 0.645558 0.560931
vt 0.644997 0.561255
vt 0.803736 0.625202
vt 0.803736 0.625848
vt 0.804296 0.625525
vt 0.804296 0.624878
vt 0.804857 0.625202
vt 0.804857 0.625848
vt 0.804296 0.626172
vt 0.629955 0.563362
vt 0.629955 0.564008
vt 0.630516 0.563685
vt 0.630516 0.563038
vt 0.631076 0.563362
vt 0.631076 0.564008
vt 0.630516 0.564332
vt 0.651678 0.547976
vt 0.651678 0.548623
vt 0.652238 0.548300
vt 0.652238 0.547653
vt 0.652798 0.547976
vt 0.652798 0.548623
vt 0.652238 0.548946
vt 0.637196 0.541822
vt 0.637196 0.542469
vt 0.637756 0.542146
vt 0.637756 0.541499
vt 0.638317 0.541822
vt 0.638317 0.542469
vt 0.637756 0.542792
vt 0.651678 0.563362
vt 0.651678 0.564008
vt 0.652238 0.563685
vt 0.652238 0.563038
vt 0.652798 0.563362
vt 0.652798 0.564008
vt 0.652238 0.564332
vt 0.651678 0.551053
vt 0.651678 0.551700
vt 0.652238 0.551377
vt 0.652238 0.550730
vt 0.652798 0.551053
vt 0.652798 0.551700
vt 0.652238 0.552023
vt 0.340321 0.149643
vt 0.340967 0.149643
vt 0.340967 0.007726
vt 0.340321 0.007726
vt 0.174865 0.512099
vt 0.173781 0.512099
vt 0.173871 0.513391
vt 0.174865 0.300995
vt 0.173781 0.300995
vt 0.174939 0.513266
vt 0.174446 0.514804
vt 0.175345 0.514274
vt 0.175664 0.515877
vt 0.176007 0.513142
vt 0.176244 0.513744
vt 0.176155 0.514979
vt 0.176646 0.514081
vt 0.177260 0.515318
vt 0.177150 0.516343
vt 0.177371 0.514293
vt 0.175949 0.512099
vt 0.175949 0.300995
vt 0.176007 0.299952
vt 0.174939 0.299827
vt 0.176244 0.299349
vt 0.176646 0.299013
vt 0.175345 0.298820
vt 0.176155 0.298115
vt 0.174446 0.298290
vt 0.173871 0.299703
vt 0.175664 0.297217
vt 0.177260 0.297775
vt 0.177150 0.296750
vt 0.177371 0.298800
vt 0.754246 0.368086
vt 0.753050 0.368086
vt 0.753050 0.369128
vt 0.754246 0.156982
vt 0.753050 0.156982
vt 0.754246 0.369128
vt 0.753050 0.369731
vt 0.754246 0.369731
vt 0.754246 0.155939
vt 0.753050 0.155939
vt 0.754246 0.155336
vt 0.753050 0.155336
vt 0.912996 0.283178
vt 0.912349 0.283178
vt 0.912349 0.425094
vt 0.912996 0.425094
vt 0.564788 0.256178
vt 0.565348 0.256178
vt 0.565348 0.114262
vt 0.564788 0.114262
vt 0.565908 0.114262
vt 0.565908 0.256178
vt 0.717492 0.009491
vt 0.716846 0.009491
vt 0.716846 0.151407
vt 0.717492 0.151407
vt 0.963035 0.425094
vt 0.963682 0.283178
vt 0.963035 0.283178
vt 0.963682 0.425094
vt 0.948553 0.568821
vt 0.949200 0.426905
vt 0.948553 0.426905
vt 0.949200 0.568821
vt 0.934072 0.425094
vt 0.934718 0.425094
vt 0.934718 0.283178
vt 0.934072 0.283178
vt 0.680641 0.369731
vt 0.681304 0.150828
vt 0.680641 0.150828
vt 0.681304 0.369731
vt 0.681967 0.369731
vt 0.681967 0.150828
vt 0.666160 0.369731
vt 0.666822 0.369731
vt 0.666822 0.150828
vt 0.666160 0.150828
vt 0.667485 0.150828
vt 0.667485 0.369731
vt 0.673401 0.369731
vt 0.674063 0.150828
vt 0.673401 0.150828
vt 0.674063 0.369731
vt 0.674726 0.150828
vt 0.674726 0.369731
vt 0.731327 0.152329
vt 0.731974 0.152329
vt 0.731974 0.010412
vt 0.731327 0.010412
vt 0.703011 0.008295
vt 0.702364 0.008295
vt 0.702364 0.150211
vt 0.703011 0.150211
vt 0.348208 0.007727
vt 0.347562 0.007727
vt 0.347562 0.149643
vt 0.348208 0.149643
vt 0.079650 0.149699
vt 0.080296 0.007783
vt 0.079650 0.007783
vt 0.080296 0.149699
vt 0.970923 0.858084
vt 0.970276 0.858084
vt 0.970276 1.000000
vt 0.970923 1.000000
vt 0.289635 0.149643
vt 0.290281 0.007727
vt 0.289635 0.007727
vt 0.290281 0.149643
vt 0.738568 0.152341
vt 0.739215 0.010425
vt 0.738568 0.010425
vt 0.739215 0.152341
vt 0.912349 0.856274
vt 0.912996 0.856274
vt 0.912996 0.714357
vt 0.912349 0.714357
vt 0.666806 0.007102
vt 0.666160 0.149018
vt 0.666806 0.149018
vt 0.666160 0.007102
vt 0.977517 0.568820
vt 0.978163 0.568820
vt 0.978163 0.426904
vt 0.977517 0.426904
vt 0.028963 0.149700
vt 0.029610 0.007783
vt 0.028963 0.007783
vt 0.029610 0.149700
vt 0.296875 0.149643
vt 0.297522 0.149643
vt 0.297522 0.007727
vt 0.296875 0.007727
vt 0.949200 0.570631
vt 0.948553 0.712547
vt 0.949200 0.712547
vt 0.948553 0.570631
vt 0.984758 0.425094
vt 0.985404 0.425094
vt 0.985404 0.283178
vt 0.984758 0.283178
vt 0.304116 0.149643
vt 0.304763 0.149643
vt 0.304763 0.007727
vt 0.304116 0.007727
vt 0.926831 0.856273
vt 0.927478 0.856273
vt 0.927478 0.714357
vt 0.926831 0.714357
vt 0.021723 0.962686
vt 0.021723 0.963417
vt 0.022385 0.963051
vt 0.022385 0.962321
vt 0.023048 0.962686
vt 0.023048 0.963417
vt 0.022385 0.963782
vt 0.036204 0.954452
vt 0.036204 0.955182
vt 0.036867 0.954817
vt 0.036867 0.954086
vt 0.037530 0.954452
vt 0.037530 0.955182
vt 0.036867 0.955548
vt 0.014482 0.962686
vt 0.014482 0.963417
vt 0.015145 0.963051
vt 0.015145 0.962321
vt 0.015807 0.962686
vt 0.015807 0.963417
vt 0.015145 0.963782
vt 0.086890 0.149700
vt 0.087537 0.007783
vt 0.086890 0.007783
vt 0.087537 0.149700
vt 0.651678 0.569516
vt 0.651678 0.570162
vt 0.652238 0.569839
vt 0.652238 0.569192
vt 0.652798 0.569516
vt 0.652798 0.570162
vt 0.652238 0.570486
vt 0.629955 0.569516
vt 0.629955 0.570162
vt 0.630516 0.569839
vt 0.630516 0.569193
vt 0.631076 0.569516
vt 0.631076 0.570162
vt 0.630516 0.570486
vt 0.644437 0.547977
vt 0.644437 0.548623
vt 0.644997 0.548300
vt 0.644997 0.547653
vt 0.645558 0.547977
vt 0.645558 0.548623
vt 0.644997 0.548946
vt 0.637196 0.560285
vt 0.637196 0.560931
vt 0.637757 0.560608
vt 0.637757 0.559961
vt 0.638317 0.560285
vt 0.638317 0.560931
vt 0.637757 0.561255
vt 0.782660 0.005892
vt 0.782013 0.005892
vt 0.782013 0.147808
vt 0.782660 0.147808
vt 0.920237 0.714357
vt 0.919590 0.714357
vt 0.919590 0.856273
vt 0.920237 0.856273
vt 0.985404 0.858084
vt 0.984758 0.858084
vt 0.984758 1.000000
vt 0.985404 1.000000
vt 0.057927 0.149699
vt 0.058574 0.149699
vt 0.058574 0.007783
vt 0.057927 0.007783
vt 0.167187 0.009318
vt 0.166540 0.151234
vt 0.167187 0.151234
vt 0.166540 0.009318
vt 0.783807 0.771992
vt 0.783807 0.636783
vt 0.782611 0.636783
vt 0.782611 0.771992
vt 0.782611 0.773336
vt 0.783807 0.773336
vt 0.784404 0.771992
vt 0.782611 0.774822
vt 0.784404 0.773225
vt 0.783807 0.774822
vt 0.782611 0.776039
vt 0.783807 0.776039
vt 0.782013 0.773225
vt 0.782013 0.771992
vt 0.783807 0.635534
vt 0.782611 0.635534
vt 0.782013 0.636783
vt 0.782013 0.635681
vt 0.783807 0.634158
vt 0.782611 0.634158
vt 0.783807 0.633175
vt 0.782611 0.633175
vt 0.784404 0.635681
vt 0.784404 0.636783
vt 0.465487 0.475044
vt 0.465487 0.339835
vt 0.464451 0.339835
vt 0.464451 0.475044
vt 0.463415 0.339835
vt 0.463415 0.475044
vt 0.456772 0.338164
vt 0.456772 0.473373
vt 0.457968 0.473373
vt 0.457968 0.338164
vt 0.457968 0.337041
vt 0.456772 0.337041
vt 0.456175 0.338164
vt 0.457968 0.336316
vt 0.456772 0.336316
vt 0.456175 0.336931
vt 0.457968 0.335915
vt 0.456772 0.335915
vt 0.458565 0.336931
vt 0.458565 0.338164
vt 0.456772 0.474329
vt 0.457968 0.474329
vt 0.458565 0.473373
vt 0.458565 0.474475
vt 0.456772 0.474794
vt 0.457968 0.474794
vt 0.456772 0.475044
vt 0.457968 0.475044
vt 0.456175 0.474475
vt 0.456175 0.473373
vt 0.521342 0.339835
vt 0.521342 0.475044
vt 0.522378 0.475044
vt 0.522378 0.339835
vt 0.523414 0.475044
vt 0.523414 0.339835
s 1
usemtl M_Incubator_body_NakedSingularity_main_0_022_0
f 1/1/1 2/2/1 3/3/1
f 4/4/1 1/1/1 3/3/1
f 5/5/1 4/4/1 3/3/1
f 6/6/1 5/5/1 3/3/1
f 7/7/1 6/6/1 3/3/1
f 2/2/1 7/7/1 3/3/1
f 8/8/2 9/9/2 10/10/2
f 11/11/2 8/8/2 10/10/2
f 12/12/2 11/11/2 10/10/2
f 13/13/2 12/12/2 10/10/2
f 14/14/2 13/13/2 10/10/2
f 9/9/2 14/14/2 10/10/2
f 15/15/2 16/16/2 17/17/2
f 18/18/2 15/15/2 17/17/2
f 19/19/2 18/18/2 17/17/2
f 20/20/2 19/19/2 17/17/2
f 21/21/2 20/20/2 17/17/2
f 16/16/2 21/21/2 17/17/2
f 22/22/2 23/23/2 24/24/2
f 25/25/2 22/22/2 24/24/2
f 26/26/2 25/25/2 24/24/2
f 27/27/2 26/26/2 24/24/2
f 28/28/2 27/27/2 24/24/2
f 23/23/2 28/28/2 24/24/2
f 29/29/3 30/30/4 31/31/4
f 29/29/3 31/31/4 32/32/3
f 33/33/5 34/34/5 35/35/5
f 36/36/5 33/33/5 35/35/5
f 37/37/5 36/36/5 35/35/5
f 38/38/5 37/37/5 35/35/5
f 39/39/5 38/38/5 35/35/5
f 34/34/5 39/39/5 35/35/5
f 40/40/6 41/41/7 42/42/7
f 40/40/6 42/42/7 43/43/8
f 41/41/7 44/44/3 42/42/7
f 41/41/7 45/45/3 44/44/3
f 46/46/3 47/47/4 48/48/4
f 46/46/3 48/48/4 49/49/3
f 50/50/4 51/51/9 52/52/9
f 50/50/4 52/52/9 53/53/10
f 51/51/9 54/54/11 52/52/9
f 51/51/9 55/55/12 54/54/11
f 56/56/3 57/57/4 58/58/4
f 56/56/3 58/58/4 59/59/3
f 60/60/5 61/61/5 62/62/5
f 63/63/5 60/60/5 62/62/5
f 64/64/5 63/63/5 62/62/5
f 65/65/5 64/64/5 62/62/5
f 66/66/5 65/65/5 62/62/5
f 61/61/5 66/66/5 62/62/5
f 67/67/4 68/68/9 69/69/9
f 67/67/4 69/69/9 70/70/10
f 68/68/9 71/71/13 69/69/9
f 68/68/9 72/72/13 71/71/13
f 73/73/5 74/74/5 75/75/5
f 76/76/5 73/73/5 75/75/5
f 77/77/5 76/76/5 75/75/5
f 78/78/5 77/77/5 75/75/5
f 79/79/5 78/78/5 75/75/5
f 74/74/5 79/79/5 75/75/5
f 80/80/5 81/81/5 82/82/5
f 83/83/5 80/80/5 82/82/5
f 84/84/5 83/83/5 82/82/5
f 85/85/5 84/84/5 82/82/5
f 86/86/5 85/85/5 82/82/5
f 81/81/5 86/86/5 82/82/5
f 87/87/5 88/88/5 89/89/5
f 90/90/5 87/87/5 89/89/5
f 91/91/5 90/90/5 89/89/5
f 92/92/5 91/91/5 89/89/5
f 93/93/5 92/92/5 89/89/5
f 88/88/5 93/93/5 89/89/5
f 94/94/5 95/95/5 96/96/5
f 97/97/5 94/94/5 96/96/5
f 98/98/5 97/97/5 96/96/5
f 99/99/5 98/98/5 96/96/5
f 100/100/5 99/99/5 96/96/5
f 95/95/5 100/100/5 96/96/5
f 101/101/5 102/102/5 103/103/5
f 104/104/5 101/101/5 103/103/5
f 105/105/5 104/104/5 103/103/5
f 106/106/5 105/105/5 103/103/5
f 107/107/5 106/106/5 103/103/5
f 102/102/5 107/107/5 103/103/5
f 108/108/5 109/109/5 110/110/5
f 111/111/5 108/108/5 110/110/5
f 112/112/5 111/111/5 110/110/5
f 113/113/5 112/112/5 110/110/5
f 114/114/5 113/113/5 110/110/5
f 109/109/5 114/114/5 110/110/5
f 115/115/5 116/116/5 117/117/5
f 118/118/5 115/115/5 117/117/5
f 119/119/5 118/118/5 117/117/5
f 120/120/5 119/119/5 117/117/5
f 121/121/5 120/120/5 117/117/5
f 116/116/5 121/121/5 117/117/5
f 122/122/5 123/123/5 124/124/5
f 125/125/5 122/122/5 124/124/5
f 126/126/5 125/125/5 124/124/5
f 127/127/5 126/126/5 124/124/5
f 128/128/5 127/127/5 124/124/5
f 123/123/5 128/128/5 124/124/5
f 129/129/5 130/130/5 131/131/5
f 132/132/5 129/129/5 131/131/5
f 133/133/5 132/132/5 131/131/5
f 134/134/5 133/133/5 131/131/5
f 135/135/5 134/134/5 131/131/5
f 130/130/5 135/135/5 131/131/5
f 136/136/5 137/137/5 138/138/5
f 139/139/5 136/136/5 138/138/5
f 140/140/5 139/139/5 138/138/5
f 141/141/5 140/140/5 138/138/5
f 142/142/5 141/141/5 138/138/5
f 137/137/5 142/142/5 138/138/5
f 143/143/5 144/144/5 145/145/5
f 146/146/5 143/143/5 145/145/5
f 147/147/5 146/146/5 145/145/5
f 148/148/5 147/147/5 145/145/5
f 149/149/5 148/148/5 145/145/5
f 144/144/5 149/149/5 145/145/5
f 150/150/1 151/151/1 152/152/1
f 153/153/1 150/150/1 152/152/1
f 154/154/1 153/153/1 152/152/1
f 155/155/1 154/154/1 152/152/1
f 156/156/1 155/155/1 152/152/1
f 151/151/1 156/156/1 152/152/1
f 157/157/1 158/158/1 159/159/1
f 160/160/1 157/157/1 159/159/1
f 161/161/1 160/160/1 159/159/1
f 162/162/1 161/161/1 159/159/1
f 163/163/1 162/162/1 159/159/1
f 158/158/1 163/163/1 159/159/1
f 164/164/1 165/165/1 166/166/1
f 167/167/1 164/164/1 166/166/1
f 168/168/1 167/167/1 166/166/1
f 169/169/1 168/168/1 166/166/1
f 170/170/1 169/169/1 166/166/1
f 165/165/1 170/170/1 166/166/1
f 171/171/8 172/172/7 173/173/7
f 171/171/8 173/173/7 174/174/8
f 172/172/7 175/175/3 173/173/7
f 172/172/7 176/176/3 175/175/3
f 177/177/1 178/178/1 179/179/1
f 180/180/1 177/177/1 179/179/1
f 181/181/1 180/180/1 179/179/1
f 182/182/1 181/181/1 179/179/1
f 183/183/1 182/182/1 179/179/1
f 178/178/1 183/183/1 179/179/1
f 184/184/1 185/185/1 186/186/1
f 187/187/1 184/184/1 186/186/1
f 188/188/1 187/187/1 186/186/1
f 189/189/1 188/188/1 186/186/1
f 190/190/1 189/189/1 186/186/1
f 185/185/1 190/190/1 186/186/1
f 191/191/1 192/192/1 193/193/1
f 194/194/1 191/191/1 193/193/1
f 195/195/1 194/194/1 193/193/1
f 196/196/1 195/195/1 193/193/1
f 197/197/1 196/196/1 193/193/1
f 192/192/1 197/197/1 193/193/1
f 198/198/13 199/199/8 200/200/8
f 198/198/13 200/200/8 201/201/13
f 202/202/8 203/203/7 204/204/7
f 202/202/8 204/204/7 205/205/8
f 203/203/7 206/206/3 204/204/7
f 203/203/7 207/207/3 206/206/3
f 208/208/4 209/209/9 210/210/9
f 208/208/4 210/210/9 211/211/4
f 209/209/9 212/212/13 210/210/9
f 209/209/9 213/213/13 212/212/13
f 214/214/13 217/215/8 215/216/13
f 214/214/13 216/217/8 217/215/8
f 218/218/4 219/219/9 220/220/9
f 218/218/4 220/220/9 221/221/4
f 219/219/9 222/222/13 220/220/9
f 219/219/9 223/223/13 222/222/13
f 224/224/8 225/225/7 226/226/7
f 224/224/8 226/226/7 227/227/8
f 225/225/7 228/228/3 226/226/7
f 225/225/7 229/229/3 228/228/3
f 230/230/3 231/231/4 232/232/4
f 230/230/3 232/232/4 233/233/3
f 234/234/4 235/235/9 236/236/9
f 234/234/4 236/236/9 237/237/4
f 235/235/9 238/238/13 236/236/9
f 235/235/9 239/239/13 238/238/13
f 240/240/13 241/241/8 242/242/8
f 240/240/13 242/242/8 243/243/13
f 244/244/8 245/245/7 247/246/8
f 244/244/8 246/247/7 245/245/7
f 246/247/7 248/248/3 249/249/3
f 246/247/7 249/249/3 245/245/7
f 250/250/4 251/251/9 252/252/9
f 250/250/4 252/252/9 253/253/4
f 251/251/9 254/254/13 252/252/9
f 251/251/9 255/255/13 254/254/13
f 256/256/8 257/257/7 258/258/8
f 256/256/8 259/259/7 257/257/7
f 259/259/7 261/260/3 257/257/7
f 259/259/7 260/261/3 261/260/3
f 262/262/4 265/263/9 263/264/4
f 262/262/4 264/265/9 265/263/9
f 264/265/9 266/266/13 265/263/9
f 264/265/9 267/267/13 266/266/13
f 268/268/4 269/269/9 270/270/9
f 268/268/4 270/270/9 271/271/4
f 269/269/9 272/272/13 270/270/9
f 269/269/9 273/273/13 272/272/13
f 274/274/1 275/275/1 276/276/1
f 277/277/1 274/274/1 276/276/1
f 278/278/1 277/277/1 276/276/1
f 279/279/1 278/278/1 276/276/1
f 280/280/1 279/279/1 276/276/1
f 275/275/1 280/280/1 276/276/1
f 281/281/1 282/282/1 283/283/1
f 284/284/1 281/281/1 283/283/1
f 285/285/1 284/284/1 283/283/1
f 286/286/1 285/285/1 283/283/1
f 287/287/1 286/286/1 283/283/1
f 282/282/1 287/287/1 283/283/1
f 288/288/4 289/289/9 290/290/9
f 288/288/4 290/290/9 291/291/4
f 289/289/9 292/292/13 290/290/9
f 289/289/9 293/293/13 292/292/13
f 294/294/1 295/295/1 296/296/1
f 297/297/1 294/294/1 296/296/1
f 298/298/1 297/297/1 296/296/1
f 299/299/1 298/298/1 296/296/1
f 300/300/1 299/299/1 296/296/1
f 295/295/1 300/300/1 296/296/1
f 301/301/1 302/302/1 303/303/1
f 304/304/1 301/301/1 303/303/1
f 305/305/1 304/304/1 303/303/1
f 306/306/1 305/305/1 303/303/1
f 307/307/1 306/306/1 303/303/1
f 302/302/1 307/307/1 303/303/1
f 308/308/1 309/309/1 310/310/1
f 311/311/1 308/308/1 310/310/1
f 312/312/1 311/311/1 310/310/1
f 313/313/1 312/312/1 310/310/1
f 314/314/1 313/313/1 310/310/1
f 309/309/1 314/314/1 310/310/1
f 315/315/1 316/316/1 317/317/1
f 318/318/1 315/315/1 317/317/1
f 319/319/1 318/318/1 317/317/1
f 320/320/1 319/319/1 317/317/1
f 321/321/1 320/320/1 317/317/1
f 316/316/1 321/321/1 317/317/1
f 322/322/1 323/323/1 324/324/1
f 325/325/1 322/322/1 324/324/1
f 326/326/1 325/325/1 324/324/1
f 327/327/1 326/326/1 324/324/1
f 328/328/1 327/327/1 324/324/1
f 323/323/1 328/328/1 324/324/1
f 329/329/1 330/330/1 331/331/1
f 332/332/1 329/329/1 331/331/1
f 333/333/1 332/332/1 331/331/1
f 334/334/1 333/333/1 331/331/1
f 335/335/1 334/334/1 331/331/1
f 330/330/1 335/335/1 331/331/1
f 336/336/13 337/337/8 339/338/13
f 336/336/13 338/339/8 337/337/8
f 340/340/8 341/341/7 342/342/7
f 340/340/8 342/342/7 343/343/8
f 341/341/7 344/344/3 342/342/7
f 341/341/7 345/345/3 344/344/3
f 346/346/8 347/347/7 348/348/8
f 346/346/8 349/349/7 347/347/7
f 349/349/7 350/350/3 351/351/3
f 349/349/7 351/351/3 347/347/7
f 352/352/3 353/353/4 354/354/4
f 352/352/3 354/354/4 355/355/3
f 356/356/4 357/357/9 358/358/9
f 356/356/4 358/358/9 359/359/4
f 357/357/9 360/360/13 358/358/9
f 357/357/9 361/361/13 360/360/13
f 362/362/13 363/363/8 364/364/8
f 362/362/13 364/364/8 365/365/13
f 366/366/8 367/367/7 368/368/7
f 366/366/8 368/368/7 369/369/8
f 367/367/7 370/370/3 368/368/7
f 367/367/7 371/371/3 370/370/3
f 372/372/4 375/373/9 373/374/4
f 372/372/4 374/375/9 375/373/9
f 374/375/9 376/376/13 375/373/9
f 374/375/9 377/377/13 376/376/13
f 378/378/13 381/379/8 379/380/13
f 378/378/13 380/381/8 381/379/8
f 382/382/1 383/383/1 384/384/1
f 385/385/1 382/382/1 384/384/1
f 386/386/1 385/385/1 384/384/1
f 387/387/1 386/386/1 384/384/1
f 388/388/1 387/387/1 384/384/1
f 383/383/1 388/388/1 384/384/1
f 389/389/1 390/390/1 391/391/1
f 392/392/1 389/389/1 391/391/1
f 393/393/1 392/392/1 391/391/1
f 394/394/1 393/393/1 391/391/1
f 395/395/1 394/394/1 391/391/1
f 390/390/1 395/395/1 391/391/1
f 396/396/1 397/397/1 398/398/1
f 399/399/1 396/396/1 398/398/1
f 400/400/1 399/399/1 398/398/1
f 401/401/1 400/400/1 398/398/1
f 402/402/1 401/401/1 398/398/1
f 397/397/1 402/402/1 398/398/1
f 403/403/1 404/404/1 405/405/1
f 406/406/1 403/403/1 405/405/1
f 407/407/1 406/406/1 405/405/1
f 408/408/1 407/407/1 405/405/1
f 409/409/1 408/408/1 405/405/1
f 404/404/1 409/409/1 405/405/1
f 410/410/1 411/411/1 412/412/1
f 413/413/1 410/410/1 412/412/1
f 414/414/1 413/413/1 412/412/1
f 415/415/1 414/414/1 412/412/1
f 416/416/1 415/415/1 412/412/1
f 411/411/1 416/416/1 412/412/1
f 417/417/1 418/418/1 419/419/1
f 420/420/1 417/417/1 419/419/1
f 421/421/1 420/420/1 419/419/1
f 422/422/1 421/421/1 419/419/1
f 423/423/1 422/422/1 419/419/1
f 418/418/1 423/423/1 419/419/1
f 424/424/1 425/425/1 426/426/1
f 427/427/1 424/424/1 426/426/1
f 428/428/1 427/427/1 426/426/1
f 429/429/1 428/428/1 426/426/1
f 430/430/1 429/429/1 426/426/1
f 425/425/1 430/430/1 426/426/1
f 431/431/1 432/432/1 433/433/1
f 434/434/1 431/431/1 433/433/1
f 435/435/1 434/434/1 433/433/1
f 436/436/1 435/435/1 433/433/1
f 437/437/1 436/436/1 433/433/1
f 432/432/1 437/437/1 433/433/1
f 438/438/1 439/439/1 440/440/1
f 441/441/1 438/438/1 440/440/1
f 442/442/1 441/441/1 440/440/1
f 443/443/1 442/442/1 440/440/1
f 444/444/1 443/443/1 440/440/1
f 439/439/1 444/444/1 440/440/1
f 445/445/1 446/446/1 447/447/1
f 448/448/1 445/445/1 447/447/1
f 449/449/1 448/448/1 447/447/1
f 450/450/1 449/449/1 447/447/1
f 451/451/1 450/450/1 447/447/1
f 446/446/1 451/451/1 447/447/1
f 452/452/1 453/453/1 454/454/1
f 455/455/1 452/452/1 454/454/1
f 456/456/1 455/455/1 454/454/1
f 457/457/1 456/456/1 454/454/1
f 458/458/1 457/457/1 454/454/1
f 453/453/1 458/458/1 454/454/1
f 460/459/14 459/460/15 463/461/16
f 459/460/15 460/459/14 461/462/17
f 459/460/15 461/462/17 462/463/18
f 460/459/14 463/461/16 464/464/19
f 464/464/19 463/461/16 465/465/20
f 464/464/19 465/465/20 466/466/21
f 467/467/22 462/463/18 461/462/17
f 467/467/22 468/468/23 462/463/18
f 469/469/24 468/468/23 467/467/22
f 469/469/24 470/470/25 468/468/23
f 471/471/26 472/472/27 473/473/26
f 471/471/26 474/474/27 472/472/27
f 475/475/28 476/476/7 477/477/29
f 475/475/28 477/477/29 478/478/30
f 476/476/7 479/479/31 477/477/29
f 476/476/7 480/480/32 479/479/31
f 483/481/33 481/482/34 482/483/35
f 481/482/34 483/481/33 484/484/36
f 481/482/34 484/484/36 485/485/37
f 485/485/37 484/484/36 486/486/38
f 485/485/37 486/486/38 487/487/39
f 487/487/39 486/486/38 488/488/40
f 487/487/39 488/488/40 489/489/41
f 489/489/41 488/488/40 490/490/42
f 489/489/41 490/490/42 491/491/43
f 491/491/43 490/490/42 492/492/44
f 491/491/43 492/492/44 493/493/45
f 490/490/42 494/494/46 492/492/44
f 490/490/42 495/495/47 494/494/46
f 488/488/40 495/495/47 490/490/42
f 488/488/40 496/496/48 495/495/47
f 486/486/38 496/496/48 488/488/40
f 486/486/38 497/497/49 496/496/48
f 484/484/36 497/497/49 486/486/38
f 484/484/36 498/498/50 497/497/49
f 483/481/33 498/498/50 484/484/36
f 483/481/33 499/499/51 498/498/50
f 499/499/51 500/500/52 501/501/53
f 499/499/51 483/481/33 500/500/52
f 501/501/53 500/500/52 502/502/54
f 501/501/53 502/502/54 503/503/55
f 503/503/55 502/502/54 504/504/56
f 503/503/55 504/504/56 505/505/57
f 505/505/57 504/504/56 506/506/58
f 505/505/57 506/506/58 507/507/59
f 504/504/56 508/508/60 506/506/58
f 504/504/56 509/509/61 508/508/60
f 502/502/54 509/509/61 504/504/56
f 502/502/54 510/510/62 509/509/61
f 500/500/52 510/510/62 502/502/54
f 500/500/52 482/483/35 510/510/62
f 483/481/33 482/483/35 500/500/52
f 511/511/63 514/512/64 512/513/65
f 515/514/66 511/511/63 512/513/65
f 511/511/63 513/515/67 514/512/64
f 511/511/63 515/514/66 516/516/68
f 511/511/63 516/516/68 517/517/69
f 518/518/70 517/517/69 516/516/68
f 518/518/70 519/519/71 517/517/69
f 519/519/71 520/520/72 517/517/69
f 519/519/71 521/521/73 520/520/72
f 523/522/47 522/523/74 519/519/71
f 523/522/47 519/519/71 518/518/70
f 524/524/75 522/523/74 523/522/47
f 524/524/75 525/525/76 522/523/74
f 526/526/77 518/518/70 516/516/68
f 526/526/77 516/516/68 527/527/78
f 515/514/66 512/513/65 528/528/79
f 529/529/80 515/514/66 528/528/79
f 529/529/80 528/528/79 530/530/81
f 528/528/79 512/513/65 531/531/82
f 528/528/79 531/531/82 532/532/83
f 532/532/83 531/531/82 533/533/25
f 532/532/83 533/533/25 534/534/24
f 536/535/84 535/536/85 539/537/86
f 535/536/85 536/535/84 537/538/87
f 535/536/85 537/538/87 538/539/88
f 535/536/85 541/540/89 539/537/86
f 535/536/85 540/541/90 541/540/89
f 536/535/84 539/537/86 542/542/91
f 542/542/91 539/537/86 543/543/92
f 544/544/93 543/543/92 545/545/94
f 542/542/91 543/543/92 544/544/93
f 544/544/93 545/545/94 546/546/95
f 547/547/67 536/535/84 542/542/91
f 547/547/67 542/542/91 548/548/96
f 551/549/97 538/539/88 537/538/87
f 551/549/97 549/550/98 538/539/88
f 549/550/98 550/551/99 538/539/88
f 552/552/73 551/549/97 537/538/87
f 553/553/100 549/550/98 551/549/97
f 553/553/100 555/554/101 549/550/98
f 554/555/102 555/554/101 553/553/100
f 554/555/102 556/556/103 555/554/101
f 552/552/73 537/538/87 557/557/104
f 549/550/98 558/558/105 550/551/99
f 559/559/106 560/560/9 561/561/72
f 559/559/106 561/561/72 562/562/107
f 560/560/9 563/563/108 561/561/72
f 560/560/9 564/564/109 563/563/108
f 565/565/11 568/566/6 566/567/13
f 565/565/11 567/568/8 568/566/6
f 569/569/5 570/570/5 571/571/5
f 572/572/5 569/569/5 571/571/5
f 573/573/5 572/572/5 571/571/5
f 574/574/5 573/573/5 571/571/5
f 575/575/5 574/574/5 571/571/5
f 570/570/5 575/575/5 571/571/5
f 576/576/26 577/577/27 578/578/27
f 576/576/26 578/578/27 579/579/26
f 580/580/5 581/581/5 582/582/5
f 583/583/5 580/580/5 582/582/5
f 584/584/5 583/583/5 582/582/5
f 585/585/5 584/584/5 582/582/5
f 586/586/5 585/585/5 582/582/5
f 581/581/5 586/586/5 582/582/5
f 587/587/5 588/588/5 589/589/5
f 590/590/5 587/587/5 589/589/5
f 591/591/5 590/590/5 589/589/5
f 592/592/5 591/591/5 589/589/5
f 593/593/5 592/592/5 589/589/5
f 588/588/5 593/593/5 589/589/5
f 594/594/5 595/595/5 596/596/5
f 597/597/5 594/594/5 596/596/5
f 598/598/5 597/597/5 596/596/5
f 599/599/5 598/598/5 596/596/5
f 600/600/5 599/599/5 596/596/5
f 595/595/5 600/600/5 596/596/5
f 601/601/5 602/602/5 603/603/5
f 604/604/5 601/601/5 603/603/5
f 605/605/5 604/604/5 603/603/5
f 606/606/5 605/605/5 603/603/5
f 607/607/5 606/606/5 603/603/5
f 602/602/5 607/607/5 603/603/5
f 608/608/5 609/609/5 610/610/5
f 611/611/5 608/608/5 610/610/5
f 612/612/5 611/611/5 610/610/5
f 613/613/5 612/612/5 610/610/5
f 614/614/5 613/613/5 610/610/5
f 609/609/5 614/614/5 610/610/5
f 615/615/5 616/616/5 617/617/5
f 618/618/5 615/615/5 617/617/5
f 619/619/5 618/618/5 617/617/5
f 620/620/5 619/619/5 617/617/5
f 621/621/5 620/620/5 617/617/5
f 616/616/5 621/621/5 617/617/5
f 624/622/110 622/623/111 623/624/112
f 622/623/111 624/622/110 625/625/113
f 622/623/111 625/625/113 626/626/114
f 626/626/114 625/625/113 627/627/115
f 626/626/114 627/627/115 628/628/116
f 628/628/116 627/627/115 629/629/103
f 628/628/116 629/629/103 630/630/117
f 624/622/110 623/624/112 631/631/118
f 631/631/118 623/624/112 632/632/119
f 631/631/118 632/632/119 633/633/120
f 635/634/121 634/635/122 638/636/123
f 634/635/122 635/634/121 636/637/121
f 634/635/122 636/637/121 637/638/124
f 635/634/121 638/636/123 639/639/125
f 639/639/125 638/636/123 640/640/126
f 642/641/127 640/640/126 641/642/128
f 639/639/125 640/640/126 642/641/127
f 643/643/112 639/639/125 642/641/127
f 643/643/112 642/641/127 644/644/129
f 644/644/129 642/641/127 645/645/130
f 642/641/127 641/642/128 645/645/130
f 646/646/131 645/645/130 647/647/132
f 644/644/129 645/645/130 646/646/131
f 645/645/130 641/642/128 648/648/133
f 645/645/130 648/648/133 647/647/132
f 646/646/131 647/647/132 649/649/134
f 650/650/135 639/639/125 643/643/112
f 650/650/135 635/634/121 639/639/125
f 635/634/121 650/650/135 651/651/136
f 635/634/121 651/651/136 636/637/121
f 636/637/121 651/651/136 652/652/116
f 636/637/121 652/652/116 653/653/137
f 653/653/137 652/652/116 654/654/117
f 653/653/137 654/654/117 655/655/138
f 655/655/138 654/654/117 656/656/100
f 657/657/139 656/656/100 658/658/140
f 655/655/138 656/656/100 657/657/139
f 657/657/139 658/658/140 659/659/141
f 660/660/142 657/657/139 659/659/141
f 660/660/142 659/659/141 661/661/143
f 662/662/76 657/657/139 660/660/142
f 663/663/144 655/655/138 662/662/76
f 662/662/76 655/655/138 657/657/139
f 663/663/144 653/653/137 655/655/138
f 637/638/124 653/653/137 663/663/144
f 637/638/124 636/637/121 653/653/137
f 664/664/8 665/665/7 667/666/7
f 664/664/8 667/666/7 666/667/8
f 665/665/7 668/668/3 667/666/7
f 665/665/7 669/669/3 668/668/3
f 670/670/5 671/671/5 672/672/5
f 673/673/5 670/670/5 672/672/5
f 674/674/5 673/673/5 672/672/5
f 675/675/5 674/674/5 672/672/5
f 676/676/5 675/675/5 672/672/5
f 671/671/5 676/676/5 672/672/5
f 678/677/145 677/678/146 681/679/147
f 677/678/146 678/677/145 679/680/148
f 677/678/146 679/680/148 680/681/149
f 678/677/145 681/679/147 682/682/123
f 682/682/123 681/679/147 683/683/150
f 682/682/123 683/683/150 684/684/126
f 680/681/149 679/680/148 685/685/151
f 680/681/149 685/685/151 686/686/152
f 686/686/152 685/685/151 687/687/76
f 686/686/152 687/687/76 688/688/75
f 689/689/13 690/690/8 691/691/8
f 689/689/13 691/691/8 692/692/13
f 693/693/8 694/694/7 695/695/7
f 693/693/8 695/695/7 696/696/8
f 694/694/7 697/697/3 695/695/7
f 694/694/7 698/698/3 697/697/3
f 699/699/3 700/700/4 701/701/4
f 699/699/3 701/701/4 702/702/3
f 703/703/4 704/704/9 705/705/9
f 703/703/4 705/705/9 706/706/4
f 704/704/9 707/707/13 705/705/9
f 704/704/9 708/708/12 707/707/13
f 709/709/8 710/710/7 711/711/7
f 709/709/8 711/711/7 712/712/8
f 710/710/7 713/713/3 711/711/7
f 710/710/7 714/714/3 713/713/3
f 715/715/4 716/716/9 717/717/9
f 715/715/4 717/717/9 718/718/4
f 716/716/9 719/719/13 717/717/9
f 716/716/9 720/720/13 719/719/13
f 721/721/3 724/722/4 722/723/3
f 721/721/3 723/724/4 724/722/4
f 725/725/4 726/726/9 727/727/4
f 725/725/4 728/728/9 726/726/9
f 728/728/9 730/729/13 726/726/9
f 728/728/9 729/730/12 730/729/13
f 731/731/8 732/732/7 733/733/7
f 731/731/8 733/733/7 734/734/8
f 732/732/7 735/735/3 733/733/7
f 732/732/7 736/736/3 735/735/3
f 737/737/3 738/738/4 739/739/4
f 737/737/3 739/739/4 740/740/3
f 741/741/4 742/742/9 743/743/9
f 741/741/4 743/743/9 744/744/4
f 742/742/9 745/745/13 743/743/9
f 742/742/9 746/746/12 745/745/13
f 747/747/13 748/748/8 749/749/8
f 747/747/13 749/749/8 750/750/13
f 751/751/5 752/752/5 753/753/5
f 754/754/5 751/751/5 753/753/5
f 755/755/5 754/754/5 753/753/5
f 756/756/5 755/755/5 753/753/5
f 757/757/5 756/756/5 753/753/5
f 752/752/5 757/757/5 753/753/5
f 758/758/13 759/759/8 760/760/8
f 758/758/13 760/760/8 761/761/13
f 762/762/3 763/763/4 764/764/4
f 762/762/3 764/764/4 765/765/3
f 766/766/4 767/767/9 768/768/9
f 766/766/4 768/768/9 769/769/10
f 767/767/9 770/770/13 768/768/9
f 767/767/9 771/771/13 770/770/13
f 772/772/11 773/773/8 775/774/6
f 772/772/11 775/774/6 774/775/13
f 776/776/8 777/777/7 778/778/8
f 776/776/8 779/779/7 777/777/7
f 779/779/7 781/780/3 777/777/7
f 779/779/7 780/781/3 781/780/3
f 782/782/3 783/783/4 784/784/4
f 782/782/3 784/784/4 785/785/3
f 786/786/4 787/787/9 788/788/9
f 786/786/4 788/788/9 789/789/10
f 787/787/9 790/790/13 788/788/9
f 787/787/9 791/791/13 790/790/13
f 792/792/11 793/793/8 794/794/6
f 792/792/11 794/794/6 795/795/13
f 796/796/8 797/797/7 798/798/7
f 796/796/8 798/798/7 799/799/6
f 797/797/7 800/800/3 798/798/7
f 797/797/7 801/801/3 800/800/3
f 802/802/4 803/803/9 804/804/9
f 802/802/4 804/804/9 805/805/4
f 803/803/9 806/806/13 804/804/9
f 803/803/9 807/807/13 806/806/13
f 808/808/27 809/809/7 810/810/7
f 808/808/27 810/810/7 811/811/27
f 809/809/7 812/812/153 810/810/7
f 809/809/7 813/813/153 812/812/153
f 814/814/153 815/815/154 816/816/154
f 814/814/153 816/816/154 817/817/153
f 818/818/13 819/819/8 820/820/8
f 818/818/13 820/820/8 821/821/13
f 822/822/8 823/823/7 824/824/7
f 822/822/8 824/824/7 825/825/6
f 823/823/7 826/826/3 824/824/7
f 823/823/7 827/827/3 826/826/3
f 828/828/3 829/829/4 830/830/4
f 828/828/3 830/830/4 831/831/3
f 832/832/4 833/833/9 834/834/9
f 832/832/4 834/834/9 835/835/4
f 833/833/9 836/836/13 834/834/9
f 833/833/9 837/837/13 836/836/13
f 838/838/8 839/839/7 840/840/7
f 838/838/8 840/840/7 841/841/6
f 839/839/7 842/842/3 840/840/7
f 839/839/7 843/843/3 842/842/3
f 844/844/4 845/845/9 846/846/4
f 844/844/4 847/847/9 845/845/9
f 847/847/9 849/848/13 845/845/9
f 847/847/9 848/849/13 849/848/13
f 850/850/26 851/851/27 852/852/27
f 850/850/26 852/852/27 853/853/26
f 854/854/27 855/855/7 856/856/7
f 854/854/27 856/856/7 857/857/27
f 855/855/7 858/858/153 856/856/7
f 855/855/7 859/859/153 858/858/153
f 860/860/153 861/861/154 862/862/153
f 860/860/153 863/863/154 861/861/154
f 864/864/27 865/865/7 867/866/7
f 864/864/27 867/866/7 866/867/27
f 865/865/7 868/868/51 867/866/7
f 865/865/7 869/869/153 868/868/51
f 870/870/153 871/871/154 873/872/154
f 870/870/153 873/872/154 872/873/153
f 875/874/155 874/875/156 878/876/157
f 874/875/156 875/874/155 876/877/158
f 874/875/156 876/877/158 877/878/159
f 879/879/160 878/876/157 880/880/161
f 875/874/155 878/876/157 879/879/160
f 879/879/160 880/880/161 881/881/162
f 881/881/162 880/880/161 882/882/163
f 884/883/164 882/882/163 883/884/165
f 881/881/162 882/882/163 884/883/164
f 885/885/20 881/881/162 884/883/164
f 885/885/20 884/883/164 886/886/166
f 886/886/166 884/883/164 887/887/167
f 884/883/164 883/884/165 887/887/167
f 886/886/166 887/887/167 888/888/168
f 889/889/16 881/881/162 885/885/20
f 889/889/16 879/879/160 881/881/162
f 890/890/169 879/879/160 889/889/16
f 890/890/169 875/874/155 879/879/160
f 875/874/155 890/890/169 891/891/18
f 875/874/155 891/891/18 876/877/158
f 892/892/170 876/877/158 891/891/18
f 894/893/25 893/894/171 892/892/170
f 892/892/170 893/894/171 876/877/158
f 895/895/82 896/896/172 894/893/25
f 894/893/25 896/896/172 893/894/171
f 897/897/173 899/898/95 896/896/172
f 895/895/82 897/897/173 896/896/172
f 896/896/172 898/899/174 893/894/171
f 896/896/172 899/898/95 898/899/174
f 897/897/173 900/900/175 899/898/95
f 902/901/176 900/900/175 897/897/173
f 902/901/176 901/902/177 900/900/175
f 903/903/178 902/901/176 897/897/173
f 903/903/178 897/897/173 895/895/82
f 893/894/171 898/899/174 877/878/159
f 893/894/171 877/878/159 876/877/158
f 904/904/1 905/905/1 906/906/1
f 907/907/1 904/904/1 906/906/1
f 908/908/1 907/907/1 906/906/1
f 909/909/1 908/908/1 906/906/1
f 910/910/1 909/909/1 906/906/1
f 905/905/1 910/910/1 906/906/1
f 911/911/1 912/912/1 913/913/1
f 914/914/1 911/911/1 913/913/1
f 915/915/1 914/914/1 913/913/1
f 916/916/1 915/915/1 913/913/1
f 917/917/1 916/916/1 913/913/1
f 912/912/1 917/917/1 913/913/1
f 918/918/8 919/919/7 920/920/7
f 918/918/8 920/920/7 921/921/8
f 919/919/7 922/922/3 920/920/7
f 919/919/7 923/923/3 922/922/3
f 924/924/3 925/925/4 926/926/4
f 924/924/3 926/926/4 927/927/3
f 928/928/4 929/929/9 930/930/9
f 928/928/4 930/930/9 931/931/4
f 929/929/9 932/932/13 930/930/9
f 929/929/9 933/933/12 932/932/13
f 934/934/13 935/935/6 936/936/8
f 934/934/13 936/936/8 937/937/13
f 938/938/8 939/939/7 940/940/7
f 938/938/8 940/940/7 941/941/8
f 939/939/7 942/942/3 940/940/7
f 939/939/7 943/943/3 942/942/3
f 944/944/4 945/945/9 946/946/9
f 944/944/4 946/946/9 947/947/4
f 945/945/9 948/948/13 946/946/9
f 945/945/9 949/949/13 948/948/13
f 950/950/8 951/951/7 952/952/7
f 950/950/8 952/952/7 953/953/8
f 951/951/7 954/954/3 952/952/7
f 951/951/7 955/955/3 954/954/3
f 956/956/3 957/957/4 958/958/4
f 956/956/3 958/958/4 959/959/3
f 960/960/4 961/961/9 962/962/9
f 960/960/4 962/962/9 963/963/4
f 961/961/9 964/964/13 962/962/9
f 961/961/9 965/965/13 964/964/13
f 966/966/13 967/967/6 969/968/8
f 966/966/13 969/968/8 968/969/13
f 970/970/8 971/971/7 972/972/7
f 970/970/8 972/972/7 973/973/8
f 971/971/7 974/974/179 972/972/7
f 971/971/7 975/975/3 974/974/179
f 976/976/3 979/977/4 977/978/3
f 976/976/3 978/979/4 979/977/4
f 980/980/4 981/981/9 982/982/9
f 980/980/4 982/982/9 983/983/4
f 981/981/9 984/984/13 982/982/9
f 981/981/9 985/985/13 984/984/13
f 986/986/13 987/987/8 988/988/13
f 986/986/13 989/989/6 987/987/8
f 990/990/8 991/991/7 992/992/7
f 990/990/8 992/992/7 993/993/8
f 991/991/7 994/994/3 992/992/7
f 991/991/7 995/995/3 994/994/3
f 996/996/4 999/997/9 997/998/4
f 996/996/4 998/999/9 999/997/9
f 998/999/9 1000/1000/13 999/997/9
f 998/999/9 1001/1001/13 1000/1000/13
f 1002/1002/8 1003/1003/7 1004/1004/7
f 1002/1002/8 1004/1004/7 1005/1005/8
f 1003/1003/7 1006/1006/3 1004/1004/7
f 1003/1003/7 1007/1007/3 1006/1006/3
f 1008/1008/3 1009/1009/4 1010/1010/4
f 1008/1008/3 1010/1010/4 1011/1011/3
f 1012/1012/4 1013/1013/9 1014/1014/9
f 1012/1012/4 1014/1014/9 1015/1015/4
f 1013/1013/9 1016/1016/13 1014/1014/9
f 1013/1013/9 1017/1017/13 1016/1016/13
f 1018/1018/8 1021/1019/7 1019/1020/8
f 1018/1018/8 1020/1021/7 1021/1019/7
f 1020/1021/7 1022/1022/3 1021/1019/7
f 1020/1021/7 1023/1023/3 1022/1022/3
f 1024/1024/3 1027/1025/4 1025/1026/3
f 1024/1024/3 1026/1027/4 1027/1025/4
f 1028/1028/4 1029/1029/9 1030/1030/9
f 1028/1028/4 1030/1030/9 1031/1031/4
f 1029/1029/9 1032/1032/13 1030/1030/9
f 1029/1029/9 1033/1033/13 1032/1032/13
f 1034/1034/13 1035/1035/8 1036/1036/8
f 1034/1034/13 1036/1036/8 1037/1037/13
f 1038/1038/8 1041/1039/7 1039/1040/8
f 1038/1038/8 1040/1041/7 1041/1039/7
f 1040/1041/7 1042/1042/3 1041/1039/7
f 1040/1041/7 1043/1043/3 1042/1042/3
f 1044/1044/4 1045/1045/9 1046/1046/9
f 1044/1044/4 1046/1046/9 1047/1047/4
f 1045/1045/9 1048/1048/13 1046/1046/9
f 1045/1045/9 1049/1049/13 1048/1048/13
f 1050/1050/13 1051/1051/8 1052/1052/13
f 1050/1050/13 1053/1053/8 1051/1051/8
f 1054/1054/8 1055/1055/7 1056/1056/7
f 1054/1054/8 1056/1056/7 1057/1057/8
f 1055/1055/7 1058/1058/3 1056/1056/7
f 1055/1055/7 1059/1059/3 1058/1058/3
f 1060/1060/4 1061/1061/9 1062/1062/9
f 1060/1060/4 1062/1062/9 1063/1063/4
f 1061/1061/9 1064/1064/13 1062/1062/9
f 1061/1061/9 1065/1065/13 1064/1064/13
f 1066/1066/13 1067/1067/8 1068/1068/8
f 1066/1066/13 1068/1068/8 1069/1069/13
f 1070/1070/8 1071/1071/7 1073/1072/8
f 1070/1070/8 1072/1073/7 1071/1071/7
f 1072/1073/7 1074/1074/3 1075/1075/3
f 1072/1073/7 1075/1075/3 1071/1071/7
f 1076/1076/3 1077/1077/4 1078/1078/4
f 1076/1076/3 1078/1078/4 1079/1079/3
f 1080/1080/4 1081/1081/9 1082/1082/4
f 1080/1080/4 1083/1083/9 1081/1081/9
f 1083/1083/9 1084/1084/13 1085/1085/13
f 1083/1083/9 1085/1085/13 1081/1081/9
f 1086/1086/13 1087/1087/8 1088/1088/8
f 1086/1086/13 1088/1088/8 1089/1089/13
f 1090/1090/8 1091/1091/7 1092/1092/8
f 1090/1090/8 1093/1093/7 1091/1091/7
f 1093/1093/7 1095/1094/3 1091/1091/7
f 1093/1093/7 1094/1095/3 1095/1094/3
f 1096/1096/13 1097/1097/8 1098/1098/8
f 1096/1096/13 1098/1098/8 1099/1099/13
f 1100/1100/8 1101/1101/7 1103/1102/7
f 1100/1100/8 1103/1102/7 1102/1103/8
f 1101/1101/7 1104/1104/3 1103/1102/7
f 1101/1101/7 1105/1105/3 1104/1104/3
f 1106/1106/3 1107/1107/4 1108/1108/4
f 1106/1106/3 1108/1108/4 1109/1109/3
f 1110/1110/4 1111/1111/9 1112/1112/9
f 1110/1110/4 1112/1112/9 1113/1113/4
f 1111/1111/9 1114/1114/13 1112/1112/9
f 1111/1111/9 1115/1115/13 1114/1114/13
f 1116/1116/13 1117/1117/8 1118/1118/8
f 1116/1116/13 1118/1118/8 1119/1119/13
f 1120/1120/8 1121/1121/7 1123/1122/7
f 1120/1120/8 1123/1122/7 1122/1123/8
f 1121/1121/7 1124/1124/3 1123/1122/7
f 1121/1121/7 1125/1125/3 1124/1124/3
f 1126/1126/4 1127/1127/9 1128/1128/4
f 1126/1126/4 1129/1129/9 1127/1127/9
f 1129/1129/9 1131/1130/13 1127/1127/9
f 1129/1129/9 1130/1131/13 1131/1130/13
f 1132/1132/1 1133/1133/1 1134/1134/1
f 1135/1135/1 1132/1132/1 1134/1134/1
f 1136/1136/1 1135/1135/1 1134/1134/1
f 1137/1137/1 1136/1136/1 1134/1134/1
f 1138/1138/1 1137/1137/1 1134/1134/1
f 1133/1133/1 1138/1138/1 1134/1134/1
f 1139/1139/1 1140/1140/1 1141/1141/1
f 1142/1142/1 1139/1139/1 1141/1141/1
f 1143/1143/1 1142/1142/1 1141/1141/1
f 1144/1144/1 1143/1143/1 1141/1141/1
f 1145/1145/1 1144/1144/1 1141/1141/1
f 1140/1140/1 1145/1145/1 1141/1141/1
f 1146/1146/13 1149/1147/8 1147/1148/13
f 1146/1146/13 1148/1149/8 1149/1147/8
f 1150/1150/8 1151/1151/7 1152/1152/7
f 1150/1150/8 1152/1152/7 1153/1153/8
f 1151/1151/7 1154/1154/3 1152/1152/7
f 1151/1151/7 1155/1155/3 1154/1154/3
f 1156/1156/3 1157/1157/4 1158/1158/4
f 1156/1156/3 1158/1158/4 1159/1159/3
f 1160/1160/4 1161/1161/9 1162/1162/9
f 1160/1160/4 1162/1162/9 1163/1163/4
f 1161/1161/9 1164/1164/13 1162/1162/9
f 1161/1161/9 1165/1165/13 1164/1164/13
f 1166/1166/13 1167/1167/8 1169/1168/8
f 1166/1166/13 1169/1168/8 1168/1169/13
f 1170/1170/8 1171/1171/7 1172/1172/8
f 1170/1170/8 1173/1173/7 1171/1171/7
f 1173/1173/7 1175/1174/3 1171/1171/7
f 1173/1173/7 1174/1175/3 1175/1174/3
f 1176/1176/4 1177/1177/9 1178/1178/4
f 1176/1176/4 1179/1179/9 1177/1177/9
f 1179/1179/9 1181/1180/13 1177/1177/9
f 1179/1179/9 1180/1181/13 1181/1180/13
f 1182/1182/13 1183/1183/8 1184/1184/8
f 1182/1182/13 1184/1184/8 1185/1185/13
f 1186/1186/8 1187/1187/7 1188/1188/7
f 1186/1186/8 1188/1188/7 1189/1189/8
f 1187/1187/7 1190/1190/3 1188/1188/7
f 1187/1187/7 1191/1191/3 1190/1190/3
f 1192/1192/4 1193/1193/9 1194/1194/9
f 1192/1192/4 1194/1194/9 1195/1195/4
f 1193/1193/9 1196/1196/13 1194/1194/9
f 1193/1193/9 1197/1197/13 1196/1196/13
f 1198/1198/5 1199/1199/5 1200/1200/5
f 1201/1201/5 1198/1198/5 1200/1200/5
f 1202/1202/5 1201/1201/5 1200/1200/5
f 1203/1203/5 1202/1202/5 1200/1200/5
f 1204/1204/5 1203/1203/5 1200/1200/5
f 1199/1199/5 1204/1204/5 1200/1200/5
f 1205/1205/5 1206/1206/5 1207/1207/5
f 1208/1208/5 1205/1205/5 1207/1207/5
f 1209/1209/5 1208/1208/5 1207/1207/5
f 1210/1210/5 1209/1209/5 1207/1207/5
f 1211/1211/5 1210/1210/5 1207/1207/5
f 1206/1206/5 1211/1211/5 1207/1207/5
f 1212/1212/5 1213/1213/5 1214/1214/5
f 1215/1215/5 1212/1212/5 1214/1214/5
f 1216/1216/5 1215/1215/5 1214/1214/5
f 1217/1217/5 1216/1216/5 1214/1214/5
f 1218/1218/5 1217/1217/5 1214/1214/5
f 1213/1213/5 1218/1218/5 1214/1214/5
f 1219/1219/5 1220/1220/5 1221/1221/5
f 1222/1222/5 1219/1219/5 1221/1221/5
f 1223/1223/5 1222/1222/5 1221/1221/5
f 1224/1224/5 1223/1223/5 1221/1221/5
f 1225/1225/5 1224/1224/5 1221/1221/5
f 1220/1220/5 1225/1225/5 1221/1221/5
f 1226/1226/5 1227/1227/5 1228/1228/5
f 1229/1229/5 1226/1226/5 1228/1228/5
f 1230/1230/5 1229/1229/5 1228/1228/5
f 1231/1231/5 1230/1230/5 1228/1228/5
f 1232/1232/5 1231/1231/5 1228/1228/5
f 1227/1227/5 1232/1232/5 1228/1228/5
f 1233/1233/5 1234/1234/5 1235/1235/5
f 1236/1236/5 1233/1233/5 1235/1235/5
f 1237/1237/5 1236/1236/5 1235/1235/5
f 1238/1238/5 1237/1237/5 1235/1235/5
f 1239/1239/5 1238/1238/5 1235/1235/5
f 1234/1234/5 1239/1239/5 1235/1235/5
f 1240/1240/5 1241/1241/5 1242/1242/5
f 1243/1243/5 1240/1240/5 1242/1242/5
f 1244/1244/5 1243/1243/5 1242/1242/5
f 1245/1245/5 1244/1244/5 1242/1242/5
f 1246/1246/5 1245/1245/5 1242/1242/5
f 1241/1241/5 1246/1246/5 1242/1242/5
f 1247/1247/5 1248/1248/5 1249/1249/5
f 1250/1250/5 1247/1247/5 1249/1249/5
f 1251/1251/5 1250/1250/5 1249/1249/5
f 1252/1252/5 1251/1251/5 1249/1249/5
f 1253/1253/5 1252/1252/5 1249/1249/5
f 1248/1248/5 1253/1253/5 1249/1249/5
f 1254/1254/5 1255/1255/5 1256/1256/5
f 1257/1257/5 1254/1254/5 1256/1256/5
f 1258/1258/5 1257/1257/5 1256/1256/5
f 1259/1259/5 1258/1258/5 1256/1256/5
f 1260/1260/5 1259/1259/5 1256/1256/5
f 1255/1255/5 1260/1260/5 1256/1256/5
f 1261/1261/5 1262/1262/5 1263/1263/5
f 1264/1264/5 1261/1261/5 1263/1263/5
f 1265/1265/5 1264/1264/5 1263/1263/5
f 1266/1266/5 1265/1265/5 1263/1263/5
f 1267/1267/5 1266/1266/5 1263/1263/5
f 1262/1262/5 1267/1267/5 1263/1263/5
f 1268/1268/8 1269/1269/7 1270/1270/7
f 1268/1268/8 1270/1270/7 1271/1271/8
f 1269/1269/7 1272/1272/3 1270/1270/7
f 1269/1269/7 1273/1273/3 1272/1272/3
f 1274/1274/8 1275/1275/7 1276/1276/7
f 1274/1274/8 1276/1276/7 1277/1277/8
f 1275/1275/7 1278/1278/3 1276/1276/7
f 1275/1275/7 1279/1279/3 1278/1278/3
f 1280/1280/3 1281/1281/4 1283/1282/4
f 1280/1280/3 1283/1282/4 1282/1283/3
f 1284/1284/4 1285/1285/9 1287/1286/10
f 1284/1284/4 1286/1287/9 1285/1285/9
f 1286/1287/9 1288/1288/13 1289/1289/13
f 1286/1287/9 1289/1289/13 1285/1285/9
f 1290/1290/13 1291/1291/8 1292/1292/8
f 1290/1290/13 1292/1292/8 1293/1293/13
f 1294/1294/8 1295/1295/7 1296/1296/7
f 1294/1294/8 1296/1296/7 1297/1297/6
f 1295/1295/7 1298/1298/3 1296/1296/7
f 1295/1295/7 1299/1299/3 1298/1298/3
f 1300/1300/4 1301/1301/9 1302/1302/9
f 1300/1300/4 1302/1302/9 1303/1303/4
f 1301/1301/9 1304/1304/13 1302/1302/9
f 1301/1301/9 1305/1305/13 1304/1304/13
f 1306/1306/1 1307/1307/1 1308/1308/1
f 1309/1309/1 1306/1306/1 1308/1308/1
f 1310/1310/1 1309/1309/1 1308/1308/1
f 1311/1311/1 1310/1310/1 1308/1308/1
f 1312/1312/1 1311/1311/1 1308/1308/1
f 1307/1307/1 1312/1312/1 1308/1308/1
f 1313/1313/1 1314/1314/1 1315/1315/1
f 1316/1316/1 1313/1313/1 1315/1315/1
f 1317/1317/1 1316/1316/1 1315/1315/1
f 1318/1318/1 1317/1317/1 1315/1315/1
f 1319/1319/1 1318/1318/1 1315/1315/1
f 1314/1314/1 1319/1319/1 1315/1315/1
f 1320/1320/5 1321/1321/5 1322/1322/5
f 1323/1323/5 1320/1320/5 1322/1322/5
f 1324/1324/5 1323/1323/5 1322/1322/5
f 1325/1325/5 1324/1324/5 1322/1322/5
f 1326/1326/5 1325/1325/5 1322/1322/5
f 1321/1321/5 1326/1326/5 1322/1322/5
f 1327/1327/1 1328/1328/1 1329/1329/1
f 1330/1330/1 1327/1327/1 1329/1329/1
f 1331/1331/1 1330/1330/1 1329/1329/1
f 1332/1332/1 1331/1331/1 1329/1329/1
f 1333/1333/1 1332/1332/1 1329/1329/1
f 1328/1328/1 1333/1333/1 1329/1329/1
f 1334/1334/5 1335/1335/5 1336/1336/5
f 1337/1337/5 1334/1334/5 1336/1336/5
f 1338/1338/5 1337/1337/5 1336/1336/5
f 1339/1339/5 1338/1338/5 1336/1336/5
f 1340/1340/5 1339/1339/5 1336/1336/5
f 1335/1335/5 1340/1340/5 1336/1336/5
f 1341/1341/5 1342/1342/5 1343/1343/5
f 1344/1344/5 1341/1341/5 1343/1343/5
f 1345/1345/5 1344/1344/5 1343/1343/5
f 1346/1346/5 1345/1345/5 1343/1343/5
f 1347/1347/5 1346/1346/5 1343/1343/5
f 1342/1342/5 1347/1347/5 1343/1343/5
f 1348/1348/5 1349/1349/5 1350/1350/5
f 1351/1351/5 1348/1348/5 1350/1350/5
f 1352/1352/5 1351/1351/5 1350/1350/5
f 1353/1353/5 1352/1352/5 1350/1350/5
f 1354/1354/5 1353/1353/5 1350/1350/5
f 1349/1349/5 1354/1354/5 1350/1350/5
f 1355/1355/5 1356/1356/5 1357/1357/5
f 1358/1358/5 1355/1355/5 1357/1357/5
f 1359/1359/5 1358/1358/5 1357/1357/5
f 1360/1360/5 1359/1359/5 1357/1357/5
f 1361/1361/5 1360/1360/5 1357/1357/5
f 1356/1356/5 1361/1361/5 1357/1357/5
f 1362/1362/3 1363/1363/4 1364/1364/4
f 1362/1362/3 1364/1364/4 1365/1365/3
f 1367/1366/180 1366/1367/14 1370/1368/19
f 1366/1367/14 1367/1366/180 1368/1369/180
f 1366/1367/14 1368/1369/180 1369/1370/181
f 1371/1371/182 1370/1368/19 1372/1372/21
f 1367/1366/180 1370/1368/19 1371/1371/182
f 1374/1373/183 1372/1372/21 1373/1374/184
f 1371/1371/182 1372/1372/21 1374/1373/183
f 1375/1375/185 1371/1371/182 1374/1373/183
f 1375/1375/185 1374/1373/183 1376/1376/186
f 1376/1376/186 1374/1373/183 1377/1377/187
f 1374/1373/183 1373/1374/184 1377/1377/187
f 1376/1376/186 1377/1377/187 1378/1378/188
f 1378/1378/188 1377/1377/187 1379/1379/189
f 1377/1377/187 1373/1374/184 1380/1380/190
f 1377/1377/187 1380/1380/190 1379/1379/189
f 1378/1378/188 1379/1379/189 1381/1381/191
f 1382/1382/192 1371/1371/182 1375/1375/185
f 1367/1366/180 1382/1382/192 1383/1383/193
f 1382/1382/192 1367/1366/180 1371/1371/182
f 1384/1384/194 1368/1369/180 1383/1383/193
f 1367/1366/180 1383/1383/193 1368/1369/180
f 1384/1384/194 1385/1385/195 1368/1369/180
f 1386/1386/94 1385/1385/195 1384/1384/194
f 1387/1387/196 1388/1388/197 1386/1386/94
f 1386/1386/94 1388/1388/197 1385/1385/195
f 1389/1389/198 1390/1390/24 1388/1388/197
f 1387/1387/196 1389/1389/198 1388/1388/197
f 1388/1388/197 1390/1390/24 1391/1391/199
f 1388/1388/197 1391/1391/199 1385/1385/195
f 1385/1385/195 1391/1391/199 1369/1370/181
f 1389/1389/198 1392/1392/83 1390/1390/24
f 1394/1393/200 1392/1392/83 1389/1389/198
f 1394/1393/200 1393/1394/201 1392/1392/83
f 1395/1395/202 1394/1393/200 1389/1389/198
f 1395/1395/202 1389/1389/198 1387/1387/196
f 1385/1385/195 1369/1370/181 1368/1369/180
f 1397/1396/203 1396/1397/204 1400/1398/205
f 1396/1397/204 1397/1396/203 1398/1399/206
f 1396/1397/204 1398/1399/206 1399/1400/193
f 1401/1401/207 1400/1398/205 1402/1402/186
f 1397/1396/203 1400/1398/205 1401/1401/207
f 1401/1401/207 1402/1402/186 1403/1403/161
f 1404/1404/208 1399/1400/193 1398/1399/206
f 1404/1404/208 1405/1405/209 1399/1400/193
f 1406/1406/95 1405/1405/209 1404/1404/208
f 1406/1406/95 1407/1407/94 1405/1405/209
f 1408/1408/13 1409/1409/6 1410/1410/8
f 1408/1408/13 1410/1410/8 1411/1411/13
f 1412/1412/8 1413/1413/7 1414/1414/7
f 1412/1412/8 1414/1414/7 1415/1415/8
f 1413/1413/7 1416/1416/3 1414/1414/7
f 1413/1413/7 1417/1417/3 1416/1416/3
f 1418/1418/11 1419/1419/8 1421/1420/8
f 1418/1418/11 1421/1420/8 1420/1421/13
f 1422/1422/3 1424/1423/4 1423/1424/3
f 1422/1422/3 1425/1425/4 1424/1423/4
f 1426/1426/3 1429/1427/4 1427/1428/3
f 1426/1426/3 1428/1429/4 1429/1427/4
f 1430/1430/3 1431/1431/4 1433/1432/4
f 1430/1430/3 1433/1432/4 1432/1433/3
f 1434/1434/154 1435/1435/9 1437/1436/154
f 1434/1434/154 1436/1437/9 1435/1435/9
f 1436/1437/9 1438/1438/26 1439/1439/26
f 1436/1437/9 1439/1439/26 1435/1435/9
f 1440/1440/154 1441/1441/9 1442/1442/9
f 1440/1440/154 1442/1442/9 1443/1443/154
f 1441/1441/9 1444/1444/26 1442/1442/9
f 1441/1441/9 1445/1445/26 1444/1444/26
f 1446/1446/154 1449/1447/9 1447/1448/154
f 1446/1446/154 1448/1449/9 1449/1447/9
f 1448/1449/9 1450/1450/26 1449/1447/9
f 1448/1449/9 1451/1451/26 1450/1450/26
f 1452/1452/3 1453/1453/4 1454/1454/4
f 1452/1452/3 1454/1454/4 1455/1455/3
f 1456/1456/13 1457/1457/6 1458/1458/8
f 1456/1456/13 1458/1458/8 1459/1459/13
f 1460/1460/13 1461/1461/8 1462/1462/8
f 1460/1460/13 1462/1462/8 1463/1463/13
f 1464/1464/3 1467/1465/4 1465/1466/3
f 1464/1464/3 1466/1467/4 1467/1465/4
f 1468/1468/11 1469/1469/8 1471/1470/8
f 1468/1468/11 1471/1470/8 1470/1471/13
f 1472/1472/3 1475/1473/4 1473/1474/3
f 1472/1472/3 1474/1475/4 1475/1473/4
f 1476/1476/3 1477/1477/4 1478/1478/3
f 1476/1476/3 1479/1479/4 1477/1477/4
f 1480/1480/3 1481/1481/4 1482/1482/4
f 1480/1480/3 1482/1482/4 1483/1483/3
f 1484/1484/13 1486/1485/8 1485/1486/13
f 1484/1484/13 1487/1487/8 1486/1485/8
f 1488/1488/3 1489/1489/4 1490/1490/4
f 1488/1488/3 1490/1490/4 1491/1491/3
f 1492/1492/3 1493/1493/4 1495/1494/3
f 1492/1492/3 1494/1495/4 1493/1493/4
f 1496/1496/3 1497/1497/4 1498/1498/4
f 1496/1496/3 1498/1498/4 1499/1499/3
f 1500/1500/13 1501/1501/8 1502/1502/13
f 1500/1500/13 1503/1503/8 1501/1501/8
f 1504/1504/3 1505/1505/4 1507/1506/4
f 1504/1504/3 1507/1506/4 1506/1507/3
f 1508/1508/3 1509/1509/4 1510/1510/4
f 1508/1508/3 1510/1510/4 1511/1511/3
f 1512/1512/3 1513/1513/4 1514/1514/4
f 1512/1512/3 1514/1514/4 1515/1515/3
f 1516/1516/210 1517/1517/210 1518/1518/210
f 1519/1519/210 1516/1516/210 1518/1518/210
f 1520/1520/210 1519/1519/210 1518/1518/210
f 1521/1521/210 1520/1520/210 1518/1518/210
f 1522/1522/210 1521/1521/210 1518/1518/210
f 1517/1517/210 1522/1522/210 1518/1518/210
f 1523/1523/210 1524/1524/210 1525/1525/210
f 1526/1526/210 1523/1523/210 1525/1525/210
f 1527/1527/210 1526/1526/210 1525/1525/210
f 1528/1528/210 1527/1527/210 1525/1525/210
f 1529/1529/210 1528/1528/210 1525/1525/210
f 1524/1524/210 1529/1529/210 1525/1525/210
f 1530/1530/210 1531/1531/210 1532/1532/210
f 1533/1533/210 1530/1530/210 1532/1532/210
f 1534/1534/210 1533/1533/210 1532/1532/210
f 1535/1535/210 1534/1534/210 1532/1532/210
f 1536/1536/210 1535/1535/210 1532/1532/210
f 1531/1531/210 1536/1536/210 1532/1532/210
f 1537/1537/3 1538/1538/4 1539/1539/3
f 1537/1537/3 1540/1540/4 1538/1538/4
f 1541/1541/1 1542/1542/1 1543/1543/1
f 1544/1544/1 1541/1541/1 1543/1543/1
f 1545/1545/1 1544/1544/1 1543/1543/1
f 1546/1546/1 1545/1545/1 1543/1543/1
f 1547/1547/1 1546/1546/1 1543/1543/1
f 1542/1542/1 1547/1547/1 1543/1543/1
f 1548/1548/1 1549/1549/1 1550/1550/1
f 1551/1551/1 1548/1548/1 1550/1550/1
f 1552/1552/1 1551/1551/1 1550/1550/1
f 1553/1553/1 1552/1552/1 1550/1550/1
f 1554/1554/1 1553/1553/1 1550/1550/1
f 1549/1549/1 1554/1554/1 1550/1550/1
f 1555/1555/1 1556/1556/1 1557/1557/1
f 1558/1558/1 1555/1555/1 1557/1557/1
f 1559/1559/1 1558/1558/1 1557/1557/1
f 1560/1560/1 1559/1559/1 1557/1557/1
f 1561/1561/1 1560/1560/1 1557/1557/1
f 1556/1556/1 1561/1561/1 1557/1557/1
f 1562/1562/1 1563/1563/1 1564/1564/1
f 1565/1565/1 1562/1562/1 1564/1564/1
f 1566/1566/1 1565/1565/1 1564/1564/1
f 1567/1567/1 1566/1566/1 1564/1564/1
f 1568/1568/1 1567/1567/1 1564/1564/1
f 1563/1563/1 1568/1568/1 1564/1564/1
f 1569/1569/13 1570/1570/8 1571/1571/8
f 1569/1569/13 1571/1571/8 1572/1572/13
f 1573/1573/13 1574/1574/6 1575/1575/8
f 1573/1573/13 1575/1575/8 1576/1576/11
f 1577/1577/13 1578/1578/8 1579/1579/8
f 1577/1577/13 1579/1579/8 1580/1580/13
f 1581/1581/3 1582/1582/4 1583/1583/4
f 1581/1581/3 1583/1583/4 1584/1584/3
f 1585/1585/13 1586/1586/8 1587/1587/11
f 1585/1585/13 1588/1588/6 1586/1586/8
f 1589/1589/211 1590/1590/212 1591/1591/213
f 1589/1589/211 1591/1591/213 1592/1592/214
f 1593/1593/215 1589/1589/211 1592/1592/214
f 1593/1593/215 1595/1594/216 1589/1589/211
f 1595/1594/216 1594/1595/217 1589/1589/211
f 1597/1596/184 1595/1594/216 1593/1593/215
f 1595/1594/216 1596/1597/218 1594/1595/217
f 1597/1596/184 1598/1598/166 1595/1594/216
f 1599/1599/21 1598/1598/166 1597/1596/184
f 1599/1599/21 1600/1600/20 1598/1598/166
f 1601/1601/189 1593/1593/215 1592/1592/214
f 1601/1601/189 1592/1592/214 1602/1602/219
f 1603/1603/220 1591/1591/213 1590/1590/212
f 1603/1603/220 1604/1604/221 1591/1591/213
f 1604/1604/221 1605/1605/222 1591/1591/213
f 1604/1604/221 1606/1606/223 1605/1605/222
f 1608/1607/224 1604/1604/221 1603/1603/220
f 1608/1607/224 1607/1608/57 1604/1604/221
f 1609/1609/126 1607/1608/57 1608/1607/224
f 1609/1609/126 1610/1610/150 1607/1608/57
f 1611/1611/225 1603/1603/220 1590/1590/212
f 1611/1611/225 1590/1590/212 1612/1612/226
f 1613/1613/227 1614/1614/228 1615/1615/222
f 1613/1613/227 1615/1615/222 1616/1616/7
f 1616/1616/7 1615/1615/222 1617/1617/229
f 1616/1616/7 1617/1617/229 1618/1618/230
f 1619/1619/231 1620/1620/232 1621/1621/233
f 1619/1619/231 1621/1621/233 1622/1622/234
f 1623/1623/235 1619/1619/231 1622/1622/234
f 1623/1623/235 1625/1624/236 1619/1619/231
f 1625/1624/236 1624/1625/219 1619/1619/231
f 1627/1626/163 1626/1627/188 1625/1624/236
f 1627/1626/163 1625/1624/236 1623/1623/235
f 1625/1624/236 1628/1628/237 1624/1625/219
f 1629/1629/161 1626/1627/188 1627/1626/163
f 1629/1629/161 1630/1630/186 1626/1627/188
f 1631/1631/238 1623/1623/235 1622/1622/234
f 1631/1631/238 1622/1622/234 1632/1632/239
f 1633/1633/240 1621/1621/233 1620/1620/232
f 1633/1633/240 1634/1634/134 1621/1621/233
f 1634/1634/134 1635/1635/226 1621/1621/233
f 1634/1634/134 1636/1636/241 1635/1635/226
f 1638/1637/242 1634/1634/134 1633/1633/240
f 1638/1637/242 1637/1638/131 1634/1634/134
f 1639/1639/243 1637/1638/131 1638/1637/242
f 1639/1639/243 1640/1640/244 1637/1638/131
f 1641/1641/223 1633/1633/240 1620/1620/232
f 1641/1641/223 1620/1620/232 1642/1642/245
f 1643/1643/246 1644/1644/247 1645/1645/248
f 1643/1643/246 1645/1645/248 1646/1646/9
f 1646/1646/9 1645/1645/248 1647/1647/249
f 1646/1646/9 1647/1647/249 1648/1648/250
