# Blender 4.4.1
# www.blender.org
mtllib SM_pasted__polySurface17_pasted__blinn2_0_0.mtl
o SM_pasted__polySurface17_pasted__blinn2_0_0
v 1.627546 -1.006115 0.028921
v 1.635493 -1.017270 0.039822
v 1.582279 -1.029637 0.051906
v 1.615167 -0.997262 0.020269
v 1.599570 -0.991577 0.014715
v 1.582279 -0.989619 0.012801
v 1.564989 -0.991577 0.014715
v 1.549391 -0.997262 0.020269
v 1.537013 -1.006115 0.028921
v 1.529065 -1.017270 0.039822
v 1.526327 -1.029637 0.051906
v 1.529065 -1.042003 0.063991
v 1.537013 -1.053159 0.074892
v 1.549391 -1.062012 0.083543
v 1.564989 -1.067696 0.089098
v 1.582279 -1.069654 0.091012
v 1.599570 -1.067696 0.089098
v 1.615167 -1.062012 0.083543
v 1.627546 -1.053159 0.074892
v 1.635493 -1.042003 0.063991
v 1.638232 -1.029637 0.051906
v 1.596056 0.047609 1.147875
v 1.582279 0.045680 1.152306
v 1.596765 0.044407 1.151004
v 1.593999 0.050497 1.145053
v 1.590794 0.052789 1.142813
v 1.586756 0.054261 1.141375
v 1.582279 0.054768 1.140880
v 1.577803 0.054261 1.141375
v 1.573765 0.052789 1.142813
v 1.570560 0.050497 1.145053
v 1.568503 0.047609 1.147875
v 1.567793 0.044407 1.151004
v 1.568503 0.041206 1.154132
v 1.570560 0.038318 1.156955
v 1.573765 0.036025 1.159195
v 1.577803 0.034554 1.160633
v 1.582279 0.034047 1.161128
v 1.586756 0.034554 1.160633
v 1.590794 0.036025 1.159195
v 1.593999 0.038318 1.156955
v 1.596056 0.041206 1.154132
v 3.653594 -1.006115 0.028921
v 3.661541 -1.017270 0.039822
v 3.608328 -1.029637 0.051906
v 3.641216 -0.997262 0.020269
v 3.625618 -0.991577 0.014715
v 3.608328 -0.989619 0.012801
v 3.591037 -0.991577 0.014715
v 3.575440 -0.997262 0.020269
v 3.563061 -1.006115 0.028921
v 3.555114 -1.017270 0.039822
v 3.552375 -1.029637 0.051906
v 3.555114 -1.042003 0.063991
v 3.563061 -1.053159 0.074892
v 3.575440 -1.062012 0.083543
v 3.591037 -1.067696 0.089098
v 3.608328 -1.069654 0.091012
v 3.625618 -1.067696 0.089098
v 3.641216 -1.062012 0.083543
v 3.653594 -1.053159 0.074892
v 3.661541 -1.042003 0.063991
v 3.664280 -1.029637 0.051906
v 3.622104 0.047609 1.147875
v 3.608328 0.045680 1.152306
v 3.622813 0.044407 1.151004
v 3.620047 0.050497 1.145053
v 3.616842 0.052789 1.142813
v 3.612804 0.054261 1.141375
v 3.608328 0.054768 1.140880
v 3.603851 0.054261 1.141375
v 3.599813 0.052789 1.142813
v 3.596608 0.050497 1.145053
v 3.594551 0.047609 1.147875
v 3.593842 0.044407 1.151004
v 3.594551 0.041206 1.154132
v 3.596608 0.038318 1.156955
v 3.599813 0.036025 1.159195
v 3.603851 0.034554 1.160633
v 3.608328 0.034047 1.161128
v 3.612804 0.034554 1.160633
v 3.616842 0.036025 1.159195
v 3.620047 0.038318 1.156955
v 3.622104 0.041206 1.154132
v -3.437575 -2.671595 0.028921
v -3.429628 -2.682751 0.039822
v -3.482841 -2.695117 0.051906
v -3.449954 -2.662742 0.020269
v -3.465551 -2.657058 0.014715
v -3.482841 -2.655099 0.012801
v -3.500132 -2.657058 0.014715
v -3.515729 -2.662742 0.020269
v -3.528108 -2.671595 0.028921
v -3.536055 -2.682751 0.039822
v -3.538794 -2.695117 0.051906
v -3.536055 -2.707483 0.063991
v -3.528108 -2.718639 0.074892
v -3.515729 -2.727492 0.083543
v -3.500132 -2.733176 0.089098
v -3.482841 -2.735135 0.091012
v -3.465551 -2.733176 0.089098
v -3.449954 -2.727492 0.083543
v -3.437575 -2.718639 0.074892
v -3.429628 -2.707483 0.063991
v -3.426889 -2.695117 0.051906
v -3.469065 -1.617872 1.147875
v -3.482841 -1.619800 1.152306
v -3.468356 -1.621073 1.151004
v -3.471122 -1.614983 1.145053
v -3.474327 -1.612691 1.142813
v -3.478365 -1.611220 1.141375
v -3.482841 -1.610713 1.140880
v -3.487318 -1.611220 1.141375
v -3.491356 -1.612691 1.142813
v -3.494561 -1.614983 1.145053
v -3.496618 -1.617872 1.147875
v -3.497327 -1.621073 1.151004
v -3.496618 -1.624275 1.154132
v -3.494561 -1.627163 1.156955
v -3.491356 -1.629455 1.159195
v -3.487318 -1.630926 1.160633
v -3.482841 -1.631433 1.161128
v -3.478365 -1.630926 1.160633
v -3.474327 -1.629455 1.159195
v -3.471122 -1.627163 1.156955
v -3.469065 -1.624275 1.154132
v -3.323019 1.054350 0.028921
v -3.315071 1.043194 0.039822
v -3.368285 1.030828 0.051906
v -3.335397 1.063203 0.020269
v -3.350995 1.068887 0.014715
v -3.368285 1.070845 0.012801
v -3.385575 1.068887 0.014715
v -3.401173 1.063203 0.020269
v -3.413551 1.054350 0.028921
v -3.421499 1.043194 0.039822
v -3.424237 1.030828 0.051906
v -3.421499 1.018461 0.063991
v -3.413551 1.007306 0.074892
v -3.401173 0.998453 0.083543
v -3.385575 0.992769 0.089098
v -3.368285 0.990810 0.091012
v -3.350995 0.992769 0.089098
v -3.335397 0.998453 0.083543
v -3.323019 1.007306 0.074892
v -3.315071 1.018461 0.063991
v -3.312333 1.030828 0.051906
v -3.354508 2.694333 1.747811
v -3.368285 2.693100 1.752953
v -3.353799 2.691132 1.750940
v -3.356566 2.697221 1.744989
v -3.359770 2.699513 1.742749
v -3.363809 2.700985 1.741311
v -3.368285 2.701492 1.740815
v -3.372761 2.700985 1.741311
v -3.376800 2.699513 1.742749
v -3.380004 2.697221 1.744989
v -3.382062 2.694333 1.747811
v -3.382771 2.691132 1.750940
v -3.382062 2.687930 1.754068
v -3.380004 2.685042 1.756890
v -3.376800 2.682750 1.759130
v -3.372761 2.681278 1.760568
v -3.368285 2.680771 1.761064
v -3.363809 2.681278 1.760568
v -3.359770 2.682750 1.759130
v -3.356566 2.685042 1.756890
v -3.354508 2.687930 1.754068
v 0.614522 -2.671595 0.028921
v 0.622469 -2.682751 0.039822
v 0.569255 -2.695117 0.051906
v 0.602143 -2.662742 0.020269
v 0.586545 -2.657058 0.014715
v 0.569255 -2.655099 0.012801
v 0.551965 -2.657058 0.014715
v 0.536367 -2.662742 0.020269
v 0.523989 -2.671595 0.028921
v 0.516041 -2.682751 0.039822
v 0.513303 -2.695117 0.051906
v 0.516041 -2.707483 0.063991
v 0.523989 -2.718639 0.074892
v 0.536367 -2.727492 0.083543
v 0.551965 -2.733176 0.089098
v 0.569255 -2.735135 0.091012
v 0.586545 -2.733176 0.089098
v 0.602143 -2.727492 0.083543
v 0.614522 -2.718639 0.074892
v 0.622469 -2.707483 0.063991
v 0.625207 -2.695117 0.051906
v 0.583032 -1.617872 1.147875
v 0.569255 -1.619800 1.152306
v 0.583741 -1.621073 1.151004
v 0.580974 -1.614983 1.145053
v 0.577770 -1.612691 1.142813
v 0.573731 -1.611220 1.141375
v 0.569255 -1.610713 1.140880
v 0.564779 -1.611220 1.141375
v 0.560740 -1.612691 1.142813
v 0.557536 -1.614983 1.145053
v 0.555478 -1.617872 1.147875
v 0.554769 -1.621073 1.151004
v 0.555478 -1.624275 1.154132
v 0.557536 -1.627163 1.156955
v 0.560740 -1.629455 1.159195
v 0.564779 -1.630926 1.160633
v 0.569255 -1.631433 1.161128
v 0.573731 -1.630926 1.160633
v 0.577770 -1.629455 1.159195
v 0.580974 -1.627163 1.156955
v 0.583032 -1.624275 1.154132
v 1.627546 -2.671595 0.028921
v 1.635493 -2.682751 0.039822
v 1.582279 -2.695117 0.051906
v 1.615167 -2.662742 0.020269
v 1.599570 -2.657058 0.014715
v 1.582279 -2.655099 0.012801
v 1.564989 -2.657058 0.014715
v 1.549391 -2.662742 0.020269
v 1.537013 -2.671595 0.028921
v 1.529065 -2.682751 0.039822
v 1.526327 -2.695117 0.051906
v 1.529065 -2.707483 0.063991
v 1.537013 -2.718639 0.074892
v 1.549391 -2.727492 0.083543
v 1.564989 -2.733176 0.089098
v 1.582279 -2.735135 0.091012
v 1.599570 -2.733176 0.089098
v 1.615167 -2.727492 0.083543
v 1.627546 -2.718639 0.074892
v 1.635493 -2.707483 0.063991
v 1.638232 -2.695117 0.051906
v 1.596056 -1.617872 1.147875
v 1.582279 -1.619800 1.152306
v 1.596765 -1.621073 1.151004
v 1.593999 -1.614983 1.145053
v 1.590794 -1.612691 1.142813
v 1.586756 -1.611220 1.141375
v 1.582279 -1.610713 1.140880
v 1.577803 -1.611220 1.141375
v 1.573765 -1.612691 1.142813
v 1.570560 -1.614983 1.145053
v 1.568503 -1.617872 1.147875
v 1.567793 -1.621073 1.151004
v 1.568503 -1.624275 1.154132
v 1.570560 -1.627163 1.156955
v 1.573765 -1.629455 1.159195
v 1.577803 -1.630926 1.160633
v 1.582279 -1.631433 1.161128
v 1.586756 -1.630926 1.160633
v 1.590794 -1.629455 1.159195
v 1.593999 -1.627163 1.156955
v 1.596056 -1.624275 1.154132
v 2.640570 -2.671595 0.028921
v 2.648517 -2.682751 0.039822
v 2.595304 -2.695117 0.051906
v 2.628191 -2.662742 0.020269
v 2.612594 -2.657058 0.014715
v 2.595304 -2.655099 0.012801
v 2.578013 -2.657058 0.014715
v 2.562416 -2.662742 0.020269
v 2.550037 -2.671595 0.028921
v 2.542089 -2.682751 0.039822
v 2.539351 -2.695117 0.051906
v 2.542089 -2.707483 0.063991
v 2.550037 -2.718639 0.074892
v 2.562416 -2.727492 0.083543
v 2.578013 -2.733176 0.089098
v 2.595304 -2.735135 0.091012
v 2.612594 -2.733176 0.089098
v 2.628191 -2.727492 0.083543
v 2.640570 -2.718639 0.074892
v 2.648517 -2.707483 0.063991
v 2.651256 -2.695117 0.051906
v 2.609080 -1.617872 1.147875
v 2.595304 -1.619800 1.152306
v 2.609789 -1.621073 1.151004
v 2.607023 -1.614983 1.145053
v 2.603818 -1.612691 1.142813
v 2.599780 -1.611220 1.141375
v 2.595304 -1.610713 1.140880
v 2.590827 -1.611220 1.141375
v 2.586789 -1.612691 1.142813
v 2.583584 -1.614983 1.145053
v 2.581527 -1.617872 1.147875
v 2.580818 -1.621073 1.151004
v 2.581527 -1.624275 1.154132
v 2.583584 -1.627163 1.156955
v 2.586789 -1.629455 1.159195
v 2.590827 -1.630926 1.160633
v 2.595304 -1.631433 1.161128
v 2.599780 -1.630926 1.160633
v 2.603818 -1.629455 1.159195
v 2.607023 -1.627163 1.156955
v 2.609080 -1.624275 1.154132
v 3.653594 -2.671595 0.028921
v 3.661541 -2.682751 0.039822
v 3.608328 -2.695117 0.051906
v 3.641216 -2.662742 0.020269
v 3.625618 -2.657058 0.014715
v 3.608328 -2.655099 0.012801
v 3.591037 -2.657058 0.014715
v 3.575440 -2.662742 0.020269
v 3.563061 -2.671595 0.028921
v 3.555114 -2.682751 0.039822
v 3.552375 -2.695117 0.051906
v 3.555114 -2.707483 0.063991
v 3.563061 -2.718639 0.074892
v 3.575440 -2.727492 0.083543
v 3.591037 -2.733176 0.089098
v 3.608328 -2.735135 0.091012
v 3.625618 -2.733176 0.089098
v 3.641216 -2.727492 0.083543
v 3.653594 -2.718639 0.074892
v 3.661541 -2.707483 0.063991
v 3.664280 -2.695117 0.051906
v 3.622104 -1.617872 1.147875
v 3.608328 -1.619800 1.152306
v 3.622813 -1.621073 1.151004
v 3.620047 -1.614983 1.145053
v 3.616842 -1.612691 1.142813
v 3.612804 -1.611220 1.141375
v 3.608328 -1.610713 1.140880
v 3.603851 -1.611220 1.141375
v 3.599813 -1.612691 1.142813
v 3.596608 -1.614983 1.145053
v 3.594551 -1.617872 1.147875
v 3.593842 -1.621073 1.151004
v 3.594551 -1.624275 1.154132
v 3.596608 -1.627163 1.156955
v 3.599813 -1.629455 1.159195
v 3.603851 -1.630926 1.160633
v 3.608328 -1.631433 1.161128
v 3.612804 -1.630926 1.160633
v 3.616842 -1.629455 1.159195
v 3.620047 -1.627163 1.156955
v 3.622104 -1.624275 1.154132
v -0.398503 -1.006115 0.028921
v -0.390555 -1.017270 0.039822
v -0.443769 -1.029637 0.051906
v -0.410881 -0.997262 0.020269
v -0.426479 -0.991577 0.014715
v -0.443769 -0.989619 0.012801
v -0.461059 -0.991577 0.014715
v -0.476657 -0.997262 0.020269
v -0.489035 -1.006115 0.028921
v -0.496983 -1.017270 0.039822
v -0.499721 -1.029637 0.051906
v -0.496983 -1.042003 0.063991
v -0.489035 -1.053159 0.074892
v -0.476657 -1.062012 0.083543
v -0.461059 -1.067696 0.089098
v -0.443769 -1.069654 0.091012
v -0.426479 -1.067696 0.089098
v -0.410881 -1.062012 0.083543
v -0.398503 -1.053159 0.074892
v -0.390555 -1.042003 0.063991
v -0.387817 -1.029637 0.051906
v -0.429992 0.047609 1.147875
v -0.443769 0.045680 1.152306
v -0.429283 0.044407 1.151004
v -0.432050 0.050497 1.145053
v -0.435254 0.052789 1.142813
v -0.439293 0.054261 1.141375
v -0.443769 0.054768 1.140880
v -0.448245 0.054261 1.141375
v -0.452284 0.052789 1.142813
v -0.455488 0.050497 1.145053
v -0.457546 0.047609 1.147875
v -0.458255 0.044407 1.151004
v -0.457546 0.041206 1.154132
v -0.455488 0.038318 1.156955
v -0.452284 0.036025 1.159195
v -0.448245 0.034554 1.160633
v -0.443769 0.034047 1.161128
v -0.439293 0.034554 1.160633
v -0.435255 0.036025 1.159195
v -0.432050 0.038318 1.156955
v -0.429992 0.041206 1.154132
v 0.614522 -1.006115 0.028921
v 0.622469 -1.017270 0.039822
v 0.569255 -1.029637 0.051906
v 0.602143 -0.997262 0.020269
v 0.586545 -0.991577 0.014715
v 0.569255 -0.989619 0.012801
v 0.551965 -0.991577 0.014715
v 0.536367 -0.997262 0.020269
v 0.523989 -1.006115 0.028921
v 0.516041 -1.017270 0.039822
v 0.513303 -1.029637 0.051906
v 0.516041 -1.042003 0.063991
v 0.523989 -1.053159 0.074892
v 0.536367 -1.062012 0.083543
v 0.551965 -1.067696 0.089098
v 0.569255 -1.069654 0.091012
v 0.586545 -1.067696 0.089098
v 0.602143 -1.062012 0.083543
v 0.614522 -1.053159 0.074892
v 0.622469 -1.042003 0.063991
v 0.625207 -1.029637 0.051906
v 0.583032 0.047609 1.147875
v 0.569255 0.045680 1.152306
v 0.583741 0.044407 1.151004
v 0.580974 0.050497 1.145053
v 0.577770 0.052789 1.142813
v 0.573731 0.054261 1.141375
v 0.569255 0.054768 1.140880
v 0.564779 0.054261 1.141375
v 0.560740 0.052789 1.142813
v 0.557536 0.050497 1.145053
v 0.555478 0.047609 1.147875
v 0.554769 0.044407 1.151004
v 0.555478 0.041206 1.154132
v 0.557536 0.038318 1.156955
v 0.560740 0.036025 1.159195
v 0.564779 0.034554 1.160633
v 0.569255 0.034047 1.161128
v 0.573731 0.034554 1.160633
v 0.577770 0.036025 1.159195
v 0.580974 0.038318 1.156955
v 0.583032 0.041206 1.154132
v -2.424551 -1.006115 0.028921
v -2.416603 -1.017270 0.039822
v -2.469817 -1.029637 0.051906
v -2.436929 -0.997262 0.020269
v -2.452527 -0.991577 0.014715
v -2.469817 -0.989619 0.012801
v -2.487108 -0.991577 0.014715
v -2.502705 -0.997262 0.020269
v -2.515084 -1.006115 0.028921
v -2.523031 -1.017270 0.039822
v -2.525769 -1.029637 0.051906
v -2.523031 -1.042003 0.063991
v -2.515084 -1.053159 0.074892
v -2.502705 -1.062012 0.083543
v -2.487108 -1.067696 0.089098
v -2.469817 -1.069654 0.091012
v -2.452527 -1.067696 0.089098
v -2.436929 -1.062012 0.083543
v -2.424551 -1.053159 0.074892
v -2.416603 -1.042003 0.063991
v -2.413865 -1.029637 0.051906
v -2.456040 0.047609 1.147875
v -2.469817 0.045680 1.152306
v -2.455331 0.044407 1.151004
v -2.458098 0.050497 1.145053
v -2.461303 0.052789 1.142813
v -2.465341 0.054261 1.141375
v -2.469817 0.054768 1.140880
v -2.474293 0.054261 1.141375
v -2.478332 0.052789 1.142813
v -2.481536 0.050497 1.145053
v -2.483594 0.047609 1.147875
v -2.484303 0.044407 1.151004
v -2.483594 0.041206 1.154132
v -2.481536 0.038318 1.156955
v -2.478332 0.036025 1.159195
v -2.474293 0.034554 1.160633
v -2.469817 0.034047 1.161128
v -2.465341 0.034554 1.160633
v -2.461303 0.036025 1.159195
v -2.458098 0.038318 1.156955
v -2.456040 0.041206 1.154132
v -1.411526 -1.006115 0.028921
v -1.403579 -1.017270 0.039822
v -1.456793 -1.029637 0.051906
v -1.423905 -0.997262 0.020269
v -1.439502 -0.991577 0.014715
v -1.456793 -0.989619 0.012801
v -1.474083 -0.991577 0.014715
v -1.489681 -0.997262 0.020269
v -1.502059 -1.006115 0.028921
v -1.510007 -1.017270 0.039822
v -1.512745 -1.029637 0.051906
v -1.510007 -1.042003 0.063991
v -1.502059 -1.053159 0.074892
v -1.489681 -1.062012 0.083543
v -1.474083 -1.067696 0.089098
v -1.456793 -1.069654 0.091012
v -1.439502 -1.067696 0.089098
v -1.423905 -1.062012 0.083543
v -1.411526 -1.053159 0.074892
v -1.403579 -1.042003 0.063991
v -1.400841 -1.029637 0.051906
v -1.443016 0.047609 1.147875
v -1.456793 0.045680 1.152306
v -1.442307 0.044407 1.151004
v -1.445074 0.050497 1.145053
v -1.448278 0.052789 1.142813
v -1.452317 0.054261 1.141375
v -1.456793 0.054768 1.140880
v -1.461269 0.054261 1.141375
v -1.465307 0.052789 1.142813
v -1.468512 0.050497 1.145053
v -1.470570 0.047609 1.147875
v -1.471279 0.044407 1.151004
v -1.470570 0.041206 1.154132
v -1.468512 0.038318 1.156955
v -1.465307 0.036025 1.159195
v -1.461269 0.034554 1.160633
v -1.456793 0.034047 1.161128
v -1.452317 0.034554 1.160633
v -1.448278 0.036025 1.159195
v -1.445074 0.038318 1.156955
v -1.443016 0.041206 1.154132
v 2.640570 -1.006115 0.028921
v 2.648517 -1.017270 0.039822
v 2.595304 -1.029637 0.051906
v 2.628191 -0.997262 0.020269
v 2.612594 -0.991577 0.014715
v 2.595304 -0.989619 0.012801
v 2.578013 -0.991577 0.014715
v 2.562416 -0.997262 0.020269
v 2.550037 -1.006115 0.028921
v 2.542089 -1.017270 0.039822
v 2.539351 -1.029637 0.051906
v 2.542089 -1.042003 0.063991
v 2.550037 -1.053159 0.074892
v 2.562416 -1.062012 0.083543
v 2.578013 -1.067696 0.089098
v 2.595304 -1.069654 0.091012
v 2.612594 -1.067696 0.089098
v 2.628191 -1.062012 0.083543
v 2.640570 -1.053159 0.074892
v 2.648517 -1.042003 0.063991
v 2.651256 -1.029637 0.051906
v 2.609080 0.047609 1.147875
v 2.595304 0.045680 1.152306
v 2.609789 0.044407 1.151004
v 2.607023 0.050497 1.145053
v 2.603818 0.052789 1.142813
v 2.599780 0.054261 1.141375
v 2.595304 0.054768 1.140880
v 2.590827 0.054261 1.141375
v 2.586789 0.052789 1.142813
v 2.583584 0.050497 1.145053
v 2.581527 0.047609 1.147875
v 2.580818 0.044407 1.151004
v 2.581527 0.041206 1.154132
v 2.583584 0.038318 1.156955
v 2.586789 0.036025 1.159195
v 2.590827 0.034554 1.160633
v 2.595304 0.034047 1.161128
v 2.599780 0.034554 1.160633
v 2.603818 0.036025 1.159195
v 2.607023 0.038318 1.156955
v 2.609080 0.041206 1.154132
v 3.396045 1.054350 0.028921
v 3.403993 1.043194 0.039822
v 3.350779 1.030828 0.051906
v 3.383667 1.063203 0.020269
v 3.368069 1.068887 0.014715
v 3.350779 1.070845 0.012801
v 3.333489 1.068887 0.014715
v 3.317891 1.063203 0.020269
v 3.305513 1.054350 0.028921
v 3.297565 1.043194 0.039822
v 3.294827 1.030828 0.051906
v 3.297565 1.018461 0.063991
v 3.305513 1.007306 0.074892
v 3.317891 0.998453 0.083543
v 3.333489 0.992769 0.089098
v 3.350779 0.990810 0.091012
v 3.368069 0.992769 0.089098
v 3.383667 0.998453 0.083543
v 3.396045 1.007306 0.074892
v 3.403993 1.018461 0.063991
v 3.406731 1.030828 0.051906
v 3.364556 2.694333 1.747811
v 3.350779 2.693100 1.752953
v 3.365265 2.691132 1.750940
v 3.362498 2.697221 1.744989
v 3.359294 2.699513 1.742749
v 3.355255 2.700985 1.741311
v 3.350779 2.701492 1.740815
v 3.346303 2.700985 1.741311
v 3.342264 2.699513 1.742749
v 3.339060 2.697221 1.744989
v 3.337002 2.694333 1.747811
v 3.336293 2.691132 1.750940
v 3.337002 2.687930 1.754068
v 3.339060 2.685042 1.756890
v 3.342264 2.682750 1.759130
v 3.346303 2.681278 1.760568
v 3.350779 2.680771 1.761064
v 3.355255 2.681278 1.760568
v 3.359294 2.682750 1.759130
v 3.362498 2.685042 1.756890
v 3.364556 2.687930 1.754068
v -2.605538 2.880794 0.028921
v -2.597591 2.869638 0.039822
v -2.650805 2.857272 0.051906
v -2.617917 2.889647 0.020269
v -2.633514 2.895331 0.014715
v -2.650805 2.897290 0.012801
v -2.668095 2.895331 0.014715
v -2.683693 2.889647 0.020269
v -2.696071 2.880794 0.028921
v -2.704019 2.869638 0.039822
v -2.706757 2.857272 0.051906
v -2.704019 2.844906 0.063991
v -2.696071 2.833750 0.074892
v -2.683693 2.824897 0.083543
v -2.668095 2.819213 0.089098
v -2.650805 2.817254 0.091012
v -2.633514 2.819213 0.089098
v -2.617917 2.824897 0.083543
v -2.605538 2.833750 0.074892
v -2.597591 2.844906 0.063991
v -2.594852 2.857272 0.051906
v -2.637028 4.520778 1.747811
v -2.650805 4.519544 1.752953
v -2.636319 4.517576 1.750940
v -2.639086 4.523665 1.744989
v -2.642290 4.525958 1.742749
v -2.646328 4.527429 1.741311
v -2.650805 4.527936 1.740815
v -2.655281 4.527429 1.741311
v -2.659319 4.525958 1.742749
v -2.662524 4.523665 1.744989
v -2.664582 4.520778 1.747811
v -2.665291 4.517576 1.750940
v -2.664582 4.514374 1.754068
v -2.662524 4.511486 1.756890
v -2.659319 4.509194 1.759130
v -2.655281 4.507722 1.760568
v -2.650805 4.507215 1.761064
v -2.646328 4.507722 1.760568
v -2.642290 4.509194 1.759130
v -2.639086 4.511486 1.756890
v -2.637028 4.514374 1.754068
v 0.079390 2.880794 0.028921
v 0.087337 2.869638 0.039822
v 0.034123 2.857272 0.051906
v 0.067011 2.889647 0.020269
v 0.051413 2.895331 0.014715
v 0.034123 2.897290 0.012801
v 0.016833 2.895331 0.014715
v 0.001235 2.889647 0.020269
v -0.011143 2.880794 0.028921
v -0.019091 2.869638 0.039822
v -0.021829 2.857272 0.051906
v -0.019091 2.844906 0.063991
v -0.011143 2.833750 0.074892
v 0.001235 2.824897 0.083543
v 0.016833 2.819213 0.089098
v 0.034123 2.817254 0.091012
v 0.051413 2.819213 0.089098
v 0.067011 2.824897 0.083543
v 0.079390 2.833750 0.074892
v 0.087337 2.844906 0.063991
v 0.090076 2.857272 0.051906
v 0.047900 4.520778 1.747811
v 0.034123 4.519544 1.752953
v 0.048609 4.517576 1.750940
v 0.045842 4.523665 1.744989
v 0.042638 4.525958 1.742749
v 0.038600 4.527429 1.741311
v 0.034123 4.527936 1.740815
v 0.029647 4.527429 1.741311
v 0.025609 4.525958 1.742749
v 0.022404 4.523665 1.744989
v 0.020346 4.520778 1.747811
v 0.019637 4.517576 1.750940
v 0.020346 4.514374 1.754068
v 0.022404 4.511486 1.756890
v 0.025609 4.509194 1.759130
v 0.029647 4.507722 1.760568
v 0.034123 4.507215 1.761064
v 0.038600 4.507722 1.760568
v 0.042638 4.509194 1.759130
v 0.045842 4.511486 1.756890
v 0.047900 4.514374 1.754068
v -1.979206 1.054350 0.028921
v -1.971258 1.043194 0.039822
v -2.024472 1.030828 0.051906
v -1.991584 1.063203 0.020269
v -2.007182 1.068887 0.014715
v -2.024472 1.070845 0.012801
v -2.041763 1.068887 0.014715
v -2.057360 1.063203 0.020269
v -2.069739 1.054350 0.028921
v -2.077686 1.043194 0.039822
v -2.080425 1.030828 0.051906
v -2.077686 1.018461 0.063991
v -2.069739 1.007306 0.074892
v -2.057360 0.998453 0.083543
v -2.041763 0.992769 0.089098
v -2.024472 0.990810 0.091012
v -2.007182 0.992769 0.089098
v -1.991584 0.998453 0.083543
v -1.979206 1.007306 0.074892
v -1.971258 1.018461 0.063991
v -1.968520 1.030828 0.051906
v -2.010695 2.694333 1.747811
v -2.024472 2.693100 1.752953
v -2.009986 2.691132 1.750940
v -2.012753 2.697221 1.744989
v -2.015958 2.699513 1.742749
v -2.019996 2.700985 1.741311
v -2.024472 2.701492 1.740815
v -2.028949 2.700985 1.741311
v -2.032987 2.699513 1.742749
v -2.036191 2.697221 1.744989
v -2.038249 2.694333 1.747811
v -2.038958 2.691132 1.750940
v -2.038249 2.687930 1.754068
v -2.036191 2.685042 1.756890
v -2.032987 2.682750 1.759130
v -2.028949 2.681278 1.760568
v -2.024472 2.680771 1.761064
v -2.019996 2.681278 1.760568
v -2.015958 2.682750 1.759130
v -2.012753 2.685042 1.756890
v -2.010695 2.687930 1.754068
v 1.421854 2.880794 0.028921
v 1.429801 2.869638 0.039822
v 1.376587 2.857272 0.051906
v 1.409475 2.889647 0.020269
v 1.393877 2.895331 0.014715
v 1.376587 2.897290 0.012801
v 1.359297 2.895331 0.014715
v 1.343699 2.889647 0.020269
v 1.331321 2.880794 0.028921
v 1.323373 2.869638 0.039822
v 1.320635 2.857272 0.051906
v 1.323373 2.844906 0.063991
v 1.331321 2.833750 0.074892
v 1.343699 2.824897 0.083543
v 1.359297 2.819213 0.089098
v 1.376587 2.817254 0.091012
v 1.393877 2.819213 0.089098
v 1.409475 2.824897 0.083543
v 1.421853 2.833750 0.074892
v 1.429801 2.844906 0.063991
v 1.432539 2.857272 0.051906
v 1.390364 4.520778 1.747811
v 1.376587 4.519544 1.752953
v 1.391073 4.517576 1.750940
v 1.388306 4.523665 1.744989
v 1.385102 4.525958 1.742749
v 1.381063 4.527429 1.741311
v 1.376587 4.527936 1.740815
v 1.372111 4.527429 1.741311
v 1.368073 4.525958 1.742749
v 1.364868 4.523665 1.744989
v 1.362810 4.520778 1.747811
v 1.362101 4.517576 1.750940
v 1.362810 4.514374 1.754068
v 1.364868 4.511486 1.756890
v 1.368073 4.509194 1.759130
v 1.372111 4.507722 1.760568
v 1.376587 4.507215 1.761064
v 1.381063 4.507722 1.760568
v 1.385102 4.509194 1.759130
v 1.388306 4.511486 1.756890
v 1.390364 4.514374 1.754068
v -1.263074 2.880794 0.028921
v -1.255127 2.869638 0.039822
v -1.308341 2.857272 0.051906
v -1.275453 2.889647 0.020269
v -1.291051 2.895331 0.014715
v -1.308341 2.897290 0.012801
v -1.325631 2.895331 0.014715
v -1.341229 2.889647 0.020269
v -1.353607 2.880794 0.028921
v -1.361555 2.869638 0.039822
v -1.364293 2.857272 0.051906
v -1.361555 2.844906 0.063991
v -1.353607 2.833750 0.074892
v -1.341229 2.824897 0.083543
v -1.325631 2.819213 0.089098
v -1.308341 2.817254 0.091012
v -1.291051 2.819213 0.089098
v -1.275453 2.824897 0.083543
v -1.263074 2.833750 0.074892
v -1.255127 2.844906 0.063991
v -1.252388 2.857272 0.051906
v -1.294564 4.520778 1.747811
v -1.308341 4.519544 1.752953
v -1.293855 4.517576 1.750940
v -1.296621 4.523665 1.744989
v -1.299826 4.525958 1.742749
v -1.303864 4.527429 1.741311
v -1.308341 4.527936 1.740815
v -1.312817 4.527429 1.741311
v -1.316855 4.525958 1.742749
v -1.320060 4.523665 1.744989
v -1.322118 4.520778 1.747811
v -1.322827 4.517576 1.750940
v -1.322118 4.514374 1.754068
v -1.320060 4.511486 1.756890
v -1.316855 4.509194 1.759130
v -1.312817 4.507722 1.760568
v -1.308341 4.507215 1.761064
v -1.303864 4.507722 1.760568
v -1.299826 4.509194 1.759130
v -1.296622 4.511486 1.756890
v -1.294564 4.514374 1.754068
v 2.764318 2.880794 0.028921
v 2.772265 2.869638 0.039822
v 2.719051 2.857272 0.051906
v 2.751939 2.889647 0.020269
v 2.736341 2.895331 0.014715
v 2.719051 2.897290 0.012801
v 2.701761 2.895331 0.014715
v 2.686163 2.889647 0.020269
v 2.673785 2.880794 0.028921
v 2.665837 2.869638 0.039822
v 2.663099 2.857272 0.051906
v 2.665837 2.844906 0.063991
v 2.673785 2.833750 0.074892
v 2.686163 2.824897 0.083543
v 2.701761 2.819213 0.089098
v 2.719051 2.817254 0.091012
v 2.736341 2.819213 0.089098
v 2.751939 2.824897 0.083543
v 2.764318 2.833750 0.074892
v 2.772265 2.844906 0.063991
v 2.775003 2.857272 0.051906
v 2.732828 4.520778 1.747811
v 2.719051 4.519544 1.752953
v 2.733537 4.517576 1.750940
v 2.730770 4.523665 1.744989
v 2.727566 4.525958 1.742749
v 2.723527 4.527429 1.741311
v 2.719051 4.527936 1.740815
v 2.714575 4.527429 1.741311
v 2.710536 4.525958 1.742749
v 2.707332 4.523665 1.744989
v 2.705274 4.520778 1.747811
v 2.704565 4.517576 1.750940
v 2.705274 4.514374 1.754068
v 2.707332 4.511486 1.756890
v 2.710536 4.509194 1.759130
v 2.714575 4.507722 1.760568
v 2.719051 4.507215 1.761064
v 2.723527 4.507722 1.760568
v 2.727566 4.509194 1.759130
v 2.730770 4.511486 1.756890
v 2.732828 4.514374 1.754068
v -3.437575 -1.006115 0.028921
v -3.429628 -1.017270 0.039822
v -3.482841 -1.029637 0.051906
v -3.449954 -0.997262 0.020269
v -3.465551 -0.991577 0.014715
v -3.482841 -0.989619 0.012801
v -3.500132 -0.991577 0.014715
v -3.515729 -0.997262 0.020269
v -3.528108 -1.006115 0.028921
v -3.536055 -1.017270 0.039822
v -3.538794 -1.029637 0.051906
v -3.536055 -1.042003 0.063991
v -3.528108 -1.053159 0.074892
v -3.515729 -1.062012 0.083543
v -3.500132 -1.067696 0.089098
v -3.482841 -1.069654 0.091012
v -3.465551 -1.067696 0.089098
v -3.449954 -1.062012 0.083543
v -3.437575 -1.053159 0.074892
v -3.429628 -1.042003 0.063991
v -3.426889 -1.029637 0.051906
v -3.469065 0.047609 1.147875
v -3.482841 0.045680 1.152306
v -3.468356 0.044407 1.151004
v -3.471122 0.050497 1.145053
v -3.474327 0.052789 1.142813
v -3.478365 0.054261 1.141375
v -3.482841 0.054768 1.140880
v -3.487318 0.054261 1.141375
v -3.491356 0.052789 1.142813
v -3.494561 0.050497 1.145053
v -3.496618 0.047609 1.147875
v -3.497327 0.044407 1.151004
v -3.496618 0.041206 1.154132
v -3.494561 0.038318 1.156955
v -3.491356 0.036025 1.159195
v -3.487318 0.034554 1.160633
v -3.482841 0.034047 1.161128
v -3.478365 0.034554 1.160633
v -3.474327 0.036025 1.159195
v -3.471122 0.038318 1.156955
v -3.469065 0.041206 1.154132
v -0.398503 -2.671595 0.028921
v -0.390555 -2.682751 0.039822
v -0.443769 -2.695117 0.051906
v -0.410881 -2.662742 0.020269
v -0.426479 -2.657058 0.014715
v -0.443769 -2.655099 0.012801
v -0.461059 -2.657058 0.014715
v -0.476657 -2.662742 0.020269
v -0.489035 -2.671595 0.028921
v -0.496983 -2.682751 0.039822
v -0.499721 -2.695117 0.051906
v -0.496983 -2.707483 0.063991
v -0.489035 -2.718639 0.074892
v -0.476657 -2.727492 0.083543
v -0.461059 -2.733176 0.089098
v -0.443769 -2.735135 0.091012
v -0.426479 -2.733176 0.089098
v -0.410881 -2.727492 0.083543
v -0.398503 -2.718639 0.074892
v -0.390555 -2.707483 0.063991
v -0.387817 -2.695117 0.051906
v -0.429992 -1.617872 1.147875
v -0.443769 -1.619800 1.152306
v -0.429283 -1.621073 1.151004
v -0.432050 -1.614983 1.145053
v -0.435254 -1.612691 1.142813
v -0.439293 -1.611220 1.141375
v -0.443769 -1.610713 1.140880
v -0.448245 -1.611220 1.141375
v -0.452284 -1.612691 1.142813
v -0.455488 -1.614983 1.145053
v -0.457546 -1.617872 1.147875
v -0.458255 -1.621073 1.151004
v -0.457546 -1.624275 1.154132
v -0.455488 -1.627163 1.156955
v -0.452284 -1.629455 1.159195
v -0.448245 -1.630926 1.160633
v -0.443769 -1.631433 1.161128
v -0.439293 -1.630926 1.160633
v -0.435255 -1.629455 1.159195
v -0.432050 -1.627163 1.156955
v -0.429992 -1.624275 1.154132
v -1.411526 -2.671595 0.028921
v -1.403579 -2.682751 0.039822
v -1.456793 -2.695117 0.051906
v -1.423905 -2.662742 0.020269
v -1.439502 -2.657058 0.014715
v -1.456793 -2.655099 0.012801
v -1.474083 -2.657058 0.014715
v -1.489681 -2.662742 0.020269
v -1.502059 -2.671595 0.028921
v -1.510007 -2.682751 0.039822
v -1.512745 -2.695117 0.051906
v -1.510007 -2.707483 0.063991
v -1.502059 -2.718639 0.074892
v -1.489681 -2.727492 0.083543
v -1.474083 -2.733176 0.089098
v -1.456793 -2.735135 0.091012
v -1.439502 -2.733176 0.089098
v -1.423905 -2.727492 0.083543
v -1.411526 -2.718639 0.074892
v -1.403579 -2.707483 0.063991
v -1.400841 -2.695117 0.051906
v -1.443016 -1.617872 1.147875
v -1.456793 -1.619800 1.152306
v -1.442307 -1.621073 1.151004
v -1.445074 -1.614983 1.145053
v -1.448278 -1.612691 1.142813
v -1.452317 -1.611220 1.141375
v -1.456793 -1.610713 1.140880
v -1.461269 -1.611220 1.141375
v -1.465307 -1.612691 1.142813
v -1.468512 -1.614983 1.145053
v -1.470570 -1.617872 1.147875
v -1.471279 -1.621073 1.151004
v -1.470570 -1.624275 1.154132
v -1.468512 -1.627163 1.156955
v -1.465307 -1.629455 1.159195
v -1.461269 -1.630926 1.160633
v -1.456793 -1.631433 1.161128
v -1.452317 -1.630926 1.160633
v -1.448278 -1.629455 1.159195
v -1.445074 -1.627163 1.156955
v -1.443016 -1.624275 1.154132
v -2.424551 -2.671595 0.028921
v -2.416603 -2.682751 0.039822
v -2.469817 -2.695117 0.051906
v -2.436929 -2.662742 0.020269
v -2.452527 -2.657058 0.014715
v -2.469817 -2.655099 0.012801
v -2.487108 -2.657058 0.014715
v -2.502705 -2.662742 0.020269
v -2.515084 -2.671595 0.028921
v -2.523031 -2.682751 0.039822
v -2.525769 -2.695117 0.051906
v -2.523031 -2.707483 0.063991
v -2.515084 -2.718639 0.074892
v -2.502705 -2.727492 0.083543
v -2.487108 -2.733176 0.089098
v -2.469817 -2.735135 0.091012
v -2.452527 -2.733176 0.089098
v -2.436929 -2.727492 0.083543
v -2.424551 -2.718639 0.074892
v -2.416603 -2.707483 0.063991
v -2.413865 -2.695117 0.051906
v -2.456040 -1.617872 1.147875
v -2.469817 -1.619800 1.152306
v -2.455331 -1.621073 1.151004
v -2.458098 -1.614983 1.145053
v -2.461303 -1.612691 1.142813
v -2.465341 -1.611220 1.141375
v -2.469817 -1.610713 1.140880
v -2.474293 -1.611220 1.141375
v -2.478332 -1.612691 1.142813
v -2.481536 -1.614983 1.145053
v -2.483594 -1.617872 1.147875
v -2.484303 -1.621073 1.151004
v -2.483594 -1.624275 1.154132
v -2.481536 -1.627163 1.156955
v -2.478332 -1.629455 1.159195
v -2.474293 -1.630926 1.160633
v -2.469817 -1.631433 1.161128
v -2.465341 -1.630926 1.160633
v -2.461303 -1.629455 1.159195
v -2.458098 -1.627163 1.156955
v -2.456040 -1.624275 1.154132
v 0.708420 1.054350 0.028921
v 0.716367 1.043194 0.039822
v 0.663153 1.030828 0.051906
v 0.696041 1.063203 0.020269
v 0.680444 1.068887 0.014715
v 0.663153 1.070845 0.012801
v 0.645863 1.068887 0.014715
v 0.630265 1.063203 0.020269
v 0.617887 1.054350 0.028921
v 0.609940 1.043194 0.039822
v 0.607201 1.030828 0.051906
v 0.609940 1.018461 0.063991
v 0.617887 1.007306 0.074892
v 0.630265 0.998453 0.083543
v 0.645863 0.992769 0.089098
v 0.663153 0.990810 0.091012
v 0.680444 0.992769 0.089098
v 0.696041 0.998453 0.083543
v 0.708420 1.007306 0.074892
v 0.716367 1.018461 0.063991
v 0.719106 1.030828 0.051906
v 0.676930 2.694333 1.747811
v 0.663153 2.693100 1.752953
v 0.677639 2.691132 1.750940
v 0.674873 2.697221 1.744989
v 0.671668 2.699513 1.742749
v 0.667630 2.700985 1.741311
v 0.663153 2.701492 1.740815
v 0.658677 2.700985 1.741311
v 0.654639 2.699513 1.742749
v 0.651434 2.697221 1.744989
v 0.649377 2.694333 1.747811
v 0.648668 2.691132 1.750940
v 0.649377 2.687930 1.754068
v 0.651434 2.685042 1.756890
v 0.654639 2.682750 1.759130
v 0.658677 2.681278 1.760568
v 0.663153 2.680771 1.761064
v 0.667630 2.681278 1.760568
v 0.671668 2.682750 1.759130
v 0.674873 2.685042 1.756890
v 0.676930 2.687930 1.754068
v 2.052233 1.054350 0.028921
v 2.060180 1.043194 0.039822
v 2.006966 1.030828 0.051906
v 2.039854 1.063203 0.020269
v 2.024257 1.068887 0.014715
v 2.006966 1.070845 0.012801
v 1.989676 1.068887 0.014715
v 1.974078 1.063203 0.020269
v 1.961700 1.054350 0.028921
v 1.953752 1.043194 0.039822
v 1.951014 1.030828 0.051906
v 1.953752 1.018461 0.063991
v 1.961700 1.007306 0.074892
v 1.974078 0.998453 0.083543
v 1.989676 0.992769 0.089098
v 2.006966 0.990810 0.091012
v 2.024257 0.992769 0.089098
v 2.039854 0.998453 0.083543
v 2.052233 1.007306 0.074892
v 2.060180 1.018461 0.063991
v 2.062919 1.030828 0.051906
v 2.020743 2.694333 1.747811
v 2.006966 2.693100 1.752953
v 2.021452 2.691132 1.750940
v 2.018686 2.697221 1.744989
v 2.015481 2.699513 1.742749
v 2.011443 2.700985 1.741311
v 2.006966 2.701492 1.740815
v 2.002490 2.700985 1.741311
v 1.998452 2.699513 1.742749
v 1.995247 2.697221 1.744989
v 1.993190 2.694333 1.747811
v 1.992481 2.691132 1.750940
v 1.993190 2.687930 1.754068
v 1.995247 2.685042 1.756890
v 1.998452 2.682750 1.759130
v 2.002490 2.681278 1.760568
v 2.006966 2.680771 1.761064
v 2.011443 2.681278 1.760568
v 2.015481 2.682750 1.759130
v 2.018686 2.685042 1.756890
v 2.020743 2.687930 1.754068
v -0.635393 1.054350 0.028921
v -0.627445 1.043194 0.039822
v -0.680659 1.030828 0.051906
v -0.647771 1.063203 0.020269
v -0.663369 1.068887 0.014715
v -0.680659 1.070845 0.012801
v -0.697950 1.068887 0.014715
v -0.713547 1.063203 0.020269
v -0.725926 1.054350 0.028921
v -0.733873 1.043194 0.039822
v -0.736612 1.030828 0.051906
v -0.733873 1.018461 0.063991
v -0.725926 1.007306 0.074892
v -0.713547 0.998453 0.083543
v -0.697950 0.992769 0.089098
v -0.680659 0.990810 0.091012
v -0.663369 0.992769 0.089098
v -0.647771 0.998453 0.083543
v -0.635393 1.007306 0.074892
v -0.627445 1.018461 0.063991
v -0.624707 1.030828 0.051906
v -0.666883 2.694333 1.747811
v -0.680659 2.693100 1.752953
v -0.666174 2.691132 1.750940
v -0.668940 2.697221 1.744989
v -0.672145 2.699513 1.742749
v -0.676183 2.700985 1.741311
v -0.680659 2.701492 1.740815
v -0.685136 2.700985 1.741311
v -0.689174 2.699513 1.742749
v -0.692379 2.697221 1.744989
v -0.694436 2.694333 1.747811
v -0.695145 2.691132 1.750940
v -0.694436 2.687930 1.754068
v -0.692379 2.685042 1.756890
v -0.689174 2.682750 1.759130
v -0.685136 2.681278 1.760568
v -0.680659 2.680771 1.761064
v -0.676183 2.681278 1.760568
v -0.672145 2.682750 1.759130
v -0.668940 2.685042 1.756890
v -0.666883 2.687930 1.754068
v 1.635493 -1.017270 0.039822
v 1.627546 -1.006115 0.028921
v 1.627546 0.031836 1.091083
v 1.635493 0.020680 1.101984
v 1.615167 -0.997262 0.020269
v 1.615167 0.040689 1.082431
v 1.599570 -0.991577 0.014715
v 1.599569 0.046373 1.076877
v 1.582279 -0.989619 0.012801
v 1.582279 0.048332 1.074963
v 1.564989 -0.991577 0.014715
v 1.564989 0.046373 1.076877
v 1.549391 -0.997262 0.020269
v 1.549391 0.040689 1.082431
v 1.537013 -1.006115 0.028921
v 1.537013 0.031836 1.091083
v 1.529065 -1.017270 0.039822
v 1.529065 0.020680 1.101984
v 1.526327 -1.029637 0.051906
v 1.526327 0.008314 1.114068
v 1.529065 -1.042003 0.063991
v 1.529065 -0.004052 1.126153
v 1.537013 -1.053159 0.074892
v 1.537013 -0.015208 1.137054
v 1.549391 -1.062012 0.083543
v 1.549391 -0.024061 1.145705
v 1.564989 -1.067696 0.089098
v 1.564989 -0.029745 1.151260
v 1.582279 -1.069654 0.091012
v 1.582279 -0.031704 1.153174
v 1.599570 -1.067696 0.089098
v 1.599569 -0.029745 1.151260
v 1.615167 -1.062012 0.083543
v 1.615167 -0.024061 1.145705
v 1.627546 -1.053159 0.074892
v 1.627546 -0.015208 1.137054
v 1.635493 -1.042003 0.063991
v 1.635493 -0.004052 1.126153
v 1.638232 -1.029637 0.051906
v 1.638232 0.008314 1.114068
v 1.635493 -1.017270 0.039822
v 1.635493 0.020680 1.101984
v 1.608889 0.046858 1.141141
v 1.610258 0.040674 1.147184
v 1.619909 0.043481 1.132562
v 1.621845 0.034736 1.141107
v 1.628365 0.037707 1.122722
v 1.619909 0.043481 1.132562
v 1.621845 0.034736 1.141107
v 1.630736 0.026997 1.133188
v 1.633680 0.029930 1.112293
v 1.636325 0.017985 1.123965
v 1.604915 0.052436 1.135690
v 1.614289 0.051369 1.124853
v 1.619909 0.043481 1.132562
v 1.628365 0.037707 1.122722
v 1.621482 0.047368 1.113281
v 1.614289 0.051369 1.124853
v 1.633680 0.029930 1.112293
v 1.626003 0.040706 1.101763
v 1.598725 0.056863 1.131364
v 1.605536 0.057630 1.118735
v 1.610762 0.055035 1.105789
v 1.605536 0.057630 1.118735
v 1.614047 0.049257 1.093406
v 1.590925 0.059706 1.128586
v 1.594506 0.061649 1.114808
v 1.597253 0.059958 1.100978
v 1.594506 0.061649 1.114808
v 1.598981 0.054747 1.088041
v 1.582279 0.060685 1.127629
v 1.582279 0.063034 1.113454
v 1.582279 0.061654 1.099321
v 1.582279 0.063034 1.113454
v 1.582279 0.056639 1.086192
v 1.573633 0.059706 1.128586
v 1.570053 0.061649 1.114808
v 1.567305 0.059958 1.100978
v 1.570053 0.061649 1.114808
v 1.565578 0.054747 1.088041
v 1.565834 0.056863 1.131364
v 1.559023 0.057630 1.118735
v 1.553797 0.055035 1.105789
v 1.559023 0.057630 1.118735
v 1.550512 0.049257 1.093406
v 1.559644 0.052436 1.135690
v 1.550270 0.051369 1.124853
v 1.543077 0.047368 1.113281
v 1.550270 0.051369 1.124853
v 1.538555 0.040706 1.101763
v 1.555670 0.046858 1.141141
v 1.544650 0.043481 1.132562
v 1.536194 0.037707 1.122722
v 1.544650 0.043481 1.132562
v 1.530878 0.029930 1.112293
v 1.554300 0.040674 1.147184
v 1.542713 0.034736 1.141107
v 1.533822 0.026997 1.133188
v 1.542713 0.034736 1.141107
v 1.528233 0.017985 1.123965
v 1.555670 0.034491 1.153227
v 1.544650 0.025991 1.149652
v 1.536194 0.016287 1.143653
v 1.544650 0.025991 1.149652
v 1.530878 0.006040 1.135638
v 1.559644 0.028912 1.158678
v 1.550270 0.018103 1.157361
v 1.543077 0.006626 1.153094
v 1.550270 0.018103 1.157361
v 1.538555 -0.004735 1.146168
v 1.565834 0.024485 1.163004
v 1.559023 0.011842 1.163479
v 1.553797 -0.001041 1.160586
v 1.559023 0.011842 1.163479
v 1.550512 -0.013287 1.154524
v 1.573633 0.021643 1.165781
v 1.570053 0.007823 1.167407
v 1.567305 -0.005964 1.165397
v 1.570053 0.007823 1.167407
v 1.565578 -0.018777 1.159890
v 1.582279 0.020663 1.166739
v 1.582279 0.006438 1.168760
v 1.582279 -0.007660 1.167055
v 1.582279 0.006438 1.168760
v 1.582279 -0.020669 1.161739
v 1.590925 0.021643 1.165781
v 1.594506 0.007823 1.167407
v 1.597253 -0.005964 1.165397
v 1.594506 0.007823 1.167407
v 1.598981 -0.018777 1.159890
v 1.598725 0.024485 1.163004
v 1.605536 0.011842 1.163479
v 1.610762 -0.001041 1.160586
v 1.605536 0.011842 1.163479
v 1.614047 -0.013287 1.154524
v 1.604915 0.028912 1.158678
v 1.614289 0.018103 1.157361
v 1.621482 0.006626 1.153094
v 1.614289 0.018103 1.157361
v 1.626003 -0.004735 1.146168
v 1.608889 0.034491 1.153227
v 1.619909 0.025991 1.149652
v 1.628365 0.016287 1.143653
v 1.619909 0.025991 1.149652
v 1.633680 0.006040 1.135638
v 1.557014 -0.696824 0.133586
v 1.557014 -0.696824 0.159896
v 1.607544 -0.696824 0.159896
v 1.607544 -0.696824 0.133586
v 1.551741 -1.133032 0.159896
v 1.551741 -1.133032 0.133586
v 1.612818 -1.133032 0.133586
v 1.612818 -1.133032 0.159896
v 1.717595 -0.897167 0.159896
v 1.717595 -0.897167 0.133586
v 1.689764 -0.763671 0.133586
v 1.689764 -0.763671 0.159896
v 1.446963 -0.897167 0.133586
v 1.446963 -0.897167 0.159896
v 1.474795 -0.763671 0.159896
v 1.474795 -0.763671 0.133586
v 1.751863 -0.993988 0.159896
v 1.751863 -0.993988 0.133586
v 1.412696 -0.993988 0.133586
v 1.412696 -0.993988 0.159896
v 1.482218 -1.114404 0.159896
v 1.482218 -1.114404 0.133586
v 1.431324 -1.063510 0.159896
v 1.431324 -1.063510 0.133586
v 1.431324 -1.063510 0.159896
v 1.431324 -1.063510 0.133586
v 1.733234 -1.063510 0.159896
v 1.733234 -1.063510 0.133586
v 1.733234 -1.063510 0.159896
v 1.682341 -1.114404 0.159896
v 1.682341 -1.114404 0.133586
v 1.733234 -1.063510 0.133586
v 1.490697 -0.729276 0.159896
v 1.490697 -0.729276 0.133586
v 1.520099 -0.705372 0.159896
v 1.520099 -0.705372 0.133586
v 1.490697 -0.729276 0.133586
v 1.644460 -0.705372 0.159896
v 1.644460 -0.705372 0.133586
v 1.673862 -0.729276 0.159896
v 1.673862 -0.729276 0.133586
v 1.673862 -0.729276 0.133586
v 3.661541 -1.017270 0.039822
v 3.653594 -1.006115 0.028921
v 3.653594 0.031836 1.091083
v 3.661541 0.020680 1.101984
v 3.641216 -0.997262 0.020269
v 3.641216 0.040689 1.082431
v 3.625618 -0.991577 0.014715
v 3.625618 0.046373 1.076877
v 3.608328 -0.989619 0.012801
v 3.608328 0.048332 1.074963
v 3.591037 -0.991577 0.014715
v 3.591037 0.046373 1.076877
v 3.575440 -0.997262 0.020269
v 3.575440 0.040689 1.082431
v 3.563061 -1.006115 0.028921
v 3.563061 0.031836 1.091083
v 3.555114 -1.017270 0.039822
v 3.555114 0.020680 1.101984
v 3.552375 -1.029637 0.051906
v 3.552375 0.008314 1.114068
v 3.555114 -1.042003 0.063991
v 3.555114 -0.004052 1.126153
v 3.563061 -1.053159 0.074892
v 3.563061 -0.015208 1.137054
v 3.575440 -1.062012 0.083543
v 3.575440 -0.024061 1.145705
v 3.591037 -1.067696 0.089098
v 3.591037 -0.029745 1.151260
v 3.608328 -1.069654 0.091012
v 3.608328 -0.031704 1.153174
v 3.625618 -1.067696 0.089098
v 3.625618 -0.029745 1.151260
v 3.641216 -1.062012 0.083543
v 3.641216 -0.024061 1.145705
v 3.653594 -1.053159 0.074892
v 3.653594 -0.015208 1.137054
v 3.661541 -1.042003 0.063991
v 3.661541 -0.004052 1.126153
v 3.664280 -1.029637 0.051906
v 3.664280 0.008314 1.114068
v 3.661541 -1.017270 0.039822
v 3.661541 0.020680 1.101984
v 3.634937 0.046858 1.141141
v 3.636307 0.040674 1.147184
v 3.645957 0.043481 1.132562
v 3.647894 0.034736 1.141107
v 3.654413 0.037707 1.122722
v 3.645957 0.043481 1.132562
v 3.647894 0.034736 1.141107
v 3.656785 0.026997 1.133188
v 3.659729 0.029930 1.112293
v 3.662374 0.017985 1.123965
v 3.630963 0.052436 1.135690
v 3.640337 0.051369 1.124853
v 3.645957 0.043481 1.132562
v 3.654413 0.037707 1.122722
v 3.647530 0.047368 1.113281
v 3.640337 0.051369 1.124853
v 3.659729 0.029930 1.112293
v 3.652052 0.040706 1.101763
v 3.624773 0.056863 1.131364
v 3.631584 0.057630 1.118735
v 3.636810 0.055035 1.105789
v 3.631584 0.057630 1.118735
v 3.640095 0.049257 1.093406
v 3.616974 0.059706 1.128586
v 3.620554 0.061649 1.114808
v 3.623302 0.059958 1.100978
v 3.620554 0.061649 1.114808
v 3.625029 0.054747 1.088041
v 3.608328 0.060685 1.127629
v 3.608328 0.063034 1.113454
v 3.608328 0.061654 1.099321
v 3.608328 0.063034 1.113454
v 3.608328 0.056639 1.086192
v 3.599682 0.059706 1.128586
v 3.596101 0.061649 1.114808
v 3.593354 0.059958 1.100978
v 3.596101 0.061649 1.114808
v 3.591626 0.054747 1.088041
v 3.591882 0.056863 1.131364
v 3.585071 0.057630 1.118735
v 3.579845 0.055035 1.105789
v 3.585071 0.057630 1.118735
v 3.576560 0.049257 1.093406
v 3.585692 0.052436 1.135690
v 3.576318 0.051369 1.124853
v 3.569125 0.047368 1.113281
v 3.576318 0.051369 1.124853
v 3.564603 0.040706 1.101763
v 3.581718 0.046858 1.141141
v 3.570698 0.043481 1.132562
v 3.562242 0.037707 1.122722
v 3.570698 0.043481 1.132562
v 3.556927 0.029930 1.112293
v 3.580348 0.040674 1.147184
v 3.568762 0.034736 1.141107
v 3.559871 0.026997 1.133188
v 3.568762 0.034736 1.141107
v 3.554281 0.017985 1.123965
v 3.581718 0.034491 1.153227
v 3.570698 0.025991 1.149652
v 3.562242 0.016287 1.143653
v 3.570698 0.025991 1.149652
v 3.556927 0.006040 1.135638
v 3.585692 0.028912 1.158678
v 3.576318 0.018103 1.157361
v 3.569125 0.006626 1.153094
v 3.576318 0.018103 1.157361
v 3.564603 -0.004735 1.146168
v 3.591882 0.024485 1.163004
v 3.585071 0.011842 1.163479
v 3.579845 -0.001041 1.160586
v 3.585071 0.011842 1.163479
v 3.576560 -0.013287 1.154524
v 3.599682 0.021643 1.165781
v 3.596101 0.007823 1.167407
v 3.593354 -0.005964 1.165397
v 3.596101 0.007823 1.167407
v 3.591626 -0.018777 1.159890
v 3.608328 0.020663 1.166739
v 3.608328 0.006438 1.168760
v 3.608328 -0.007660 1.167055
v 3.608328 0.006438 1.168760
v 3.608328 -0.020669 1.161739
v 3.616974 0.021643 1.165781
v 3.620554 0.007823 1.167407
v 3.623302 -0.005964 1.165397
v 3.620554 0.007823 1.167407
v 3.625029 -0.018777 1.159890
v 3.624773 0.024485 1.163004
v 3.631584 0.011842 1.163479
v 3.636810 -0.001041 1.160586
v 3.631584 0.011842 1.163479
v 3.640095 -0.013287 1.154524
v 3.630963 0.028912 1.158678
v 3.640337 0.018103 1.157361
v 3.647530 0.006626 1.153094
v 3.640337 0.018103 1.157361
v 3.652052 -0.004735 1.146168
v 3.634937 0.034491 1.153227
v 3.645957 0.025991 1.149652
v 3.654413 0.016287 1.143653
v 3.645957 0.025991 1.149652
v 3.659729 0.006040 1.135638
v 3.583063 -0.696824 0.133586
v 3.583063 -0.696824 0.159896
v 3.633593 -0.696824 0.159896
v 3.633593 -0.696824 0.133586
v 3.577789 -1.133032 0.159896
v 3.577789 -1.133032 0.133586
v 3.638866 -1.133032 0.133586
v 3.638866 -1.133032 0.159896
v 3.743644 -0.897167 0.159896
v 3.743644 -0.897167 0.133586
v 3.715812 -0.763671 0.133586
v 3.715812 -0.763671 0.159896
v 3.473012 -0.897167 0.133586
v 3.473012 -0.897167 0.159896
v 3.500843 -0.763671 0.159896
v 3.500843 -0.763671 0.133586
v 3.777911 -0.993988 0.159896
v 3.777911 -0.993988 0.133586
v 3.438744 -0.993988 0.133586
v 3.438744 -0.993988 0.159896
v 3.508266 -1.114404 0.159896
v 3.508266 -1.114404 0.133586
v 3.457373 -1.063510 0.159896
v 3.457373 -1.063510 0.133586
v 3.457373 -1.063510 0.159896
v 3.457373 -1.063510 0.133586
v 3.759283 -1.063510 0.159896
v 3.759283 -1.063510 0.133586
v 3.759283 -1.063510 0.159896
v 3.708389 -1.114404 0.159896
v 3.708389 -1.114404 0.133586
v 3.759283 -1.063510 0.133586
v 3.516745 -0.729276 0.159896
v 3.516745 -0.729276 0.133586
v 3.546147 -0.705372 0.159896
v 3.546147 -0.705372 0.133586
v 3.516745 -0.729276 0.133586
v 3.670508 -0.705372 0.159896
v 3.670508 -0.705372 0.133586
v 3.699910 -0.729276 0.159896
v 3.699910 -0.729276 0.133586
v 3.699910 -0.729276 0.133586
v -3.429628 -2.682751 0.039822
v -3.437575 -2.671595 0.028921
v -3.437575 -1.633644 1.091083
v -3.429628 -1.644800 1.101984
v -3.449954 -2.662742 0.020269
v -3.449954 -1.624791 1.082431
v -3.465551 -2.657058 0.014715
v -3.465551 -1.619107 1.076877
v -3.482841 -2.655099 0.012801
v -3.482841 -1.617149 1.074963
v -3.500132 -2.657058 0.014715
v -3.500132 -1.619107 1.076877
v -3.515729 -2.662742 0.020269
v -3.515729 -1.624791 1.082431
v -3.528108 -2.671595 0.028921
v -3.528108 -1.633644 1.091083
v -3.536055 -2.682751 0.039822
v -3.536055 -1.644800 1.101984
v -3.538794 -2.695117 0.051906
v -3.538794 -1.657166 1.114068
v -3.536055 -2.707483 0.063991
v -3.536055 -1.669533 1.126153
v -3.528108 -2.718639 0.074892
v -3.528108 -1.680688 1.137054
v -3.515729 -2.727492 0.083543
v -3.515729 -1.689541 1.145705
v -3.500132 -2.733176 0.089098
v -3.500132 -1.695226 1.151260
v -3.482841 -2.735135 0.091012
v -3.482841 -1.697184 1.153174
v -3.465551 -2.733176 0.089098
v -3.465551 -1.695226 1.151260
v -3.449954 -2.727492 0.083543
v -3.449954 -1.689541 1.145705
v -3.437575 -2.718639 0.074892
v -3.437575 -1.680688 1.137054
v -3.429628 -2.707483 0.063991
v -3.429628 -1.669533 1.126153
v -3.426889 -2.695117 0.051906
v -3.426889 -1.657166 1.114068
v -3.429628 -2.682751 0.039822
v -3.429628 -1.644800 1.101984
v -3.456232 -1.618622 1.141141
v -3.454862 -1.624806 1.147184
v -3.445212 -1.622000 1.132562
v -3.443275 -1.630744 1.141107
v -3.436756 -1.627774 1.122722
v -3.445212 -1.622000 1.132562
v -3.443275 -1.630744 1.141107
v -3.434385 -1.638483 1.133188
v -3.431441 -1.635550 1.112293
v -3.428796 -1.647495 1.123965
v -3.460206 -1.613044 1.135690
v -3.450832 -1.614111 1.124853
v -3.445212 -1.622000 1.132562
v -3.436756 -1.627774 1.122722
v -3.443639 -1.618112 1.113281
v -3.450832 -1.614111 1.124853
v -3.431441 -1.635550 1.112293
v -3.439117 -1.624775 1.101763
v -3.466396 -1.608617 1.131364
v -3.459585 -1.607851 1.118735
v -3.454359 -1.610445 1.105789
v -3.459585 -1.607851 1.118735
v -3.451074 -1.616223 1.093406
v -3.474195 -1.605775 1.128586
v -3.470615 -1.603831 1.114808
v -3.467868 -1.605523 1.100978
v -3.470615 -1.603831 1.114808
v -3.466140 -1.610733 1.088041
v -3.482841 -1.604795 1.127629
v -3.482841 -1.602446 1.113454
v -3.482841 -1.603826 1.099321
v -3.482841 -1.602446 1.113454
v -3.482841 -1.608841 1.086192
v -3.491488 -1.605775 1.128586
v -3.495068 -1.603831 1.114808
v -3.497816 -1.605523 1.100978
v -3.495068 -1.603831 1.114808
v -3.499543 -1.610733 1.088041
v -3.499287 -1.608617 1.131364
v -3.506098 -1.607851 1.118735
v -3.511324 -1.610445 1.105789
v -3.506098 -1.607851 1.118735
v -3.514609 -1.616223 1.093406
v -3.505477 -1.613044 1.135690
v -3.514851 -1.614111 1.124853
v -3.522044 -1.618112 1.113281
v -3.514851 -1.614111 1.124853
v -3.526566 -1.624775 1.101763
v -3.509451 -1.618622 1.141141
v -3.520471 -1.622000 1.132562
v -3.528927 -1.627774 1.122722
v -3.520471 -1.622000 1.132562
v -3.534242 -1.635550 1.112293
v -3.510821 -1.624806 1.147184
v -3.522408 -1.630744 1.141107
v -3.531298 -1.638483 1.133188
v -3.522408 -1.630744 1.141107
v -3.536888 -1.647495 1.123965
v -3.509451 -1.630990 1.153227
v -3.520471 -1.639489 1.149652
v -3.528927 -1.649193 1.143653
v -3.520471 -1.639489 1.149652
v -3.534242 -1.659440 1.135638
v -3.505477 -1.636568 1.158678
v -3.514851 -1.647377 1.157361
v -3.522044 -1.658854 1.153094
v -3.514851 -1.647377 1.157361
v -3.526566 -1.670216 1.146168
v -3.499287 -1.640995 1.163004
v -3.506098 -1.653638 1.163479
v -3.511324 -1.666521 1.160586
v -3.506098 -1.653638 1.163479
v -3.514609 -1.678767 1.154524
v -3.491488 -1.643838 1.165781
v -3.495068 -1.657657 1.167407
v -3.497816 -1.671444 1.165397
v -3.495068 -1.657657 1.167407
v -3.499543 -1.684258 1.159890
v -3.482841 -1.644817 1.166739
v -3.482841 -1.659042 1.168760
v -3.482841 -1.673140 1.167055
v -3.482841 -1.659042 1.168760
v -3.482841 -1.686150 1.161739
v -3.474195 -1.643838 1.165781
v -3.470615 -1.657657 1.167407
v -3.467868 -1.671444 1.165397
v -3.470615 -1.657657 1.167407
v -3.466140 -1.684258 1.159890
v -3.466396 -1.640995 1.163004
v -3.459585 -1.653638 1.163479
v -3.454359 -1.666521 1.160586
v -3.459585 -1.653638 1.163479
v -3.451074 -1.678767 1.154524
v -3.460206 -1.636568 1.158678
v -3.450832 -1.647377 1.157361
v -3.443639 -1.658854 1.153094
v -3.450832 -1.647377 1.157361
v -3.439117 -1.670216 1.146168
v -3.456232 -1.630990 1.153227
v -3.445212 -1.639489 1.149652
v -3.436756 -1.649193 1.143653
v -3.445212 -1.639489 1.149652
v -3.431441 -1.659440 1.135638
v -3.508106 -2.362305 0.133586
v -3.508106 -2.362305 0.159896
v -3.457577 -2.362305 0.159896
v -3.457577 -2.362305 0.133586
v -3.513380 -2.798512 0.159896
v -3.513380 -2.798512 0.133586
v -3.452303 -2.798512 0.133586
v -3.452303 -2.798512 0.159896
v -3.347526 -2.562648 0.159896
v -3.347526 -2.562648 0.133586
v -3.375357 -2.429151 0.133586
v -3.375357 -2.429151 0.159896
v -3.618157 -2.562648 0.133586
v -3.618157 -2.562648 0.159896
v -3.590326 -2.429151 0.159896
v -3.590326 -2.429151 0.133586
v -3.313258 -2.659468 0.159896
v -3.313258 -2.659468 0.133586
v -3.652425 -2.659468 0.133586
v -3.652425 -2.659468 0.159896
v -3.582903 -2.779884 0.159896
v -3.582903 -2.779884 0.133586
v -3.633796 -2.728990 0.159896
v -3.633796 -2.728990 0.133586
v -3.633796 -2.728990 0.159896
v -3.633796 -2.728990 0.133586
v -3.331887 -2.728990 0.159896
v -3.331887 -2.728990 0.133586
v -3.331887 -2.728990 0.159896
v -3.382780 -2.779884 0.159896
v -3.382780 -2.779884 0.133586
v -3.331887 -2.728990 0.133586
v -3.574424 -2.394757 0.159896
v -3.574424 -2.394757 0.133586
v -3.545022 -2.370852 0.159896
v -3.545022 -2.370852 0.133586
v -3.574424 -2.394757 0.133586
v -3.420661 -2.370852 0.159896
v -3.420661 -2.370852 0.133586
v -3.391259 -2.394757 0.159896
v -3.391259 -2.394757 0.133586
v -3.391259 -2.394757 0.133586
v -3.315071 1.043194 0.039822
v -3.323019 1.054350 0.028921
v -3.323019 2.658859 1.670857
v -3.315071 2.647703 1.681759
v -3.335397 1.063203 0.020269
v -3.335397 2.667712 1.662206
v -3.350995 1.068887 0.014715
v -3.350995 2.673396 1.656651
v -3.368285 1.070845 0.012801
v -3.368285 2.675354 1.654737
v -3.385575 1.068887 0.014715
v -3.385575 2.673396 1.656651
v -3.401173 1.063203 0.020269
v -3.401173 2.667712 1.662206
v -3.413551 1.054350 0.028921
v -3.413551 2.658859 1.670857
v -3.421499 1.043194 0.039822
v -3.421499 2.647703 1.681759
v -3.424237 1.030828 0.051906
v -3.424237 2.635337 1.693843
v -3.421499 1.018461 0.063991
v -3.421499 2.622971 1.705927
v -3.413551 1.007306 0.074892
v -3.413551 2.611815 1.716829
v -3.401173 0.998453 0.083543
v -3.401173 2.602962 1.725480
v -3.385575 0.992769 0.089098
v -3.385575 2.597278 1.731035
v -3.368285 0.990810 0.091012
v -3.368285 2.595319 1.732949
v -3.350995 0.992769 0.089098
v -3.350995 2.597278 1.731035
v -3.335397 0.998453 0.083543
v -3.335397 2.602962 1.725480
v -3.323019 1.007306 0.074892
v -3.323019 2.611815 1.716829
v -3.315071 1.018461 0.063991
v -3.315071 2.622971 1.705927
v -3.312333 1.030828 0.051906
v -3.312333 2.635337 1.693843
v -3.315071 1.043194 0.039822
v -3.315071 2.647703 1.681759
v -3.341675 2.691545 1.738991
v -3.340306 2.685361 1.745034
v -3.330655 2.684926 1.727095
v -3.328719 2.676182 1.735641
v -3.322200 2.674928 1.712933
v -3.330655 2.684926 1.727095
v -3.328719 2.676182 1.735641
v -3.319828 2.664218 1.723398
v -3.316884 2.662232 1.697469
v -3.314239 2.650287 1.709142
v -3.345649 2.697123 1.733540
v -3.336275 2.692815 1.719387
v -3.330655 2.684926 1.727095
v -3.322200 2.674928 1.712933
v -3.329082 2.684589 1.703492
v -3.336275 2.692815 1.719387
v -3.316884 2.662232 1.697469
v -3.324561 2.673007 1.686939
v -3.351839 2.701550 1.729214
v -3.345029 2.699075 1.713269
v -3.339803 2.692256 1.695999
v -3.345029 2.699075 1.713269
v -3.336517 2.681559 1.678583
v -3.359639 2.704393 1.726437
v -3.356058 2.703094 1.709341
v -3.353311 2.697179 1.691189
v -3.356058 2.703094 1.709341
v -3.351584 2.687049 1.673218
v -3.368285 2.705372 1.725479
v -3.368285 2.704480 1.707988
v -3.368285 2.698875 1.689531
v -3.368285 2.704480 1.707988
v -3.368285 2.688941 1.671369
v -3.376931 2.704393 1.726437
v -3.380512 2.703094 1.709341
v -3.383259 2.697179 1.691189
v -3.380512 2.703094 1.709341
v -3.384986 2.687049 1.673218
v -3.384731 2.701550 1.729214
v -3.391541 2.699075 1.713269
v -3.396767 2.692256 1.695999
v -3.391541 2.699075 1.713269
v -3.400053 2.681559 1.678583
v -3.390920 2.697123 1.733540
v -3.400295 2.692815 1.719387
v -3.407487 2.684589 1.703492
v -3.400295 2.692815 1.719387
v -3.412009 2.673007 1.686939
v -3.394895 2.691545 1.738991
v -3.405915 2.684926 1.727095
v -3.414370 2.674928 1.712933
v -3.405915 2.684926 1.727095
v -3.419686 2.662232 1.697469
v -3.396264 2.685361 1.745034
v -3.407851 2.676182 1.735641
v -3.416742 2.664218 1.723398
v -3.407851 2.676182 1.735641
v -3.422331 2.650287 1.709142
v -3.394895 2.679177 1.751077
v -3.405915 2.667437 1.744186
v -3.414370 2.653509 1.733864
v -3.405915 2.667437 1.744186
v -3.419686 2.638342 1.720815
v -3.390920 2.673599 1.756528
v -3.400295 2.659548 1.751895
v -3.407487 2.643847 1.743305
v -3.400295 2.659548 1.751895
v -3.412009 2.627567 1.731345
v -3.384731 2.669172 1.760854
v -3.391541 2.653288 1.758012
v -3.396767 2.636180 1.750797
v -3.391541 2.653288 1.758012
v -3.400052 2.619015 1.739701
v -3.376931 2.666330 1.763632
v -3.380512 2.649268 1.761940
v -3.383259 2.631258 1.755608
v -3.380512 2.649268 1.761940
v -3.384986 2.613524 1.745067
v -3.368285 2.665350 1.764589
v -3.368285 2.647883 1.763294
v -3.368285 2.629561 1.757265
v -3.368285 2.647883 1.763294
v -3.368285 2.611633 1.746915
v -3.359639 2.666330 1.763632
v -3.356058 2.649268 1.761940
v -3.353311 2.631258 1.755608
v -3.356058 2.649268 1.761940
v -3.351584 2.613524 1.745067
v -3.351839 2.669172 1.760854
v -3.345029 2.653288 1.758012
v -3.339803 2.636180 1.750797
v -3.345029 2.653288 1.758012
v -3.336518 2.619015 1.739701
v -3.345649 2.673599 1.756528
v -3.336275 2.659548 1.751895
v -3.329082 2.643847 1.743305
v -3.336275 2.659548 1.751895
v -3.324561 2.627567 1.731345
v -3.341675 2.679177 1.751077
v -3.330655 2.667437 1.744186
v -3.322200 2.653509 1.733864
v -3.330655 2.667437 1.744186
v -3.316884 2.638342 1.720815
v -3.393550 1.363640 0.133586
v -3.393550 1.363640 0.159896
v -3.343020 1.363640 0.159896
v -3.343020 1.363640 0.133586
v -3.398824 0.927432 0.159896
v -3.398824 0.927432 0.133586
v -3.337746 0.927432 0.133586
v -3.337746 0.927432 0.159896
v -3.232969 1.163297 0.159896
v -3.232969 1.163297 0.133586
v -3.260800 1.296794 0.133586
v -3.260800 1.296794 0.159896
v -3.503601 1.163297 0.133586
v -3.503601 1.163297 0.159896
v -3.475770 1.296794 0.159896
v -3.475770 1.296794 0.133586
v -3.198702 1.066477 0.159896
v -3.198702 1.066477 0.133586
v -3.537868 1.066477 0.133586
v -3.537868 1.066477 0.159896
v -3.468346 0.946061 0.159896
v -3.468346 0.946061 0.133586
v -3.519240 0.996955 0.159896
v -3.519240 0.996955 0.133586
v -3.519240 0.996955 0.159896
v -3.519240 0.996955 0.133586
v -3.217330 0.996955 0.159896
v -3.217330 0.996955 0.133586
v -3.217330 0.996955 0.159896
v -3.268224 0.946061 0.159896
v -3.268224 0.946061 0.133586
v -3.217330 0.996955 0.133586
v -3.459867 1.331188 0.159896
v -3.459867 1.331188 0.133586
v -3.430466 1.355092 0.159896
v -3.430466 1.355092 0.133586
v -3.459867 1.331188 0.133586
v -3.306104 1.355092 0.159896
v -3.306104 1.355092 0.133586
v -3.276703 1.331188 0.159896
v -3.276703 1.331188 0.133586
v -3.276703 1.331188 0.133586
v 0.622469 -2.682751 0.039822
v 0.614522 -2.671595 0.028921
v 0.614522 -1.633644 1.091083
v 0.622469 -1.644800 1.101984
v 0.602143 -2.662742 0.020269
v 0.602143 -1.624791 1.082431
v 0.586545 -2.657058 0.014715
v 0.586545 -1.619107 1.076877
v 0.569255 -2.655099 0.012801
v 0.569255 -1.617149 1.074963
v 0.551965 -2.657058 0.014715
v 0.551965 -1.619107 1.076877
v 0.536367 -2.662742 0.020269
v 0.536367 -1.624791 1.082431
v 0.523989 -2.671595 0.028921
v 0.523989 -1.633644 1.091083
v 0.516041 -2.682751 0.039822
v 0.516041 -1.644800 1.101984
v 0.513303 -2.695117 0.051906
v 0.513303 -1.657166 1.114068
v 0.516041 -2.707483 0.063991
v 0.516041 -1.669533 1.126153
v 0.523989 -2.718639 0.074892
v 0.523989 -1.680688 1.137054
v 0.536367 -2.727492 0.083543
v 0.536367 -1.689541 1.145705
v 0.551965 -2.733176 0.089098
v 0.551965 -1.695226 1.151260
v 0.569255 -2.735135 0.091012
v 0.569255 -1.697184 1.153174
v 0.586545 -2.733176 0.089098
v 0.586545 -1.695226 1.151260
v 0.602143 -2.727492 0.083543
v 0.602143 -1.689541 1.145705
v 0.614522 -2.718639 0.074892
v 0.614522 -1.680688 1.137054
v 0.622469 -2.707483 0.063991
v 0.622469 -1.669533 1.126153
v 0.625207 -2.695117 0.051906
v 0.625207 -1.657166 1.114068
v 0.622469 -2.682751 0.039822
v 0.622469 -1.644800 1.101984
v 0.595865 -1.618622 1.141141
v 0.597234 -1.624806 1.147184
v 0.606885 -1.622000 1.132562
v 0.608821 -1.630744 1.141107
v 0.615340 -1.627774 1.122722
v 0.606885 -1.622000 1.132562
v 0.608821 -1.630744 1.141107
v 0.617712 -1.638483 1.133188
v 0.620656 -1.635550 1.112293
v 0.623301 -1.647495 1.123965
v 0.591891 -1.613044 1.135690
v 0.601265 -1.614111 1.124853
v 0.606885 -1.622000 1.132562
v 0.615340 -1.627774 1.122722
v 0.608458 -1.618112 1.113281
v 0.601265 -1.614111 1.124853
v 0.620656 -1.635550 1.112293
v 0.612979 -1.624775 1.101763
v 0.585701 -1.608617 1.131364
v 0.592511 -1.607851 1.118735
v 0.597737 -1.610445 1.105789
v 0.592511 -1.607851 1.118735
v 0.601022 -1.616223 1.093406
v 0.577901 -1.605775 1.128586
v 0.581482 -1.603831 1.114808
v 0.584229 -1.605523 1.100978
v 0.581482 -1.603831 1.114808
v 0.585956 -1.610733 1.088041
v 0.569255 -1.604795 1.127629
v 0.569255 -1.602446 1.113454
v 0.569255 -1.603826 1.099321
v 0.569255 -1.602446 1.113454
v 0.569255 -1.608841 1.086192
v 0.560609 -1.605775 1.128586
v 0.557029 -1.603831 1.114808
v 0.554281 -1.605523 1.100978
v 0.557029 -1.603831 1.114808
v 0.552554 -1.610733 1.088041
v 0.552809 -1.608617 1.131364
v 0.545999 -1.607851 1.118735
v 0.540773 -1.610445 1.105789
v 0.545999 -1.607851 1.118735
v 0.537488 -1.616223 1.093406
v 0.546619 -1.613044 1.135690
v 0.537246 -1.614111 1.124853
v 0.530053 -1.618112 1.113281
v 0.537246 -1.614111 1.124853
v 0.525531 -1.624775 1.101763
v 0.542645 -1.618622 1.141141
v 0.531626 -1.622000 1.132562
v 0.523170 -1.627774 1.122722
v 0.531626 -1.622000 1.132562
v 0.517854 -1.635550 1.112293
v 0.541276 -1.624806 1.147184
v 0.529689 -1.630744 1.141107
v 0.520798 -1.638483 1.133188
v 0.529689 -1.630744 1.141107
v 0.515209 -1.647495 1.123965
v 0.542645 -1.630990 1.153227
v 0.531626 -1.639489 1.149652
v 0.523170 -1.649193 1.143653
v 0.531626 -1.639489 1.149652
v 0.517854 -1.659440 1.135638
v 0.546619 -1.636568 1.158678
v 0.537246 -1.647377 1.157361
v 0.530053 -1.658854 1.153094
v 0.537246 -1.647377 1.157361
v 0.525531 -1.670216 1.146168
v 0.552809 -1.640995 1.163004
v 0.545999 -1.653638 1.163479
v 0.540773 -1.666521 1.160586
v 0.545999 -1.653638 1.163479
v 0.537488 -1.678767 1.154524
v 0.560609 -1.643838 1.165781
v 0.557029 -1.657657 1.167407
v 0.554281 -1.671444 1.165397
v 0.557029 -1.657657 1.167407
v 0.552554 -1.684258 1.159890
v 0.569255 -1.644817 1.166739
v 0.569255 -1.659042 1.168760
v 0.569255 -1.673140 1.167055
v 0.569255 -1.659042 1.168760
v 0.569255 -1.686150 1.161739
v 0.577901 -1.643838 1.165781
v 0.581482 -1.657657 1.167407
v 0.584229 -1.671444 1.165397
v 0.581482 -1.657657 1.167407
v 0.585956 -1.684258 1.159890
v 0.585701 -1.640995 1.163004
v 0.592511 -1.653638 1.163479
v 0.597737 -1.666521 1.160586
v 0.592511 -1.653638 1.163479
v 0.601022 -1.678767 1.154524
v 0.591891 -1.636568 1.158678
v 0.601265 -1.647377 1.157361
v 0.608458 -1.658854 1.153094
v 0.601265 -1.647377 1.157361
v 0.612979 -1.670216 1.146168
v 0.595865 -1.630990 1.153227
v 0.606884 -1.639489 1.149652
v 0.615340 -1.649193 1.143653
v 0.606884 -1.639489 1.149652
v 0.620656 -1.659440 1.135638
v 0.543990 -2.362305 0.133586
v 0.543990 -2.362305 0.159896
v 0.594520 -2.362305 0.159896
v 0.594520 -2.362305 0.133586
v 0.538716 -2.798512 0.159896
v 0.538716 -2.798512 0.133586
v 0.599794 -2.798512 0.133586
v 0.599794 -2.798512 0.159896
v 0.704571 -2.562648 0.159896
v 0.704571 -2.562648 0.133586
v 0.676740 -2.429151 0.133586
v 0.676740 -2.429151 0.159896
v 0.433939 -2.562648 0.133586
v 0.433939 -2.562648 0.159896
v 0.461771 -2.429151 0.159896
v 0.461771 -2.429151 0.133586
v 0.738838 -2.659468 0.159896
v 0.738838 -2.659468 0.133586
v 0.399672 -2.659468 0.133586
v 0.399672 -2.659468 0.159896
v 0.469194 -2.779884 0.159896
v 0.469194 -2.779884 0.133586
v 0.418300 -2.728990 0.159896
v 0.418300 -2.728990 0.133586
v 0.418300 -2.728990 0.159896
v 0.418300 -2.728990 0.133586
v 0.720210 -2.728990 0.159896
v 0.720210 -2.728990 0.133586
v 0.720210 -2.728990 0.159896
v 0.669316 -2.779884 0.159896
v 0.669316 -2.779884 0.133586
v 0.720210 -2.728990 0.133586
v 0.477673 -2.394757 0.159896
v 0.477673 -2.394757 0.133586
v 0.507074 -2.370852 0.159896
v 0.507074 -2.370852 0.133586
v 0.477673 -2.394757 0.133586
v 0.631436 -2.370852 0.159896
v 0.631436 -2.370852 0.133586
v 0.660837 -2.394757 0.159896
v 0.660837 -2.394757 0.133586
v 0.660837 -2.394757 0.133586
v 1.635493 -2.682751 0.039822
v 1.627546 -2.671595 0.028921
v 1.627546 -1.633644 1.091083
v 1.635493 -1.644800 1.101984
v 1.615167 -2.662742 0.020269
v 1.615167 -1.624791 1.082431
v 1.599570 -2.657058 0.014715
v 1.599569 -1.619107 1.076877
v 1.582279 -2.655099 0.012801
v 1.582279 -1.617149 1.074963
v 1.564989 -2.657058 0.014715
v 1.564989 -1.619107 1.076877
v 1.549391 -2.662742 0.020269
v 1.549391 -1.624791 1.082431
v 1.537013 -2.671595 0.028921
v 1.537013 -1.633644 1.091083
v 1.529065 -2.682751 0.039822
v 1.529065 -1.644800 1.101984
v 1.526327 -2.695117 0.051906
v 1.526327 -1.657166 1.114068
v 1.529065 -2.707483 0.063991
v 1.529065 -1.669533 1.126153
v 1.537013 -2.718639 0.074892
v 1.537013 -1.680688 1.137054
v 1.549391 -2.727492 0.083543
v 1.549391 -1.689541 1.145705
v 1.564989 -2.733176 0.089098
v 1.564989 -1.695226 1.151260
v 1.582279 -2.735135 0.091012
v 1.582279 -1.697184 1.153174
v 1.599570 -2.733176 0.089098
v 1.599569 -1.695226 1.151260
v 1.615167 -2.727492 0.083543
v 1.615167 -1.689541 1.145705
v 1.627546 -2.718639 0.074892
v 1.627546 -1.680688 1.137054
v 1.635493 -2.707483 0.063991
v 1.635493 -1.669533 1.126153
v 1.638232 -2.695117 0.051906
v 1.638232 -1.657166 1.114068
v 1.635493 -2.682751 0.039822
v 1.635493 -1.644800 1.101984
v 1.608889 -1.618622 1.141141
v 1.610258 -1.624806 1.147184
v 1.619909 -1.622000 1.132562
v 1.621845 -1.630744 1.141107
v 1.628365 -1.627774 1.122722
v 1.619909 -1.622000 1.132562
v 1.621845 -1.630744 1.141107
v 1.630736 -1.638483 1.133188
v 1.633680 -1.635550 1.112293
v 1.636325 -1.647495 1.123965
v 1.604915 -1.613044 1.135690
v 1.614289 -1.614111 1.124853
v 1.619909 -1.622000 1.132562
v 1.628365 -1.627774 1.122722
v 1.621482 -1.618112 1.113281
v 1.614289 -1.614111 1.124853
v 1.633680 -1.635550 1.112293
v 1.626003 -1.624775 1.101763
v 1.598725 -1.608617 1.131364
v 1.605536 -1.607851 1.118735
v 1.610762 -1.610445 1.105789
v 1.605536 -1.607851 1.118735
v 1.614047 -1.616223 1.093406
v 1.590925 -1.605775 1.128586
v 1.594506 -1.603831 1.114808
v 1.597253 -1.605523 1.100978
v 1.594506 -1.603831 1.114808
v 1.598981 -1.610733 1.088041
v 1.582279 -1.604795 1.127629
v 1.582279 -1.602446 1.113454
v 1.582279 -1.603826 1.099321
v 1.582279 -1.602446 1.113454
v 1.582279 -1.608841 1.086192
v 1.573633 -1.605775 1.128586
v 1.570053 -1.603831 1.114808
v 1.567305 -1.605523 1.100978
v 1.570053 -1.603831 1.114808
v 1.565578 -1.610733 1.088041
v 1.565834 -1.608617 1.131364
v 1.559023 -1.607851 1.118735
v 1.553797 -1.610445 1.105789
v 1.559023 -1.607851 1.118735
v 1.550512 -1.616223 1.093406
v 1.559644 -1.613044 1.135690
v 1.550270 -1.614111 1.124853
v 1.543077 -1.618112 1.113281
v 1.550270 -1.614111 1.124853
v 1.538555 -1.624775 1.101763
v 1.555670 -1.618622 1.141141
v 1.544650 -1.622000 1.132562
v 1.536194 -1.627774 1.122722
v 1.544650 -1.622000 1.132562
v 1.530878 -1.635550 1.112293
v 1.554300 -1.624806 1.147184
v 1.542713 -1.630744 1.141107
v 1.533822 -1.638483 1.133188
v 1.542713 -1.630744 1.141107
v 1.528233 -1.647495 1.123965
v 1.555670 -1.630990 1.153227
v 1.544650 -1.639489 1.149652
v 1.536194 -1.649193 1.143653
v 1.544650 -1.639489 1.149652
v 1.530878 -1.659440 1.135638
v 1.559644 -1.636568 1.158678
v 1.550270 -1.647377 1.157361
v 1.543077 -1.658854 1.153094
v 1.550270 -1.647377 1.157361
v 1.538555 -1.670216 1.146168
v 1.565834 -1.640995 1.163004
v 1.559023 -1.653638 1.163479
v 1.553797 -1.666521 1.160586
v 1.559023 -1.653638 1.163479
v 1.550512 -1.678767 1.154524
v 1.573633 -1.643838 1.165781
v 1.570053 -1.657657 1.167407
v 1.567305 -1.671444 1.165397
v 1.570053 -1.657657 1.167407
v 1.565578 -1.684258 1.159890
v 1.582279 -1.644817 1.166739
v 1.582279 -1.659042 1.168760
v 1.582279 -1.673140 1.167055
v 1.582279 -1.659042 1.168760
v 1.582279 -1.686150 1.161739
v 1.590925 -1.643838 1.165781
v 1.594506 -1.657657 1.167407
v 1.597253 -1.671444 1.165397
v 1.594506 -1.657657 1.167407
v 1.598981 -1.684258 1.159890
v 1.598725 -1.640995 1.163004
v 1.605536 -1.653638 1.163479
v 1.610762 -1.666521 1.160586
v 1.605536 -1.653638 1.163479
v 1.614047 -1.678767 1.154524
v 1.604915 -1.636568 1.158678
v 1.614289 -1.647377 1.157361
v 1.621482 -1.658854 1.153094
v 1.614289 -1.647377 1.157361
v 1.626003 -1.670216 1.146168
v 1.608889 -1.630990 1.153227
v 1.619909 -1.639489 1.149652
v 1.628365 -1.649193 1.143653
v 1.619909 -1.639489 1.149652
v 1.633680 -1.659440 1.135638
v 1.557014 -2.362305 0.133586
v 1.557014 -2.362305 0.159896
v 1.607544 -2.362305 0.159896
v 1.607544 -2.362305 0.133586
v 1.551741 -2.798512 0.159896
v 1.551741 -2.798512 0.133586
v 1.612818 -2.798512 0.133586
v 1.612818 -2.798512 0.159896
v 1.717595 -2.562648 0.159896
v 1.717595 -2.562648 0.133586
v 1.689764 -2.429151 0.133586
v 1.689764 -2.429151 0.159896
v 1.446963 -2.562648 0.133586
v 1.446963 -2.562648 0.159896
v 1.474795 -2.429151 0.159896
v 1.474795 -2.429151 0.133586
v 1.751863 -2.659468 0.159896
v 1.751863 -2.659468 0.133586
v 1.412696 -2.659468 0.133586
v 1.412696 -2.659468 0.159896
v 1.482218 -2.779884 0.159896
v 1.482218 -2.779884 0.133586
v 1.431324 -2.728990 0.159896
v 1.431324 -2.728990 0.133586
v 1.431324 -2.728990 0.159896
v 1.431324 -2.728990 0.133586
v 1.733234 -2.728990 0.159896
v 1.733234 -2.728990 0.133586
v 1.733234 -2.728990 0.159896
v 1.682341 -2.779884 0.159896
v 1.682341 -2.779884 0.133586
v 1.733234 -2.728990 0.133586
v 1.490697 -2.394757 0.159896
v 1.490697 -2.394757 0.133586
v 1.520099 -2.370852 0.159896
v 1.520099 -2.370852 0.133586
v 1.490697 -2.394757 0.133586
v 1.644460 -2.370852 0.159896
v 1.644460 -2.370852 0.133586
v 1.673862 -2.394757 0.159896
v 1.673862 -2.394757 0.133586
v 1.673862 -2.394757 0.133586
v 2.648517 -2.682751 0.039822
v 2.640570 -2.671595 0.028921
v 2.640570 -1.633644 1.091083
v 2.648517 -1.644800 1.101984
v 2.628191 -2.662742 0.020269
v 2.628191 -1.624791 1.082431
v 2.612594 -2.657058 0.014715
v 2.612594 -1.619107 1.076877
v 2.595304 -2.655099 0.012801
v 2.595304 -1.617149 1.074963
v 2.578013 -2.657058 0.014715
v 2.578013 -1.619107 1.076877
v 2.562416 -2.662742 0.020269
v 2.562416 -1.624791 1.082431
v 2.550037 -2.671595 0.028921
v 2.550037 -1.633644 1.091083
v 2.542089 -2.682751 0.039822
v 2.542089 -1.644800 1.101984
v 2.539351 -2.695117 0.051906
v 2.539351 -1.657166 1.114068
v 2.542089 -2.707483 0.063991
v 2.542089 -1.669533 1.126153
v 2.550037 -2.718639 0.074892
v 2.550037 -1.680688 1.137054
v 2.562416 -2.727492 0.083543
v 2.562416 -1.689541 1.145705
v 2.578013 -2.733176 0.089098
v 2.578013 -1.695226 1.151260
v 2.595304 -2.735135 0.091012
v 2.595304 -1.697184 1.153174
v 2.612594 -2.733176 0.089098
v 2.612594 -1.695226 1.151260
v 2.628191 -2.727492 0.083543
v 2.628191 -1.689541 1.145705
v 2.640570 -2.718639 0.074892
v 2.640570 -1.680688 1.137054
v 2.648517 -2.707483 0.063991
v 2.648517 -1.669533 1.126153
v 2.651256 -2.695117 0.051906
v 2.651256 -1.657166 1.114068
v 2.648517 -2.682751 0.039822
v 2.648517 -1.644800 1.101984
v 2.621913 -1.618622 1.141141
v 2.623282 -1.624806 1.147184
v 2.632933 -1.622000 1.132562
v 2.634870 -1.630744 1.141107
v 2.641389 -1.627774 1.122722
v 2.632933 -1.622000 1.132562
v 2.634870 -1.630744 1.141107
v 2.643760 -1.638483 1.133188
v 2.646704 -1.635550 1.112293
v 2.649349 -1.647495 1.123965
v 2.617939 -1.613044 1.135690
v 2.627313 -1.614111 1.124853
v 2.632933 -1.622000 1.132562
v 2.641389 -1.627774 1.122722
v 2.634506 -1.618112 1.113281
v 2.627313 -1.614111 1.124853
v 2.646704 -1.635550 1.112293
v 2.639028 -1.624775 1.101763
v 2.611749 -1.608617 1.131364
v 2.618560 -1.607851 1.118735
v 2.623785 -1.610445 1.105789
v 2.618560 -1.607851 1.118735
v 2.627071 -1.616223 1.093406
v 2.603950 -1.605775 1.128586
v 2.607530 -1.603831 1.114808
v 2.610277 -1.605523 1.100978
v 2.607530 -1.603831 1.114808
v 2.612005 -1.610733 1.088041
v 2.595304 -1.604795 1.127629
v 2.595304 -1.602446 1.113454
v 2.595304 -1.603826 1.099321
v 2.595304 -1.602446 1.113454
v 2.595304 -1.608841 1.086192
v 2.586658 -1.605775 1.128586
v 2.583077 -1.603831 1.114808
v 2.580329 -1.605523 1.100978
v 2.583077 -1.603831 1.114808
v 2.578602 -1.610733 1.088041
v 2.578858 -1.608617 1.131364
v 2.572047 -1.607851 1.118735
v 2.566821 -1.610445 1.105789
v 2.572047 -1.607851 1.118735
v 2.563536 -1.616223 1.093406
v 2.572668 -1.613044 1.135690
v 2.563294 -1.614111 1.124853
v 2.556101 -1.618112 1.113281
v 2.563294 -1.614111 1.124853
v 2.551579 -1.624775 1.101763
v 2.568694 -1.618622 1.141141
v 2.557674 -1.622000 1.132562
v 2.549218 -1.627774 1.122722
v 2.557674 -1.622000 1.132562
v 2.543902 -1.635550 1.112293
v 2.567324 -1.624806 1.147184
v 2.555737 -1.630744 1.141107
v 2.546846 -1.638483 1.133188
v 2.555737 -1.630744 1.141107
v 2.541257 -1.647495 1.123965
v 2.568694 -1.630990 1.153227
v 2.557674 -1.639489 1.149652
v 2.549218 -1.649193 1.143653
v 2.557674 -1.639489 1.149652
v 2.543902 -1.659440 1.135638
v 2.572668 -1.636568 1.158678
v 2.563294 -1.647377 1.157361
v 2.556101 -1.658854 1.153094
v 2.563294 -1.647377 1.157361
v 2.551579 -1.670216 1.146168
v 2.578858 -1.640995 1.163004
v 2.572047 -1.653638 1.163479
v 2.566821 -1.666521 1.160586
v 2.572047 -1.653638 1.163479
v 2.563536 -1.678767 1.154524
v 2.586658 -1.643838 1.165781
v 2.583077 -1.657657 1.167407
v 2.580329 -1.671444 1.165397
v 2.583077 -1.657657 1.167407
v 2.578602 -1.684258 1.159890
v 2.595304 -1.644817 1.166739
v 2.595304 -1.659042 1.168760
v 2.595304 -1.673140 1.167055
v 2.595304 -1.659042 1.168760
v 2.595304 -1.686150 1.161739
v 2.603950 -1.643838 1.165781
v 2.607530 -1.657657 1.167407
v 2.610277 -1.671444 1.165397
v 2.607530 -1.657657 1.167407
v 2.612005 -1.684258 1.159890
v 2.611749 -1.640995 1.163004
v 2.618560 -1.653638 1.163479
v 2.623785 -1.666521 1.160586
v 2.618560 -1.653638 1.163479
v 2.627071 -1.678767 1.154524
v 2.617939 -1.636568 1.158678
v 2.627313 -1.647377 1.157361
v 2.634506 -1.658854 1.153094
v 2.627313 -1.647377 1.157361
v 2.639028 -1.670216 1.146168
v 2.621913 -1.630990 1.153227
v 2.632933 -1.639489 1.149652
v 2.641389 -1.649193 1.143653
v 2.632933 -1.639489 1.149652
v 2.646704 -1.659440 1.135638
v 2.570038 -2.362305 0.133586
v 2.570038 -2.362305 0.159896
v 2.620568 -2.362305 0.159896
v 2.620568 -2.362305 0.133586
v 2.564764 -2.798512 0.159896
v 2.564764 -2.798512 0.133586
v 2.625842 -2.798512 0.133586
v 2.625842 -2.798512 0.159896
v 2.730619 -2.562648 0.159896
v 2.730619 -2.562648 0.133586
v 2.702788 -2.429151 0.133586
v 2.702788 -2.429151 0.159896
v 2.459988 -2.562648 0.133586
v 2.459988 -2.562648 0.159896
v 2.487819 -2.429151 0.159896
v 2.487819 -2.429151 0.133586
v 2.764887 -2.659468 0.159896
v 2.764887 -2.659468 0.133586
v 2.425720 -2.659468 0.133586
v 2.425720 -2.659468 0.159896
v 2.495242 -2.779884 0.159896
v 2.495242 -2.779884 0.133586
v 2.444348 -2.728990 0.159896
v 2.444348 -2.728990 0.133586
v 2.444348 -2.728990 0.159896
v 2.444348 -2.728990 0.133586
v 2.746258 -2.728990 0.159896
v 2.746258 -2.728990 0.133586
v 2.746258 -2.728990 0.159896
v 2.695364 -2.779884 0.159896
v 2.695364 -2.779884 0.133586
v 2.746258 -2.728990 0.133586
v 2.503721 -2.394757 0.159896
v 2.503721 -2.394757 0.133586
v 2.533123 -2.370852 0.159896
v 2.533123 -2.370852 0.133586
v 2.503721 -2.394757 0.133586
v 2.657484 -2.370852 0.159896
v 2.657484 -2.370852 0.133586
v 2.686886 -2.394757 0.159896
v 2.686886 -2.394757 0.133586
v 2.686886 -2.394757 0.133586
v 3.661541 -2.682751 0.039822
v 3.653594 -2.671595 0.028921
v 3.653594 -1.633644 1.091083
v 3.661541 -1.644800 1.101984
v 3.641216 -2.662742 0.020269
v 3.641216 -1.624791 1.082431
v 3.625618 -2.657058 0.014715
v 3.625618 -1.619107 1.076877
v 3.608328 -2.655099 0.012801
v 3.608328 -1.617149 1.074963
v 3.591037 -2.657058 0.014715
v 3.591037 -1.619107 1.076877
v 3.575440 -2.662742 0.020269
v 3.575440 -1.624791 1.082431
v 3.563061 -2.671595 0.028921
v 3.563061 -1.633644 1.091083
v 3.555114 -2.682751 0.039822
v 3.555114 -1.644800 1.101984
v 3.552375 -2.695117 0.051906
v 3.552375 -1.657166 1.114068
v 3.555114 -2.707483 0.063991
v 3.555114 -1.669533 1.126153
v 3.563061 -2.718639 0.074892
v 3.563061 -1.680688 1.137054
v 3.575440 -2.727492 0.083543
v 3.575440 -1.689541 1.145705
v 3.591037 -2.733176 0.089098
v 3.591037 -1.695226 1.151260
v 3.608328 -2.735135 0.091012
v 3.608328 -1.697184 1.153174
v 3.625618 -2.733176 0.089098
v 3.625618 -1.695226 1.151260
v 3.641216 -2.727492 0.083543
v 3.641216 -1.689541 1.145705
v 3.653594 -2.718639 0.074892
v 3.653594 -1.680688 1.137054
v 3.661541 -2.707483 0.063991
v 3.661541 -1.669533 1.126153
v 3.664280 -2.695117 0.051906
v 3.664280 -1.657166 1.114068
v 3.661541 -2.682751 0.039822
v 3.661541 -1.644800 1.101984
v 3.634937 -1.618622 1.141141
v 3.636307 -1.624806 1.147184
v 3.645957 -1.622000 1.132562
v 3.647894 -1.630744 1.141107
v 3.654413 -1.627774 1.122722
v 3.645957 -1.622000 1.132562
v 3.647894 -1.630744 1.141107
v 3.656785 -1.638483 1.133188
v 3.659729 -1.635550 1.112293
v 3.662374 -1.647495 1.123965
v 3.630963 -1.613044 1.135690
v 3.640337 -1.614111 1.124853
v 3.645957 -1.622000 1.132562
v 3.654413 -1.627774 1.122722
v 3.647530 -1.618112 1.113281
v 3.640337 -1.614111 1.124853
v 3.659729 -1.635550 1.112293
v 3.652052 -1.624775 1.101763
v 3.624773 -1.608617 1.131364
v 3.631584 -1.607851 1.118735
v 3.636810 -1.610445 1.105789
v 3.631584 -1.607851 1.118735
v 3.640095 -1.616223 1.093406
v 3.616974 -1.605775 1.128586
v 3.620554 -1.603831 1.114808
v 3.623302 -1.605523 1.100978
v 3.620554 -1.603831 1.114808
v 3.625029 -1.610733 1.088041
v 3.608328 -1.604795 1.127629
v 3.608328 -1.602446 1.113454
v 3.608328 -1.603826 1.099321
v 3.608328 -1.602446 1.113454
v 3.608328 -1.608841 1.086192
v 3.599682 -1.605775 1.128586
v 3.596101 -1.603831 1.114808
v 3.593354 -1.605523 1.100978
v 3.596101 -1.603831 1.114808
v 3.591626 -1.610733 1.088041
v 3.591882 -1.608617 1.131364
v 3.585071 -1.607851 1.118735
v 3.579845 -1.610445 1.105789
v 3.585071 -1.607851 1.118735
v 3.576560 -1.616223 1.093406
v 3.585692 -1.613044 1.135690
v 3.576318 -1.614111 1.124853
v 3.569125 -1.618112 1.113281
v 3.576318 -1.614111 1.124853
v 3.564603 -1.624775 1.101763
v 3.581718 -1.618622 1.141141
v 3.570698 -1.622000 1.132562
v 3.562242 -1.627774 1.122722
v 3.570698 -1.622000 1.132562
v 3.556927 -1.635550 1.112293
v 3.580348 -1.624806 1.147184
v 3.568762 -1.630744 1.141107
v 3.559871 -1.638483 1.133188
v 3.568762 -1.630744 1.141107
v 3.554281 -1.647495 1.123965
v 3.581718 -1.630990 1.153227
v 3.570698 -1.639489 1.149652
v 3.562242 -1.649193 1.143653
v 3.570698 -1.639489 1.149652
v 3.556927 -1.659440 1.135638
v 3.585692 -1.636568 1.158678
v 3.576318 -1.647377 1.157361
v 3.569125 -1.658854 1.153094
v 3.576318 -1.647377 1.157361
v 3.564603 -1.670216 1.146168
v 3.591882 -1.640995 1.163004
v 3.585071 -1.653638 1.163479
v 3.579845 -1.666521 1.160586
v 3.585071 -1.653638 1.163479
v 3.576560 -1.678767 1.154524
v 3.599682 -1.643838 1.165781
v 3.596101 -1.657657 1.167407
v 3.593354 -1.671444 1.165397
v 3.596101 -1.657657 1.167407
v 3.591626 -1.684258 1.159890
v 3.608328 -1.644817 1.166739
v 3.608328 -1.659042 1.168760
v 3.608328 -1.673140 1.167055
v 3.608328 -1.659042 1.168760
v 3.608328 -1.686150 1.161739
v 3.616974 -1.643838 1.165781
v 3.620554 -1.657657 1.167407
v 3.623302 -1.671444 1.165397
v 3.620554 -1.657657 1.167407
v 3.625029 -1.684258 1.159890
v 3.624773 -1.640995 1.163004
v 3.631584 -1.653638 1.163479
v 3.636810 -1.666521 1.160586
v 3.631584 -1.653638 1.163479
v 3.640095 -1.678767 1.154524
v 3.630963 -1.636568 1.158678
v 3.640337 -1.647377 1.157361
v 3.647530 -1.658854 1.153094
v 3.640337 -1.647377 1.157361
v 3.652052 -1.670216 1.146168
v 3.634937 -1.630990 1.153227
v 3.645957 -1.639489 1.149652
v 3.654413 -1.649193 1.143653
v 3.645957 -1.639489 1.149652
v 3.659729 -1.659440 1.135638
v 3.583063 -2.362305 0.133586
v 3.583063 -2.362305 0.159896
v 3.633593 -2.362305 0.159896
v 3.633593 -2.362305 0.133586
v 3.577789 -2.798512 0.159896
v 3.577789 -2.798512 0.133586
v 3.638866 -2.798512 0.133586
v 3.638866 -2.798512 0.159896
v 3.743644 -2.562648 0.159896
v 3.743644 -2.562648 0.133586
v 3.715812 -2.429151 0.133586
v 3.715812 -2.429151 0.159896
v 3.473012 -2.562648 0.133586
v 3.473012 -2.562648 0.159896
v 3.500843 -2.429151 0.159896
v 3.500843 -2.429151 0.133586
v 3.777911 -2.659468 0.159896
v 3.777911 -2.659468 0.133586
v 3.438744 -2.659468 0.133586
v 3.438744 -2.659468 0.159896
v 3.508266 -2.779884 0.159896
v 3.508266 -2.779884 0.133586
v 3.457373 -2.728990 0.159896
v 3.457373 -2.728990 0.133586
v 3.457373 -2.728990 0.159896
v 3.457373 -2.728990 0.133586
v 3.759283 -2.728990 0.159896
v 3.759283 -2.728990 0.133586
v 3.759283 -2.728990 0.159896
v 3.708389 -2.779884 0.159896
v 3.708389 -2.779884 0.133586
v 3.759283 -2.728990 0.133586
v 3.516745 -2.394757 0.159896
v 3.516745 -2.394757 0.133586
v 3.546147 -2.370852 0.159896
v 3.546147 -2.370852 0.133586
v 3.516745 -2.394757 0.133586
v 3.670508 -2.370852 0.159896
v 3.670508 -2.370852 0.133586
v 3.699910 -2.394757 0.159896
v 3.699910 -2.394757 0.133586
v 3.699910 -2.394757 0.133586
v -0.390555 -1.017270 0.039822
v -0.398503 -1.006115 0.028921
v -0.398503 0.031836 1.091083
v -0.390555 0.020680 1.101984
v -0.410881 -0.997262 0.020269
v -0.410881 0.040689 1.082431
v -0.426479 -0.991577 0.014715
v -0.426479 0.046373 1.076877
v -0.443769 -0.989619 0.012801
v -0.443769 0.048332 1.074963
v -0.461059 -0.991577 0.014715
v -0.461059 0.046373 1.076877
v -0.476657 -0.997262 0.020269
v -0.476657 0.040689 1.082431
v -0.489035 -1.006115 0.028921
v -0.489035 0.031836 1.091083
v -0.496983 -1.017270 0.039822
v -0.496983 0.020680 1.101984
v -0.499721 -1.029637 0.051906
v -0.499722 0.008314 1.114068
v -0.496983 -1.042003 0.063991
v -0.496983 -0.004052 1.126153
v -0.489035 -1.053159 0.074892
v -0.489035 -0.015208 1.137054
v -0.476657 -1.062012 0.083543
v -0.476657 -0.024061 1.145705
v -0.461059 -1.067696 0.089098
v -0.461059 -0.029745 1.151260
v -0.443769 -1.069654 0.091012
v -0.443769 -0.031704 1.153174
v -0.426479 -1.067696 0.089098
v -0.426479 -0.029745 1.151260
v -0.410881 -1.062012 0.083543
v -0.410881 -0.024061 1.145705
v -0.398503 -1.053159 0.074892
v -0.398503 -0.015208 1.137054
v -0.390555 -1.042003 0.063991
v -0.390555 -0.004052 1.126153
v -0.387817 -1.029637 0.051906
v -0.387817 0.008314 1.114068
v -0.390555 -1.017270 0.039822
v -0.390555 0.020680 1.101984
v -0.417159 0.046858 1.141141
v -0.415790 0.040674 1.147184
v -0.406139 0.043481 1.132562
v -0.404203 0.034736 1.141107
v -0.397684 0.037707 1.122722
v -0.406139 0.043481 1.132562
v -0.404203 0.034736 1.141107
v -0.395312 0.026997 1.133188
v -0.392368 0.029930 1.112293
v -0.389723 0.017985 1.123965
v -0.421134 0.052436 1.135690
v -0.411759 0.051369 1.124853
v -0.406139 0.043481 1.132562
v -0.397684 0.037707 1.122722
v -0.404567 0.047368 1.113281
v -0.411759 0.051369 1.124853
v -0.392368 0.029930 1.112293
v -0.400045 0.040706 1.101763
v -0.427323 0.056863 1.131364
v -0.420513 0.057630 1.118735
v -0.415287 0.055035 1.105789
v -0.420513 0.057630 1.118735
v -0.412002 0.049257 1.093406
v -0.435123 0.059706 1.128586
v -0.431542 0.061649 1.114808
v -0.428795 0.059958 1.100978
v -0.431542 0.061649 1.114808
v -0.427068 0.054747 1.088041
v -0.443769 0.060685 1.127629
v -0.443769 0.063034 1.113454
v -0.443769 0.061654 1.099321
v -0.443769 0.063034 1.113454
v -0.443769 0.056639 1.086192
v -0.452415 0.059706 1.128586
v -0.455996 0.061649 1.114808
v -0.458743 0.059958 1.100978
v -0.455996 0.061649 1.114808
v -0.460470 0.054747 1.088041
v -0.460215 0.056863 1.131364
v -0.467025 0.057630 1.118735
v -0.472251 0.055035 1.105789
v -0.467025 0.057630 1.118735
v -0.475537 0.049257 1.093406
v -0.466405 0.052436 1.135690
v -0.475779 0.051369 1.124853
v -0.482971 0.047368 1.113281
v -0.475779 0.051369 1.124853
v -0.487493 0.040706 1.101763
v -0.470379 0.046858 1.141141
v -0.481399 0.043481 1.132562
v -0.489854 0.037707 1.122722
v -0.481399 0.043481 1.132562
v -0.495170 0.029930 1.112293
v -0.471748 0.040674 1.147184
v -0.483335 0.034736 1.141107
v -0.492226 0.026997 1.133188
v -0.483335 0.034736 1.141107
v -0.497815 0.017985 1.123965
v -0.470379 0.034491 1.153227
v -0.481399 0.025991 1.149652
v -0.489854 0.016287 1.143653
v -0.481399 0.025991 1.149652
v -0.495170 0.006040 1.135638
v -0.466405 0.028912 1.158678
v -0.475779 0.018103 1.157361
v -0.482971 0.006626 1.153094
v -0.475779 0.018103 1.157361
v -0.487493 -0.004735 1.146168
v -0.460215 0.024485 1.163004
v -0.467025 0.011842 1.163479
v -0.472251 -0.001041 1.160586
v -0.467025 0.011842 1.163479
v -0.475537 -0.013287 1.154524
v -0.452415 0.021643 1.165781
v -0.455996 0.007823 1.167407
v -0.458743 -0.005964 1.165397
v -0.455996 0.007823 1.167407
v -0.460470 -0.018777 1.159890
v -0.443769 0.020663 1.166739
v -0.443769 0.006438 1.168760
v -0.443769 -0.007660 1.167055
v -0.443769 0.006438 1.168760
v -0.443769 -0.020669 1.161739
v -0.435123 0.021643 1.165781
v -0.431542 0.007823 1.167407
v -0.428795 -0.005964 1.165397
v -0.431542 0.007823 1.167407
v -0.427068 -0.018777 1.159890
v -0.427323 0.024485 1.163004
v -0.420513 0.011842 1.163479
v -0.415287 -0.001041 1.160586
v -0.420513 0.011842 1.163479
v -0.412002 -0.013287 1.154524
v -0.421134 0.028912 1.158678
v -0.411759 0.018103 1.157361
v -0.404567 0.006626 1.153094
v -0.411759 0.018103 1.157361
v -0.400045 -0.004735 1.146168
v -0.417159 0.034491 1.153227
v -0.406140 0.025991 1.149652
v -0.397684 0.016287 1.143653
v -0.406140 0.025991 1.149652
v -0.392368 0.006040 1.135638
v -0.469034 -0.696824 0.133586
v -0.469034 -0.696824 0.159896
v -0.418504 -0.696824 0.159896
v -0.418504 -0.696824 0.133586
v -0.474308 -1.133032 0.159896
v -0.474308 -1.133032 0.133586
v -0.413230 -1.133032 0.133586
v -0.413230 -1.133032 0.159896
v -0.308453 -0.897167 0.159896
v -0.308453 -0.897167 0.133586
v -0.336284 -0.763671 0.133586
v -0.336284 -0.763671 0.159896
v -0.579085 -0.897167 0.133586
v -0.579085 -0.897167 0.159896
v -0.551254 -0.763671 0.159896
v -0.551254 -0.763671 0.133586
v -0.274186 -0.993988 0.159896
v -0.274186 -0.993988 0.133586
v -0.613352 -0.993988 0.133586
v -0.613352 -0.993988 0.159896
v -0.543830 -1.114404 0.159896
v -0.543830 -1.114404 0.133586
v -0.594724 -1.063510 0.159896
v -0.594724 -1.063510 0.133586
v -0.594724 -1.063510 0.159896
v -0.594724 -1.063510 0.133586
v -0.292814 -1.063510 0.159896
v -0.292814 -1.063510 0.133586
v -0.292814 -1.063510 0.159896
v -0.343708 -1.114404 0.159896
v -0.343708 -1.114404 0.133586
v -0.292814 -1.063510 0.133586
v -0.535351 -0.729276 0.159896
v -0.535351 -0.729276 0.133586
v -0.505950 -0.705372 0.159896
v -0.505950 -0.705372 0.133586
v -0.535351 -0.729276 0.133586
v -0.381588 -0.705372 0.159896
v -0.381588 -0.705372 0.133586
v -0.352187 -0.729276 0.159896
v -0.352187 -0.729276 0.133586
v -0.352187 -0.729276 0.133586
v 0.622469 -1.017270 0.039822
v 0.614522 -1.006115 0.028921
v 0.614522 0.031836 1.091083
v 0.622469 0.020680 1.101984
v 0.602143 -0.997262 0.020269
v 0.602143 0.040689 1.082431
v 0.586545 -0.991577 0.014715
v 0.586545 0.046373 1.076877
v 0.569255 -0.989619 0.012801
v 0.569255 0.048332 1.074963
v 0.551965 -0.991577 0.014715
v 0.551965 0.046373 1.076877
v 0.536367 -0.997262 0.020269
v 0.536367 0.040689 1.082431
v 0.523989 -1.006115 0.028921
v 0.523989 0.031836 1.091083
v 0.516041 -1.017270 0.039822
v 0.516041 0.020680 1.101984
v 0.513303 -1.029637 0.051906
v 0.513303 0.008314 1.114068
v 0.516041 -1.042003 0.063991
v 0.516041 -0.004052 1.126153
v 0.523989 -1.053159 0.074892
v 0.523989 -0.015208 1.137054
v 0.536367 -1.062012 0.083543
v 0.536367 -0.024061 1.145705
v 0.551965 -1.067696 0.089098
v 0.551965 -0.029745 1.151260
v 0.569255 -1.069654 0.091012
v 0.569255 -0.031704 1.153174
v 0.586545 -1.067696 0.089098
v 0.586545 -0.029745 1.151260
v 0.602143 -1.062012 0.083543
v 0.602143 -0.024061 1.145705
v 0.614522 -1.053159 0.074892
v 0.614522 -0.015208 1.137054
v 0.622469 -1.042003 0.063991
v 0.622469 -0.004052 1.126153
v 0.625207 -1.029637 0.051906
v 0.625207 0.008314 1.114068
v 0.622469 -1.017270 0.039822
v 0.622469 0.020680 1.101984
v 0.595865 0.046858 1.141141
v 0.597234 0.040674 1.147184
v 0.606885 0.043481 1.132562
v 0.608821 0.034736 1.141107
v 0.615340 0.037707 1.122722
v 0.606885 0.043481 1.132562
v 0.608821 0.034736 1.141107
v 0.617712 0.026997 1.133188
v 0.620656 0.029930 1.112293
v 0.623301 0.017985 1.123965
v 0.591891 0.052436 1.135690
v 0.601265 0.051369 1.124853
v 0.606885 0.043481 1.132562
v 0.615340 0.037707 1.122722
v 0.608458 0.047368 1.113281
v 0.601265 0.051369 1.124853
v 0.620656 0.029930 1.112293
v 0.612979 0.040706 1.101763
v 0.585701 0.056863 1.131364
v 0.592511 0.057630 1.118735
v 0.597737 0.055035 1.105789
v 0.592511 0.057630 1.118735
v 0.601022 0.049257 1.093406
v 0.577901 0.059706 1.128586
v 0.581482 0.061649 1.114808
v 0.584229 0.059958 1.100978
v 0.581482 0.061649 1.114808
v 0.585956 0.054747 1.088041
v 0.569255 0.060685 1.127629
v 0.569255 0.063034 1.113454
v 0.569255 0.061654 1.099321
v 0.569255 0.063034 1.113454
v 0.569255 0.056639 1.086192
v 0.560609 0.059706 1.128586
v 0.557029 0.061649 1.114808
v 0.554281 0.059958 1.100978
v 0.557029 0.061649 1.114808
v 0.552554 0.054747 1.088041
v 0.552809 0.056863 1.131364
v 0.545999 0.057630 1.118735
v 0.540773 0.055035 1.105789
v 0.545999 0.057630 1.118735
v 0.537488 0.049257 1.093406
v 0.546619 0.052436 1.135690
v 0.537246 0.051369 1.124853
v 0.530053 0.047368 1.113281
v 0.537246 0.051369 1.124853
v 0.525531 0.040706 1.101763
v 0.542645 0.046858 1.141141
v 0.531626 0.043481 1.132562
v 0.523170 0.037707 1.122722
v 0.531626 0.043481 1.132562
v 0.517854 0.029930 1.112293
v 0.541276 0.040674 1.147184
v 0.529689 0.034736 1.141107
v 0.520798 0.026997 1.133188
v 0.529689 0.034736 1.141107
v 0.515209 0.017985 1.123965
v 0.542645 0.034491 1.153227
v 0.531626 0.025991 1.149652
v 0.523170 0.016287 1.143653
v 0.531626 0.025991 1.149652
v 0.517854 0.006040 1.135638
v 0.546619 0.028912 1.158678
v 0.537246 0.018103 1.157361
v 0.530053 0.006626 1.153094
v 0.537246 0.018103 1.157361
v 0.525531 -0.004735 1.146168
v 0.552809 0.024485 1.163004
v 0.545999 0.011842 1.163479
v 0.540773 -0.001041 1.160586
v 0.545999 0.011842 1.163479
v 0.537488 -0.013287 1.154524
v 0.560609 0.021643 1.165781
v 0.557029 0.007823 1.167407
v 0.554281 -0.005964 1.165397
v 0.557029 0.007823 1.167407
v 0.552554 -0.018777 1.159890
v 0.569255 0.020663 1.166739
v 0.569255 0.006438 1.168760
v 0.569255 -0.007660 1.167055
v 0.569255 0.006438 1.168760
v 0.569255 -0.020669 1.161739
v 0.577901 0.021643 1.165781
v 0.581482 0.007823 1.167407
v 0.584229 -0.005964 1.165397
v 0.581482 0.007823 1.167407
v 0.585956 -0.018777 1.159890
v 0.585701 0.024485 1.163004
v 0.592511 0.011842 1.163479
v 0.597737 -0.001041 1.160586
v 0.592511 0.011842 1.163479
v 0.601022 -0.013287 1.154524
v 0.591891 0.028912 1.158678
v 0.601265 0.018103 1.157361
v 0.608458 0.006626 1.153094
v 0.601265 0.018103 1.157361
v 0.612979 -0.004735 1.146168
v 0.595865 0.034491 1.153227
v 0.606884 0.025991 1.149652
v 0.615340 0.016287 1.143653
v 0.606884 0.025991 1.149652
v 0.620656 0.006040 1.135638
v 0.543990 -0.696824 0.133586
v 0.543990 -0.696824 0.159896
v 0.594520 -0.696824 0.159896
v 0.594520 -0.696824 0.133586
v 0.538716 -1.133032 0.159896
v 0.538716 -1.133032 0.133586
v 0.599794 -1.133032 0.133586
v 0.599794 -1.133032 0.159896
v 0.704571 -0.897167 0.159896
v 0.704571 -0.897167 0.133586
v 0.676740 -0.763671 0.133586
v 0.676740 -0.763671 0.159896
v 0.433939 -0.897167 0.133586
v 0.433939 -0.897167 0.159896
v 0.461771 -0.763671 0.159896
v 0.461771 -0.763671 0.133586
v 0.738838 -0.993988 0.159896
v 0.738838 -0.993988 0.133586
v 0.399672 -0.993988 0.133586
v 0.399672 -0.993988 0.159896
v 0.469194 -1.114404 0.159896
v 0.469194 -1.114404 0.133586
v 0.418300 -1.063510 0.159896
v 0.418300 -1.063510 0.133586
v 0.418300 -1.063510 0.159896
v 0.418300 -1.063510 0.133586
v 0.720210 -1.063510 0.159896
v 0.720210 -1.063510 0.133586
v 0.720210 -1.063510 0.159896
v 0.669316 -1.114404 0.159896
v 0.669316 -1.114404 0.133586
v 0.720210 -1.063510 0.133586
v 0.477673 -0.729276 0.159896
v 0.477673 -0.729276 0.133586
v 0.507074 -0.705372 0.159896
v 0.507074 -0.705372 0.133586
v 0.477673 -0.729276 0.133586
v 0.631436 -0.705372 0.159896
v 0.631436 -0.705372 0.133586
v 0.660837 -0.729276 0.159896
v 0.660837 -0.729276 0.133586
v 0.660837 -0.729276 0.133586
v -2.416603 -1.017270 0.039822
v -2.424551 -1.006115 0.028921
v -2.424551 0.031836 1.091083
v -2.416603 0.020680 1.101984
v -2.436929 -0.997262 0.020269
v -2.436929 0.040689 1.082431
v -2.452527 -0.991577 0.014715
v -2.452527 0.046373 1.076877
v -2.469817 -0.989619 0.012801
v -2.469817 0.048332 1.074963
v -2.487108 -0.991577 0.014715
v -2.487108 0.046373 1.076877
v -2.502705 -0.997262 0.020269
v -2.502705 0.040689 1.082431
v -2.515084 -1.006115 0.028921
v -2.515084 0.031836 1.091083
v -2.523031 -1.017270 0.039822
v -2.523031 0.020680 1.101984
v -2.525769 -1.029637 0.051906
v -2.525770 0.008314 1.114068
v -2.523031 -1.042003 0.063991
v -2.523031 -0.004052 1.126153
v -2.515084 -1.053159 0.074892
v -2.515084 -0.015208 1.137054
v -2.502705 -1.062012 0.083543
v -2.502705 -0.024061 1.145705
v -2.487108 -1.067696 0.089098
v -2.487108 -0.029745 1.151260
v -2.469817 -1.069654 0.091012
v -2.469817 -0.031704 1.153174
v -2.452527 -1.067696 0.089098
v -2.452527 -0.029745 1.151260
v -2.436929 -1.062012 0.083543
v -2.436929 -0.024061 1.145705
v -2.424551 -1.053159 0.074892
v -2.424551 -0.015208 1.137054
v -2.416603 -1.042003 0.063991
v -2.416603 -0.004052 1.126153
v -2.413865 -1.029637 0.051906
v -2.413865 0.008314 1.114068
v -2.416603 -1.017270 0.039822
v -2.416603 0.020680 1.101984
v -2.443208 0.046858 1.141141
v -2.441838 0.040674 1.147184
v -2.432188 0.043481 1.132562
v -2.430251 0.034736 1.141107
v -2.423732 0.037707 1.122722
v -2.432188 0.043481 1.132562
v -2.430251 0.034736 1.141107
v -2.421360 0.026997 1.133188
v -2.418416 0.029930 1.112293
v -2.415771 0.017985 1.123965
v -2.447182 0.052436 1.135690
v -2.437808 0.051369 1.124853
v -2.432188 0.043481 1.132562
v -2.423732 0.037707 1.122722
v -2.430615 0.047368 1.113281
v -2.437808 0.051369 1.124853
v -2.418416 0.029930 1.112293
v -2.426093 0.040706 1.101763
v -2.453372 0.056863 1.131364
v -2.446561 0.057630 1.118735
v -2.441335 0.055035 1.105789
v -2.446561 0.057630 1.118735
v -2.438050 0.049257 1.093406
v -2.461171 0.059706 1.128586
v -2.457591 0.061649 1.114808
v -2.454843 0.059958 1.100978
v -2.457591 0.061649 1.114808
v -2.453116 0.054747 1.088041
v -2.469817 0.060685 1.127629
v -2.469817 0.063034 1.113454
v -2.469817 0.061654 1.099321
v -2.469817 0.063034 1.113454
v -2.469817 0.056639 1.086192
v -2.478463 0.059706 1.128586
v -2.482044 0.061649 1.114808
v -2.484791 0.059958 1.100978
v -2.482044 0.061649 1.114808
v -2.486518 0.054747 1.088041
v -2.486263 0.056863 1.131364
v -2.493073 0.057630 1.118735
v -2.498300 0.055035 1.105789
v -2.493073 0.057630 1.118735
v -2.501585 0.049257 1.093406
v -2.492453 0.052436 1.135690
v -2.501827 0.051369 1.124853
v -2.509020 0.047368 1.113281
v -2.501827 0.051369 1.124853
v -2.513541 0.040706 1.101763
v -2.496427 0.046858 1.141141
v -2.507447 0.043481 1.132562
v -2.515903 0.037707 1.122722
v -2.507447 0.043481 1.132562
v -2.521218 0.029930 1.112293
v -2.497796 0.040674 1.147184
v -2.509383 0.034736 1.141107
v -2.518274 0.026997 1.133188
v -2.509383 0.034736 1.141107
v -2.523863 0.017985 1.123965
v -2.496427 0.034491 1.153227
v -2.507447 0.025991 1.149652
v -2.515903 0.016287 1.143653
v -2.507447 0.025991 1.149652
v -2.521218 0.006040 1.135638
v -2.492453 0.028912 1.158678
v -2.501827 0.018103 1.157361
v -2.509020 0.006626 1.153094
v -2.501827 0.018103 1.157361
v -2.513541 -0.004735 1.146168
v -2.486263 0.024485 1.163004
v -2.493073 0.011842 1.163479
v -2.498300 -0.001041 1.160586
v -2.493073 0.011842 1.163479
v -2.501585 -0.013287 1.154524
v -2.478463 0.021643 1.165781
v -2.482044 0.007823 1.167407
v -2.484791 -0.005964 1.165397
v -2.482044 0.007823 1.167407
v -2.486518 -0.018777 1.159890
v -2.469817 0.020663 1.166739
v -2.469817 0.006438 1.168760
v -2.469817 -0.007660 1.167055
v -2.469817 0.006438 1.168760
v -2.469817 -0.020669 1.161739
v -2.461171 0.021643 1.165781
v -2.457591 0.007823 1.167407
v -2.454843 -0.005964 1.165397
v -2.457591 0.007823 1.167407
v -2.453116 -0.018777 1.159890
v -2.453372 0.024485 1.163004
v -2.446561 0.011842 1.163479
v -2.441335 -0.001041 1.160586
v -2.446561 0.011842 1.163479
v -2.438050 -0.013287 1.154524
v -2.447182 0.028912 1.158678
v -2.437808 0.018103 1.157361
v -2.430615 0.006626 1.153094
v -2.437808 0.018103 1.157361
v -2.426093 -0.004735 1.146168
v -2.443208 0.034491 1.153227
v -2.432188 0.025991 1.149652
v -2.423732 0.016287 1.143653
v -2.432188 0.025991 1.149652
v -2.418416 0.006040 1.135638
v -2.495082 -0.696824 0.133586
v -2.495082 -0.696824 0.159896
v -2.444552 -0.696824 0.159896
v -2.444552 -0.696824 0.133586
v -2.500356 -1.133032 0.159896
v -2.500356 -1.133032 0.133586
v -2.439278 -1.133032 0.133586
v -2.439278 -1.133032 0.159896
v -2.334501 -0.897167 0.159896
v -2.334501 -0.897167 0.133586
v -2.362333 -0.763671 0.133586
v -2.362333 -0.763671 0.159896
v -2.605133 -0.897167 0.133586
v -2.605133 -0.897167 0.159896
v -2.577302 -0.763671 0.159896
v -2.577302 -0.763671 0.133586
v -2.300234 -0.993988 0.159896
v -2.300234 -0.993988 0.133586
v -2.639400 -0.993988 0.133586
v -2.639400 -0.993988 0.159896
v -2.569878 -1.114404 0.159896
v -2.569878 -1.114404 0.133586
v -2.620772 -1.063510 0.159896
v -2.620772 -1.063510 0.133586
v -2.620772 -1.063510 0.159896
v -2.620772 -1.063510 0.133586
v -2.318862 -1.063510 0.159896
v -2.318862 -1.063510 0.133586
v -2.318862 -1.063510 0.159896
v -2.369756 -1.114404 0.159896
v -2.369756 -1.114404 0.133586
v -2.318862 -1.063510 0.133586
v -2.561399 -0.729276 0.159896
v -2.561399 -0.729276 0.133586
v -2.531998 -0.705372 0.159896
v -2.531998 -0.705372 0.133586
v -2.561399 -0.729276 0.133586
v -2.407636 -0.705372 0.159896
v -2.407636 -0.705372 0.133586
v -2.378235 -0.729276 0.159896
v -2.378235 -0.729276 0.133586
v -2.378235 -0.729276 0.133586
v -1.403579 -1.017270 0.039822
v -1.411526 -1.006115 0.028921
v -1.411526 0.031836 1.091083
v -1.403579 0.020680 1.101984
v -1.423905 -0.997262 0.020269
v -1.423905 0.040689 1.082431
v -1.439502 -0.991577 0.014715
v -1.439503 0.046373 1.076877
v -1.456793 -0.989619 0.012801
v -1.456793 0.048332 1.074963
v -1.474083 -0.991577 0.014715
v -1.474083 0.046373 1.076877
v -1.489681 -0.997262 0.020269
v -1.489681 0.040689 1.082431
v -1.502059 -1.006115 0.028921
v -1.502059 0.031836 1.091083
v -1.510007 -1.017270 0.039822
v -1.510007 0.020680 1.101984
v -1.512745 -1.029637 0.051906
v -1.512745 0.008314 1.114068
v -1.510007 -1.042003 0.063991
v -1.510007 -0.004052 1.126153
v -1.502059 -1.053159 0.074892
v -1.502059 -0.015208 1.137054
v -1.489681 -1.062012 0.083543
v -1.489681 -0.024061 1.145705
v -1.474083 -1.067696 0.089098
v -1.474083 -0.029745 1.151260
v -1.456793 -1.069654 0.091012
v -1.456793 -0.031704 1.153174
v -1.439502 -1.067696 0.089098
v -1.439503 -0.029745 1.151260
v -1.423905 -1.062012 0.083543
v -1.423905 -0.024061 1.145705
v -1.411526 -1.053159 0.074892
v -1.411526 -0.015208 1.137054
v -1.403579 -1.042003 0.063991
v -1.403579 -0.004052 1.126153
v -1.400841 -1.029637 0.051906
v -1.400841 0.008314 1.114068
v -1.403579 -1.017270 0.039822
v -1.403579 0.020680 1.101984
v -1.430183 0.046858 1.141141
v -1.428814 0.040674 1.147184
v -1.419163 0.043481 1.132562
v -1.417227 0.034736 1.141107
v -1.410707 0.037707 1.122722
v -1.419163 0.043481 1.132562
v -1.417227 0.034736 1.141107
v -1.408336 0.026997 1.133188
v -1.405392 0.029930 1.112293
v -1.402747 0.017985 1.123965
v -1.434157 0.052436 1.135690
v -1.424783 0.051369 1.124853
v -1.419163 0.043481 1.132562
v -1.410707 0.037707 1.122722
v -1.417590 0.047368 1.113281
v -1.424783 0.051369 1.124853
v -1.405392 0.029930 1.112293
v -1.413069 0.040706 1.101763
v -1.440347 0.056863 1.131364
v -1.433537 0.057630 1.118735
v -1.428311 0.055035 1.105789
v -1.433537 0.057630 1.118735
v -1.425025 0.049257 1.093406
v -1.448147 0.059706 1.128586
v -1.444566 0.061649 1.114808
v -1.441819 0.059958 1.100978
v -1.444566 0.061649 1.114808
v -1.440092 0.054747 1.088041
v -1.456793 0.060685 1.127629
v -1.456793 0.063034 1.113454
v -1.456793 0.061654 1.099321
v -1.456793 0.063034 1.113454
v -1.456793 0.056639 1.086192
v -1.465439 0.059706 1.128586
v -1.469019 0.061649 1.114808
v -1.471767 0.059958 1.100978
v -1.469019 0.061649 1.114808
v -1.473494 0.054747 1.088041
v -1.473238 0.056863 1.131364
v -1.480049 0.057630 1.118735
v -1.485275 0.055035 1.105789
v -1.480049 0.057630 1.118735
v -1.488560 0.049257 1.093406
v -1.479429 0.052436 1.135690
v -1.488802 0.051369 1.124853
v -1.495995 0.047368 1.113281
v -1.488802 0.051369 1.124853
v -1.500517 0.040706 1.101763
v -1.483402 0.046858 1.141141
v -1.494422 0.043481 1.132562
v -1.502878 0.037707 1.122722
v -1.494422 0.043481 1.132562
v -1.508194 0.029930 1.112293
v -1.484772 0.040674 1.147184
v -1.496359 0.034736 1.141107
v -1.505250 0.026997 1.133188
v -1.496359 0.034736 1.141107
v -1.510839 0.017985 1.123965
v -1.483402 0.034491 1.153227
v -1.494422 0.025991 1.149652
v -1.502878 0.016287 1.143653
v -1.494422 0.025991 1.149652
v -1.508194 0.006040 1.135638
v -1.479429 0.028912 1.158678
v -1.488802 0.018103 1.157361
v -1.495995 0.006626 1.153094
v -1.488802 0.018103 1.157361
v -1.500517 -0.004735 1.146168
v -1.473238 0.024485 1.163004
v -1.480049 0.011842 1.163479
v -1.485275 -0.001041 1.160586
v -1.480049 0.011842 1.163479
v -1.488560 -0.013287 1.154524
v -1.465439 0.021643 1.165781
v -1.469019 0.007823 1.167407
v -1.471767 -0.005964 1.165397
v -1.469019 0.007823 1.167407
v -1.473494 -0.018777 1.159890
v -1.456793 0.020663 1.166739
v -1.456793 0.006438 1.168760
v -1.456793 -0.007660 1.167055
v -1.456793 0.006438 1.168760
v -1.456793 -0.020669 1.161739
v -1.448147 0.021643 1.165781
v -1.444566 0.007823 1.167407
v -1.441819 -0.005964 1.165397
v -1.444566 0.007823 1.167407
v -1.440092 -0.018777 1.159890
v -1.440347 0.024485 1.163004
v -1.433537 0.011842 1.163479
v -1.428311 -0.001041 1.160586
v -1.433537 0.011842 1.163479
v -1.425025 -0.013287 1.154524
v -1.434157 0.028912 1.158678
v -1.424783 0.018103 1.157361
v -1.417590 0.006626 1.153094
v -1.424783 0.018103 1.157361
v -1.413069 -0.004735 1.146168
v -1.430183 0.034491 1.153227
v -1.419163 0.025991 1.149652
v -1.410707 0.016287 1.143653
v -1.419163 0.025991 1.149652
v -1.405392 0.006040 1.135638
v -1.482058 -0.696824 0.133586
v -1.482058 -0.696824 0.159896
v -1.431528 -0.696824 0.159896
v -1.431528 -0.696824 0.133586
v -1.487332 -1.133032 0.159896
v -1.487332 -1.133032 0.133586
v -1.426254 -1.133032 0.133586
v -1.426254 -1.133032 0.159896
v -1.321477 -0.897167 0.159896
v -1.321477 -0.897167 0.133586
v -1.349308 -0.763671 0.133586
v -1.349308 -0.763671 0.159896
v -1.592109 -0.897167 0.133586
v -1.592109 -0.897167 0.159896
v -1.564277 -0.763671 0.159896
v -1.564277 -0.763671 0.133586
v -1.287210 -0.993988 0.159896
v -1.287210 -0.993988 0.133586
v -1.626376 -0.993988 0.133586
v -1.626376 -0.993988 0.159896
v -1.556854 -1.114404 0.159896
v -1.556854 -1.114404 0.133586
v -1.607748 -1.063510 0.159896
v -1.607748 -1.063510 0.133586
v -1.607748 -1.063510 0.159896
v -1.607748 -1.063510 0.133586
v -1.305838 -1.063510 0.159896
v -1.305838 -1.063510 0.133586
v -1.305838 -1.063510 0.159896
v -1.356732 -1.114404 0.159896
v -1.356732 -1.114404 0.133586
v -1.305838 -1.063510 0.133586
v -1.548375 -0.729276 0.159896
v -1.548375 -0.729276 0.133586
v -1.518974 -0.705372 0.159896
v -1.518974 -0.705372 0.133586
v -1.548375 -0.729276 0.133586
v -1.394612 -0.705372 0.159896
v -1.394612 -0.705372 0.133586
v -1.365211 -0.729276 0.159896
v -1.365211 -0.729276 0.133586
v -1.365211 -0.729276 0.133586
v 2.648517 -1.017270 0.039822
v 2.640570 -1.006115 0.028921
v 2.640570 0.031836 1.091083
v 2.648517 0.020680 1.101984
v 2.628191 -0.997262 0.020269
v 2.628191 0.040689 1.082431
v 2.612594 -0.991577 0.014715
v 2.612594 0.046373 1.076877
v 2.595304 -0.989619 0.012801
v 2.595304 0.048332 1.074963
v 2.578013 -0.991577 0.014715
v 2.578013 0.046373 1.076877
v 2.562416 -0.997262 0.020269
v 2.562416 0.040689 1.082431
v 2.550037 -1.006115 0.028921
v 2.550037 0.031836 1.091083
v 2.542089 -1.017270 0.039822
v 2.542089 0.020680 1.101984
v 2.539351 -1.029637 0.051906
v 2.539351 0.008314 1.114068
v 2.542089 -1.042003 0.063991
v 2.542089 -0.004052 1.126153
v 2.550037 -1.053159 0.074892
v 2.550037 -0.015208 1.137054
v 2.562416 -1.062012 0.083543
v 2.562416 -0.024061 1.145705
v 2.578013 -1.067696 0.089098
v 2.578013 -0.029745 1.151260
v 2.595304 -1.069654 0.091012
v 2.595304 -0.031704 1.153174
v 2.612594 -1.067696 0.089098
v 2.612594 -0.029745 1.151260
v 2.628191 -1.062012 0.083543
v 2.628191 -0.024061 1.145705
v 2.640570 -1.053159 0.074892
v 2.640570 -0.015208 1.137054
v 2.648517 -1.042003 0.063991
v 2.648517 -0.004052 1.126153
v 2.651256 -1.029637 0.051906
v 2.651256 0.008314 1.114068
v 2.648517 -1.017270 0.039822
v 2.648517 0.020680 1.101984
v 2.621913 0.046858 1.141141
v 2.623282 0.040674 1.147184
v 2.632933 0.043481 1.132562
v 2.634870 0.034736 1.141107
v 2.641389 0.037707 1.122722
v 2.632933 0.043481 1.132562
v 2.634870 0.034736 1.141107
v 2.643760 0.026997 1.133188
v 2.646704 0.029930 1.112293
v 2.649349 0.017985 1.123965
v 2.617939 0.052436 1.135690
v 2.627313 0.051369 1.124853
v 2.632933 0.043481 1.132562
v 2.641389 0.037707 1.122722
v 2.634506 0.047368 1.113281
v 2.627313 0.051369 1.124853
v 2.646704 0.029930 1.112293
v 2.639028 0.040706 1.101763
v 2.611749 0.056863 1.131364
v 2.618560 0.057630 1.118735
v 2.623785 0.055035 1.105789
v 2.618560 0.057630 1.118735
v 2.627071 0.049257 1.093406
v 2.603950 0.059706 1.128586
v 2.607530 0.061649 1.114808
v 2.610277 0.059958 1.100978
v 2.607530 0.061649 1.114808
v 2.612005 0.054747 1.088041
v 2.595304 0.060685 1.127629
v 2.595304 0.063034 1.113454
v 2.595304 0.061654 1.099321
v 2.595304 0.063034 1.113454
v 2.595304 0.056639 1.086192
v 2.586658 0.059706 1.128586
v 2.583077 0.061649 1.114808
v 2.580329 0.059958 1.100978
v 2.583077 0.061649 1.114808
v 2.578602 0.054747 1.088041
v 2.578858 0.056863 1.131364
v 2.572047 0.057630 1.118735
v 2.566821 0.055035 1.105789
v 2.572047 0.057630 1.118735
v 2.563536 0.049257 1.093406
v 2.572668 0.052436 1.135690
v 2.563294 0.051369 1.124853
v 2.556101 0.047368 1.113281
v 2.563294 0.051369 1.124853
v 2.551579 0.040706 1.101763
v 2.568694 0.046858 1.141141
v 2.557674 0.043481 1.132562
v 2.549218 0.037707 1.122722
v 2.557674 0.043481 1.132562
v 2.543902 0.029930 1.112293
v 2.567324 0.040674 1.147184
v 2.555737 0.034736 1.141107
v 2.546846 0.026997 1.133188
v 2.555737 0.034736 1.141107
v 2.541257 0.017985 1.123965
v 2.568694 0.034491 1.153227
v 2.557674 0.025991 1.149652
v 2.549218 0.016287 1.143653
v 2.557674 0.025991 1.149652
v 2.543902 0.006040 1.135638
v 2.572668 0.028912 1.158678
v 2.563294 0.018103 1.157361
v 2.556101 0.006626 1.153094
v 2.563294 0.018103 1.157361
v 2.551579 -0.004735 1.146168
v 2.578858 0.024485 1.163004
v 2.572047 0.011842 1.163479
v 2.566821 -0.001041 1.160586
v 2.572047 0.011842 1.163479
v 2.563536 -0.013287 1.154524
v 2.586658 0.021643 1.165781
v 2.583077 0.007823 1.167407
v 2.580329 -0.005964 1.165397
v 2.583077 0.007823 1.167407
v 2.578602 -0.018777 1.159890
v 2.595304 0.020663 1.166739
v 2.595304 0.006438 1.168760
v 2.595304 -0.007660 1.167055
v 2.595304 0.006438 1.168760
v 2.595304 -0.020669 1.161739
v 2.603950 0.021643 1.165781
v 2.607530 0.007823 1.167407
v 2.610277 -0.005964 1.165397
v 2.607530 0.007823 1.167407
v 2.612005 -0.018777 1.159890
v 2.611749 0.024485 1.163004
v 2.618560 0.011842 1.163479
v 2.623785 -0.001041 1.160586
v 2.618560 0.011842 1.163479
v 2.627071 -0.013287 1.154524
v 2.617939 0.028912 1.158678
v 2.627313 0.018103 1.157361
v 2.634506 0.006626 1.153094
v 2.627313 0.018103 1.157361
v 2.639028 -0.004735 1.146168
v 2.621913 0.034491 1.153227
v 2.632933 0.025991 1.149652
v 2.641389 0.016287 1.143653
v 2.632933 0.025991 1.149652
v 2.646704 0.006040 1.135638
v 2.570038 -0.696824 0.133586
v 2.570038 -0.696824 0.159896
v 2.620568 -0.696824 0.159896
v 2.620568 -0.696824 0.133586
v 2.564764 -1.133032 0.159896
v 2.564764 -1.133032 0.133586
v 2.625842 -1.133032 0.133586
v 2.625842 -1.133032 0.159896
v 2.730619 -0.897167 0.159896
v 2.730619 -0.897167 0.133586
v 2.702788 -0.763671 0.133586
v 2.702788 -0.763671 0.159896
v 2.459988 -0.897167 0.133586
v 2.459988 -0.897167 0.159896
v 2.487819 -0.763671 0.159896
v 2.487819 -0.763671 0.133586
v 2.764887 -0.993988 0.159896
v 2.764887 -0.993988 0.133586
v 2.425720 -0.993988 0.133586
v 2.425720 -0.993988 0.159896
v 2.495242 -1.114404 0.159896
v 2.495242 -1.114404 0.133586
v 2.444348 -1.063510 0.159896
v 2.444348 -1.063510 0.133586
v 2.444348 -1.063510 0.159896
v 2.444348 -1.063510 0.133586
v 2.746258 -1.063510 0.159896
v 2.746258 -1.063510 0.133586
v 2.746258 -1.063510 0.159896
v 2.695364 -1.114404 0.159896
v 2.695364 -1.114404 0.133586
v 2.746258 -1.063510 0.133586
v 2.503721 -0.729276 0.159896
v 2.503721 -0.729276 0.133586
v 2.533123 -0.705372 0.159896
v 2.533123 -0.705372 0.133586
v 2.503721 -0.729276 0.133586
v 2.657484 -0.705372 0.159896
v 2.657484 -0.705372 0.133586
v 2.686886 -0.729276 0.159896
v 2.686886 -0.729276 0.133586
v 2.686886 -0.729276 0.133586
v 3.403993 1.043194 0.039822
v 3.396045 1.054350 0.028921
v 3.396045 2.658859 1.670857
v 3.403993 2.647703 1.681759
v 3.383667 1.063203 0.020269
v 3.383667 2.667712 1.662206
v 3.368069 1.068887 0.014715
v 3.368069 2.673396 1.656651
v 3.350779 1.070845 0.012801
v 3.350779 2.675354 1.654737
v 3.333489 1.068887 0.014715
v 3.333489 2.673396 1.656651
v 3.317891 1.063203 0.020269
v 3.317891 2.667712 1.662206
v 3.305513 1.054350 0.028921
v 3.305513 2.658859 1.670857
v 3.297565 1.043194 0.039822
v 3.297565 2.647703 1.681759
v 3.294827 1.030828 0.051906
v 3.294827 2.635337 1.693843
v 3.297565 1.018461 0.063991
v 3.297565 2.622971 1.705927
v 3.305513 1.007306 0.074892
v 3.305513 2.611815 1.716829
v 3.317891 0.998453 0.083543
v 3.317891 2.602962 1.725480
v 3.333489 0.992769 0.089098
v 3.333489 2.597278 1.731035
v 3.350779 0.990810 0.091012
v 3.350779 2.595319 1.732949
v 3.368069 0.992769 0.089098
v 3.368069 2.597278 1.731035
v 3.383667 0.998453 0.083543
v 3.383667 2.602962 1.725480
v 3.396045 1.007306 0.074892
v 3.396045 2.611815 1.716829
v 3.403993 1.018461 0.063991
v 3.403993 2.622971 1.705927
v 3.406731 1.030828 0.051906
v 3.406731 2.635337 1.693843
v 3.403993 1.043194 0.039822
v 3.403993 2.647703 1.681759
v 3.377389 2.691545 1.738991
v 3.378758 2.685361 1.745034
v 3.388409 2.684926 1.727095
v 3.390345 2.676182 1.735641
v 3.396864 2.674928 1.712933
v 3.388409 2.684926 1.727095
v 3.390345 2.676182 1.735641
v 3.399236 2.664218 1.723398
v 3.402180 2.662232 1.697469
v 3.404825 2.650287 1.709142
v 3.373415 2.697123 1.733540
v 3.382789 2.692815 1.719387
v 3.388409 2.684926 1.727095
v 3.396864 2.674928 1.712933
v 3.389982 2.684589 1.703492
v 3.382789 2.692815 1.719387
v 3.402180 2.662232 1.697469
v 3.394503 2.673007 1.686939
v 3.367225 2.701550 1.729214
v 3.374035 2.699075 1.713269
v 3.379261 2.692256 1.695999
v 3.374035 2.699075 1.713269
v 3.382547 2.681559 1.678583
v 3.359425 2.704393 1.726437
v 3.363006 2.703094 1.709341
v 3.365753 2.697179 1.691189
v 3.363006 2.703094 1.709341
v 3.367480 2.687049 1.673218
v 3.350779 2.705372 1.725479
v 3.350779 2.704480 1.707988
v 3.350779 2.698875 1.689531
v 3.350779 2.704480 1.707988
v 3.350779 2.688941 1.671369
v 3.342133 2.704393 1.726437
v 3.338552 2.703094 1.709341
v 3.335805 2.697179 1.691189
v 3.338552 2.703094 1.709341
v 3.334078 2.687049 1.673218
v 3.334333 2.701550 1.729214
v 3.327523 2.699075 1.713269
v 3.322297 2.692256 1.695999
v 3.327523 2.699075 1.713269
v 3.319012 2.681559 1.678583
v 3.328144 2.697123 1.733540
v 3.318769 2.692815 1.719387
v 3.311577 2.684589 1.703492
v 3.318769 2.692815 1.719387
v 3.307055 2.673007 1.686939
v 3.324169 2.691545 1.738991
v 3.313149 2.684926 1.727095
v 3.304694 2.674928 1.712933
v 3.313149 2.684926 1.727095
v 3.299378 2.662232 1.697469
v 3.322800 2.685361 1.745034
v 3.311213 2.676182 1.735641
v 3.302322 2.664218 1.723398
v 3.311213 2.676182 1.735641
v 3.296733 2.650287 1.709142
v 3.324169 2.679177 1.751077
v 3.313149 2.667437 1.744186
v 3.304694 2.653509 1.733864
v 3.313149 2.667437 1.744186
v 3.299378 2.638342 1.720815
v 3.328144 2.673599 1.756528
v 3.318769 2.659548 1.751895
v 3.311577 2.643847 1.743305
v 3.318769 2.659548 1.751895
v 3.307055 2.627567 1.731345
v 3.334333 2.669172 1.760854
v 3.327523 2.653288 1.758012
v 3.322297 2.636180 1.750797
v 3.327523 2.653288 1.758012
v 3.319012 2.619015 1.739701
v 3.342133 2.666330 1.763632
v 3.338552 2.649268 1.761940
v 3.335805 2.631258 1.755608
v 3.338552 2.649268 1.761940
v 3.334078 2.613524 1.745067
v 3.350779 2.665350 1.764589
v 3.350779 2.647883 1.763294
v 3.350779 2.629561 1.757265
v 3.350779 2.647883 1.763294
v 3.350779 2.611633 1.746915
v 3.359425 2.666330 1.763632
v 3.363006 2.649268 1.761940
v 3.365753 2.631258 1.755608
v 3.363006 2.649268 1.761940
v 3.367480 2.613524 1.745067
v 3.367225 2.669172 1.760854
v 3.374035 2.653288 1.758012
v 3.379261 2.636180 1.750797
v 3.374035 2.653288 1.758012
v 3.382546 2.619015 1.739701
v 3.373415 2.673599 1.756528
v 3.382789 2.659548 1.751895
v 3.389982 2.643847 1.743305
v 3.382789 2.659548 1.751895
v 3.394503 2.627567 1.731345
v 3.377389 2.679177 1.751077
v 3.388409 2.667437 1.744186
v 3.396864 2.653509 1.733864
v 3.388409 2.667437 1.744186
v 3.402180 2.638342 1.720815
v 3.325514 1.363640 0.133586
v 3.325514 1.363640 0.159896
v 3.376044 1.363640 0.159896
v 3.376044 1.363640 0.133586
v 3.320240 0.927432 0.159896
v 3.320240 0.927432 0.133586
v 3.381318 0.927432 0.133586
v 3.381318 0.927432 0.159896
v 3.486095 1.163297 0.159896
v 3.486095 1.163297 0.133586
v 3.458264 1.296794 0.133586
v 3.458264 1.296794 0.159896
v 3.215463 1.163297 0.133586
v 3.215463 1.163297 0.159896
v 3.243294 1.296794 0.159896
v 3.243294 1.296794 0.133586
v 3.520362 1.066477 0.159896
v 3.520362 1.066477 0.133586
v 3.181196 1.066477 0.133586
v 3.181196 1.066477 0.159896
v 3.250718 0.946061 0.159896
v 3.250718 0.946061 0.133586
v 3.199824 0.996955 0.159896
v 3.199824 0.996955 0.133586
v 3.199824 0.996955 0.159896
v 3.199824 0.996955 0.133586
v 3.501734 0.996955 0.159896
v 3.501734 0.996955 0.133586
v 3.501734 0.996955 0.159896
v 3.450840 0.946061 0.159896
v 3.450840 0.946061 0.133586
v 3.501734 0.996955 0.133586
v 3.259197 1.331188 0.159896
v 3.259197 1.331188 0.133586
v 3.288598 1.355092 0.159896
v 3.288598 1.355092 0.133586
v 3.259197 1.331188 0.133586
v 3.412960 1.355092 0.159896
v 3.412960 1.355092 0.133586
v 3.442361 1.331188 0.159896
v 3.442361 1.331188 0.133586
v 3.442361 1.331188 0.133586
v -2.597591 2.869638 0.039822
v -2.605538 2.880794 0.028921
v -2.605538 4.485303 1.670857
v -2.597591 4.474147 1.681759
v -2.617917 2.889647 0.020269
v -2.617917 4.494156 1.662206
v -2.633514 2.895331 0.014715
v -2.633514 4.499840 1.656651
v -2.650805 2.897290 0.012801
v -2.650805 4.501799 1.654737
v -2.668095 2.895331 0.014715
v -2.668095 4.499840 1.656651
v -2.683693 2.889647 0.020269
v -2.683693 4.494156 1.662206
v -2.696071 2.880794 0.028921
v -2.696071 4.485303 1.670857
v -2.704019 2.869638 0.039822
v -2.704019 4.474147 1.681759
v -2.706757 2.857272 0.051906
v -2.706757 4.461781 1.693843
v -2.704019 2.844906 0.063991
v -2.704019 4.449415 1.705927
v -2.696071 2.833750 0.074892
v -2.696071 4.438259 1.716829
v -2.683693 2.824897 0.083543
v -2.683693 4.429406 1.725480
v -2.668095 2.819213 0.089098
v -2.668095 4.423722 1.731035
v -2.650805 2.817254 0.091012
v -2.650805 4.421763 1.732949
v -2.633514 2.819213 0.089098
v -2.633514 4.423722 1.731035
v -2.617917 2.824897 0.083543
v -2.617917 4.429406 1.725480
v -2.605538 2.833750 0.074892
v -2.605538 4.438259 1.716829
v -2.597591 2.844906 0.063991
v -2.597591 4.449415 1.705927
v -2.594852 2.857272 0.051906
v -2.594852 4.461781 1.693843
v -2.597591 2.869638 0.039822
v -2.597591 4.474147 1.681759
v -2.624195 4.517989 1.738991
v -2.622826 4.511806 1.745034
v -2.613175 4.511370 1.727095
v -2.611239 4.502625 1.735641
v -2.604719 4.501372 1.712933
v -2.613175 4.511370 1.727095
v -2.611239 4.502625 1.735641
v -2.602348 4.490663 1.723398
v -2.599404 4.488676 1.697469
v -2.596759 4.476731 1.709142
v -2.628169 4.523567 1.733540
v -2.618795 4.519259 1.719387
v -2.613175 4.511370 1.727095
v -2.604719 4.501372 1.712933
v -2.611602 4.511033 1.703492
v -2.618795 4.519259 1.719387
v -2.599404 4.488676 1.697469
v -2.607080 4.499452 1.686939
v -2.634359 4.527994 1.729214
v -2.627548 4.525519 1.713269
v -2.622323 4.518701 1.695999
v -2.627548 4.525519 1.713269
v -2.619037 4.508003 1.678583
v -2.642159 4.530837 1.726437
v -2.638578 4.529539 1.709341
v -2.635831 4.523623 1.691189
v -2.638578 4.529539 1.709341
v -2.634104 4.513494 1.673218
v -2.650805 4.531816 1.725479
v -2.650805 4.530924 1.707988
v -2.650805 4.525320 1.689531
v -2.650805 4.530924 1.707988
v -2.650805 4.515386 1.671369
v -2.659451 4.530837 1.726437
v -2.663031 4.529539 1.709341
v -2.665779 4.523623 1.691189
v -2.663031 4.529539 1.709341
v -2.667506 4.513494 1.673218
v -2.667250 4.527994 1.729214
v -2.674061 4.525519 1.713269
v -2.679287 4.518701 1.695999
v -2.674061 4.525519 1.713269
v -2.682572 4.508003 1.678583
v -2.673440 4.523567 1.733540
v -2.682814 4.519259 1.719387
v -2.690007 4.511033 1.703492
v -2.682814 4.519259 1.719387
v -2.694529 4.499452 1.686939
v -2.677414 4.517989 1.738991
v -2.688434 4.511370 1.727095
v -2.696890 4.501372 1.712933
v -2.688434 4.511370 1.727095
v -2.702206 4.488676 1.697469
v -2.678784 4.511806 1.745034
v -2.690371 4.502625 1.735641
v -2.699262 4.490663 1.723398
v -2.690371 4.502625 1.735641
v -2.704851 4.476731 1.709142
v -2.677414 4.505621 1.751077
v -2.688434 4.493881 1.744186
v -2.696890 4.479953 1.733864
v -2.688434 4.493881 1.744186
v -2.702206 4.464787 1.720815
v -2.673440 4.500043 1.756528
v -2.682814 4.485992 1.751895
v -2.690007 4.470292 1.743305
v -2.682814 4.485992 1.751895
v -2.694529 4.454011 1.731345
v -2.667250 4.495616 1.760854
v -2.674061 4.479732 1.758012
v -2.679287 4.462625 1.750797
v -2.674061 4.479732 1.758012
v -2.682572 4.445459 1.739701
v -2.659451 4.492774 1.763632
v -2.663031 4.475713 1.761940
v -2.665779 4.457702 1.755608
v -2.663031 4.475713 1.761940
v -2.667506 4.439969 1.745067
v -2.650805 4.491795 1.764589
v -2.650805 4.474328 1.763294
v -2.650805 4.456006 1.757265
v -2.650805 4.474328 1.763294
v -2.650805 4.438077 1.746915
v -2.642159 4.492774 1.763632
v -2.638578 4.475713 1.761940
v -2.635831 4.457702 1.755608
v -2.638578 4.475713 1.761940
v -2.634104 4.439969 1.745067
v -2.634359 4.495616 1.760854
v -2.627548 4.479732 1.758012
v -2.622323 4.462625 1.750797
v -2.627548 4.479732 1.758012
v -2.619037 4.445459 1.739701
v -2.628169 4.500043 1.756528
v -2.618795 4.485992 1.751895
v -2.611602 4.470292 1.743305
v -2.618795 4.485992 1.751895
v -2.607080 4.454011 1.731345
v -2.624195 4.505621 1.751077
v -2.613175 4.493881 1.744186
v -2.604719 4.479953 1.733864
v -2.613175 4.493881 1.744186
v -2.599404 4.464787 1.720815
v -2.676070 3.190084 0.133586
v -2.676070 3.190084 0.159896
v -2.625540 3.190084 0.159896
v -2.625540 3.190084 0.133586
v -2.681344 2.753876 0.159896
v -2.681344 2.753876 0.133586
v -2.620266 2.753876 0.133586
v -2.620266 2.753876 0.159896
v -2.515489 2.989741 0.159896
v -2.515489 2.989741 0.133586
v -2.543320 3.123238 0.133586
v -2.543320 3.123238 0.159896
v -2.786121 2.989741 0.133586
v -2.786121 2.989741 0.159896
v -2.758289 3.123238 0.159896
v -2.758289 3.123238 0.133586
v -2.481221 2.892921 0.159896
v -2.481221 2.892921 0.133586
v -2.820388 2.892921 0.133586
v -2.820388 2.892921 0.159896
v -2.750866 2.772505 0.159896
v -2.750866 2.772505 0.133586
v -2.801760 2.823399 0.159896
v -2.801760 2.823399 0.133586
v -2.801760 2.823399 0.159896
v -2.801760 2.823399 0.133586
v -2.499850 2.823399 0.159896
v -2.499850 2.823399 0.133586
v -2.499850 2.823399 0.159896
v -2.550744 2.772505 0.159896
v -2.550744 2.772505 0.133586
v -2.499850 2.823399 0.133586
v -2.742387 3.157632 0.159896
v -2.742387 3.157632 0.133586
v -2.712986 3.181536 0.159896
v -2.712986 3.181536 0.133586
v -2.742387 3.157632 0.133586
v -2.588624 3.181536 0.159896
v -2.588624 3.181536 0.133586
v -2.559223 3.157632 0.159896
v -2.559223 3.157632 0.133586
v -2.559223 3.157632 0.133586
v 0.087337 2.869638 0.039822
v 0.079390 2.880794 0.028921
v 0.079390 4.485303 1.670857
v 0.087337 4.474147 1.681759
v 0.067011 2.889647 0.020269
v 0.067011 4.494156 1.662206
v 0.051413 2.895331 0.014715
v 0.051413 4.499840 1.656651
v 0.034123 2.897290 0.012801
v 0.034123 4.501799 1.654737
v 0.016833 2.895331 0.014715
v 0.016833 4.499840 1.656651
v 0.001235 2.889647 0.020269
v 0.001235 4.494156 1.662206
v -0.011143 2.880794 0.028921
v -0.011143 4.485303 1.670857
v -0.019091 2.869638 0.039822
v -0.019091 4.474147 1.681759
v -0.021829 2.857272 0.051906
v -0.021829 4.461781 1.693843
v -0.019091 2.844906 0.063991
v -0.019091 4.449415 1.705927
v -0.011143 2.833750 0.074892
v -0.011143 4.438259 1.716829
v 0.001235 2.824897 0.083543
v 0.001235 4.429406 1.725480
v 0.016833 2.819213 0.089098
v 0.016833 4.423722 1.731035
v 0.034123 2.817254 0.091012
v 0.034123 4.421763 1.732949
v 0.051413 2.819213 0.089098
v 0.051413 4.423722 1.731035
v 0.067011 2.824897 0.083543
v 0.067011 4.429406 1.725480
v 0.079390 2.833750 0.074892
v 0.079390 4.438259 1.716829
v 0.087337 2.844906 0.063991
v 0.087337 4.449415 1.705927
v 0.090076 2.857272 0.051906
v 0.090076 4.461781 1.693843
v 0.087337 2.869638 0.039822
v 0.087337 4.474147 1.681759
v 0.060733 4.517989 1.738991
v 0.062102 4.511806 1.745034
v 0.071753 4.511370 1.727095
v 0.073689 4.502625 1.735641
v 0.080208 4.501372 1.712933
v 0.071753 4.511370 1.727095
v 0.073689 4.502625 1.735641
v 0.082580 4.490663 1.723398
v 0.085524 4.488676 1.697469
v 0.088169 4.476731 1.709142
v 0.056759 4.523567 1.733540
v 0.066133 4.519259 1.719387
v 0.071753 4.511370 1.727095
v 0.080208 4.501372 1.712933
v 0.073326 4.511033 1.703492
v 0.066133 4.519259 1.719387
v 0.085524 4.488676 1.697469
v 0.077847 4.499452 1.686939
v 0.050569 4.527994 1.729214
v 0.057379 4.525519 1.713269
v 0.062605 4.518701 1.695999
v 0.057379 4.525519 1.713269
v 0.065891 4.508003 1.678583
v 0.042769 4.530837 1.726437
v 0.046350 4.529539 1.709341
v 0.049097 4.523623 1.691189
v 0.046350 4.529539 1.709341
v 0.050824 4.513494 1.673218
v 0.034123 4.531816 1.725479
v 0.034123 4.530924 1.707988
v 0.034123 4.525320 1.689531
v 0.034123 4.530924 1.707988
v 0.034123 4.515386 1.671369
v 0.025477 4.530837 1.726437
v 0.021897 4.529539 1.709341
v 0.019149 4.523623 1.691189
v 0.021897 4.529539 1.709341
v 0.017422 4.513494 1.673218
v 0.017677 4.527994 1.729214
v 0.010867 4.525519 1.713269
v 0.005641 4.518701 1.695999
v 0.010867 4.525519 1.713269
v 0.002356 4.508003 1.678583
v 0.011488 4.523567 1.733540
v 0.002114 4.519259 1.719387
v -0.005079 4.511033 1.703492
v 0.002114 4.519259 1.719387
v -0.009601 4.499452 1.686939
v 0.007513 4.517989 1.738991
v -0.003506 4.511370 1.727095
v -0.011962 4.501372 1.712933
v -0.003506 4.511370 1.727095
v -0.017278 4.488676 1.697469
v 0.006144 4.511806 1.745034
v -0.005443 4.502625 1.735641
v -0.014334 4.490663 1.723398
v -0.005443 4.502625 1.735641
v -0.019923 4.476731 1.709142
v 0.007513 4.505621 1.751077
v -0.003506 4.493881 1.744186
v -0.011962 4.479953 1.733864
v -0.003506 4.493881 1.744186
v -0.017278 4.464787 1.720815
v 0.011488 4.500043 1.756528
v 0.002114 4.485992 1.751895
v -0.005079 4.470292 1.743305
v 0.002114 4.485992 1.751895
v -0.009601 4.454011 1.731345
v 0.017677 4.495616 1.760854
v 0.010867 4.479732 1.758012
v 0.005641 4.462625 1.750797
v 0.010867 4.479732 1.758012
v 0.002356 4.445459 1.739701
v 0.025477 4.492774 1.763632
v 0.021897 4.475713 1.761940
v 0.019149 4.457702 1.755608
v 0.021897 4.475713 1.761940
v 0.017422 4.439969 1.745067
v 0.034123 4.491795 1.764589
v 0.034123 4.474328 1.763294
v 0.034123 4.456006 1.757265
v 0.034123 4.474328 1.763294
v 0.034123 4.438077 1.746915
v 0.042769 4.492774 1.763632
v 0.046350 4.475713 1.761940
v 0.049097 4.457702 1.755608
v 0.046350 4.475713 1.761940
v 0.050824 4.439969 1.745067
v 0.050569 4.495616 1.760854
v 0.057379 4.479732 1.758012
v 0.062605 4.462625 1.750797
v 0.057379 4.479732 1.758012
v 0.065891 4.445459 1.739701
v 0.056759 4.500043 1.756528
v 0.066133 4.485992 1.751895
v 0.073326 4.470292 1.743305
v 0.066133 4.485992 1.751895
v 0.077847 4.454011 1.731345
v 0.060733 4.505621 1.751077
v 0.071753 4.493881 1.744186
v 0.080208 4.479953 1.733864
v 0.071753 4.493881 1.744186
v 0.085524 4.464787 1.720815
v 0.008858 3.190084 0.133586
v 0.008858 3.190084 0.159896
v 0.059388 3.190084 0.159896
v 0.059388 3.190084 0.133586
v 0.003584 2.753876 0.159896
v 0.003584 2.753876 0.133586
v 0.064662 2.753876 0.133586
v 0.064662 2.753876 0.159896
v 0.169439 2.989741 0.159896
v 0.169439 2.989741 0.133586
v 0.141608 3.123238 0.133586
v 0.141608 3.123238 0.159896
v -0.101193 2.989741 0.133586
v -0.101193 2.989741 0.159896
v -0.073361 3.123238 0.159896
v -0.073361 3.123238 0.133586
v 0.203706 2.892921 0.159896
v 0.203706 2.892921 0.133586
v -0.135460 2.892921 0.133586
v -0.135460 2.892921 0.159896
v -0.065938 2.772505 0.159896
v -0.065938 2.772505 0.133586
v -0.116832 2.823399 0.159896
v -0.116832 2.823399 0.133586
v -0.116832 2.823399 0.159896
v -0.116832 2.823399 0.133586
v 0.185078 2.823399 0.159896
v 0.185078 2.823399 0.133586
v 0.185078 2.823399 0.159896
v 0.134184 2.772505 0.159896
v 0.134184 2.772505 0.133586
v 0.185078 2.823399 0.133586
v -0.057459 3.157632 0.159896
v -0.057459 3.157632 0.133586
v -0.028058 3.181536 0.159896
v -0.028058 3.181536 0.133586
v -0.057459 3.157632 0.133586
v 0.096304 3.181536 0.159896
v 0.096304 3.181536 0.133586
v 0.125705 3.157632 0.159896
v 0.125705 3.157632 0.133586
v 0.125705 3.157632 0.133586
v -1.971258 1.043194 0.039822
v -1.979206 1.054350 0.028921
v -1.979206 2.658859 1.670857
v -1.971258 2.647703 1.681759
v -1.991584 1.063203 0.020269
v -1.991584 2.667712 1.662206
v -2.007182 1.068887 0.014715
v -2.007182 2.673396 1.656651
v -2.024472 1.070845 0.012801
v -2.024472 2.675354 1.654737
v -2.041763 1.068887 0.014715
v -2.041763 2.673396 1.656651
v -2.057360 1.063203 0.020269
v -2.057360 2.667712 1.662206
v -2.069739 1.054350 0.028921
v -2.069739 2.658859 1.670857
v -2.077686 1.043194 0.039822
v -2.077686 2.647703 1.681759
v -2.080425 1.030828 0.051906
v -2.080425 2.635337 1.693843
v -2.077686 1.018461 0.063991
v -2.077686 2.622971 1.705927
v -2.069739 1.007306 0.074892
v -2.069739 2.611815 1.716829
v -2.057360 0.998453 0.083543
v -2.057360 2.602962 1.725480
v -2.041763 0.992769 0.089098
v -2.041763 2.597278 1.731035
v -2.024472 0.990810 0.091012
v -2.024472 2.595319 1.732949
v -2.007182 0.992769 0.089098
v -2.007182 2.597278 1.731035
v -1.991584 0.998453 0.083543
v -1.991584 2.602962 1.725480
v -1.979206 1.007306 0.074892
v -1.979206 2.611815 1.716829
v -1.971258 1.018461 0.063991
v -1.971258 2.622971 1.705927
v -1.968520 1.030828 0.051906
v -1.968520 2.635337 1.693843
v -1.971258 1.043194 0.039822
v -1.971258 2.647703 1.681759
v -1.997863 2.691545 1.738991
v -1.996493 2.685361 1.745034
v -1.986843 2.684926 1.727095
v -1.984906 2.676182 1.735641
v -1.978387 2.674928 1.712933
v -1.986843 2.684926 1.727095
v -1.984906 2.676182 1.735641
v -1.976015 2.664218 1.723398
v -1.973071 2.662232 1.697469
v -1.970426 2.650287 1.709142
v -2.001837 2.697123 1.733540
v -1.992463 2.692815 1.719387
v -1.986843 2.684926 1.727095
v -1.978387 2.674928 1.712933
v -1.985270 2.684589 1.703492
v -1.992463 2.692815 1.719387
v -1.973071 2.662232 1.697469
v -1.980748 2.673007 1.686939
v -2.008027 2.701550 1.729214
v -2.001216 2.699075 1.713269
v -1.995990 2.692256 1.695999
v -2.001216 2.699075 1.713269
v -1.992705 2.681559 1.678583
v -2.015826 2.704393 1.726437
v -2.012246 2.703094 1.709341
v -2.009498 2.697179 1.691189
v -2.012246 2.703094 1.709341
v -2.007771 2.687049 1.673218
v -2.024472 2.705372 1.725479
v -2.024472 2.704480 1.707988
v -2.024472 2.698875 1.689531
v -2.024472 2.704480 1.707988
v -2.024472 2.688941 1.671369
v -2.033118 2.704393 1.726437
v -2.036699 2.703094 1.709341
v -2.039446 2.697179 1.691189
v -2.036699 2.703094 1.709341
v -2.041173 2.687049 1.673218
v -2.040918 2.701550 1.729214
v -2.047729 2.699075 1.713269
v -2.052954 2.692256 1.695999
v -2.047729 2.699075 1.713269
v -2.056240 2.681559 1.678583
v -2.047108 2.697123 1.733540
v -2.056482 2.692815 1.719387
v -2.063675 2.684589 1.703492
v -2.056482 2.692815 1.719387
v -2.068197 2.673007 1.686939
v -2.051082 2.691545 1.738991
v -2.062102 2.684926 1.727095
v -2.070558 2.674928 1.712933
v -2.062102 2.684926 1.727095
v -2.075873 2.662232 1.697469
v -2.052451 2.685361 1.745034
v -2.064038 2.676182 1.735641
v -2.072929 2.664218 1.723398
v -2.064038 2.676182 1.735641
v -2.078518 2.650287 1.709142
v -2.051082 2.679177 1.751077
v -2.062102 2.667437 1.744186
v -2.070558 2.653509 1.733864
v -2.062102 2.667437 1.744186
v -2.075873 2.638342 1.720815
v -2.047108 2.673599 1.756528
v -2.056482 2.659548 1.751895
v -2.063675 2.643847 1.743305
v -2.056482 2.659548 1.751895
v -2.068197 2.627567 1.731345
v -2.040918 2.669172 1.760854
v -2.047729 2.653288 1.758012
v -2.052954 2.636180 1.750797
v -2.047729 2.653288 1.758012
v -2.056240 2.619015 1.739701
v -2.033118 2.666330 1.763632
v -2.036699 2.649268 1.761940
v -2.039446 2.631258 1.755608
v -2.036699 2.649268 1.761940
v -2.041173 2.613524 1.745067
v -2.024472 2.665350 1.764589
v -2.024472 2.647883 1.763294
v -2.024472 2.629561 1.757265
v -2.024472 2.647883 1.763294
v -2.024472 2.611633 1.746915
v -2.015826 2.666330 1.763632
v -2.012246 2.649268 1.761940
v -2.009498 2.631258 1.755608
v -2.012246 2.649268 1.761940
v -2.007771 2.613524 1.745067
v -2.008027 2.669172 1.760854
v -2.001216 2.653288 1.758012
v -1.995990 2.636180 1.750797
v -2.001216 2.653288 1.758012
v -1.992705 2.619015 1.739701
v -2.001837 2.673599 1.756528
v -1.992463 2.659548 1.751895
v -1.985270 2.643847 1.743305
v -1.992463 2.659548 1.751895
v -1.980748 2.627567 1.731345
v -1.997863 2.679177 1.751077
v -1.986843 2.667437 1.744186
v -1.978387 2.653509 1.733864
v -1.986843 2.667437 1.744186
v -1.973071 2.638342 1.720815
v -2.049737 1.363640 0.133586
v -2.049737 1.363640 0.159896
v -1.999207 1.363640 0.159896
v -1.999207 1.363640 0.133586
v -2.055011 0.927432 0.159896
v -2.055011 0.927432 0.133586
v -1.993933 0.927432 0.133586
v -1.993933 0.927432 0.159896
v -1.889156 1.163297 0.159896
v -1.889156 1.163297 0.133586
v -1.916988 1.296794 0.133586
v -1.916988 1.296794 0.159896
v -2.159788 1.163297 0.133586
v -2.159788 1.163297 0.159896
v -2.131957 1.296794 0.159896
v -2.131957 1.296794 0.133586
v -1.854889 1.066477 0.159896
v -1.854889 1.066477 0.133586
v -2.194056 1.066477 0.133586
v -2.194056 1.066477 0.159896
v -2.124533 0.946061 0.159896
v -2.124533 0.946061 0.133586
v -2.175427 0.996955 0.159896
v -2.175427 0.996955 0.133586
v -2.175427 0.996955 0.159896
v -2.175427 0.996955 0.133586
v -1.873517 0.996955 0.159896
v -1.873517 0.996955 0.133586
v -1.873517 0.996955 0.159896
v -1.924411 0.946061 0.159896
v -1.924411 0.946061 0.133586
v -1.873517 0.996955 0.133586
v -2.116055 1.331188 0.159896
v -2.116055 1.331188 0.133586
v -2.086653 1.355092 0.159896
v -2.086653 1.355092 0.133586
v -2.116055 1.331188 0.133586
v -1.962291 1.355092 0.159896
v -1.962291 1.355092 0.133586
v -1.932890 1.331188 0.159896
v -1.932890 1.331188 0.133586
v -1.932890 1.331188 0.133586
v 1.429801 2.869638 0.039822
v 1.421854 2.880794 0.028921
v 1.421854 4.485303 1.670857
v 1.429801 4.474147 1.681759
v 1.409475 2.889647 0.020269
v 1.409475 4.494156 1.662206
v 1.393877 2.895331 0.014715
v 1.393877 4.499840 1.656651
v 1.376587 2.897290 0.012801
v 1.376587 4.501799 1.654737
v 1.359297 2.895331 0.014715
v 1.359297 4.499840 1.656651
v 1.343699 2.889647 0.020269
v 1.343699 4.494156 1.662206
v 1.331321 2.880794 0.028921
v 1.331321 4.485303 1.670857
v 1.323373 2.869638 0.039822
v 1.323373 4.474147 1.681759
v 1.320635 2.857272 0.051906
v 1.320635 4.461781 1.693843
v 1.323373 2.844906 0.063991
v 1.323373 4.449415 1.705927
v 1.331321 2.833750 0.074892
v 1.331321 4.438259 1.716829
v 1.343699 2.824897 0.083543
v 1.343699 4.429406 1.725480
v 1.359297 2.819213 0.089098
v 1.359297 4.423722 1.731035
v 1.376587 2.817254 0.091012
v 1.376587 4.421763 1.732949
v 1.393877 2.819213 0.089098
v 1.393877 4.423722 1.731035
v 1.409475 2.824897 0.083543
v 1.409475 4.429406 1.725480
v 1.421853 2.833750 0.074892
v 1.421853 4.438259 1.716829
v 1.429801 2.844906 0.063991
v 1.429801 4.449415 1.705927
v 1.432539 2.857272 0.051906
v 1.432539 4.461781 1.693843
v 1.429801 2.869638 0.039822
v 1.429801 4.474147 1.681759
v 1.403197 4.517989 1.738991
v 1.404566 4.511806 1.745034
v 1.414217 4.511370 1.727095
v 1.416153 4.502625 1.735641
v 1.422672 4.501372 1.712933
v 1.414217 4.511370 1.727095
v 1.416153 4.502625 1.735641
v 1.425044 4.490663 1.723398
v 1.427988 4.488676 1.697469
v 1.430633 4.476731 1.709142
v 1.399223 4.523567 1.733540
v 1.408597 4.519259 1.719387
v 1.414217 4.511370 1.727095
v 1.422672 4.501372 1.712933
v 1.415790 4.511033 1.703492
v 1.408597 4.519259 1.719387
v 1.427988 4.488676 1.697469
v 1.420311 4.499452 1.686939
v 1.393033 4.527994 1.729214
v 1.399843 4.525519 1.713269
v 1.405069 4.518701 1.695999
v 1.399843 4.525519 1.713269
v 1.408355 4.508003 1.678583
v 1.385233 4.530837 1.726437
v 1.388814 4.529539 1.709341
v 1.391561 4.523623 1.691189
v 1.388814 4.529539 1.709341
v 1.393288 4.513494 1.673218
v 1.376587 4.531816 1.725479
v 1.376587 4.530924 1.707988
v 1.376587 4.525320 1.689531
v 1.376587 4.530924 1.707988
v 1.376587 4.515386 1.671369
v 1.367941 4.530837 1.726437
v 1.364360 4.529539 1.709341
v 1.361613 4.523623 1.691189
v 1.364360 4.529539 1.709341
v 1.359886 4.513494 1.673218
v 1.360141 4.527994 1.729214
v 1.353331 4.525519 1.713269
v 1.348105 4.518701 1.695999
v 1.353331 4.525519 1.713269
v 1.344820 4.508003 1.678583
v 1.353951 4.523567 1.733540
v 1.344577 4.519259 1.719387
v 1.337384 4.511033 1.703492
v 1.344577 4.519259 1.719387
v 1.332863 4.499452 1.686939
v 1.349977 4.517989 1.738991
v 1.338958 4.511370 1.727095
v 1.330502 4.501372 1.712933
v 1.338958 4.511370 1.727095
v 1.325186 4.488676 1.697469
v 1.348608 4.511806 1.745034
v 1.337021 4.502625 1.735641
v 1.328130 4.490663 1.723398
v 1.337021 4.502625 1.735641
v 1.322541 4.476731 1.709142
v 1.349977 4.505621 1.751077
v 1.338958 4.493881 1.744186
v 1.330502 4.479953 1.733864
v 1.338958 4.493881 1.744186
v 1.325186 4.464787 1.720815
v 1.353951 4.500043 1.756528
v 1.344577 4.485992 1.751895
v 1.337384 4.470292 1.743305
v 1.344577 4.485992 1.751895
v 1.332863 4.454011 1.731345
v 1.360141 4.495616 1.760854
v 1.353331 4.479732 1.758012
v 1.348105 4.462625 1.750797
v 1.353331 4.479732 1.758012
v 1.344820 4.445459 1.739701
v 1.367941 4.492774 1.763632
v 1.364360 4.475713 1.761940
v 1.361613 4.457702 1.755608
v 1.364360 4.475713 1.761940
v 1.359886 4.439969 1.745067
v 1.376587 4.491795 1.764589
v 1.376587 4.474328 1.763294
v 1.376587 4.456006 1.757265
v 1.376587 4.474328 1.763294
v 1.376587 4.438077 1.746915
v 1.385233 4.492774 1.763632
v 1.388814 4.475713 1.761940
v 1.391561 4.457702 1.755608
v 1.388814 4.475713 1.761940
v 1.393288 4.439969 1.745067
v 1.393033 4.495616 1.760854
v 1.399843 4.479732 1.758012
v 1.405069 4.462625 1.750797
v 1.399843 4.479732 1.758012
v 1.408355 4.445459 1.739701
v 1.399223 4.500043 1.756528
v 1.408597 4.485992 1.751895
v 1.415789 4.470292 1.743305
v 1.408597 4.485992 1.751895
v 1.420311 4.454011 1.731345
v 1.403197 4.505621 1.751077
v 1.414217 4.493881 1.744186
v 1.422672 4.479953 1.733864
v 1.414217 4.493881 1.744186
v 1.427988 4.464787 1.720815
v 1.351322 3.190084 0.133586
v 1.351322 3.190084 0.159896
v 1.401852 3.190084 0.159896
v 1.401852 3.190084 0.133586
v 1.346048 2.753876 0.159896
v 1.346048 2.753876 0.133586
v 1.407126 2.753876 0.133586
v 1.407126 2.753876 0.159896
v 1.511903 2.989741 0.159896
v 1.511903 2.989741 0.133586
v 1.484071 3.123238 0.133586
v 1.484071 3.123238 0.159896
v 1.241271 2.989741 0.133586
v 1.241271 2.989741 0.159896
v 1.269103 3.123238 0.159896
v 1.269103 3.123238 0.133586
v 1.546170 2.892921 0.159896
v 1.546170 2.892921 0.133586
v 1.207004 2.892921 0.133586
v 1.207004 2.892921 0.159896
v 1.276526 2.772505 0.159896
v 1.276526 2.772505 0.133586
v 1.225632 2.823399 0.159896
v 1.225632 2.823399 0.133586
v 1.225632 2.823399 0.159896
v 1.225632 2.823399 0.133586
v 1.527542 2.823399 0.159896
v 1.527542 2.823399 0.133586
v 1.527542 2.823399 0.159896
v 1.476648 2.772505 0.159896
v 1.476648 2.772505 0.133586
v 1.527542 2.823399 0.133586
v 1.285005 3.157632 0.159896
v 1.285005 3.157632 0.133586
v 1.314406 3.181536 0.159896
v 1.314406 3.181536 0.133586
v 1.285005 3.157632 0.133586
v 1.438768 3.181536 0.159896
v 1.438768 3.181536 0.133586
v 1.468169 3.157632 0.159896
v 1.468169 3.157632 0.133586
v 1.468169 3.157632 0.133586
v -1.255127 2.869638 0.039822
v -1.263074 2.880794 0.028921
v -1.263074 4.485303 1.670857
v -1.255127 4.474147 1.681759
v -1.275453 2.889647 0.020269
v -1.275453 4.494156 1.662206
v -1.291051 2.895331 0.014715
v -1.291051 4.499840 1.656651
v -1.308341 2.897290 0.012801
v -1.308341 4.501799 1.654737
v -1.325631 2.895331 0.014715
v -1.325631 4.499840 1.656651
v -1.341229 2.889647 0.020269
v -1.341229 4.494156 1.662206
v -1.353607 2.880794 0.028921
v -1.353607 4.485303 1.670857
v -1.361555 2.869638 0.039822
v -1.361555 4.474147 1.681759
v -1.364293 2.857272 0.051906
v -1.364293 4.461781 1.693843
v -1.361555 2.844906 0.063991
v -1.361555 4.449415 1.705927
v -1.353607 2.833750 0.074892
v -1.353607 4.438259 1.716829
v -1.341229 2.824897 0.083543
v -1.341229 4.429406 1.725480
v -1.325631 2.819213 0.089098
v -1.325631 4.423722 1.731035
v -1.308341 2.817254 0.091012
v -1.308341 4.421763 1.732949
v -1.291051 2.819213 0.089098
v -1.291051 4.423722 1.731035
v -1.275453 2.824897 0.083543
v -1.275453 4.429406 1.725480
v -1.263074 2.833750 0.074892
v -1.263074 4.438259 1.716829
v -1.255127 2.844906 0.063991
v -1.255127 4.449415 1.705927
v -1.252388 2.857272 0.051906
v -1.252388 4.461781 1.693843
v -1.255127 2.869638 0.039822
v -1.255127 4.474147 1.681759
v -1.281731 4.517989 1.738991
v -1.280362 4.511806 1.745034
v -1.270711 4.511370 1.727095
v -1.268775 4.502625 1.735641
v -1.262255 4.501372 1.712933
v -1.270711 4.511370 1.727095
v -1.268775 4.502625 1.735641
v -1.259884 4.490663 1.723398
v -1.256940 4.488676 1.697469
v -1.254295 4.476731 1.709142
v -1.285705 4.523567 1.733540
v -1.276331 4.519259 1.719387
v -1.270711 4.511370 1.727095
v -1.262255 4.501372 1.712933
v -1.269138 4.511033 1.703492
v -1.276331 4.519259 1.719387
v -1.256940 4.488676 1.697469
v -1.264617 4.499452 1.686939
v -1.291895 4.527994 1.729214
v -1.285084 4.525519 1.713269
v -1.279858 4.518701 1.695999
v -1.285084 4.525519 1.713269
v -1.276573 4.508003 1.678583
v -1.299695 4.530837 1.726437
v -1.296114 4.529539 1.709341
v -1.293367 4.523623 1.691189
v -1.296114 4.529539 1.709341
v -1.291640 4.513494 1.673218
v -1.308341 4.531816 1.725479
v -1.308341 4.530924 1.707988
v -1.308341 4.525320 1.689531
v -1.308341 4.530924 1.707988
v -1.308341 4.515386 1.671369
v -1.316987 4.530837 1.726437
v -1.320567 4.529539 1.709341
v -1.323315 4.523623 1.691189
v -1.320567 4.529539 1.709341
v -1.325042 4.513494 1.673218
v -1.324786 4.527994 1.729214
v -1.331597 4.525519 1.713269
v -1.336823 4.518701 1.695999
v -1.331597 4.525519 1.713269
v -1.340108 4.508003 1.678583
v -1.330976 4.523567 1.733540
v -1.340350 4.519259 1.719387
v -1.347543 4.511033 1.703492
v -1.340350 4.519259 1.719387
v -1.352065 4.499452 1.686939
v -1.334950 4.517989 1.738991
v -1.345970 4.511370 1.727095
v -1.354426 4.501372 1.712933
v -1.345970 4.511370 1.727095
v -1.359742 4.488676 1.697469
v -1.336320 4.511806 1.745034
v -1.347907 4.502625 1.735641
v -1.356798 4.490663 1.723398
v -1.347907 4.502625 1.735641
v -1.362387 4.476731 1.709142
v -1.334950 4.505621 1.751077
v -1.345970 4.493881 1.744186
v -1.354426 4.479953 1.733864
v -1.345970 4.493881 1.744186
v -1.359742 4.464787 1.720815
v -1.330976 4.500043 1.756528
v -1.340350 4.485992 1.751895
v -1.347543 4.470292 1.743305
v -1.340350 4.485992 1.751895
v -1.352065 4.454011 1.731345
v -1.324786 4.495616 1.760854
v -1.331597 4.479732 1.758012
v -1.336823 4.462625 1.750797
v -1.331597 4.479732 1.758012
v -1.340108 4.445459 1.739701
v -1.316987 4.492774 1.763632
v -1.320567 4.475713 1.761940
v -1.323315 4.457702 1.755608
v -1.320567 4.475713 1.761940
v -1.325042 4.439969 1.745067
v -1.308341 4.491795 1.764589
v -1.308341 4.474328 1.763294
v -1.308341 4.456006 1.757265
v -1.308341 4.474328 1.763294
v -1.308341 4.438077 1.746915
v -1.299695 4.492774 1.763632
v -1.296114 4.475713 1.761940
v -1.293367 4.457702 1.755608
v -1.296114 4.475713 1.761940
v -1.291640 4.439969 1.745067
v -1.291895 4.495616 1.760854
v -1.285084 4.479732 1.758012
v -1.279858 4.462625 1.750797
v -1.285084 4.479732 1.758012
v -1.276573 4.445459 1.739701
v -1.285705 4.500043 1.756528
v -1.276331 4.485992 1.751895
v -1.269138 4.470292 1.743305
v -1.276331 4.485992 1.751895
v -1.264617 4.454011 1.731345
v -1.281731 4.505621 1.751077
v -1.270711 4.493881 1.744186
v -1.262255 4.479953 1.733864
v -1.270711 4.493881 1.744186
v -1.256940 4.464787 1.720815
v -1.333606 3.190084 0.133586
v -1.333606 3.190084 0.159896
v -1.283076 3.190084 0.159896
v -1.283076 3.190084 0.133586
v -1.338880 2.753876 0.159896
v -1.338880 2.753876 0.133586
v -1.277802 2.753876 0.133586
v -1.277802 2.753876 0.159896
v -1.173025 2.989741 0.159896
v -1.173025 2.989741 0.133586
v -1.200856 3.123238 0.133586
v -1.200856 3.123238 0.159896
v -1.443657 2.989741 0.133586
v -1.443657 2.989741 0.159896
v -1.415825 3.123238 0.159896
v -1.415825 3.123238 0.133586
v -1.138757 2.892921 0.159896
v -1.138757 2.892921 0.133586
v -1.477924 2.892921 0.133586
v -1.477924 2.892921 0.159896
v -1.408402 2.772505 0.159896
v -1.408402 2.772505 0.133586
v -1.459296 2.823399 0.159896
v -1.459296 2.823399 0.133586
v -1.459296 2.823399 0.159896
v -1.459296 2.823399 0.133586
v -1.157386 2.823399 0.159896
v -1.157386 2.823399 0.133586
v -1.157386 2.823399 0.159896
v -1.208280 2.772505 0.159896
v -1.208280 2.772505 0.133586
v -1.157386 2.823399 0.133586
v -1.399923 3.157632 0.159896
v -1.399923 3.157632 0.133586
v -1.370522 3.181536 0.159896
v -1.370522 3.181536 0.133586
v -1.399923 3.157632 0.133586
v -1.246160 3.181536 0.159896
v -1.246160 3.181536 0.133586
v -1.216759 3.157632 0.159896
v -1.216759 3.157632 0.133586
v -1.216759 3.157632 0.133586
v 2.772265 2.869638 0.039822
v 2.764318 2.880794 0.028921
v 2.764318 4.485303 1.670857
v 2.772265 4.474147 1.681759
v 2.751939 2.889647 0.020269
v 2.751939 4.494156 1.662206
v 2.736341 2.895331 0.014715
v 2.736341 4.499840 1.656651
v 2.719051 2.897290 0.012801
v 2.719051 4.501799 1.654737
v 2.701761 2.895331 0.014715
v 2.701761 4.499840 1.656651
v 2.686163 2.889647 0.020269
v 2.686163 4.494156 1.662206
v 2.673785 2.880794 0.028921
v 2.673785 4.485303 1.670857
v 2.665837 2.869638 0.039822
v 2.665837 4.474147 1.681759
v 2.663099 2.857272 0.051906
v 2.663099 4.461781 1.693843
v 2.665837 2.844906 0.063991
v 2.665837 4.449415 1.705927
v 2.673785 2.833750 0.074892
v 2.673785 4.438259 1.716829
v 2.686163 2.824897 0.083543
v 2.686163 4.429406 1.725480
v 2.701761 2.819213 0.089098
v 2.701761 4.423722 1.731035
v 2.719051 2.817254 0.091012
v 2.719051 4.421763 1.732949
v 2.736341 2.819213 0.089098
v 2.736341 4.423722 1.731035
v 2.751939 2.824897 0.083543
v 2.751939 4.429406 1.725480
v 2.764318 2.833750 0.074892
v 2.764318 4.438259 1.716829
v 2.772265 2.844906 0.063991
v 2.772265 4.449415 1.705927
v 2.775003 2.857272 0.051906
v 2.775003 4.461781 1.693843
v 2.772265 2.869638 0.039822
v 2.772265 4.474147 1.681759
v 2.745661 4.517989 1.738991
v 2.747030 4.511806 1.745034
v 2.756681 4.511370 1.727095
v 2.758617 4.502625 1.735641
v 2.765136 4.501372 1.712933
v 2.756681 4.511370 1.727095
v 2.758617 4.502625 1.735641
v 2.767508 4.490663 1.723398
v 2.770452 4.488676 1.697469
v 2.773097 4.476731 1.709142
v 2.741687 4.523567 1.733540
v 2.751061 4.519259 1.719387
v 2.756681 4.511370 1.727095
v 2.765136 4.501372 1.712933
v 2.758254 4.511033 1.703492
v 2.751061 4.519259 1.719387
v 2.770452 4.488676 1.697469
v 2.762775 4.499452 1.686939
v 2.735497 4.527994 1.729214
v 2.742307 4.525519 1.713269
v 2.747533 4.518701 1.695999
v 2.742307 4.525519 1.713269
v 2.750819 4.508003 1.678583
v 2.727697 4.530837 1.726437
v 2.731278 4.529539 1.709341
v 2.734025 4.523623 1.691189
v 2.731278 4.529539 1.709341
v 2.735752 4.513494 1.673218
v 2.719051 4.531816 1.725479
v 2.719051 4.530924 1.707988
v 2.719051 4.525320 1.689531
v 2.719051 4.530924 1.707988
v 2.719051 4.515386 1.671369
v 2.710405 4.530837 1.726437
v 2.706825 4.529539 1.709341
v 2.704077 4.523623 1.691189
v 2.706825 4.529539 1.709341
v 2.702350 4.513494 1.673218
v 2.702605 4.527994 1.729214
v 2.695795 4.525519 1.713269
v 2.690569 4.518701 1.695999
v 2.695795 4.525519 1.713269
v 2.687284 4.508003 1.678583
v 2.696416 4.523567 1.733540
v 2.687042 4.519259 1.719387
v 2.679849 4.511033 1.703492
v 2.687042 4.519259 1.719387
v 2.675327 4.499452 1.686939
v 2.692441 4.517989 1.738991
v 2.681422 4.511370 1.727095
v 2.672966 4.501372 1.712933
v 2.681422 4.511370 1.727095
v 2.667650 4.488676 1.697469
v 2.691072 4.511806 1.745034
v 2.679485 4.502625 1.735641
v 2.670594 4.490663 1.723398
v 2.679485 4.502625 1.735641
v 2.665005 4.476731 1.709142
v 2.692441 4.505621 1.751077
v 2.681422 4.493881 1.744186
v 2.672966 4.479953 1.733864
v 2.681422 4.493881 1.744186
v 2.667650 4.464787 1.720815
v 2.696416 4.500043 1.756528
v 2.687042 4.485992 1.751895
v 2.679849 4.470292 1.743305
v 2.687042 4.485992 1.751895
v 2.675327 4.454011 1.731345
v 2.702605 4.495616 1.760854
v 2.695795 4.479732 1.758012
v 2.690569 4.462625 1.750797
v 2.695795 4.479732 1.758012
v 2.687284 4.445459 1.739701
v 2.710405 4.492774 1.763632
v 2.706825 4.475713 1.761940
v 2.704077 4.457702 1.755608
v 2.706825 4.475713 1.761940
v 2.702350 4.439969 1.745067
v 2.719051 4.491795 1.764589
v 2.719051 4.474328 1.763294
v 2.719051 4.456006 1.757265
v 2.719051 4.474328 1.763294
v 2.719051 4.438077 1.746915
v 2.727697 4.492774 1.763632
v 2.731278 4.475713 1.761940
v 2.734025 4.457702 1.755608
v 2.731278 4.475713 1.761940
v 2.735752 4.439969 1.745067
v 2.735497 4.495616 1.760854
v 2.742307 4.479732 1.758012
v 2.747533 4.462625 1.750797
v 2.742307 4.479732 1.758012
v 2.750818 4.445459 1.739701
v 2.741687 4.500043 1.756528
v 2.751061 4.485992 1.751895
v 2.758254 4.470292 1.743305
v 2.751061 4.485992 1.751895
v 2.762775 4.454011 1.731345
v 2.745661 4.505621 1.751077
v 2.756681 4.493881 1.744186
v 2.765136 4.479953 1.733864
v 2.756681 4.493881 1.744186
v 2.770452 4.464787 1.720815
v 2.693786 3.190084 0.133586
v 2.693786 3.190084 0.159896
v 2.744316 3.190084 0.159896
v 2.744316 3.190084 0.133586
v 2.688512 2.753876 0.159896
v 2.688512 2.753876 0.133586
v 2.749590 2.753876 0.133586
v 2.749590 2.753876 0.159896
v 2.854367 2.989741 0.159896
v 2.854367 2.989741 0.133586
v 2.826536 3.123238 0.133586
v 2.826536 3.123238 0.159896
v 2.583735 2.989741 0.133586
v 2.583735 2.989741 0.159896
v 2.611567 3.123238 0.159896
v 2.611567 3.123238 0.133586
v 2.888634 2.892921 0.159896
v 2.888634 2.892921 0.133586
v 2.549468 2.892921 0.133586
v 2.549468 2.892921 0.159896
v 2.618990 2.772505 0.159896
v 2.618990 2.772505 0.133586
v 2.568096 2.823399 0.159896
v 2.568096 2.823399 0.133586
v 2.568096 2.823399 0.159896
v 2.568096 2.823399 0.133586
v 2.870006 2.823399 0.159896
v 2.870006 2.823399 0.133586
v 2.870006 2.823399 0.159896
v 2.819112 2.772505 0.159896
v 2.819112 2.772505 0.133586
v 2.870006 2.823399 0.133586
v 2.627469 3.157632 0.159896
v 2.627469 3.157632 0.133586
v 2.656870 3.181536 0.159896
v 2.656870 3.181536 0.133586
v 2.627469 3.157632 0.133586
v 2.781232 3.181536 0.159896
v 2.781232 3.181536 0.133586
v 2.810633 3.157632 0.159896
v 2.810633 3.157632 0.133586
v 2.810633 3.157632 0.133586
v -3.429628 -1.017270 0.039822
v -3.437575 -1.006115 0.028921
v -3.437575 0.031836 1.091083
v -3.429628 0.020680 1.101984
v -3.449954 -0.997262 0.020269
v -3.449954 0.040689 1.082431
v -3.465551 -0.991577 0.014715
v -3.465551 0.046373 1.076877
v -3.482841 -0.989619 0.012801
v -3.482841 0.048332 1.074963
v -3.500132 -0.991577 0.014715
v -3.500132 0.046373 1.076877
v -3.515729 -0.997262 0.020269
v -3.515729 0.040689 1.082431
v -3.528108 -1.006115 0.028921
v -3.528108 0.031836 1.091083
v -3.536055 -1.017270 0.039822
v -3.536055 0.020680 1.101984
v -3.538794 -1.029637 0.051906
v -3.538794 0.008314 1.114068
v -3.536055 -1.042003 0.063991
v -3.536055 -0.004052 1.126153
v -3.528108 -1.053159 0.074892
v -3.528108 -0.015208 1.137054
v -3.515729 -1.062012 0.083543
v -3.515729 -0.024061 1.145705
v -3.500132 -1.067696 0.089098
v -3.500132 -0.029745 1.151260
v -3.482841 -1.069654 0.091012
v -3.482841 -0.031704 1.153174
v -3.465551 -1.067696 0.089098
v -3.465551 -0.029745 1.151260
v -3.449954 -1.062012 0.083543
v -3.449954 -0.024061 1.145705
v -3.437575 -1.053159 0.074892
v -3.437575 -0.015208 1.137054
v -3.429628 -1.042003 0.063991
v -3.429628 -0.004052 1.126153
v -3.426889 -1.029637 0.051906
v -3.426889 0.008314 1.114068
v -3.429628 -1.017270 0.039822
v -3.429628 0.020680 1.101984
v -3.456232 0.046858 1.141141
v -3.454862 0.040674 1.147184
v -3.445212 0.043481 1.132562
v -3.443275 0.034736 1.141107
v -3.436756 0.037707 1.122722
v -3.445212 0.043481 1.132562
v -3.443275 0.034736 1.141107
v -3.434385 0.026997 1.133188
v -3.431441 0.029930 1.112293
v -3.428796 0.017985 1.123965
v -3.460206 0.052436 1.135690
v -3.450832 0.051369 1.124853
v -3.445212 0.043481 1.132562
v -3.436756 0.037707 1.122722
v -3.443639 0.047368 1.113281
v -3.450832 0.051369 1.124853
v -3.431441 0.029930 1.112293
v -3.439117 0.040706 1.101763
v -3.466396 0.056863 1.131364
v -3.459585 0.057630 1.118735
v -3.454359 0.055035 1.105789
v -3.459585 0.057630 1.118735
v -3.451074 0.049257 1.093406
v -3.474195 0.059706 1.128586
v -3.470615 0.061649 1.114808
v -3.467868 0.059958 1.100978
v -3.470615 0.061649 1.114808
v -3.466140 0.054747 1.088041
v -3.482841 0.060685 1.127629
v -3.482841 0.063034 1.113454
v -3.482841 0.061654 1.099321
v -3.482841 0.063034 1.113454
v -3.482841 0.056639 1.086192
v -3.491488 0.059706 1.128586
v -3.495068 0.061649 1.114808
v -3.497816 0.059958 1.100978
v -3.495068 0.061649 1.114808
v -3.499543 0.054747 1.088041
v -3.499287 0.056863 1.131364
v -3.506098 0.057630 1.118735
v -3.511324 0.055035 1.105789
v -3.506098 0.057630 1.118735
v -3.514609 0.049257 1.093406
v -3.505477 0.052436 1.135690
v -3.514851 0.051369 1.124853
v -3.522044 0.047368 1.113281
v -3.514851 0.051369 1.124853
v -3.526566 0.040706 1.101763
v -3.509451 0.046858 1.141141
v -3.520471 0.043481 1.132562
v -3.528927 0.037707 1.122722
v -3.520471 0.043481 1.132562
v -3.534242 0.029930 1.112293
v -3.510821 0.040674 1.147184
v -3.522408 0.034736 1.141107
v -3.531298 0.026997 1.133188
v -3.522408 0.034736 1.141107
v -3.536888 0.017985 1.123965
v -3.509451 0.034491 1.153227
v -3.520471 0.025991 1.149652
v -3.528927 0.016287 1.143653
v -3.520471 0.025991 1.149652
v -3.534242 0.006040 1.135638
v -3.505477 0.028912 1.158678
v -3.514851 0.018103 1.157361
v -3.522044 0.006626 1.153094
v -3.514851 0.018103 1.157361
v -3.526566 -0.004735 1.146168
v -3.499287 0.024485 1.163004
v -3.506098 0.011842 1.163479
v -3.511324 -0.001041 1.160586
v -3.506098 0.011842 1.163479
v -3.514609 -0.013287 1.154524
v -3.491488 0.021643 1.165781
v -3.495068 0.007823 1.167407
v -3.497816 -0.005964 1.165397
v -3.495068 0.007823 1.167407
v -3.499543 -0.018777 1.159890
v -3.482841 0.020663 1.166739
v -3.482841 0.006438 1.168760
v -3.482841 -0.007660 1.167055
v -3.482841 0.006438 1.168760
v -3.482841 -0.020669 1.161739
v -3.474195 0.021643 1.165781
v -3.470615 0.007823 1.167407
v -3.467868 -0.005964 1.165397
v -3.470615 0.007823 1.167407
v -3.466140 -0.018777 1.159890
v -3.466396 0.024485 1.163004
v -3.459585 0.011842 1.163479
v -3.454359 -0.001041 1.160586
v -3.459585 0.011842 1.163479
v -3.451074 -0.013287 1.154524
v -3.460206 0.028912 1.158678
v -3.450832 0.018103 1.157361
v -3.443639 0.006626 1.153094
v -3.450832 0.018103 1.157361
v -3.439117 -0.004735 1.146168
v -3.456232 0.034491 1.153227
v -3.445212 0.025991 1.149652
v -3.436756 0.016287 1.143653
v -3.445212 0.025991 1.149652
v -3.431441 0.006040 1.135638
v -3.508106 -0.696824 0.133586
v -3.508106 -0.696824 0.159896
v -3.457577 -0.696824 0.159896
v -3.457577 -0.696824 0.133586
v -3.513380 -1.133032 0.159896
v -3.513380 -1.133032 0.133586
v -3.452303 -1.133032 0.133586
v -3.452303 -1.133032 0.159896
v -3.347526 -0.897167 0.159896
v -3.347526 -0.897167 0.133586
v -3.375357 -0.763671 0.133586
v -3.375357 -0.763671 0.159896
v -3.618157 -0.897167 0.133586
v -3.618157 -0.897167 0.159896
v -3.590326 -0.763671 0.159896
v -3.590326 -0.763671 0.133586
v -3.313258 -0.993988 0.159896
v -3.313258 -0.993988 0.133586
v -3.652425 -0.993988 0.133586
v -3.652425 -0.993988 0.159896
v -3.582903 -1.114404 0.159896
v -3.582903 -1.114404 0.133586
v -3.633796 -1.063510 0.159896
v -3.633796 -1.063510 0.133586
v -3.633796 -1.063510 0.159896
v -3.633796 -1.063510 0.133586
v -3.331887 -1.063510 0.159896
v -3.331887 -1.063510 0.133586
v -3.331887 -1.063510 0.159896
v -3.382780 -1.114404 0.159896
v -3.382780 -1.114404 0.133586
v -3.331887 -1.063510 0.133586
v -3.574424 -0.729276 0.159896
v -3.574424 -0.729276 0.133586
v -3.545022 -0.705372 0.159896
v -3.545022 -0.705372 0.133586
v -3.574424 -0.729276 0.133586
v -3.420661 -0.705372 0.159896
v -3.420661 -0.705372 0.133586
v -3.391259 -0.729276 0.159896
v -3.391259 -0.729276 0.133586
v -3.391259 -0.729276 0.133586
v -0.390555 -2.682751 0.039822
v -0.398503 -2.671595 0.028921
v -0.398503 -1.633644 1.091083
v -0.390555 -1.644800 1.101984
v -0.410881 -2.662742 0.020269
v -0.410881 -1.624791 1.082431
v -0.426479 -2.657058 0.014715
v -0.426479 -1.619107 1.076877
v -0.443769 -2.655099 0.012801
v -0.443769 -1.617149 1.074963
v -0.461059 -2.657058 0.014715
v -0.461059 -1.619107 1.076877
v -0.476657 -2.662742 0.020269
v -0.476657 -1.624791 1.082431
v -0.489035 -2.671595 0.028921
v -0.489035 -1.633644 1.091083
v -0.496983 -2.682751 0.039822
v -0.496983 -1.644800 1.101984
v -0.499721 -2.695117 0.051906
v -0.499722 -1.657166 1.114068
v -0.496983 -2.707483 0.063991
v -0.496983 -1.669533 1.126153
v -0.489035 -2.718639 0.074892
v -0.489035 -1.680688 1.137054
v -0.476657 -2.727492 0.083543
v -0.476657 -1.689541 1.145705
v -0.461059 -2.733176 0.089098
v -0.461059 -1.695226 1.151260
v -0.443769 -2.735135 0.091012
v -0.443769 -1.697184 1.153174
v -0.426479 -2.733176 0.089098
v -0.426479 -1.695226 1.151260
v -0.410881 -2.727492 0.083543
v -0.410881 -1.689541 1.145705
v -0.398503 -2.718639 0.074892
v -0.398503 -1.680688 1.137054
v -0.390555 -2.707483 0.063991
v -0.390555 -1.669533 1.126153
v -0.387817 -2.695117 0.051906
v -0.387817 -1.657166 1.114068
v -0.390555 -2.682751 0.039822
v -0.390555 -1.644800 1.101984
v -0.417159 -1.618622 1.141141
v -0.415790 -1.624806 1.147184
v -0.406139 -1.622000 1.132562
v -0.404203 -1.630744 1.141107
v -0.397684 -1.627774 1.122722
v -0.406139 -1.622000 1.132562
v -0.404203 -1.630744 1.141107
v -0.395312 -1.638483 1.133188
v -0.392368 -1.635550 1.112293
v -0.389723 -1.647495 1.123965
v -0.421134 -1.613044 1.135690
v -0.411759 -1.614111 1.124853
v -0.406139 -1.622000 1.132562
v -0.397684 -1.627774 1.122722
v -0.404567 -1.618112 1.113281
v -0.411759 -1.614111 1.124853
v -0.392368 -1.635550 1.112293
v -0.400045 -1.624775 1.101763
v -0.427323 -1.608617 1.131364
v -0.420513 -1.607851 1.118735
v -0.415287 -1.610445 1.105789
v -0.420513 -1.607851 1.118735
v -0.412002 -1.616223 1.093406
v -0.435123 -1.605775 1.128586
v -0.431542 -1.603831 1.114808
v -0.428795 -1.605523 1.100978
v -0.431542 -1.603831 1.114808
v -0.427068 -1.610733 1.088041
v -0.443769 -1.604795 1.127629
v -0.443769 -1.602446 1.113454
v -0.443769 -1.603826 1.099321
v -0.443769 -1.602446 1.113454
v -0.443769 -1.608841 1.086192
v -0.452415 -1.605775 1.128586
v -0.455996 -1.603831 1.114808
v -0.458743 -1.605523 1.100978
v -0.455996 -1.603831 1.114808
v -0.460470 -1.610733 1.088041
v -0.460215 -1.608617 1.131364
v -0.467025 -1.607851 1.118735
v -0.472251 -1.610445 1.105789
v -0.467025 -1.607851 1.118735
v -0.475537 -1.616223 1.093406
v -0.466405 -1.613044 1.135690
v -0.475779 -1.614111 1.124853
v -0.482971 -1.618112 1.113281
v -0.475779 -1.614111 1.124853
v -0.487493 -1.624775 1.101763
v -0.470379 -1.618622 1.141141
v -0.481399 -1.622000 1.132562
v -0.489854 -1.627774 1.122722
v -0.481399 -1.622000 1.132562
v -0.495170 -1.635550 1.112293
v -0.471748 -1.624806 1.147184
v -0.483335 -1.630744 1.141107
v -0.492226 -1.638483 1.133188
v -0.483335 -1.630744 1.141107
v -0.497815 -1.647495 1.123965
v -0.470379 -1.630990 1.153227
v -0.481399 -1.639489 1.149652
v -0.489854 -1.649193 1.143653
v -0.481399 -1.639489 1.149652
v -0.495170 -1.659440 1.135638
v -0.466405 -1.636568 1.158678
v -0.475779 -1.647377 1.157361
v -0.482971 -1.658854 1.153094
v -0.475779 -1.647377 1.157361
v -0.487493 -1.670216 1.146168
v -0.460215 -1.640995 1.163004
v -0.467025 -1.653638 1.163479
v -0.472251 -1.666521 1.160586
v -0.467025 -1.653638 1.163479
v -0.475537 -1.678767 1.154524
v -0.452415 -1.643838 1.165781
v -0.455996 -1.657657 1.167407
v -0.458743 -1.671444 1.165397
v -0.455996 -1.657657 1.167407
v -0.460470 -1.684258 1.159890
v -0.443769 -1.644817 1.166739
v -0.443769 -1.659042 1.168760
v -0.443769 -1.673140 1.167055
v -0.443769 -1.659042 1.168760
v -0.443769 -1.686150 1.161739
v -0.435123 -1.643838 1.165781
v -0.431542 -1.657657 1.167407
v -0.428795 -1.671444 1.165397
v -0.431542 -1.657657 1.167407
v -0.427068 -1.684258 1.159890
v -0.427323 -1.640995 1.163004
v -0.420513 -1.653638 1.163479
v -0.415287 -1.666521 1.160586
v -0.420513 -1.653638 1.163479
v -0.412002 -1.678767 1.154524
v -0.421134 -1.636568 1.158678
v -0.411759 -1.647377 1.157361
v -0.404567 -1.658854 1.153094
v -0.411759 -1.647377 1.157361
v -0.400045 -1.670216 1.146168
v -0.417159 -1.630990 1.153227
v -0.406140 -1.639489 1.149652
v -0.397684 -1.649193 1.143653
v -0.406140 -1.639489 1.149652
v -0.392368 -1.659440 1.135638
v -0.469034 -2.362305 0.133586
v -0.469034 -2.362305 0.159896
v -0.418504 -2.362305 0.159896
v -0.418504 -2.362305 0.133586
v -0.474308 -2.798512 0.159896
v -0.474308 -2.798512 0.133586
v -0.413230 -2.798512 0.133586
v -0.413230 -2.798512 0.159896
v -0.308453 -2.562648 0.159896
v -0.308453 -2.562648 0.133586
v -0.336284 -2.429151 0.133586
v -0.336284 -2.429151 0.159896
v -0.579085 -2.562648 0.133586
v -0.579085 -2.562648 0.159896
v -0.551254 -2.429151 0.159896
v -0.551254 -2.429151 0.133586
v -0.274186 -2.659468 0.159896
v -0.274186 -2.659468 0.133586
v -0.613352 -2.659468 0.133586
v -0.613352 -2.659468 0.159896
v -0.543830 -2.779884 0.159896
v -0.543830 -2.779884 0.133586
v -0.594724 -2.728990 0.159896
v -0.594724 -2.728990 0.133586
v -0.594724 -2.728990 0.159896
v -0.594724 -2.728990 0.133586
v -0.292814 -2.728990 0.159896
v -0.292814 -2.728990 0.133586
v -0.292814 -2.728990 0.159896
v -0.343708 -2.779884 0.159896
v -0.343708 -2.779884 0.133586
v -0.292814 -2.728990 0.133586
v -0.535351 -2.394757 0.159896
v -0.535351 -2.394757 0.133586
v -0.505950 -2.370852 0.159896
v -0.505950 -2.370852 0.133586
v -0.535351 -2.394757 0.133586
v -0.381588 -2.370852 0.159896
v -0.381588 -2.370852 0.133586
v -0.352187 -2.394757 0.159896
v -0.352187 -2.394757 0.133586
v -0.352187 -2.394757 0.133586
v -1.403579 -2.682751 0.039822
v -1.411526 -2.671595 0.028921
v -1.411526 -1.633644 1.091083
v -1.403579 -1.644800 1.101984
v -1.423905 -2.662742 0.020269
v -1.423905 -1.624791 1.082431
v -1.439502 -2.657058 0.014715
v -1.439503 -1.619107 1.076877
v -1.456793 -2.655099 0.012801
v -1.456793 -1.617149 1.074963
v -1.474083 -2.657058 0.014715
v -1.474083 -1.619107 1.076877
v -1.489681 -2.662742 0.020269
v -1.489681 -1.624791 1.082431
v -1.502059 -2.671595 0.028921
v -1.502059 -1.633644 1.091083
v -1.510007 -2.682751 0.039822
v -1.510007 -1.644800 1.101984
v -1.512745 -2.695117 0.051906
v -1.512745 -1.657166 1.114068
v -1.510007 -2.707483 0.063991
v -1.510007 -1.669533 1.126153
v -1.502059 -2.718639 0.074892
v -1.502059 -1.680688 1.137054
v -1.489681 -2.727492 0.083543
v -1.489681 -1.689541 1.145705
v -1.474083 -2.733176 0.089098
v -1.474083 -1.695226 1.151260
v -1.456793 -2.735135 0.091012
v -1.456793 -1.697184 1.153174
v -1.439502 -2.733176 0.089098
v -1.439503 -1.695226 1.151260
v -1.423905 -2.727492 0.083543
v -1.423905 -1.689541 1.145705
v -1.411526 -2.718639 0.074892
v -1.411526 -1.680688 1.137054
v -1.403579 -2.707483 0.063991
v -1.403579 -1.669533 1.126153
v -1.400841 -2.695117 0.051906
v -1.400841 -1.657166 1.114068
v -1.403579 -2.682751 0.039822
v -1.403579 -1.644800 1.101984
v -1.430183 -1.618622 1.141141
v -1.428814 -1.624806 1.147184
v -1.419163 -1.622000 1.132562
v -1.417227 -1.630744 1.141107
v -1.410707 -1.627774 1.122722
v -1.419163 -1.622000 1.132562
v -1.417227 -1.630744 1.141107
v -1.408336 -1.638483 1.133188
v -1.405392 -1.635550 1.112293
v -1.402747 -1.647495 1.123965
v -1.434157 -1.613044 1.135690
v -1.424783 -1.614111 1.124853
v -1.419163 -1.622000 1.132562
v -1.410707 -1.627774 1.122722
v -1.417590 -1.618112 1.113281
v -1.424783 -1.614111 1.124853
v -1.405392 -1.635550 1.112293
v -1.413069 -1.624775 1.101763
v -1.440347 -1.608617 1.131364
v -1.433537 -1.607851 1.118735
v -1.428311 -1.610445 1.105789
v -1.433537 -1.607851 1.118735
v -1.425025 -1.616223 1.093406
v -1.448147 -1.605775 1.128586
v -1.444566 -1.603831 1.114808
v -1.441819 -1.605523 1.100978
v -1.444566 -1.603831 1.114808
v -1.440092 -1.610733 1.088041
v -1.456793 -1.604795 1.127629
v -1.456793 -1.602446 1.113454
v -1.456793 -1.603826 1.099321
v -1.456793 -1.602446 1.113454
v -1.456793 -1.608841 1.086192
v -1.465439 -1.605775 1.128586
v -1.469019 -1.603831 1.114808
v -1.471767 -1.605523 1.100978
v -1.469019 -1.603831 1.114808
v -1.473494 -1.610733 1.088041
v -1.473238 -1.608617 1.131364
v -1.480049 -1.607851 1.118735
v -1.485275 -1.610445 1.105789
v -1.480049 -1.607851 1.118735
v -1.488560 -1.616223 1.093406
v -1.479429 -1.613044 1.135690
v -1.488802 -1.614111 1.124853
v -1.495995 -1.618112 1.113281
v -1.488802 -1.614111 1.124853
v -1.500517 -1.624775 1.101763
v -1.483402 -1.618622 1.141141
v -1.494422 -1.622000 1.132562
v -1.502878 -1.627774 1.122722
v -1.494422 -1.622000 1.132562
v -1.508194 -1.635550 1.112293
v -1.484772 -1.624806 1.147184
v -1.496359 -1.630744 1.141107
v -1.505250 -1.638483 1.133188
v -1.496359 -1.630744 1.141107
v -1.510839 -1.647495 1.123965
v -1.483402 -1.630990 1.153227
v -1.494422 -1.639489 1.149652
v -1.502878 -1.649193 1.143653
v -1.494422 -1.639489 1.149652
v -1.508194 -1.659440 1.135638
v -1.479429 -1.636568 1.158678
v -1.488802 -1.647377 1.157361
v -1.495995 -1.658854 1.153094
v -1.488802 -1.647377 1.157361
v -1.500517 -1.670216 1.146168
v -1.473238 -1.640995 1.163004
v -1.480049 -1.653638 1.163479
v -1.485275 -1.666521 1.160586
v -1.480049 -1.653638 1.163479
v -1.488560 -1.678767 1.154524
v -1.465439 -1.643838 1.165781
v -1.469019 -1.657657 1.167407
v -1.471767 -1.671444 1.165397
v -1.469019 -1.657657 1.167407
v -1.473494 -1.684258 1.159890
v -1.456793 -1.644817 1.166739
v -1.456793 -1.659042 1.168760
v -1.456793 -1.673140 1.167055
v -1.456793 -1.659042 1.168760
v -1.456793 -1.686150 1.161739
v -1.448147 -1.643838 1.165781
v -1.444566 -1.657657 1.167407
v -1.441819 -1.671444 1.165397
v -1.444566 -1.657657 1.167407
v -1.440092 -1.684258 1.159890
v -1.440347 -1.640995 1.163004
v -1.433537 -1.653638 1.163479
v -1.428311 -1.666521 1.160586
v -1.433537 -1.653638 1.163479
v -1.425025 -1.678767 1.154524
v -1.434157 -1.636568 1.158678
v -1.424783 -1.647377 1.157361
v -1.417590 -1.658854 1.153094
v -1.424783 -1.647377 1.157361
v -1.413069 -1.670216 1.146168
v -1.430183 -1.630990 1.153227
v -1.419163 -1.639489 1.149652
v -1.410707 -1.649193 1.143653
v -1.419163 -1.639489 1.149652
v -1.405392 -1.659440 1.135638
v -1.482058 -2.362305 0.133586
v -1.482058 -2.362305 0.159896
v -1.431528 -2.362305 0.159896
v -1.431528 -2.362305 0.133586
v -1.487332 -2.798512 0.159896
v -1.487332 -2.798512 0.133586
v -1.426254 -2.798512 0.133586
v -1.426254 -2.798512 0.159896
v -1.321477 -2.562648 0.159896
v -1.321477 -2.562648 0.133586
v -1.349308 -2.429151 0.133586
v -1.349308 -2.429151 0.159896
v -1.592109 -2.562648 0.133586
v -1.592109 -2.562648 0.159896
v -1.564277 -2.429151 0.159896
v -1.564277 -2.429151 0.133586
v -1.287210 -2.659468 0.159896
v -1.287210 -2.659468 0.133586
v -1.626376 -2.659468 0.133586
v -1.626376 -2.659468 0.159896
v -1.556854 -2.779884 0.159896
v -1.556854 -2.779884 0.133586
v -1.607748 -2.728990 0.159896
v -1.607748 -2.728990 0.133586
v -1.607748 -2.728990 0.159896
v -1.607748 -2.728990 0.133586
v -1.305838 -2.728990 0.159896
v -1.305838 -2.728990 0.133586
v -1.305838 -2.728990 0.159896
v -1.356732 -2.779884 0.159896
v -1.356732 -2.779884 0.133586
v -1.305838 -2.728990 0.133586
v -1.548375 -2.394757 0.159896
v -1.548375 -2.394757 0.133586
v -1.518974 -2.370852 0.159896
v -1.518974 -2.370852 0.133586
v -1.548375 -2.394757 0.133586
v -1.394612 -2.370852 0.159896
v -1.394612 -2.370852 0.133586
v -1.365211 -2.394757 0.159896
v -1.365211 -2.394757 0.133586
v -1.365211 -2.394757 0.133586
v -2.416603 -2.682751 0.039822
v -2.424551 -2.671595 0.028921
v -2.424551 -1.633644 1.091083
v -2.416603 -1.644800 1.101984
v -2.436929 -2.662742 0.020269
v -2.436929 -1.624791 1.082431
v -2.452527 -2.657058 0.014715
v -2.452527 -1.619107 1.076877
v -2.469817 -2.655099 0.012801
v -2.469817 -1.617149 1.074963
v -2.487108 -2.657058 0.014715
v -2.487108 -1.619107 1.076877
v -2.502705 -2.662742 0.020269
v -2.502705 -1.624791 1.082431
v -2.515084 -2.671595 0.028921
v -2.515084 -1.633644 1.091083
v -2.523031 -2.682751 0.039822
v -2.523031 -1.644800 1.101984
v -2.525769 -2.695117 0.051906
v -2.525770 -1.657166 1.114068
v -2.523031 -2.707483 0.063991
v -2.523031 -1.669533 1.126153
v -2.515084 -2.718639 0.074892
v -2.515084 -1.680688 1.137054
v -2.502705 -2.727492 0.083543
v -2.502705 -1.689541 1.145705
v -2.487108 -2.733176 0.089098
v -2.487108 -1.695226 1.151260
v -2.469817 -2.735135 0.091012
v -2.469817 -1.697184 1.153174
v -2.452527 -2.733176 0.089098
v -2.452527 -1.695226 1.151260
v -2.436929 -2.727492 0.083543
v -2.436929 -1.689541 1.145705
v -2.424551 -2.718639 0.074892
v -2.424551 -1.680688 1.137054
v -2.416603 -2.707483 0.063991
v -2.416603 -1.669533 1.126153
v -2.413865 -2.695117 0.051906
v -2.413865 -1.657166 1.114068
v -2.416603 -2.682751 0.039822
v -2.416603 -1.644800 1.101984
v -2.443208 -1.618622 1.141141
v -2.441838 -1.624806 1.147184
v -2.432188 -1.622000 1.132562
v -2.430251 -1.630744 1.141107
v -2.423732 -1.627774 1.122722
v -2.432188 -1.622000 1.132562
v -2.430251 -1.630744 1.141107
v -2.421360 -1.638483 1.133188
v -2.418416 -1.635550 1.112293
v -2.415771 -1.647495 1.123965
v -2.447182 -1.613044 1.135690
v -2.437808 -1.614111 1.124853
v -2.432188 -1.622000 1.132562
v -2.423732 -1.627774 1.122722
v -2.430615 -1.618112 1.113281
v -2.437808 -1.614111 1.124853
v -2.418416 -1.635550 1.112293
v -2.426093 -1.624775 1.101763
v -2.453372 -1.608617 1.131364
v -2.446561 -1.607851 1.118735
v -2.441335 -1.610445 1.105789
v -2.446561 -1.607851 1.118735
v -2.438050 -1.616223 1.093406
v -2.461171 -1.605775 1.128586
v -2.457591 -1.603831 1.114808
v -2.454843 -1.605523 1.100978
v -2.457591 -1.603831 1.114808
v -2.453116 -1.610733 1.088041
v -2.469817 -1.604795 1.127629
v -2.469817 -1.602446 1.113454
v -2.469817 -1.603826 1.099321
v -2.469817 -1.602446 1.113454
v -2.469817 -1.608841 1.086192
v -2.478463 -1.605775 1.128586
v -2.482044 -1.603831 1.114808
v -2.484791 -1.605523 1.100978
v -2.482044 -1.603831 1.114808
v -2.486518 -1.610733 1.088041
v -2.486263 -1.608617 1.131364
v -2.493073 -1.607851 1.118735
v -2.498300 -1.610445 1.105789
v -2.493073 -1.607851 1.118735
v -2.501585 -1.616223 1.093406
v -2.492453 -1.613044 1.135690
v -2.501827 -1.614111 1.124853
v -2.509020 -1.618112 1.113281
v -2.501827 -1.614111 1.124853
v -2.513541 -1.624775 1.101763
v -2.496427 -1.618622 1.141141
v -2.507447 -1.622000 1.132562
v -2.515903 -1.627774 1.122722
v -2.507447 -1.622000 1.132562
v -2.521218 -1.635550 1.112293
v -2.497796 -1.624806 1.147184
v -2.509383 -1.630744 1.141107
v -2.518274 -1.638483 1.133188
v -2.509383 -1.630744 1.141107
v -2.523863 -1.647495 1.123965
v -2.496427 -1.630990 1.153227
v -2.507447 -1.639489 1.149652
v -2.515903 -1.649193 1.143653
v -2.507447 -1.639489 1.149652
v -2.521218 -1.659440 1.135638
v -2.492453 -1.636568 1.158678
v -2.501827 -1.647377 1.157361
v -2.509020 -1.658854 1.153094
v -2.501827 -1.647377 1.157361
v -2.513541 -1.670216 1.146168
v -2.486263 -1.640995 1.163004
v -2.493073 -1.653638 1.163479
v -2.498300 -1.666521 1.160586
v -2.493073 -1.653638 1.163479
v -2.501585 -1.678767 1.154524
v -2.478463 -1.643838 1.165781
v -2.482044 -1.657657 1.167407
v -2.484791 -1.671444 1.165397
v -2.482044 -1.657657 1.167407
v -2.486518 -1.684258 1.159890
v -2.469817 -1.644817 1.166739
v -2.469817 -1.659042 1.168760
v -2.469817 -1.673140 1.167055
v -2.469817 -1.659042 1.168760
v -2.469817 -1.686150 1.161739
v -2.461171 -1.643838 1.165781
v -2.457591 -1.657657 1.167407
v -2.454843 -1.671444 1.165397
v -2.457591 -1.657657 1.167407
v -2.453116 -1.684258 1.159890
v -2.453372 -1.640995 1.163004
v -2.446561 -1.653638 1.163479
v -2.441335 -1.666521 1.160586
v -2.446561 -1.653638 1.163479
v -2.438050 -1.678767 1.154524
v -2.447182 -1.636568 1.158678
v -2.437808 -1.647377 1.157361
v -2.430615 -1.658854 1.153094
v -2.437808 -1.647377 1.157361
v -2.426093 -1.670216 1.146168
v -2.443208 -1.630990 1.153227
v -2.432188 -1.639489 1.149652
v -2.423732 -1.649193 1.143653
v -2.432188 -1.639489 1.149652
v -2.418416 -1.659440 1.135638
v -2.495082 -2.362305 0.133586
v -2.495082 -2.362305 0.159896
v -2.444552 -2.362305 0.159896
v -2.444552 -2.362305 0.133586
v -2.500356 -2.798512 0.159896
v -2.500356 -2.798512 0.133586
v -2.439278 -2.798512 0.133586
v -2.439278 -2.798512 0.159896
v -2.334501 -2.562648 0.159896
v -2.334501 -2.562648 0.133586
v -2.362333 -2.429151 0.133586
v -2.362333 -2.429151 0.159896
v -2.605133 -2.562648 0.133586
v -2.605133 -2.562648 0.159896
v -2.577302 -2.429151 0.159896
v -2.577302 -2.429151 0.133586
v -2.300234 -2.659468 0.159896
v -2.300234 -2.659468 0.133586
v -2.639400 -2.659468 0.133586
v -2.639400 -2.659468 0.159896
v -2.569878 -2.779884 0.159896
v -2.569878 -2.779884 0.133586
v -2.620772 -2.728990 0.159896
v -2.620772 -2.728990 0.133586
v -2.620772 -2.728990 0.159896
v -2.620772 -2.728990 0.133586
v -2.318862 -2.728990 0.159896
v -2.318862 -2.728990 0.133586
v -2.318862 -2.728990 0.159896
v -2.369756 -2.779884 0.159896
v -2.369756 -2.779884 0.133586
v -2.318862 -2.728990 0.133586
v -2.561399 -2.394757 0.159896
v -2.561399 -2.394757 0.133586
v -2.531998 -2.370852 0.159896
v -2.531998 -2.370852 0.133586
v -2.561399 -2.394757 0.133586
v -2.407636 -2.370852 0.159896
v -2.407636 -2.370852 0.133586
v -2.378235 -2.394757 0.159896
v -2.378235 -2.394757 0.133586
v -2.378235 -2.394757 0.133586
v 0.716367 1.043194 0.039822
v 0.708420 1.054350 0.028921
v 0.708420 2.658859 1.670857
v 0.716367 2.647703 1.681759
v 0.696041 1.063203 0.020269
v 0.696041 2.667712 1.662206
v 0.680444 1.068887 0.014715
v 0.680444 2.673396 1.656651
v 0.663153 1.070845 0.012801
v 0.663153 2.675354 1.654737
v 0.645863 1.068887 0.014715
v 0.645863 2.673396 1.656651
v 0.630265 1.063203 0.020269
v 0.630265 2.667712 1.662206
v 0.617887 1.054350 0.028921
v 0.617887 2.658859 1.670857
v 0.609940 1.043194 0.039822
v 0.609940 2.647703 1.681759
v 0.607201 1.030828 0.051906
v 0.607201 2.635337 1.693843
v 0.609940 1.018461 0.063991
v 0.609940 2.622971 1.705927
v 0.617887 1.007306 0.074892
v 0.617887 2.611815 1.716829
v 0.630265 0.998453 0.083543
v 0.630265 2.602962 1.725480
v 0.645863 0.992769 0.089098
v 0.645863 2.597278 1.731035
v 0.663153 0.990810 0.091012
v 0.663153 2.595319 1.732949
v 0.680444 0.992769 0.089098
v 0.680444 2.597278 1.731035
v 0.696041 0.998453 0.083543
v 0.696041 2.602962 1.725480
v 0.708420 1.007306 0.074892
v 0.708420 2.611815 1.716829
v 0.716367 1.018461 0.063991
v 0.716367 2.622971 1.705927
v 0.719106 1.030828 0.051906
v 0.719106 2.635337 1.693843
v 0.716367 1.043194 0.039822
v 0.716367 2.647703 1.681759
v 0.689763 2.691545 1.738991
v 0.691132 2.685361 1.745034
v 0.700783 2.684926 1.727095
v 0.702719 2.676182 1.735641
v 0.709239 2.674928 1.712933
v 0.700783 2.684926 1.727095
v 0.702719 2.676182 1.735641
v 0.711610 2.664218 1.723398
v 0.714554 2.662232 1.697469
v 0.717199 2.650287 1.709142
v 0.685789 2.697123 1.733540
v 0.695163 2.692815 1.719387
v 0.700783 2.684926 1.727095
v 0.709239 2.674928 1.712933
v 0.702356 2.684589 1.703492
v 0.695163 2.692815 1.719387
v 0.714554 2.662232 1.697469
v 0.706878 2.673007 1.686939
v 0.679599 2.701550 1.729214
v 0.686410 2.699075 1.713269
v 0.691636 2.692256 1.695999
v 0.686410 2.699075 1.713269
v 0.694921 2.681559 1.678583
v 0.671799 2.704393 1.726437
v 0.675380 2.703094 1.709341
v 0.678127 2.697179 1.691189
v 0.675380 2.703094 1.709341
v 0.679855 2.687049 1.673218
v 0.663153 2.705372 1.725479
v 0.663153 2.704480 1.707988
v 0.663153 2.698875 1.689531
v 0.663153 2.704480 1.707988
v 0.663153 2.688941 1.671369
v 0.654507 2.704393 1.726437
v 0.650927 2.703094 1.709341
v 0.648179 2.697179 1.691189
v 0.650927 2.703094 1.709341
v 0.646452 2.687049 1.673218
v 0.646708 2.701550 1.729214
v 0.639897 2.699075 1.713269
v 0.634671 2.692256 1.695999
v 0.639897 2.699075 1.713269
v 0.631386 2.681559 1.678583
v 0.640518 2.697123 1.733540
v 0.631144 2.692815 1.719387
v 0.623951 2.684589 1.703492
v 0.631144 2.692815 1.719387
v 0.619429 2.673007 1.686939
v 0.636544 2.691545 1.738991
v 0.625524 2.684926 1.727095
v 0.617068 2.674928 1.712933
v 0.625524 2.684926 1.727095
v 0.611753 2.662232 1.697469
v 0.635174 2.685361 1.745034
v 0.623587 2.676182 1.735641
v 0.614696 2.664218 1.723398
v 0.623587 2.676182 1.735641
v 0.609107 2.650287 1.709142
v 0.636544 2.679177 1.751077
v 0.625524 2.667437 1.744186
v 0.617068 2.653509 1.733864
v 0.625524 2.667437 1.744186
v 0.611753 2.638342 1.720815
v 0.640518 2.673599 1.756528
v 0.631144 2.659548 1.751895
v 0.623951 2.643847 1.743305
v 0.631144 2.659548 1.751895
v 0.619429 2.627567 1.731345
v 0.646708 2.669172 1.760854
v 0.639897 2.653288 1.758012
v 0.634671 2.636180 1.750797
v 0.639897 2.653288 1.758012
v 0.631386 2.619015 1.739701
v 0.654507 2.666330 1.763632
v 0.650927 2.649268 1.761940
v 0.648179 2.631258 1.755608
v 0.650927 2.649268 1.761940
v 0.646452 2.613524 1.745067
v 0.663153 2.665350 1.764589
v 0.663153 2.647883 1.763294
v 0.663153 2.629561 1.757265
v 0.663153 2.647883 1.763294
v 0.663153 2.611633 1.746915
v 0.671799 2.666330 1.763632
v 0.675380 2.649268 1.761940
v 0.678127 2.631258 1.755608
v 0.675380 2.649268 1.761940
v 0.679855 2.613524 1.745067
v 0.679599 2.669172 1.760854
v 0.686410 2.653288 1.758012
v 0.691636 2.636180 1.750797
v 0.686410 2.653288 1.758012
v 0.694921 2.619015 1.739701
v 0.685789 2.673599 1.756528
v 0.695163 2.659548 1.751895
v 0.702356 2.643847 1.743305
v 0.695163 2.659548 1.751895
v 0.706878 2.627567 1.731345
v 0.689763 2.679177 1.751077
v 0.700783 2.667437 1.744186
v 0.709239 2.653509 1.733864
v 0.700783 2.667437 1.744186
v 0.714554 2.638342 1.720815
v 0.637889 1.363640 0.133586
v 0.637889 1.363640 0.159896
v 0.688418 1.363640 0.159896
v 0.688418 1.363640 0.133586
v 0.632614 0.927432 0.159896
v 0.632614 0.927432 0.133586
v 0.693692 0.927432 0.133586
v 0.693692 0.927432 0.159896
v 0.798469 1.163297 0.159896
v 0.798469 1.163297 0.133586
v 0.770638 1.296794 0.133586
v 0.770638 1.296794 0.159896
v 0.527837 1.163297 0.133586
v 0.527837 1.163297 0.159896
v 0.555669 1.296794 0.159896
v 0.555669 1.296794 0.133586
v 0.832737 1.066477 0.159896
v 0.832737 1.066477 0.133586
v 0.493570 1.066477 0.133586
v 0.493570 1.066477 0.159896
v 0.563092 0.946061 0.159896
v 0.563092 0.946061 0.133586
v 0.512199 0.996955 0.159896
v 0.512199 0.996955 0.133586
v 0.512199 0.996955 0.159896
v 0.512199 0.996955 0.133586
v 0.814108 0.996955 0.159896
v 0.814108 0.996955 0.133586
v 0.814108 0.996955 0.159896
v 0.763215 0.946061 0.159896
v 0.763215 0.946061 0.133586
v 0.814108 0.996955 0.133586
v 0.571571 1.331188 0.159896
v 0.571571 1.331188 0.133586
v 0.600973 1.355092 0.159896
v 0.600973 1.355092 0.133586
v 0.571571 1.331188 0.133586
v 0.725334 1.355092 0.159896
v 0.725334 1.355092 0.133586
v 0.754736 1.331188 0.159896
v 0.754736 1.331188 0.133586
v 0.754736 1.331188 0.133586
v 2.060180 1.043194 0.039822
v 2.052233 1.054350 0.028921
v 2.052233 2.658859 1.670857
v 2.060180 2.647703 1.681759
v 2.039854 1.063203 0.020269
v 2.039854 2.667712 1.662206
v 2.024257 1.068887 0.014715
v 2.024257 2.673396 1.656651
v 2.006966 1.070845 0.012801
v 2.006966 2.675354 1.654737
v 1.989676 1.068887 0.014715
v 1.989676 2.673396 1.656651
v 1.974078 1.063203 0.020269
v 1.974078 2.667712 1.662206
v 1.961700 1.054350 0.028921
v 1.961700 2.658859 1.670857
v 1.953752 1.043194 0.039822
v 1.953752 2.647703 1.681759
v 1.951014 1.030828 0.051906
v 1.951014 2.635337 1.693843
v 1.953752 1.018461 0.063991
v 1.953752 2.622971 1.705927
v 1.961700 1.007306 0.074892
v 1.961700 2.611815 1.716829
v 1.974078 0.998453 0.083543
v 1.974078 2.602962 1.725480
v 1.989676 0.992769 0.089098
v 1.989676 2.597278 1.731035
v 2.006966 0.990810 0.091012
v 2.006966 2.595319 1.732949
v 2.024257 0.992769 0.089098
v 2.024257 2.597278 1.731035
v 2.039854 0.998453 0.083543
v 2.039854 2.602962 1.725480
v 2.052233 1.007306 0.074892
v 2.052233 2.611815 1.716829
v 2.060180 1.018461 0.063991
v 2.060180 2.622971 1.705927
v 2.062919 1.030828 0.051906
v 2.062919 2.635337 1.693843
v 2.060180 1.043194 0.039822
v 2.060180 2.647703 1.681759
v 2.033576 2.691545 1.738991
v 2.034945 2.685361 1.745034
v 2.044596 2.684926 1.727095
v 2.046532 2.676182 1.735641
v 2.053052 2.674928 1.712933
v 2.044596 2.684926 1.727095
v 2.046532 2.676182 1.735641
v 2.055423 2.664218 1.723398
v 2.058367 2.662232 1.697469
v 2.061013 2.650287 1.709142
v 2.029602 2.697123 1.733540
v 2.038976 2.692815 1.719387
v 2.044596 2.684926 1.727095
v 2.053052 2.674928 1.712933
v 2.046169 2.684589 1.703492
v 2.038976 2.692815 1.719387
v 2.058367 2.662232 1.697469
v 2.050691 2.673007 1.686939
v 2.023412 2.701550 1.729214
v 2.030223 2.699075 1.713269
v 2.035449 2.692256 1.695999
v 2.030223 2.699075 1.713269
v 2.038734 2.681559 1.678583
v 2.015612 2.704393 1.726437
v 2.019193 2.703094 1.709341
v 2.021940 2.697179 1.691189
v 2.019193 2.703094 1.709341
v 2.023668 2.687049 1.673218
v 2.006966 2.705372 1.725479
v 2.006966 2.704480 1.707988
v 2.006966 2.698875 1.689531
v 2.006966 2.704480 1.707988
v 2.006966 2.688941 1.671369
v 1.998320 2.704393 1.726437
v 1.994740 2.703094 1.709341
v 1.991992 2.697179 1.691189
v 1.994740 2.703094 1.709341
v 1.990265 2.687049 1.673218
v 1.990521 2.701550 1.729214
v 1.983710 2.699075 1.713269
v 1.978484 2.692256 1.695999
v 1.983710 2.699075 1.713269
v 1.975199 2.681559 1.678583
v 1.984331 2.697123 1.733540
v 1.974957 2.692815 1.719387
v 1.967764 2.684589 1.703492
v 1.974957 2.692815 1.719387
v 1.963242 2.673007 1.686939
v 1.980357 2.691545 1.738991
v 1.969337 2.684926 1.727095
v 1.960881 2.674928 1.712933
v 1.969337 2.684926 1.727095
v 1.955565 2.662232 1.697469
v 1.978987 2.685361 1.745034
v 1.967400 2.676182 1.735641
v 1.958509 2.664218 1.723398
v 1.967400 2.676182 1.735641
v 1.952920 2.650287 1.709142
v 1.980357 2.679177 1.751077
v 1.969337 2.667437 1.744186
v 1.960881 2.653509 1.733864
v 1.969337 2.667437 1.744186
v 1.955565 2.638342 1.720815
v 1.984331 2.673599 1.756528
v 1.974957 2.659548 1.751895
v 1.967764 2.643847 1.743305
v 1.974957 2.659548 1.751895
v 1.963242 2.627567 1.731345
v 1.990521 2.669172 1.760854
v 1.983710 2.653288 1.758012
v 1.978484 2.636180 1.750797
v 1.983710 2.653288 1.758012
v 1.975199 2.619015 1.739701
v 1.998320 2.666330 1.763632
v 1.994740 2.649268 1.761940
v 1.991992 2.631258 1.755608
v 1.994740 2.649268 1.761940
v 1.990265 2.613524 1.745067
v 2.006966 2.665350 1.764589
v 2.006966 2.647883 1.763294
v 2.006966 2.629561 1.757265
v 2.006966 2.647883 1.763294
v 2.006966 2.611633 1.746915
v 2.015612 2.666330 1.763632
v 2.019193 2.649268 1.761940
v 2.021940 2.631258 1.755608
v 2.019193 2.649268 1.761940
v 2.023668 2.613524 1.745067
v 2.023412 2.669172 1.760854
v 2.030223 2.653288 1.758012
v 2.035449 2.636180 1.750797
v 2.030223 2.653288 1.758012
v 2.038734 2.619015 1.739701
v 2.029602 2.673599 1.756528
v 2.038976 2.659548 1.751895
v 2.046169 2.643847 1.743305
v 2.038976 2.659548 1.751895
v 2.050691 2.627567 1.731345
v 2.033576 2.679177 1.751077
v 2.044596 2.667437 1.744186
v 2.053052 2.653509 1.733864
v 2.044596 2.667437 1.744186
v 2.058367 2.638342 1.720815
v 1.981701 1.363640 0.133586
v 1.981701 1.363640 0.159896
v 2.032231 1.363640 0.159896
v 2.032231 1.363640 0.133586
v 1.976427 0.927432 0.159896
v 1.976427 0.927432 0.133586
v 2.037505 0.927432 0.133586
v 2.037505 0.927432 0.159896
v 2.142282 1.163297 0.159896
v 2.142282 1.163297 0.133586
v 2.114451 1.296794 0.133586
v 2.114451 1.296794 0.159896
v 1.871650 1.163297 0.133586
v 1.871650 1.163297 0.159896
v 1.899482 1.296794 0.159896
v 1.899482 1.296794 0.133586
v 2.176550 1.066477 0.159896
v 2.176550 1.066477 0.133586
v 1.837383 1.066477 0.133586
v 1.837383 1.066477 0.159896
v 1.906905 0.946061 0.159896
v 1.906905 0.946061 0.133586
v 1.856011 0.996955 0.159896
v 1.856011 0.996955 0.133586
v 1.856011 0.996955 0.159896
v 1.856011 0.996955 0.133586
v 2.157921 0.996955 0.159896
v 2.157921 0.996955 0.133586
v 2.157921 0.996955 0.159896
v 2.107028 0.946061 0.159896
v 2.107028 0.946061 0.133586
v 2.157921 0.996955 0.133586
v 1.915384 1.331188 0.159896
v 1.915384 1.331188 0.133586
v 1.944786 1.355092 0.159896
v 1.944786 1.355092 0.133586
v 1.915384 1.331188 0.133586
v 2.069147 1.355092 0.159896
v 2.069147 1.355092 0.133586
v 2.098548 1.331188 0.159896
v 2.098548 1.331188 0.133586
v 2.098548 1.331188 0.133586
v -0.627445 1.043194 0.039822
v -0.635393 1.054350 0.028921
v -0.635393 2.658859 1.670857
v -0.627445 2.647703 1.681759
v -0.647771 1.063203 0.020269
v -0.647771 2.667712 1.662206
v -0.663369 1.068887 0.014715
v -0.663369 2.673396 1.656651
v -0.680659 1.070845 0.012801
v -0.680659 2.675354 1.654737
v -0.697950 1.068887 0.014715
v -0.697950 2.673396 1.656651
v -0.713547 1.063203 0.020269
v -0.713547 2.667712 1.662206
v -0.725926 1.054350 0.028921
v -0.725926 2.658859 1.670857
v -0.733873 1.043194 0.039822
v -0.733873 2.647703 1.681759
v -0.736612 1.030828 0.051906
v -0.736612 2.635337 1.693843
v -0.733873 1.018461 0.063991
v -0.733873 2.622971 1.705927
v -0.725926 1.007306 0.074892
v -0.725926 2.611815 1.716829
v -0.713547 0.998453 0.083543
v -0.713547 2.602962 1.725480
v -0.697950 0.992769 0.089098
v -0.697950 2.597278 1.731035
v -0.680659 0.990810 0.091012
v -0.680659 2.595319 1.732949
v -0.663369 0.992769 0.089098
v -0.663369 2.597278 1.731035
v -0.647771 0.998453 0.083543
v -0.647771 2.602962 1.725480
v -0.635393 1.007306 0.074892
v -0.635393 2.611815 1.716829
v -0.627445 1.018461 0.063991
v -0.627445 2.622971 1.705927
v -0.624707 1.030828 0.051906
v -0.624707 2.635337 1.693843
v -0.627445 1.043194 0.039822
v -0.627445 2.647703 1.681759
v -0.654050 2.691545 1.738991
v -0.652680 2.685361 1.745034
v -0.643030 2.684926 1.727095
v -0.641093 2.676182 1.735641
v -0.634574 2.674928 1.712933
v -0.643030 2.684926 1.727095
v -0.641093 2.676182 1.735641
v -0.632202 2.664218 1.723398
v -0.629258 2.662232 1.697469
v -0.626613 2.650287 1.709142
v -0.658024 2.697123 1.733540
v -0.648650 2.692815 1.719387
v -0.643030 2.684926 1.727095
v -0.634574 2.674928 1.712933
v -0.641457 2.684589 1.703492
v -0.648650 2.692815 1.719387
v -0.629258 2.662232 1.697469
v -0.636935 2.673007 1.686939
v -0.664214 2.701550 1.729214
v -0.657403 2.699075 1.713269
v -0.652177 2.692256 1.695999
v -0.657403 2.699075 1.713269
v -0.648892 2.681559 1.678583
v -0.672013 2.704393 1.726437
v -0.668433 2.703094 1.709341
v -0.665685 2.697179 1.691189
v -0.668433 2.703094 1.709341
v -0.663958 2.687049 1.673218
v -0.680659 2.705372 1.725479
v -0.680659 2.704480 1.707988
v -0.680659 2.698875 1.689531
v -0.680659 2.704480 1.707988
v -0.680659 2.688941 1.671369
v -0.689305 2.704393 1.726437
v -0.692886 2.703094 1.709341
v -0.695633 2.697179 1.691189
v -0.692886 2.703094 1.709341
v -0.697361 2.687049 1.673218
v -0.697105 2.701550 1.729214
v -0.703916 2.699075 1.713269
v -0.709142 2.692256 1.695999
v -0.703916 2.699075 1.713269
v -0.712427 2.681559 1.678583
v -0.703295 2.697123 1.733540
v -0.712669 2.692815 1.719387
v -0.719862 2.684589 1.703492
v -0.712669 2.692815 1.719387
v -0.724384 2.673007 1.686939
v -0.707269 2.691545 1.738991
v -0.718289 2.684926 1.727095
v -0.726745 2.674928 1.712933
v -0.718289 2.684926 1.727095
v -0.732060 2.662232 1.697469
v -0.708638 2.685361 1.745034
v -0.720225 2.676182 1.735641
v -0.729116 2.664218 1.723398
v -0.720225 2.676182 1.735641
v -0.734705 2.650287 1.709142
v -0.707269 2.679177 1.751077
v -0.718289 2.667437 1.744186
v -0.726745 2.653509 1.733864
v -0.718289 2.667437 1.744186
v -0.732060 2.638342 1.720815
v -0.703295 2.673599 1.756528
v -0.712669 2.659548 1.751895
v -0.719862 2.643847 1.743305
v -0.712669 2.659548 1.751895
v -0.724384 2.627567 1.731345
v -0.697105 2.669172 1.760854
v -0.703916 2.653288 1.758012
v -0.709142 2.636180 1.750797
v -0.703916 2.653288 1.758012
v -0.712427 2.619015 1.739701
v -0.689305 2.666330 1.763632
v -0.692886 2.649268 1.761940
v -0.695633 2.631258 1.755608
v -0.692886 2.649268 1.761940
v -0.697361 2.613524 1.745067
v -0.680659 2.665350 1.764589
v -0.680659 2.647883 1.763294
v -0.680659 2.629561 1.757265
v -0.680659 2.647883 1.763294
v -0.680659 2.611633 1.746915
v -0.672013 2.666330 1.763632
v -0.668433 2.649268 1.761940
v -0.665685 2.631258 1.755608
v -0.668433 2.649268 1.761940
v -0.663958 2.613524 1.745067
v -0.664214 2.669172 1.760854
v -0.657403 2.653288 1.758012
v -0.652177 2.636180 1.750797
v -0.657403 2.653288 1.758012
v -0.648892 2.619015 1.739701
v -0.658024 2.673599 1.756528
v -0.648650 2.659548 1.751895
v -0.641457 2.643847 1.743305
v -0.648650 2.659548 1.751895
v -0.636935 2.627567 1.731345
v -0.654050 2.679177 1.751077
v -0.643030 2.667437 1.744186
v -0.634574 2.653509 1.733864
v -0.643030 2.667437 1.744186
v -0.629259 2.638342 1.720815
v -0.705924 1.363640 0.133586
v -0.705924 1.363640 0.159896
v -0.655394 1.363640 0.159896
v -0.655394 1.363640 0.133586
v -0.711198 0.927432 0.159896
v -0.711198 0.927432 0.133586
v -0.650120 0.927432 0.133586
v -0.650120 0.927432 0.159896
v -0.545343 1.163297 0.159896
v -0.545343 1.163297 0.133586
v -0.573175 1.296794 0.133586
v -0.573175 1.296794 0.159896
v -0.815975 1.163297 0.133586
v -0.815975 1.163297 0.159896
v -0.788144 1.296794 0.159896
v -0.788144 1.296794 0.133586
v -0.511076 1.066477 0.159896
v -0.511076 1.066477 0.133586
v -0.850243 1.066477 0.133586
v -0.850243 1.066477 0.159896
v -0.780720 0.946061 0.159896
v -0.780720 0.946061 0.133586
v -0.831614 0.996955 0.159896
v -0.831614 0.996955 0.133586
v -0.831614 0.996955 0.159896
v -0.831614 0.996955 0.133586
v -0.529704 0.996955 0.159896
v -0.529704 0.996955 0.133586
v -0.529704 0.996955 0.159896
v -0.580598 0.946061 0.159896
v -0.580598 0.946061 0.133586
v -0.529704 0.996955 0.133586
v -0.772242 1.331188 0.159896
v -0.772242 1.331188 0.133586
v -0.742840 1.355092 0.159896
v -0.742840 1.355092 0.133586
v -0.772242 1.331188 0.133586
v -0.618479 1.355092 0.159896
v -0.618479 1.355092 0.133586
v -0.589077 1.331188 0.159896
v -0.589077 1.331188 0.133586
v -0.589077 1.331188 0.133586
v 1.682341 -1.114404 0.159896
v 1.733234 -1.063510 0.159896
v 1.751863 -0.993988 0.159896
v 1.717595 -0.897167 0.159896
v 1.446963 -0.897167 0.159896
v 1.412696 -0.993988 0.159896
v 1.431324 -1.063510 0.159896
v 1.482218 -1.114404 0.159896
v 1.551741 -1.133032 0.159896
v 1.612818 -1.133032 0.159896
v 1.551741 -1.133032 0.133586
v 1.482218 -1.114404 0.133586
v 1.431324 -1.063510 0.133586
v 1.412696 -0.993988 0.133586
v 1.446963 -0.897167 0.133586
v 1.717595 -0.897167 0.133586
v 1.751863 -0.993988 0.133586
v 1.733234 -1.063510 0.133586
v 1.682341 -1.114404 0.133586
v 1.612818 -1.133032 0.133586
v 1.557014 -0.696824 0.159896
v 1.520099 -0.705372 0.159896
v 1.490697 -0.729276 0.159896
v 1.474795 -0.763671 0.159896
v 1.689764 -0.763671 0.159896
v 1.673862 -0.729276 0.159896
v 1.644460 -0.705372 0.159896
v 1.607544 -0.696824 0.159896
v 1.689764 -0.763671 0.133586
v 1.474795 -0.763671 0.133586
v 1.490697 -0.729276 0.133586
v 1.520099 -0.705372 0.133586
v 1.557014 -0.696824 0.133586
v 1.607544 -0.696824 0.133586
v 1.644460 -0.705372 0.133586
v 1.673862 -0.729276 0.133586
v 3.708389 -1.114404 0.159896
v 3.759283 -1.063510 0.159896
v 3.777911 -0.993988 0.159896
v 3.743644 -0.897167 0.159896
v 3.473012 -0.897167 0.159896
v 3.438744 -0.993988 0.159896
v 3.457373 -1.063510 0.159896
v 3.508266 -1.114404 0.159896
v 3.577789 -1.133032 0.159896
v 3.638866 -1.133032 0.159896
v 3.577789 -1.133032 0.133586
v 3.508266 -1.114404 0.133586
v 3.457373 -1.063510 0.133586
v 3.438744 -0.993988 0.133586
v 3.473012 -0.897167 0.133586
v 3.743644 -0.897167 0.133586
v 3.777911 -0.993988 0.133586
v 3.759283 -1.063510 0.133586
v 3.708389 -1.114404 0.133586
v 3.638866 -1.133032 0.133586
v 3.583063 -0.696824 0.159896
v 3.546147 -0.705372 0.159896
v 3.516745 -0.729276 0.159896
v 3.500843 -0.763671 0.159896
v 3.715812 -0.763671 0.159896
v 3.699910 -0.729276 0.159896
v 3.670508 -0.705372 0.159896
v 3.633593 -0.696824 0.159896
v 3.715812 -0.763671 0.133586
v 3.500843 -0.763671 0.133586
v 3.516745 -0.729276 0.133586
v 3.546147 -0.705372 0.133586
v 3.583063 -0.696824 0.133586
v 3.633593 -0.696824 0.133586
v 3.670508 -0.705372 0.133586
v 3.699910 -0.729276 0.133586
v -3.382780 -2.779884 0.159896
v -3.331887 -2.728990 0.159896
v -3.313258 -2.659468 0.159896
v -3.347526 -2.562648 0.159896
v -3.618157 -2.562648 0.159896
v -3.652425 -2.659468 0.159896
v -3.633796 -2.728990 0.159896
v -3.582903 -2.779884 0.159896
v -3.513380 -2.798512 0.159896
v -3.452303 -2.798512 0.159896
v -3.513380 -2.798512 0.133586
v -3.582903 -2.779884 0.133586
v -3.633796 -2.728990 0.133586
v -3.652425 -2.659468 0.133586
v -3.618157 -2.562648 0.133586
v -3.347526 -2.562648 0.133586
v -3.313258 -2.659468 0.133586
v -3.331887 -2.728990 0.133586
v -3.382780 -2.779884 0.133586
v -3.452303 -2.798512 0.133586
v -3.508106 -2.362305 0.159896
v -3.545022 -2.370852 0.159896
v -3.574424 -2.394757 0.159896
v -3.590326 -2.429151 0.159896
v -3.375357 -2.429151 0.159896
v -3.391259 -2.394757 0.159896
v -3.420661 -2.370852 0.159896
v -3.457577 -2.362305 0.159896
v -3.375357 -2.429151 0.133586
v -3.590326 -2.429151 0.133586
v -3.574424 -2.394757 0.133586
v -3.545022 -2.370852 0.133586
v -3.508106 -2.362305 0.133586
v -3.457577 -2.362305 0.133586
v -3.420661 -2.370852 0.133586
v -3.391259 -2.394757 0.133586
v -3.268224 0.946061 0.159896
v -3.217330 0.996955 0.159896
v -3.198702 1.066477 0.159896
v -3.232969 1.163297 0.159896
v -3.503601 1.163297 0.159896
v -3.537868 1.066477 0.159896
v -3.519240 0.996955 0.159896
v -3.468346 0.946061 0.159896
v -3.398824 0.927432 0.159896
v -3.337746 0.927432 0.159896
v -3.398824 0.927432 0.133586
v -3.468346 0.946061 0.133586
v -3.519240 0.996955 0.133586
v -3.537868 1.066477 0.133586
v -3.503601 1.163297 0.133586
v -3.232969 1.163297 0.133586
v -3.198702 1.066477 0.133586
v -3.217330 0.996955 0.133586
v -3.268224 0.946061 0.133586
v -3.337746 0.927432 0.133586
v -3.393550 1.363640 0.159896
v -3.430466 1.355092 0.159896
v -3.459867 1.331188 0.159896
v -3.475770 1.296794 0.159896
v -3.260800 1.296794 0.159896
v -3.276703 1.331188 0.159896
v -3.306104 1.355092 0.159896
v -3.343020 1.363640 0.159896
v -3.260800 1.296794 0.133586
v -3.475770 1.296794 0.133586
v -3.459867 1.331188 0.133586
v -3.430466 1.355092 0.133586
v -3.393550 1.363640 0.133586
v -3.343020 1.363640 0.133586
v -3.306104 1.355092 0.133586
v -3.276703 1.331188 0.133586
v 0.669316 -2.779884 0.159896
v 0.720210 -2.728990 0.159896
v 0.738838 -2.659468 0.159896
v 0.704571 -2.562648 0.159896
v 0.433939 -2.562648 0.159896
v 0.399672 -2.659468 0.159896
v 0.418300 -2.728990 0.159896
v 0.469194 -2.779884 0.159896
v 0.538716 -2.798512 0.159896
v 0.599794 -2.798512 0.159896
v 0.538716 -2.798512 0.133586
v 0.469194 -2.779884 0.133586
v 0.418300 -2.728990 0.133586
v 0.399672 -2.659468 0.133586
v 0.433939 -2.562648 0.133586
v 0.704571 -2.562648 0.133586
v 0.738838 -2.659468 0.133586
v 0.720210 -2.728990 0.133586
v 0.669316 -2.779884 0.133586
v 0.599794 -2.798512 0.133586
v 0.543990 -2.362305 0.159896
v 0.507074 -2.370852 0.159896
v 0.477673 -2.394757 0.159896
v 0.461771 -2.429151 0.159896
v 0.676740 -2.429151 0.159896
v 0.660837 -2.394757 0.159896
v 0.631436 -2.370852 0.159896
v 0.594520 -2.362305 0.159896
v 0.676740 -2.429151 0.133586
v 0.461771 -2.429151 0.133586
v 0.477673 -2.394757 0.133586
v 0.507074 -2.370852 0.133586
v 0.543990 -2.362305 0.133586
v 0.594520 -2.362305 0.133586
v 0.631436 -2.370852 0.133586
v 0.660837 -2.394757 0.133586
v 1.682341 -2.779884 0.159896
v 1.733234 -2.728990 0.159896
v 1.751863 -2.659468 0.159896
v 1.717595 -2.562648 0.159896
v 1.446963 -2.562648 0.159896
v 1.412696 -2.659468 0.159896
v 1.431324 -2.728990 0.159896
v 1.482218 -2.779884 0.159896
v 1.551741 -2.798512 0.159896
v 1.612818 -2.798512 0.159896
v 1.551741 -2.798512 0.133586
v 1.482218 -2.779884 0.133586
v 1.431324 -2.728990 0.133586
v 1.412696 -2.659468 0.133586
v 1.446963 -2.562648 0.133586
v 1.717595 -2.562648 0.133586
v 1.751863 -2.659468 0.133586
v 1.733234 -2.728990 0.133586
v 1.682341 -2.779884 0.133586
v 1.612818 -2.798512 0.133586
v 1.557014 -2.362305 0.159896
v 1.520099 -2.370852 0.159896
v 1.490697 -2.394757 0.159896
v 1.474795 -2.429151 0.159896
v 1.689764 -2.429151 0.159896
v 1.673862 -2.394757 0.159896
v 1.644460 -2.370852 0.159896
v 1.607544 -2.362305 0.159896
v 1.689764 -2.429151 0.133586
v 1.474795 -2.429151 0.133586
v 1.490697 -2.394757 0.133586
v 1.520099 -2.370852 0.133586
v 1.557014 -2.362305 0.133586
v 1.607544 -2.362305 0.133586
v 1.644460 -2.370852 0.133586
v 1.673862 -2.394757 0.133586
v 2.695364 -2.779884 0.159896
v 2.746258 -2.728990 0.159896
v 2.764887 -2.659468 0.159896
v 2.730619 -2.562648 0.159896
v 2.459988 -2.562648 0.159896
v 2.425720 -2.659468 0.159896
v 2.444348 -2.728990 0.159896
v 2.495242 -2.779884 0.159896
v 2.564764 -2.798512 0.159896
v 2.625842 -2.798512 0.159896
v 2.564764 -2.798512 0.133586
v 2.495242 -2.779884 0.133586
v 2.444348 -2.728990 0.133586
v 2.425720 -2.659468 0.133586
v 2.459988 -2.562648 0.133586
v 2.730619 -2.562648 0.133586
v 2.764887 -2.659468 0.133586
v 2.746258 -2.728990 0.133586
v 2.695364 -2.779884 0.133586
v 2.625842 -2.798512 0.133586
v 2.570038 -2.362305 0.159896
v 2.533123 -2.370852 0.159896
v 2.503721 -2.394757 0.159896
v 2.487819 -2.429151 0.159896
v 2.702788 -2.429151 0.159896
v 2.686886 -2.394757 0.159896
v 2.657484 -2.370852 0.159896
v 2.620568 -2.362305 0.159896
v 2.702788 -2.429151 0.133586
v 2.487819 -2.429151 0.133586
v 2.503721 -2.394757 0.133586
v 2.533123 -2.370852 0.133586
v 2.570038 -2.362305 0.133586
v 2.620568 -2.362305 0.133586
v 2.657484 -2.370852 0.133586
v 2.686886 -2.394757 0.133586
v 3.708389 -2.779884 0.159896
v 3.759283 -2.728990 0.159896
v 3.777911 -2.659468 0.159896
v 3.743644 -2.562648 0.159896
v 3.473012 -2.562648 0.159896
v 3.438744 -2.659468 0.159896
v 3.457373 -2.728990 0.159896
v 3.508266 -2.779884 0.159896
v 3.577789 -2.798512 0.159896
v 3.638866 -2.798512 0.159896
v 3.577789 -2.798512 0.133586
v 3.508266 -2.779884 0.133586
v 3.457373 -2.728990 0.133586
v 3.438744 -2.659468 0.133586
v 3.473012 -2.562648 0.133586
v 3.743644 -2.562648 0.133586
v 3.777911 -2.659468 0.133586
v 3.759283 -2.728990 0.133586
v 3.708389 -2.779884 0.133586
v 3.638866 -2.798512 0.133586
v 3.583063 -2.362305 0.159896
v 3.546147 -2.370852 0.159896
v 3.516745 -2.394757 0.159896
v 3.500843 -2.429151 0.159896
v 3.715812 -2.429151 0.159896
v 3.699910 -2.394757 0.159896
v 3.670508 -2.370852 0.159896
v 3.633593 -2.362305 0.159896
v 3.715812 -2.429151 0.133586
v 3.500843 -2.429151 0.133586
v 3.516745 -2.394757 0.133586
v 3.546147 -2.370852 0.133586
v 3.583063 -2.362305 0.133586
v 3.633593 -2.362305 0.133586
v 3.670508 -2.370852 0.133586
v 3.699910 -2.394757 0.133586
v -0.343708 -1.114404 0.159896
v -0.292814 -1.063510 0.159896
v -0.274186 -0.993988 0.159896
v -0.308453 -0.897167 0.159896
v -0.579085 -0.897167 0.159896
v -0.613352 -0.993988 0.159896
v -0.594724 -1.063510 0.159896
v -0.543830 -1.114404 0.159896
v -0.474308 -1.133032 0.159896
v -0.413230 -1.133032 0.159896
v -0.474308 -1.133032 0.133586
v -0.543830 -1.114404 0.133586
v -0.594724 -1.063510 0.133586
v -0.613352 -0.993988 0.133586
v -0.579085 -0.897167 0.133586
v -0.308453 -0.897167 0.133586
v -0.274186 -0.993988 0.133586
v -0.292814 -1.063510 0.133586
v -0.343708 -1.114404 0.133586
v -0.413230 -1.133032 0.133586
v -0.469034 -0.696824 0.159896
v -0.505950 -0.705372 0.159896
v -0.535351 -0.729276 0.159896
v -0.551254 -0.763671 0.159896
v -0.336284 -0.763671 0.159896
v -0.352187 -0.729276 0.159896
v -0.381588 -0.705372 0.159896
v -0.418504 -0.696824 0.159896
v -0.336284 -0.763671 0.133586
v -0.551254 -0.763671 0.133586
v -0.535351 -0.729276 0.133586
v -0.505950 -0.705372 0.133586
v -0.469034 -0.696824 0.133586
v -0.418504 -0.696824 0.133586
v -0.381588 -0.705372 0.133586
v -0.352187 -0.729276 0.133586
v 0.669316 -1.114404 0.159896
v 0.720210 -1.063510 0.159896
v 0.738838 -0.993988 0.159896
v 0.704571 -0.897167 0.159896
v 0.433939 -0.897167 0.159896
v 0.399672 -0.993988 0.159896
v 0.418300 -1.063510 0.159896
v 0.469194 -1.114404 0.159896
v 0.538716 -1.133032 0.159896
v 0.599794 -1.133032 0.159896
v 0.538716 -1.133032 0.133586
v 0.469194 -1.114404 0.133586
v 0.418300 -1.063510 0.133586
v 0.399672 -0.993988 0.133586
v 0.433939 -0.897167 0.133586
v 0.704571 -0.897167 0.133586
v 0.738838 -0.993988 0.133586
v 0.720210 -1.063510 0.133586
v 0.669316 -1.114404 0.133586
v 0.599794 -1.133032 0.133586
v 0.543990 -0.696824 0.159896
v 0.507074 -0.705372 0.159896
v 0.477673 -0.729276 0.159896
v 0.461771 -0.763671 0.159896
v 0.676740 -0.763671 0.159896
v 0.660837 -0.729276 0.159896
v 0.631436 -0.705372 0.159896
v 0.594520 -0.696824 0.159896
v 0.676740 -0.763671 0.133586
v 0.461771 -0.763671 0.133586
v 0.477673 -0.729276 0.133586
v 0.507074 -0.705372 0.133586
v 0.543990 -0.696824 0.133586
v 0.594520 -0.696824 0.133586
v 0.631436 -0.705372 0.133586
v 0.660837 -0.729276 0.133586
v -2.369756 -1.114404 0.159896
v -2.318862 -1.063510 0.159896
v -2.300234 -0.993988 0.159896
v -2.334501 -0.897167 0.159896
v -2.605133 -0.897167 0.159896
v -2.639400 -0.993988 0.159896
v -2.620772 -1.063510 0.159896
v -2.569878 -1.114404 0.159896
v -2.500356 -1.133032 0.159896
v -2.439278 -1.133032 0.159896
v -2.500356 -1.133032 0.133586
v -2.569878 -1.114404 0.133586
v -2.620772 -1.063510 0.133586
v -2.639400 -0.993988 0.133586
v -2.605133 -0.897167 0.133586
v -2.334501 -0.897167 0.133586
v -2.300234 -0.993988 0.133586
v -2.318862 -1.063510 0.133586
v -2.369756 -1.114404 0.133586
v -2.439278 -1.133032 0.133586
v -2.495082 -0.696824 0.159896
v -2.531998 -0.705372 0.159896
v -2.561399 -0.729276 0.159896
v -2.577302 -0.763671 0.159896
v -2.362333 -0.763671 0.159896
v -2.378235 -0.729276 0.159896
v -2.407636 -0.705372 0.159896
v -2.444552 -0.696824 0.159896
v -2.362333 -0.763671 0.133586
v -2.577302 -0.763671 0.133586
v -2.561399 -0.729276 0.133586
v -2.531998 -0.705372 0.133586
v -2.495082 -0.696824 0.133586
v -2.444552 -0.696824 0.133586
v -2.407636 -0.705372 0.133586
v -2.378235 -0.729276 0.133586
v -1.356732 -1.114404 0.159896
v -1.305838 -1.063510 0.159896
v -1.287210 -0.993988 0.159896
v -1.321477 -0.897167 0.159896
v -1.592109 -0.897167 0.159896
v -1.626376 -0.993988 0.159896
v -1.607748 -1.063510 0.159896
v -1.556854 -1.114404 0.159896
v -1.487332 -1.133032 0.159896
v -1.426254 -1.133032 0.159896
v -1.487332 -1.133032 0.133586
v -1.556854 -1.114404 0.133586
v -1.607748 -1.063510 0.133586
v -1.626376 -0.993988 0.133586
v -1.592109 -0.897167 0.133586
v -1.321477 -0.897167 0.133586
v -1.287210 -0.993988 0.133586
v -1.305838 -1.063510 0.133586
v -1.356732 -1.114404 0.133586
v -1.426254 -1.133032 0.133586
v -1.482058 -0.696824 0.159896
v -1.518974 -0.705372 0.159896
v -1.548375 -0.729276 0.159896
v -1.564277 -0.763671 0.159896
v -1.349308 -0.763671 0.159896
v -1.365211 -0.729276 0.159896
v -1.394612 -0.705372 0.159896
v -1.431528 -0.696824 0.159896
v -1.349308 -0.763671 0.133586
v -1.564277 -0.763671 0.133586
v -1.548375 -0.729276 0.133586
v -1.518974 -0.705372 0.133586
v -1.482058 -0.696824 0.133586
v -1.431528 -0.696824 0.133586
v -1.394612 -0.705372 0.133586
v -1.365211 -0.729276 0.133586
v 2.695364 -1.114404 0.159896
v 2.746258 -1.063510 0.159896
v 2.764887 -0.993988 0.159896
v 2.730619 -0.897167 0.159896
v 2.459988 -0.897167 0.159896
v 2.425720 -0.993988 0.159896
v 2.444348 -1.063510 0.159896
v 2.495242 -1.114404 0.159896
v 2.564764 -1.133032 0.159896
v 2.625842 -1.133032 0.159896
v 2.564764 -1.133032 0.133586
v 2.495242 -1.114404 0.133586
v 2.444348 -1.063510 0.133586
v 2.425720 -0.993988 0.133586
v 2.459988 -0.897167 0.133586
v 2.730619 -0.897167 0.133586
v 2.764887 -0.993988 0.133586
v 2.746258 -1.063510 0.133586
v 2.695364 -1.114404 0.133586
v 2.625842 -1.133032 0.133586
v 2.570038 -0.696824 0.159896
v 2.533123 -0.705372 0.159896
v 2.503721 -0.729276 0.159896
v 2.487819 -0.763671 0.159896
v 2.702788 -0.763671 0.159896
v 2.686886 -0.729276 0.159896
v 2.657484 -0.705372 0.159896
v 2.620568 -0.696824 0.159896
v 2.702788 -0.763671 0.133586
v 2.487819 -0.763671 0.133586
v 2.503721 -0.729276 0.133586
v 2.533123 -0.705372 0.133586
v 2.570038 -0.696824 0.133586
v 2.620568 -0.696824 0.133586
v 2.657484 -0.705372 0.133586
v 2.686886 -0.729276 0.133586
v 3.450840 0.946061 0.159896
v 3.501734 0.996955 0.159896
v 3.520362 1.066477 0.159896
v 3.486095 1.163297 0.159896
v 3.215463 1.163297 0.159896
v 3.181196 1.066477 0.159896
v 3.199824 0.996955 0.159896
v 3.250718 0.946061 0.159896
v 3.320240 0.927432 0.159896
v 3.381318 0.927432 0.159896
v 3.320240 0.927432 0.133586
v 3.250718 0.946061 0.133586
v 3.199824 0.996955 0.133586
v 3.181196 1.066477 0.133586
v 3.215463 1.163297 0.133586
v 3.486095 1.163297 0.133586
v 3.520362 1.066477 0.133586
v 3.501734 0.996955 0.133586
v 3.450840 0.946061 0.133586
v 3.381318 0.927432 0.133586
v 3.325514 1.363640 0.159896
v 3.288598 1.355092 0.159896
v 3.259197 1.331188 0.159896
v 3.243294 1.296794 0.159896
v 3.458264 1.296794 0.159896
v 3.442361 1.331188 0.159896
v 3.412960 1.355092 0.159896
v 3.376044 1.363640 0.159896
v 3.458264 1.296794 0.133586
v 3.243294 1.296794 0.133586
v 3.259197 1.331188 0.133586
v 3.288598 1.355092 0.133586
v 3.325514 1.363640 0.133586
v 3.376044 1.363640 0.133586
v 3.412960 1.355092 0.133586
v 3.442361 1.331188 0.133586
v -2.550744 2.772505 0.159896
v -2.499850 2.823399 0.159896
v -2.481221 2.892921 0.159896
v -2.515489 2.989741 0.159896
v -2.786121 2.989741 0.159896
v -2.820388 2.892921 0.159896
v -2.801760 2.823399 0.159896
v -2.750866 2.772505 0.159896
v -2.681344 2.753876 0.159896
v -2.620266 2.753876 0.159896
v -2.681344 2.753876 0.133586
v -2.750866 2.772505 0.133586
v -2.801760 2.823399 0.133586
v -2.820388 2.892921 0.133586
v -2.786121 2.989741 0.133586
v -2.515489 2.989741 0.133586
v -2.481221 2.892921 0.133586
v -2.499850 2.823399 0.133586
v -2.550744 2.772505 0.133586
v -2.620266 2.753876 0.133586
v -2.676070 3.190084 0.159896
v -2.712986 3.181536 0.159896
v -2.742387 3.157632 0.159896
v -2.758289 3.123238 0.159896
v -2.543320 3.123238 0.159896
v -2.559223 3.157632 0.159896
v -2.588624 3.181536 0.159896
v -2.625540 3.190084 0.159896
v -2.543320 3.123238 0.133586
v -2.758289 3.123238 0.133586
v -2.742387 3.157632 0.133586
v -2.712986 3.181536 0.133586
v -2.676070 3.190084 0.133586
v -2.625540 3.190084 0.133586
v -2.588624 3.181536 0.133586
v -2.559223 3.157632 0.133586
v 0.134184 2.772505 0.159896
v 0.185078 2.823399 0.159896
v 0.203706 2.892921 0.159896
v 0.169439 2.989741 0.159896
v -0.101193 2.989741 0.159896
v -0.135460 2.892921 0.159896
v -0.116832 2.823399 0.159896
v -0.065938 2.772505 0.159896
v 0.003584 2.753876 0.159896
v 0.064662 2.753876 0.159896
v 0.003584 2.753876 0.133586
v -0.065938 2.772505 0.133586
v -0.116832 2.823399 0.133586
v -0.135460 2.892921 0.133586
v -0.101193 2.989741 0.133586
v 0.169439 2.989741 0.133586
v 0.203706 2.892921 0.133586
v 0.185078 2.823399 0.133586
v 0.134184 2.772505 0.133586
v 0.064662 2.753876 0.133586
v 0.008858 3.190084 0.159896
v -0.028058 3.181536 0.159896
v -0.057459 3.157632 0.159896
v -0.073361 3.123238 0.159896
v 0.141608 3.123238 0.159896
v 0.125705 3.157632 0.159896
v 0.096304 3.181536 0.159896
v 0.059388 3.190084 0.159896
v 0.141608 3.123238 0.133586
v -0.073361 3.123238 0.133586
v -0.057459 3.157632 0.133586
v -0.028058 3.181536 0.133586
v 0.008858 3.190084 0.133586
v 0.059388 3.190084 0.133586
v 0.096304 3.181536 0.133586
v 0.125705 3.157632 0.133586
v -1.924411 0.946061 0.159896
v -1.873517 0.996955 0.159896
v -1.854889 1.066477 0.159896
v -1.889156 1.163297 0.159896
v -2.159788 1.163297 0.159896
v -2.194056 1.066477 0.159896
v -2.175427 0.996955 0.159896
v -2.124533 0.946061 0.159896
v -2.055011 0.927432 0.159896
v -1.993933 0.927432 0.159896
v -2.055011 0.927432 0.133586
v -2.124533 0.946061 0.133586
v -2.175427 0.996955 0.133586
v -2.194056 1.066477 0.133586
v -2.159788 1.163297 0.133586
v -1.889156 1.163297 0.133586
v -1.854889 1.066477 0.133586
v -1.873517 0.996955 0.133586
v -1.924411 0.946061 0.133586
v -1.993933 0.927432 0.133586
v -2.049737 1.363640 0.159896
v -2.086653 1.355092 0.159896
v -2.116055 1.331188 0.159896
v -2.131957 1.296794 0.159896
v -1.916988 1.296794 0.159896
v -1.932890 1.331188 0.159896
v -1.962291 1.355092 0.159896
v -1.999207 1.363640 0.159896
v -1.916988 1.296794 0.133586
v -2.131957 1.296794 0.133586
v -2.116055 1.331188 0.133586
v -2.086653 1.355092 0.133586
v -2.049737 1.363640 0.133586
v -1.999207 1.363640 0.133586
v -1.962291 1.355092 0.133586
v -1.932890 1.331188 0.133586
v 1.476648 2.772505 0.159896
v 1.527542 2.823399 0.159896
v 1.546170 2.892921 0.159896
v 1.511903 2.989741 0.159896
v 1.241271 2.989741 0.159896
v 1.207004 2.892921 0.159896
v 1.225632 2.823399 0.159896
v 1.276526 2.772505 0.159896
v 1.346048 2.753876 0.159896
v 1.407126 2.753876 0.159896
v 1.346048 2.753876 0.133586
v 1.276526 2.772505 0.133586
v 1.225632 2.823399 0.133586
v 1.207004 2.892921 0.133586
v 1.241271 2.989741 0.133586
v 1.511903 2.989741 0.133586
v 1.546170 2.892921 0.133586
v 1.527542 2.823399 0.133586
v 1.476648 2.772505 0.133586
v 1.407126 2.753876 0.133586
v 1.351322 3.190084 0.159896
v 1.314406 3.181536 0.159896
v 1.285005 3.157632 0.159896
v 1.269103 3.123238 0.159896
v 1.484071 3.123238 0.159896
v 1.468169 3.157632 0.159896
v 1.438768 3.181536 0.159896
v 1.401852 3.190084 0.159896
v 1.484071 3.123238 0.133586
v 1.269103 3.123238 0.133586
v 1.285005 3.157632 0.133586
v 1.314406 3.181536 0.133586
v 1.351322 3.190084 0.133586
v 1.401852 3.190084 0.133586
v 1.438768 3.181536 0.133586
v 1.468169 3.157632 0.133586
v -1.208280 2.772505 0.159896
v -1.157386 2.823399 0.159896
v -1.138757 2.892921 0.159896
v -1.173025 2.989741 0.159896
v -1.443657 2.989741 0.159896
v -1.477924 2.892921 0.159896
v -1.459296 2.823399 0.159896
v -1.408402 2.772505 0.159896
v -1.338880 2.753876 0.159896
v -1.277802 2.753876 0.159896
v -1.338880 2.753876 0.133586
v -1.408402 2.772505 0.133586
v -1.459296 2.823399 0.133586
v -1.477924 2.892921 0.133586
v -1.443657 2.989741 0.133586
v -1.173025 2.989741 0.133586
v -1.138757 2.892921 0.133586
v -1.157386 2.823399 0.133586
v -1.208280 2.772505 0.133586
v -1.277802 2.753876 0.133586
v -1.333606 3.190084 0.159896
v -1.370522 3.181536 0.159896
v -1.399923 3.157632 0.159896
v -1.415825 3.123238 0.159896
v -1.200856 3.123238 0.159896
v -1.216759 3.157632 0.159896
v -1.246160 3.181536 0.159896
v -1.283076 3.190084 0.159896
v -1.200856 3.123238 0.133586
v -1.415825 3.123238 0.133586
v -1.399923 3.157632 0.133586
v -1.370522 3.181536 0.133586
v -1.333606 3.190084 0.133586
v -1.283076 3.190084 0.133586
v -1.246160 3.181536 0.133586
v -1.216759 3.157632 0.133586
v 2.819112 2.772505 0.159896
v 2.870006 2.823399 0.159896
v 2.888634 2.892921 0.159896
v 2.854367 2.989741 0.159896
v 2.583735 2.989741 0.159896
v 2.549468 2.892921 0.159896
v 2.568096 2.823399 0.159896
v 2.618990 2.772505 0.159896
v 2.688512 2.753876 0.159896
v 2.749590 2.753876 0.159896
v 2.688512 2.753876 0.133586
v 2.618990 2.772505 0.133586
v 2.568096 2.823399 0.133586
v 2.549468 2.892921 0.133586
v 2.583735 2.989741 0.133586
v 2.854367 2.989741 0.133586
v 2.888634 2.892921 0.133586
v 2.870006 2.823399 0.133586
v 2.819112 2.772505 0.133586
v 2.749590 2.753876 0.133586
v 2.693786 3.190084 0.159896
v 2.656870 3.181536 0.159896
v 2.627469 3.157632 0.159896
v 2.611567 3.123238 0.159896
v 2.826536 3.123238 0.159896
v 2.810633 3.157632 0.159896
v 2.781232 3.181536 0.159896
v 2.744316 3.190084 0.159896
v 2.826536 3.123238 0.133586
v 2.611567 3.123238 0.133586
v 2.627469 3.157632 0.133586
v 2.656870 3.181536 0.133586
v 2.693786 3.190084 0.133586
v 2.744316 3.190084 0.133586
v 2.781232 3.181536 0.133586
v 2.810633 3.157632 0.133586
v -3.382780 -1.114404 0.159896
v -3.331887 -1.063510 0.159896
v -3.313258 -0.993988 0.159896
v -3.347526 -0.897167 0.159896
v -3.618157 -0.897167 0.159896
v -3.652425 -0.993988 0.159896
v -3.633796 -1.063510 0.159896
v -3.582903 -1.114404 0.159896
v -3.513380 -1.133032 0.159896
v -3.452303 -1.133032 0.159896
v -3.513380 -1.133032 0.133586
v -3.582903 -1.114404 0.133586
v -3.633796 -1.063510 0.133586
v -3.652425 -0.993988 0.133586
v -3.618157 -0.897167 0.133586
v -3.347526 -0.897167 0.133586
v -3.313258 -0.993988 0.133586
v -3.331887 -1.063510 0.133586
v -3.382780 -1.114404 0.133586
v -3.452303 -1.133032 0.133586
v -3.508106 -0.696824 0.159896
v -3.545022 -0.705372 0.159896
v -3.574424 -0.729276 0.159896
v -3.590326 -0.763671 0.159896
v -3.375357 -0.763671 0.159896
v -3.391259 -0.729276 0.159896
v -3.420661 -0.705372 0.159896
v -3.457577 -0.696824 0.159896
v -3.375357 -0.763671 0.133586
v -3.590326 -0.763671 0.133586
v -3.574424 -0.729276 0.133586
v -3.545022 -0.705372 0.133586
v -3.508106 -0.696824 0.133586
v -3.457577 -0.696824 0.133586
v -3.420661 -0.705372 0.133586
v -3.391259 -0.729276 0.133586
v -0.343708 -2.779884 0.159896
v -0.292814 -2.728990 0.159896
v -0.274186 -2.659468 0.159896
v -0.308453 -2.562648 0.159896
v -0.579085 -2.562648 0.159896
v -0.613352 -2.659468 0.159896
v -0.594724 -2.728990 0.159896
v -0.543830 -2.779884 0.159896
v -0.474308 -2.798512 0.159896
v -0.413230 -2.798512 0.159896
v -0.474308 -2.798512 0.133586
v -0.543830 -2.779884 0.133586
v -0.594724 -2.728990 0.133586
v -0.613352 -2.659468 0.133586
v -0.579085 -2.562648 0.133586
v -0.308453 -2.562648 0.133586
v -0.274186 -2.659468 0.133586
v -0.292814 -2.728990 0.133586
v -0.343708 -2.779884 0.133586
v -0.413230 -2.798512 0.133586
v -0.469034 -2.362305 0.159896
v -0.505950 -2.370852 0.159896
v -0.535351 -2.394757 0.159896
v -0.551254 -2.429151 0.159896
v -0.336284 -2.429151 0.159896
v -0.352187 -2.394757 0.159896
v -0.381588 -2.370852 0.159896
v -0.418504 -2.362305 0.159896
v -0.336284 -2.429151 0.133586
v -0.551254 -2.429151 0.133586
v -0.535351 -2.394757 0.133586
v -0.505950 -2.370852 0.133586
v -0.469034 -2.362305 0.133586
v -0.418504 -2.362305 0.133586
v -0.381588 -2.370852 0.133586
v -0.352187 -2.394757 0.133586
v -1.356732 -2.779884 0.159896
v -1.305838 -2.728990 0.159896
v -1.287210 -2.659468 0.159896
v -1.321477 -2.562648 0.159896
v -1.592109 -2.562648 0.159896
v -1.626376 -2.659468 0.159896
v -1.607748 -2.728990 0.159896
v -1.556854 -2.779884 0.159896
v -1.487332 -2.798512 0.159896
v -1.426254 -2.798512 0.159896
v -1.487332 -2.798512 0.133586
v -1.556854 -2.779884 0.133586
v -1.607748 -2.728990 0.133586
v -1.626376 -2.659468 0.133586
v -1.592109 -2.562648 0.133586
v -1.321477 -2.562648 0.133586
v -1.287210 -2.659468 0.133586
v -1.305838 -2.728990 0.133586
v -1.356732 -2.779884 0.133586
v -1.426254 -2.798512 0.133586
v -1.482058 -2.362305 0.159896
v -1.518974 -2.370852 0.159896
v -1.548375 -2.394757 0.159896
v -1.564277 -2.429151 0.159896
v -1.349308 -2.429151 0.159896
v -1.365211 -2.394757 0.159896
v -1.394612 -2.370852 0.159896
v -1.431528 -2.362305 0.159896
v -1.349308 -2.429151 0.133586
v -1.564277 -2.429151 0.133586
v -1.548375 -2.394757 0.133586
v -1.518974 -2.370852 0.133586
v -1.482058 -2.362305 0.133586
v -1.431528 -2.362305 0.133586
v -1.394612 -2.370852 0.133586
v -1.365211 -2.394757 0.133586
v -2.369756 -2.779884 0.159896
v -2.318862 -2.728990 0.159896
v -2.300234 -2.659468 0.159896
v -2.334501 -2.562648 0.159896
v -2.605133 -2.562648 0.159896
v -2.639400 -2.659468 0.159896
v -2.620772 -2.728990 0.159896
v -2.569878 -2.779884 0.159896
v -2.500356 -2.798512 0.159896
v -2.439278 -2.798512 0.159896
v -2.500356 -2.798512 0.133586
v -2.569878 -2.779884 0.133586
v -2.620772 -2.728990 0.133586
v -2.639400 -2.659468 0.133586
v -2.605133 -2.562648 0.133586
v -2.334501 -2.562648 0.133586
v -2.300234 -2.659468 0.133586
v -2.318862 -2.728990 0.133586
v -2.369756 -2.779884 0.133586
v -2.439278 -2.798512 0.133586
v -2.495082 -2.362305 0.159896
v -2.531998 -2.370852 0.159896
v -2.561399 -2.394757 0.159896
v -2.577302 -2.429151 0.159896
v -2.362333 -2.429151 0.159896
v -2.378235 -2.394757 0.159896
v -2.407636 -2.370852 0.159896
v -2.444552 -2.362305 0.159896
v -2.362333 -2.429151 0.133586
v -2.577302 -2.429151 0.133586
v -2.561399 -2.394757 0.133586
v -2.531998 -2.370852 0.133586
v -2.495082 -2.362305 0.133586
v -2.444552 -2.362305 0.133586
v -2.407636 -2.370852 0.133586
v -2.378235 -2.394757 0.133586
v 0.763215 0.946061 0.159896
v 0.814108 0.996955 0.159896
v 0.832737 1.066477 0.159896
v 0.798469 1.163297 0.159896
v 0.527837 1.163297 0.159896
v 0.493570 1.066477 0.159896
v 0.512199 0.996955 0.159896
v 0.563092 0.946061 0.159896
v 0.632614 0.927432 0.159896
v 0.693692 0.927432 0.159896
v 0.632614 0.927432 0.133586
v 0.563092 0.946061 0.133586
v 0.512199 0.996955 0.133586
v 0.493570 1.066477 0.133586
v 0.527837 1.163297 0.133586
v 0.798469 1.163297 0.133586
v 0.832737 1.066477 0.133586
v 0.814108 0.996955 0.133586
v 0.763215 0.946061 0.133586
v 0.693692 0.927432 0.133586
v 0.637889 1.363640 0.159896
v 0.600973 1.355092 0.159896
v 0.571571 1.331188 0.159896
v 0.555669 1.296794 0.159896
v 0.770638 1.296794 0.159896
v 0.754736 1.331188 0.159896
v 0.725334 1.355092 0.159896
v 0.688418 1.363640 0.159896
v 0.770638 1.296794 0.133586
v 0.555669 1.296794 0.133586
v 0.571571 1.331188 0.133586
v 0.600973 1.355092 0.133586
v 0.637889 1.363640 0.133586
v 0.688418 1.363640 0.133586
v 0.725334 1.355092 0.133586
v 0.754736 1.331188 0.133586
v 2.107028 0.946061 0.159896
v 2.157921 0.996955 0.159896
v 2.176550 1.066477 0.159896
v 2.142282 1.163297 0.159896
v 1.871650 1.163297 0.159896
v 1.837383 1.066477 0.159896
v 1.856011 0.996955 0.159896
v 1.906905 0.946061 0.159896
v 1.976427 0.927432 0.159896
v 2.037505 0.927432 0.159896
v 1.976427 0.927432 0.133586
v 1.906905 0.946061 0.133586
v 1.856011 0.996955 0.133586
v 1.837383 1.066477 0.133586
v 1.871650 1.163297 0.133586
v 2.142282 1.163297 0.133586
v 2.176550 1.066477 0.133586
v 2.157921 0.996955 0.133586
v 2.107028 0.946061 0.133586
v 2.037505 0.927432 0.133586
v 1.981701 1.363640 0.159896
v 1.944786 1.355092 0.159896
v 1.915384 1.331188 0.159896
v 1.899482 1.296794 0.159896
v 2.114451 1.296794 0.159896
v 2.098548 1.331188 0.159896
v 2.069147 1.355092 0.159896
v 2.032231 1.363640 0.159896
v 2.114451 1.296794 0.133586
v 1.899482 1.296794 0.133586
v 1.915384 1.331188 0.133586
v 1.944786 1.355092 0.133586
v 1.981701 1.363640 0.133586
v 2.032231 1.363640 0.133586
v 2.069147 1.355092 0.133586
v 2.098548 1.331188 0.133586
v -0.580598 0.946061 0.159896
v -0.529704 0.996955 0.159896
v -0.511076 1.066477 0.159896
v -0.545343 1.163297 0.159896
v -0.815975 1.163297 0.159896
v -0.850243 1.066477 0.159896
v -0.831614 0.996955 0.159896
v -0.780720 0.946061 0.159896
v -0.711198 0.927432 0.159896
v -0.650120 0.927432 0.159896
v -0.711198 0.927432 0.133586
v -0.780720 0.946061 0.133586
v -0.831614 0.996955 0.133586
v -0.850243 1.066477 0.133586
v -0.815975 1.163297 0.133586
v -0.545343 1.163297 0.133586
v -0.511076 1.066477 0.133586
v -0.529704 0.996955 0.133586
v -0.580598 0.946061 0.133586
v -0.650120 0.927432 0.133586
v -0.705924 1.363640 0.159896
v -0.742840 1.355092 0.159896
v -0.772242 1.331188 0.159896
v -0.788144 1.296794 0.159896
v -0.573175 1.296794 0.159896
v -0.589077 1.331188 0.159896
v -0.618479 1.355092 0.159896
v -0.655394 1.363640 0.159896
v -0.573175 1.296794 0.133586
v -0.788144 1.296794 0.133586
v -0.772242 1.331188 0.133586
v -0.742840 1.355092 0.133586
v -0.705924 1.363640 0.133586
v -0.655394 1.363640 0.133586
v -0.618479 1.355092 0.133586
v -0.589077 1.331188 0.133586
vn -0.0000 -0.6989 -0.7152
vn 0.3006 0.7329 0.6103
vn -0.0000 0.6989 0.7152
vn 0.3161 0.6631 0.6785
vn 0.2557 0.7960 0.5487
vn 0.1858 0.8460 0.4998
vn 0.0977 0.8781 0.4684
vn -0.0000 0.8891 0.4576
vn -0.0977 0.8781 0.4684
vn -0.1858 0.8460 0.4998
vn -0.2557 0.7959 0.5487
vn -0.3006 0.7329 0.6103
vn -0.3161 0.6630 0.6786
vn -0.3006 0.5932 0.7468
vn -0.2557 0.5302 0.8084
vn -0.1858 0.4802 0.8573
vn -0.0977 0.4480 0.8887
vn -0.0000 0.4370 0.8995
vn 0.0977 0.4481 0.8886
vn 0.1858 0.4802 0.8573
vn 0.2557 0.5302 0.8084
vn 0.3006 0.5932 0.7468
vn -0.0000 0.8892 0.4576
vn -0.3161 0.6631 0.6785
vn -0.2558 0.5302 0.8084
vn 0.0977 0.4481 0.8887
vn -0.2557 0.7960 0.5487
vn -0.0977 0.4481 0.8887
vn 0.4351 0.7226 0.5371
vn 0.4575 0.6215 0.6360
vn 0.3701 0.8138 0.4480
vn 0.2689 0.8862 0.3773
vn 0.1414 0.9327 0.3319
vn -0.0000 0.9487 0.3163
vn -0.1414 0.9327 0.3319
vn -0.2689 0.8862 0.3773
vn -0.3701 0.8138 0.4481
vn -0.4351 0.7226 0.5372
vn -0.4575 0.6215 0.6360
vn -0.4351 0.5204 0.7348
vn -0.3701 0.4292 0.8239
vn -0.2689 0.3568 0.8947
vn -0.1413 0.3103 0.9401
vn -0.0001 0.2943 0.9557
vn 0.1414 0.3103 0.9401
vn 0.2689 0.3568 0.8946
vn 0.3701 0.4292 0.8239
vn 0.4351 0.5204 0.7348
vn -0.1859 0.4802 0.8573
vn -0.0977 0.4481 0.8886
vn 0.2557 0.7960 0.5486
vn -0.1858 0.4801 0.8573
vn -0.0000 0.9487 0.3162
vn -0.4351 0.5203 0.7348
vn -0.0000 0.2943 0.9557
vn 0.3701 0.4291 0.8239
vn 0.4351 0.7226 0.5372
vn 0.4574 0.6215 0.6360
vn -0.1413 0.9327 0.3319
vn -0.3701 0.8138 0.4480
vn -0.4350 0.7226 0.5372
vn -0.2689 0.3568 0.8946
vn -0.1414 0.3103 0.9401
vn -0.4351 0.7225 0.5372
vn -0.4574 0.6215 0.6360
vn 0.2689 0.8862 0.3774
vn 0.1413 0.9327 0.3319
vn 0.3701 0.8138 0.4481
vn -0.3701 0.4291 0.8239
vn 0.2689 0.3568 0.8947
vn -0.2689 0.8862 0.3774
vn -0.2688 0.3568 0.8947
vn 0.2557 0.7959 0.5487
vn 0.3006 0.7330 0.6103
vn 0.0976 0.8781 0.4684
vn -0.1414 0.9326 0.3319
vn -0.2688 0.8862 0.3773
vn 0.9510 0.2211 -0.2161
vn 0.8090 0.4204 -0.4108
vn 0.8095 0.4208 -0.4095
vn 0.9510 0.2220 -0.2151
vn 0.5878 0.5786 -0.5654
vn 0.5884 0.5792 -0.5642
vn 0.3090 0.6802 -0.6647
vn 0.3098 0.6809 -0.6636
vn -0.0000 0.7152 -0.6989
vn 0.0008 0.7161 -0.6980
vn -0.3090 0.6802 -0.6647
vn -0.3083 0.6813 -0.6640
vn -0.5878 0.5786 -0.5654
vn -0.5872 0.5798 -0.5648
vn -0.8090 0.4204 -0.4108
vn -0.8086 0.4217 -0.4103
vn -0.9511 0.2210 -0.2160
vn -0.9508 0.2224 -0.2156
vn -1.0000 -0.0000 -0.0000
vn -1.0000 0.0014 0.0004
vn -0.9511 -0.2210 0.2160
vn -0.9513 -0.2196 0.2164
vn -0.8090 -0.4204 0.4108
vn -0.8095 -0.4191 0.4113
vn -0.5878 -0.5786 0.5654
vn -0.5884 -0.5774 0.5660
vn -0.3090 -0.6802 0.6647
vn -0.3098 -0.6792 0.6654
vn -0.0000 -0.7152 0.6989
vn -0.0008 -0.7143 0.6998
vn 0.3090 -0.6802 0.6647
vn 0.3083 -0.6795 0.6658
vn 0.5878 -0.5786 0.5654
vn 0.5872 -0.5781 0.5666
vn 0.8090 -0.4204 0.4108
vn 0.8086 -0.4200 0.4122
vn 0.9511 -0.2210 0.2160
vn 0.9508 -0.2207 0.2174
vn 1.0000 -0.0000 -0.0000
vn 1.0000 0.0003 0.0014
vn 0.9511 0.2209 -0.2159
vn 0.9511 0.2218 -0.2150
vn 0.4922 0.7124 0.5002
vn 0.5175 0.5980 0.6120
vn 0.6750 0.6492 0.3505
vn 0.7098 0.4923 0.5038
vn 0.8224 0.5422 0.1727
vn 0.6752 0.6491 0.3505
vn 0.7100 0.4922 0.5037
vn 0.8647 0.3511 0.3593
vn 0.9179 0.3962 -0.0211
vn 0.9651 0.1830 0.1872
vn 0.4187 0.8156 0.3994
vn 0.5742 0.7907 0.2122
vn 0.6751 0.6492 0.3503
vn 0.8223 0.5423 0.1725
vn 0.6995 0.7146 0.0041
vn 0.5744 0.7907 0.2120
vn 0.9179 0.3964 -0.0213
vn 0.7808 0.5887 -0.2092
vn 0.3042 0.8975 0.3194
vn 0.4172 0.9030 0.1025
vn 0.5082 0.8514 -0.1296
vn 0.4173 0.9030 0.1023
vn 0.5673 0.7415 -0.3584
vn 0.1599 0.9501 0.2680
vn 0.2193 0.9751 0.0320
vn 0.2672 0.9393 -0.2154
vn 0.2194 0.9751 0.0318
vn 0.2982 0.8395 -0.4543
vn -0.0000 0.9682 0.2503
vn -0.0000 1.0000 0.0078
vn -0.0000 0.9695 -0.2450
vn -0.0000 1.0000 0.0075
vn -0.0000 0.8732 -0.4873
vn -0.1599 0.9501 0.2680
vn -0.2193 0.9751 0.0320
vn -0.2672 0.9393 -0.2154
vn -0.2194 0.9751 0.0318
vn -0.2982 0.8394 -0.4543
vn -0.3042 0.8975 0.3194
vn -0.4172 0.9030 0.1025
vn -0.5082 0.8514 -0.1296
vn -0.4173 0.9030 0.1023
vn -0.5673 0.7414 -0.3585
vn -0.4187 0.8156 0.3994
vn -0.5742 0.7907 0.2122
vn -0.6995 0.7146 0.0041
vn -0.5744 0.7907 0.2120
vn -0.7808 0.5887 -0.2093
vn -0.4922 0.7124 0.5002
vn -0.6750 0.6492 0.3505
vn -0.8223 0.5422 0.1726
vn -0.6752 0.6491 0.3504
vn -0.9179 0.3963 -0.0212
vn -0.5175 0.5980 0.6120
vn -0.7098 0.4923 0.5038
vn -0.8646 0.3511 0.3593
vn -0.7100 0.4922 0.5037
vn -0.9651 0.1829 0.1872
vn -0.4922 0.4837 0.7238
vn -0.6750 0.3355 0.6571
vn -0.8223 0.1600 0.5460
vn -0.6752 0.3353 0.6570
vn -0.9179 -0.0304 0.3956
vn -0.4187 0.3805 0.8246
vn -0.5742 0.1939 0.7954
vn -0.6995 -0.0124 0.7145
vn -0.5744 0.1937 0.7953
vn -0.7808 -0.2228 0.5837
vn -0.3042 0.2986 0.9046
vn -0.4172 0.0817 0.9051
vn -0.5082 -0.1491 0.8482
vn -0.4173 0.0814 0.9051
vn -0.5673 -0.3755 0.7329
vn -0.1599 0.2460 0.9560
vn -0.2193 0.0096 0.9756
vn -0.2672 -0.2370 0.9340
vn -0.2194 0.0093 0.9756
vn -0.2982 -0.4736 0.8287
vn -0.0000 0.2279 0.9737
vn -0.0000 -0.0153 0.9999
vn -0.0000 -0.2673 0.9636
vn -0.0000 -0.0156 0.9999
vn -0.0000 -0.5073 0.8617
vn 0.1599 0.2460 0.9560
vn 0.2193 0.0096 0.9756
vn 0.2672 -0.2370 0.9340
vn 0.2194 0.0093 0.9756
vn 0.2982 -0.4736 0.8287
vn 0.3042 0.2986 0.9046
vn 0.4172 0.0817 0.9051
vn 0.5082 -0.1492 0.8482
vn 0.4173 0.0814 0.9051
vn 0.5673 -0.3754 0.7330
vn 0.4187 0.3805 0.8246
vn 0.5742 0.1940 0.7954
vn 0.6995 -0.0124 0.7145
vn 0.5744 0.1938 0.7953
vn 0.7808 -0.2228 0.5837
vn 0.4922 0.4837 0.7238
vn 0.6750 0.3355 0.6571
vn 0.8223 0.1600 0.5460
vn 0.6752 0.3353 0.6570
vn 0.9179 -0.0303 0.3957
vn -0.0973 0.9953 -0.0000
vn 0.0973 0.9953 -0.0000
vn -0.1412 -0.9900 -0.0000
vn 0.1412 -0.9900 -0.0000
vn 0.9655 0.2603 -0.0000
vn 0.9677 0.2521 -0.0000
vn 0.9657 -0.2597 -0.0000
vn 0.9660 -0.2586 -0.0000
vn 0.9662 -0.2578 -0.0000
vn 0.9956 0.0936 -0.0000
vn 0.9968 -0.0795 -0.0000
vn 0.9967 -0.0813 -0.0000
vn -0.5000 -0.8660 -0.0000
vn -0.8659 -0.5001 -0.0000
vn -0.8659 -0.5001 0.0001
vn 0.9330 0.2500 0.2587
vn 0.9330 0.2500 -0.2587
vn 0.8661 -0.4999 -0.0000
vn 0.8659 -0.5001 -0.0000
vn 0.5000 -0.8660 -0.0000
vn 0.8843 -0.4089 -0.2255
vn 0.8843 -0.4089 0.2255
vn -0.7895 0.6137 -0.0000
vn -0.4395 0.8982 -0.0000
vn 0.4395 0.8982 -0.0000
vn 0.7895 0.6137 -0.0000
vn 0.7895 0.6137 0.0001
vn 0.7897 0.6135 -0.0000
vn 0.9510 0.2220 -0.2152
vn 0.5872 -0.5781 0.5667
vn 0.8224 0.5421 0.1727
vn 0.8646 0.3511 0.3593
vn 0.6752 0.6492 0.3503
vn 0.9178 0.3964 -0.0213
vn 0.5673 0.7414 -0.3585
vn -0.2982 0.8395 -0.4543
vn -0.9651 0.1830 0.1872
vn -0.4922 0.4836 0.7238
vn -0.8223 0.1601 0.5461
vn -0.5082 -0.1492 0.8482
vn -0.2193 0.0095 0.9756
vn -0.2672 -0.2370 0.9341
vn -0.0000 -0.2672 0.9636
vn -0.0000 -0.5072 0.8618
vn 0.2193 0.0095 0.9756
vn 0.2982 -0.4735 0.8288
vn 0.6995 -0.0123 0.7145
vn 0.8223 0.1600 0.5461
vn 0.8659 -0.5001 -0.0001
vn 0.7897 0.6135 -0.0001
vn -0.8095 -0.4190 0.4113
vn 0.8086 -0.4200 0.4121
vn 0.7097 0.4924 0.5038
vn 0.9651 0.1830 0.1873
vn 0.7808 0.5887 -0.2093
vn -0.7808 0.5887 -0.2092
vn -0.9179 -0.0303 0.3957
vn -0.5742 0.1940 0.7954
vn -0.6995 -0.0123 0.7145
vn -0.0000 -0.5073 0.8618
vn 0.5673 -0.3755 0.7329
vn 0.9179 -0.0304 0.3957
vn -0.9657 -0.2597 -0.0000
vn -0.9660 -0.2586 -0.0000
vn -0.9662 -0.2578 -0.0000
vn -0.9655 0.2604 -0.0000
vn -0.9677 0.2521 -0.0000
vn -0.9968 -0.0795 -0.0000
vn -0.9967 -0.0813 -0.0000
vn -0.9956 0.0936 -0.0000
vn -0.8661 -0.4999 -0.0000
vn -0.9330 0.2500 -0.2587
vn -0.9330 0.2500 0.2587
vn 0.8660 -0.5001 -0.0001
vn 0.8660 -0.5001 -0.0000
vn -0.7897 0.6135 -0.0000
vn -0.7897 0.6135 0.0001
vn -0.8843 -0.4089 0.2255
vn -0.8843 -0.4089 -0.2255
vn 0.8092 0.4208 -0.4101
vn 0.9510 0.2217 -0.2155
vn 0.5880 0.5790 -0.5647
vn 0.3093 0.6807 -0.6641
vn 0.0003 0.7158 -0.6983
vn -0.3087 0.6808 -0.6642
vn -0.5875 0.5793 -0.5650
vn -0.8088 0.4212 -0.4104
vn -0.9510 0.2218 -0.2156
vn -1.0000 0.0008 0.0003
vn -0.9512 -0.2202 0.2164
vn -0.8092 -0.4196 0.4112
vn -0.5880 -0.5779 0.5659
vn -0.3093 -0.6796 0.6652
vn -0.0003 -0.7146 0.6995
vn 0.3087 -0.6797 0.6654
vn 0.5875 -0.5782 0.5661
vn 0.8088 -0.4200 0.4116
vn 0.9510 -0.2207 0.2168
vn 1.0000 0.0004 0.0008
vn 0.9511 0.2215 -0.2153
vn 0.6485 0.6619 0.3759
vn 0.6819 0.5112 0.5231
vn 0.7994 0.5644 0.2060
vn 0.8405 0.3787 0.3875
vn 0.8898 0.4535 0.0507
vn 0.7995 0.5643 0.2059
vn 0.8406 0.3786 0.3874
vn 0.9355 0.2469 0.2526
vn 0.9366 0.3389 -0.0884
vn 0.9848 0.1213 0.1242
vn 0.5517 0.7979 0.2430
vn 0.6800 0.7320 0.0422
vn 0.7994 0.5644 0.2058
vn 0.8897 0.4537 0.0505
vn 0.7569 0.6402 -0.1317
vn 0.6800 0.7320 0.0421
vn 0.9366 0.3391 -0.0886
vn 0.7967 0.5354 -0.2804
vn 0.4008 0.9058 0.1376
vn 0.4940 0.8650 -0.0877
vn 0.5499 0.7882 -0.2763
vn 0.4941 0.8650 -0.0879
vn 0.5789 0.6912 -0.4326
vn 0.2107 0.9750 0.0699
vn 0.2597 0.9504 -0.1712
vn 0.2891 0.8832 -0.3692
vn 0.2598 0.9504 -0.1713
vn 0.3043 0.7912 -0.5304
vn -0.0000 0.9989 0.0466
vn -0.0000 0.9798 -0.1999
vn -0.0000 0.9160 -0.4012
vn -0.0000 0.9798 -0.2001
vn -0.0000 0.8257 -0.5641
vn -0.2107 0.9750 0.0699
vn -0.2597 0.9504 -0.1712
vn -0.2891 0.8832 -0.3692
vn -0.2598 0.9504 -0.1713
vn -0.3043 0.7912 -0.5304
vn -0.4008 0.9058 0.1376
vn -0.4940 0.8650 -0.0877
vn -0.5499 0.7882 -0.2763
vn -0.4941 0.8650 -0.0879
vn -0.5789 0.6912 -0.4326
vn -0.5517 0.7979 0.2430
vn -0.6800 0.7320 0.0422
vn -0.7569 0.6402 -0.1317
vn -0.6801 0.7320 0.0421
vn -0.7967 0.5354 -0.2804
vn -0.6485 0.6619 0.3759
vn -0.7994 0.5644 0.2060
vn -0.8897 0.4536 0.0506
vn -0.7994 0.5644 0.2059
vn -0.9366 0.3390 -0.0885
vn -0.6819 0.5112 0.5231
vn -0.8405 0.3787 0.3875
vn -0.9355 0.2469 0.2526
vn -0.8406 0.3786 0.3874
vn -0.9848 0.1214 0.1242
vn -0.6485 0.3605 0.6704
vn -0.7994 0.1929 0.5690
vn -0.8897 0.0401 0.4547
vn -0.7994 0.1928 0.5690
vn -0.9366 -0.0963 0.3369
vn -0.5517 0.2246 0.8033
vn -0.6800 0.0253 0.7328
vn -0.7569 -0.1464 0.6370
vn -0.6800 0.0252 0.7327
vn -0.7967 -0.2926 0.5288
vn -0.4008 0.1167 0.9087
vn -0.4940 -0.1077 0.8628
vn -0.5499 -0.2944 0.7816
vn -0.4941 -0.1078 0.8627
vn -0.5789 -0.4485 0.6810
vn -0.2107 0.0474 0.9764
vn -0.2597 -0.1930 0.9462
vn -0.2891 -0.3895 0.8745
vn -0.2598 -0.1932 0.9462
vn -0.3043 -0.5485 0.7788
vn -0.0000 0.0235 0.9997
vn -0.0000 -0.2225 0.9749
vn -0.0000 -0.4222 0.9065
vn -0.0000 -0.2226 0.9749
vn -0.0000 -0.5830 0.8125
vn 0.2107 0.0474 0.9764
vn 0.2597 -0.1930 0.9462
vn 0.2891 -0.3895 0.8745
vn 0.2598 -0.1932 0.9462
vn 0.3043 -0.5485 0.7788
vn 0.4008 0.1167 0.9087
vn 0.4940 -0.1076 0.8627
vn 0.5499 -0.2944 0.7816
vn 0.4941 -0.1078 0.8627
vn 0.5789 -0.4485 0.6810
vn 0.5517 0.2246 0.8033
vn 0.6800 0.0253 0.7328
vn 0.7569 -0.1464 0.6370
vn 0.6801 0.0252 0.7327
vn 0.7967 -0.2926 0.5288
vn 0.6485 0.3605 0.6704
vn 0.7994 0.1929 0.5690
vn 0.8897 0.0401 0.4547
vn 0.7994 0.1928 0.5690
vn 0.9366 -0.0963 0.3369
vn -0.9655 0.2603 -0.0000
vn 0.5082 0.8514 -0.1295
vn -0.5743 0.7907 0.2121
vn -0.8647 0.3511 0.3593
vn -0.2982 -0.4735 0.8288
vn -0.0000 -0.5074 0.8617
vn 0.0990 -0.9951 -0.0000
vn -0.0990 -0.9951 -0.0000
vn 0.0988 -0.9951 -0.0000
vn -0.0988 -0.9951 -0.0000
vn 0.9655 0.2604 -0.0000
vn -0.8661 -0.4999 -0.0001
vn 0.6146 -0.7559 0.2255
vn 0.4395 -0.8982 -0.0000
vn 0.6146 -0.7559 -0.2255
vn -0.4395 -0.8982 -0.0000
vn -0.6146 -0.7559 -0.2255
vn -0.6146 -0.7559 0.2255
vn 0.9651 0.1829 0.1872
vn -0.9651 0.1830 0.1873
vn 0.2672 -0.2370 0.9341
vn 0.9510 0.2211 -0.2160
vn -0.8086 0.4217 -0.4104
vn 0.7099 0.4922 0.5037
vn 0.5743 0.7907 0.2121
vn 0.9179 0.3963 -0.0213
vn -0.5082 0.8514 -0.1295
vn -0.6752 0.6491 0.3503
vn -0.7099 0.4922 0.5037
vn 0.9179 -0.0304 0.3956
vn -0.6147 -0.7559 -0.2255
vn 0.5742 0.7907 0.2123
vn 0.2193 0.9751 0.0321
vn 0.5743 0.1938 0.7953
vn 0.4922 0.4836 0.7238
vn 0.8661 -0.4999 0.0001
vn 0.9510 0.2212 -0.2160
vn 0.7808 0.5888 -0.2092
vn 0.5673 0.7414 -0.3584
vn 0.2982 0.8394 -0.4543
vn -0.0000 0.8733 -0.4872
vn 0.5082 -0.1491 0.8482
vn 0.5744 0.1937 0.7953
vn -0.5871 0.5798 -0.5648
vn 0.4173 0.9030 0.1022
vn -0.5673 0.7414 -0.3584
vn -0.9179 0.3962 -0.0212
vn -0.8660 -0.5001 -0.0000
vn -0.9330 0.2501 -0.2587
vn -0.4172 0.0817 0.9052
vn -0.7895 0.6137 -0.0001
vn -0.5872 0.5798 -0.5649
vn 0.8224 0.5421 0.1726
vn -0.7097 0.4923 0.5038
vn -0.4172 0.0816 0.9052
vn 0.8092 0.4208 -0.4100
vn 0.5881 0.5791 -0.5647
vn -1.0000 0.0008 0.0004
vn -0.5881 -0.5779 0.5659
vn -0.0003 -0.7147 0.6995
vn 0.5875 -0.5782 0.5662
vn 0.8898 0.4536 0.0507
vn 0.9367 0.3389 -0.0884
vn 0.9848 0.1214 0.1242
vn 0.5516 0.7979 0.2430
vn 0.8897 0.4538 0.0505
vn -0.6800 0.7320 0.0421
vn -0.7967 0.5353 -0.2804
vn -0.9848 0.1213 0.1242
vn 0.2598 -0.1932 0.9461
vn 0.5789 -0.4484 0.6810
vn 0.5881 0.5790 -0.5647
vn 0.3093 0.6807 -0.6640
vn -0.3087 0.6809 -0.6642
vn 0.6485 0.6620 0.3759
vn 0.6819 0.5112 0.5232
vn 0.3043 0.7913 -0.5304
vn -0.7967 0.5354 -0.2803
vn -0.8897 0.4537 0.0506
vn -0.9366 0.3391 -0.0884
vn -0.6819 0.5112 0.5232
vn -0.7993 0.1929 0.5691
vn -0.5789 -0.4484 0.6811
vn 0.6800 0.0252 0.7327
vn 0.1399 0.9902 -0.0000
vn -0.1399 0.9902 -0.0000
vn 0.1401 0.9901 -0.0000
vn -0.1401 0.9901 -0.0000
vn 0.5000 0.8660 -0.0000
vn 0.6830 0.6830 -0.2587
vn 0.6830 0.6830 0.2587
vn -0.6831 0.6830 0.2587
vn -0.5000 0.8660 -0.0000
vn -0.6831 0.6830 -0.2587
vn -0.8088 0.4211 -0.4104
vn -0.9512 -0.2202 0.2163
vn -0.3093 -0.6795 0.6652
vn 0.3087 -0.6797 0.6653
vn 0.9510 -0.2206 0.2168
vn 0.6801 0.7319 0.0420
vn 0.7967 0.5353 -0.2804
vn 0.5789 0.6912 -0.4327
vn -0.0000 0.9798 -0.2000
vn -0.2598 0.9503 -0.1713
vn -0.4940 0.8650 -0.0878
vn -0.5499 0.7882 -0.2764
vn -0.6801 0.7319 0.0420
vn -0.0000 -0.5829 0.8125
vn 0.7995 0.1928 0.5689
vn 0.9366 -0.0962 0.3369
vn -0.6830 0.6830 0.2587
vn -0.6830 0.6830 -0.2587
vn 0.7995 0.5642 0.2059
vn 0.6801 0.7320 0.0421
vn 0.3043 0.7913 -0.5303
vn -0.9366 0.3391 -0.0885
vn -0.6801 0.0252 0.7327
vn -0.7967 -0.2927 0.5287
vn -0.2598 -0.1932 0.9461
vn 0.5789 -0.4484 0.6811
vn 1.0000 0.0003 0.0008
vn 0.7967 0.5354 -0.2803
vn -0.7995 0.5644 0.2059
vn 0.4940 -0.1077 0.8627
vn -0.7994 0.5645 0.2060
vn -0.5789 -0.4484 0.6810
vn -0.8092 -0.4197 0.4112
vn -0.7995 0.1928 0.5689
vn 0.7967 -0.2927 0.5287
vn -0.7808 -0.2227 0.5838
vn -0.8223 0.1600 0.5461
vn -0.5673 -0.3754 0.7330
vn 0.8223 0.1601 0.5461
vn 0.2598 0.9503 -0.1714
vn -0.2598 0.9503 -0.1714
vn -0.5789 0.6912 -0.4327
vn -0.9848 0.1214 0.1243
vn 0.4940 -0.1076 0.8628
vn 0.9366 -0.0962 0.3370
vn 0.5788 0.6913 -0.4326
vn 0.2597 0.9504 -0.1713
vn -0.5788 -0.4484 0.6811
vn -0.9366 -0.0962 0.3370
vn -0.0000 -0.2227 0.9749
vn -0.0000 -0.0000 1.0000
s 1
usemtl M_pasted__polySurface17_pasted__blinn2_0_0
f 1//1 2//1 3//1
f 4//1 1//1 3//1
f 5//1 4//1 3//1
f 6//1 5//1 3//1
f 7//1 6//1 3//1
f 8//1 7//1 3//1
f 9//1 8//1 3//1
f 10//1 9//1 3//1
f 11//1 10//1 3//1
f 12//1 11//1 3//1
f 13//1 12//1 3//1
f 14//1 13//1 3//1
f 15//1 14//1 3//1
f 16//1 15//1 3//1
f 17//1 16//1 3//1
f 18//1 17//1 3//1
f 19//1 18//1 3//1
f 20//1 19//1 3//1
f 21//1 20//1 3//1
f 2//1 21//1 3//1
f 22//2 23//3 24//4
f 23//3 22//2 25//5
f 23//3 25//5 26//6
f 23//3 26//6 27//7
f 23//3 27//7 28//8
f 23//3 28//8 29//9
f 23//3 29//9 30//10
f 23//3 30//10 31//11
f 23//3 31//11 32//12
f 23//3 32//12 33//13
f 23//3 33//13 34//14
f 23//3 34//14 35//15
f 23//3 35//15 36//16
f 23//3 36//16 37//17
f 23//3 37//17 38//18
f 23//3 38//18 39//19
f 23//3 39//19 40//20
f 23//3 40//20 41//21
f 23//3 41//21 42//22
f 23//3 42//22 24//4
f 43//1 44//1 45//1
f 46//1 43//1 45//1
f 47//1 46//1 45//1
f 48//1 47//1 45//1
f 49//1 48//1 45//1
f 50//1 49//1 45//1
f 51//1 50//1 45//1
f 52//1 51//1 45//1
f 53//1 52//1 45//1
f 54//1 53//1 45//1
f 55//1 54//1 45//1
f 56//1 55//1 45//1
f 57//1 56//1 45//1
f 58//1 57//1 45//1
f 59//1 58//1 45//1
f 60//1 59//1 45//1
f 61//1 60//1 45//1
f 62//1 61//1 45//1
f 63//1 62//1 45//1
f 44//1 63//1 45//1
f 64//2 65//3 66//4
f 65//3 64//2 67//5
f 65//3 67//5 68//6
f 65//3 68//6 69//7
f 65//3 69//7 70//23
f 65//3 70//23 71//9
f 65//3 71//9 72//10
f 65//3 72//10 73//11
f 65//3 73//11 74//12
f 65//3 74//12 75//24
f 65//3 75//24 76//14
f 65//3 76//14 77//25
f 65//3 77//25 78//16
f 65//3 78//16 79//17
f 65//3 79//17 80//18
f 65//3 80//18 81//26
f 65//3 81//26 82//20
f 65//3 82//20 83//21
f 65//3 83//21 84//22
f 65//3 84//22 66//4
f 85//1 86//1 87//1
f 88//1 85//1 87//1
f 89//1 88//1 87//1
f 90//1 89//1 87//1
f 91//1 90//1 87//1
f 92//1 91//1 87//1
f 93//1 92//1 87//1
f 94//1 93//1 87//1
f 95//1 94//1 87//1
f 96//1 95//1 87//1
f 97//1 96//1 87//1
f 98//1 97//1 87//1
f 99//1 98//1 87//1
f 100//1 99//1 87//1
f 101//1 100//1 87//1
f 102//1 101//1 87//1
f 103//1 102//1 87//1
f 104//1 103//1 87//1
f 105//1 104//1 87//1
f 86//1 105//1 87//1
f 106//2 107//3 108//4
f 107//3 106//2 109//5
f 107//3 109//5 110//6
f 107//3 110//6 111//7
f 107//3 111//7 112//23
f 107//3 112//23 113//9
f 107//3 113//9 114//10
f 107//3 114//10 115//27
f 107//3 115//27 116//12
f 107//3 116//12 117//24
f 107//3 117//24 118//14
f 107//3 118//14 119//15
f 107//3 119//15 120//16
f 107//3 120//16 121//28
f 107//3 121//28 122//18
f 107//3 122//18 123//19
f 107//3 123//19 124//20
f 107//3 124//20 125//21
f 107//3 125//21 126//22
f 107//3 126//22 108//4
f 127//3 129//3 128//3
f 130//3 129//3 127//3
f 131//3 129//3 130//3
f 132//3 129//3 131//3
f 133//3 129//3 132//3
f 134//3 129//3 133//3
f 135//3 129//3 134//3
f 136//3 129//3 135//3
f 137//3 129//3 136//3
f 138//3 129//3 137//3
f 139//3 129//3 138//3
f 140//3 129//3 139//3
f 141//3 129//3 140//3
f 142//3 129//3 141//3
f 143//3 129//3 142//3
f 144//3 129//3 143//3
f 145//3 129//3 144//3
f 146//3 129//3 145//3
f 147//3 129//3 146//3
f 128//3 129//3 147//3
f 148//29 149//3 150//30
f 149//3 148//29 151//31
f 149//3 151//31 152//32
f 149//3 152//32 153//33
f 149//3 153//33 154//34
f 149//3 154//34 155//35
f 149//3 155//35 156//36
f 149//3 156//36 157//37
f 149//3 157//37 158//38
f 149//3 158//38 159//39
f 149//3 159//39 160//40
f 149//3 160//40 161//41
f 149//3 161//41 162//42
f 149//3 162//42 163//43
f 149//3 163//43 164//44
f 149//3 164//44 165//45
f 149//3 165//45 166//46
f 149//3 166//46 167//47
f 149//3 167//47 168//48
f 149//3 168//48 150//30
f 169//1 170//1 171//1
f 172//1 169//1 171//1
f 173//1 172//1 171//1
f 174//1 173//1 171//1
f 175//1 174//1 171//1
f 176//1 175//1 171//1
f 177//1 176//1 171//1
f 178//1 177//1 171//1
f 179//1 178//1 171//1
f 180//1 179//1 171//1
f 181//1 180//1 171//1
f 182//1 181//1 171//1
f 183//1 182//1 171//1
f 184//1 183//1 171//1
f 185//1 184//1 171//1
f 186//1 185//1 171//1
f 187//1 186//1 171//1
f 188//1 187//1 171//1
f 189//1 188//1 171//1
f 170//1 189//1 171//1
f 190//2 191//3 192//4
f 191//3 190//2 193//5
f 191//3 193//5 194//6
f 191//3 194//6 195//7
f 191//3 195//7 196//8
f 191//3 196//8 197//9
f 191//3 197//9 198//10
f 191//3 198//10 199//27
f 191//3 199//27 200//12
f 191//3 200//12 201//24
f 191//3 201//24 202//14
f 191//3 202//14 203//15
f 191//3 203//15 204//49
f 191//3 204//49 205//28
f 191//3 205//28 206//18
f 191//3 206//18 207//19
f 191//3 207//19 208//20
f 191//3 208//20 209//21
f 191//3 209//21 210//22
f 191//3 210//22 192//4
f 211//1 212//1 213//1
f 214//1 211//1 213//1
f 215//1 214//1 213//1
f 216//1 215//1 213//1
f 217//1 216//1 213//1
f 218//1 217//1 213//1
f 219//1 218//1 213//1
f 220//1 219//1 213//1
f 221//1 220//1 213//1
f 222//1 221//1 213//1
f 223//1 222//1 213//1
f 224//1 223//1 213//1
f 225//1 224//1 213//1
f 226//1 225//1 213//1
f 227//1 226//1 213//1
f 228//1 227//1 213//1
f 229//1 228//1 213//1
f 230//1 229//1 213//1
f 231//1 230//1 213//1
f 212//1 231//1 213//1
f 232//2 233//3 234//4
f 233//3 232//2 235//5
f 233//3 235//5 236//6
f 233//3 236//6 237//7
f 233//3 237//7 238//23
f 233//3 238//23 239//9
f 233//3 239//9 240//10
f 233//3 240//10 241//11
f 233//3 241//11 242//12
f 233//3 242//12 243//24
f 233//3 243//24 244//14
f 233//3 244//14 245//15
f 233//3 245//15 246//16
f 233//3 246//16 247//17
f 233//3 247//17 248//18
f 233//3 248//18 249//19
f 233//3 249//19 250//20
f 233//3 250//20 251//21
f 233//3 251//21 252//22
f 233//3 252//22 234//4
f 253//1 254//1 255//1
f 256//1 253//1 255//1
f 257//1 256//1 255//1
f 258//1 257//1 255//1
f 259//1 258//1 255//1
f 260//1 259//1 255//1
f 261//1 260//1 255//1
f 262//1 261//1 255//1
f 263//1 262//1 255//1
f 264//1 263//1 255//1
f 265//1 264//1 255//1
f 266//1 265//1 255//1
f 267//1 266//1 255//1
f 268//1 267//1 255//1
f 269//1 268//1 255//1
f 270//1 269//1 255//1
f 271//1 270//1 255//1
f 272//1 271//1 255//1
f 273//1 272//1 255//1
f 254//1 273//1 255//1
f 274//2 275//3 276//4
f 275//3 274//2 277//5
f 275//3 277//5 278//6
f 275//3 278//6 279//7
f 275//3 279//7 280//23
f 275//3 280//23 281//9
f 275//3 281//9 282//10
f 275//3 282//10 283//11
f 275//3 283//11 284//12
f 275//3 284//12 285//24
f 275//3 285//24 286//14
f 275//3 286//14 287//25
f 275//3 287//25 288//16
f 275//3 288//16 289//50
f 275//3 289//50 290//18
f 275//3 290//18 291//19
f 275//3 291//19 292//20
f 275//3 292//20 293//21
f 275//3 293//21 294//22
f 275//3 294//22 276//4
f 295//1 296//1 297//1
f 298//1 295//1 297//1
f 299//1 298//1 297//1
f 300//1 299//1 297//1
f 301//1 300//1 297//1
f 302//1 301//1 297//1
f 303//1 302//1 297//1
f 304//1 303//1 297//1
f 305//1 304//1 297//1
f 306//1 305//1 297//1
f 307//1 306//1 297//1
f 308//1 307//1 297//1
f 309//1 308//1 297//1
f 310//1 309//1 297//1
f 311//1 310//1 297//1
f 312//1 311//1 297//1
f 313//1 312//1 297//1
f 314//1 313//1 297//1
f 315//1 314//1 297//1
f 296//1 315//1 297//1
f 316//2 317//3 318//4
f 317//3 316//2 319//51
f 317//3 319//51 320//6
f 317//3 320//6 321//7
f 317//3 321//7 322//23
f 317//3 322//23 323//9
f 317//3 323//9 324//10
f 317//3 324//10 325//27
f 317//3 325//27 326//12
f 317//3 326//12 327//24
f 317//3 327//24 328//14
f 317//3 328//14 329//15
f 317//3 329//15 330//52
f 317//3 330//52 331//17
f 317//3 331//17 332//18
f 317//3 332//18 333//26
f 317//3 333//26 334//20
f 317//3 334//20 335//21
f 317//3 335//21 336//22
f 317//3 336//22 318//4
f 337//1 338//1 339//1
f 340//1 337//1 339//1
f 341//1 340//1 339//1
f 342//1 341//1 339//1
f 343//1 342//1 339//1
f 344//1 343//1 339//1
f 345//1 344//1 339//1
f 346//1 345//1 339//1
f 347//1 346//1 339//1
f 348//1 347//1 339//1
f 349//1 348//1 339//1
f 350//1 349//1 339//1
f 351//1 350//1 339//1
f 352//1 351//1 339//1
f 353//1 352//1 339//1
f 354//1 353//1 339//1
f 355//1 354//1 339//1
f 356//1 355//1 339//1
f 357//1 356//1 339//1
f 338//1 357//1 339//1
f 358//2 359//3 360//4
f 359//3 358//2 361//5
f 359//3 361//5 362//6
f 359//3 362//6 363//7
f 359//3 363//7 364//8
f 359//3 364//8 365//9
f 359//3 365//9 366//10
f 359//3 366//10 367//11
f 359//3 367//11 368//12
f 359//3 368//12 369//24
f 359//3 369//24 370//14
f 359//3 370//14 371//15
f 359//3 371//15 372//52
f 359//3 372//52 373//28
f 359//3 373//28 374//18
f 359//3 374//18 375//19
f 359//3 375//19 376//20
f 359//3 376//20 377//21
f 359//3 377//21 378//22
f 359//3 378//22 360//4
f 379//1 380//1 381//1
f 382//1 379//1 381//1
f 383//1 382//1 381//1
f 384//1 383//1 381//1
f 385//1 384//1 381//1
f 386//1 385//1 381//1
f 387//1 386//1 381//1
f 388//1 387//1 381//1
f 389//1 388//1 381//1
f 390//1 389//1 381//1
f 391//1 390//1 381//1
f 392//1 391//1 381//1
f 393//1 392//1 381//1
f 394//1 393//1 381//1
f 395//1 394//1 381//1
f 396//1 395//1 381//1
f 397//1 396//1 381//1
f 398//1 397//1 381//1
f 399//1 398//1 381//1
f 380//1 399//1 381//1
f 400//2 401//3 402//4
f 401//3 400//2 403//5
f 401//3 403//5 404//6
f 401//3 404//6 405//7
f 401//3 405//7 406//8
f 401//3 406//8 407//9
f 401//3 407//9 408//10
f 401//3 408//10 409//11
f 401//3 409//11 410//12
f 401//3 410//12 411//24
f 401//3 411//24 412//14
f 401//3 412//14 413//15
f 401//3 413//15 414//52
f 401//3 414//52 415//50
f 401//3 415//50 416//18
f 401//3 416//18 417//19
f 401//3 417//19 418//20
f 401//3 418//20 419//21
f 401//3 419//21 420//22
f 401//3 420//22 402//4
f 421//1 422//1 423//1
f 424//1 421//1 423//1
f 425//1 424//1 423//1
f 426//1 425//1 423//1
f 427//1 426//1 423//1
f 428//1 427//1 423//1
f 429//1 428//1 423//1
f 430//1 429//1 423//1
f 431//1 430//1 423//1
f 432//1 431//1 423//1
f 433//1 432//1 423//1
f 434//1 433//1 423//1
f 435//1 434//1 423//1
f 436//1 435//1 423//1
f 437//1 436//1 423//1
f 438//1 437//1 423//1
f 439//1 438//1 423//1
f 440//1 439//1 423//1
f 441//1 440//1 423//1
f 422//1 441//1 423//1
f 442//2 443//3 444//4
f 443//3 442//2 445//5
f 443//3 445//5 446//6
f 443//3 446//6 447//7
f 443//3 447//7 448//23
f 443//3 448//23 449//9
f 443//3 449//9 450//10
f 443//3 450//10 451//27
f 443//3 451//27 452//12
f 443//3 452//12 453//24
f 443//3 453//24 454//14
f 443//3 454//14 455//15
f 443//3 455//15 456//16
f 443//3 456//16 457//28
f 443//3 457//28 458//18
f 443//3 458//18 459//19
f 443//3 459//19 460//20
f 443//3 460//20 461//21
f 443//3 461//21 462//22
f 443//3 462//22 444//4
f 463//1 464//1 465//1
f 466//1 463//1 465//1
f 467//1 466//1 465//1
f 468//1 467//1 465//1
f 469//1 468//1 465//1
f 470//1 469//1 465//1
f 471//1 470//1 465//1
f 472//1 471//1 465//1
f 473//1 472//1 465//1
f 474//1 473//1 465//1
f 475//1 474//1 465//1
f 476//1 475//1 465//1
f 477//1 476//1 465//1
f 478//1 477//1 465//1
f 479//1 478//1 465//1
f 480//1 479//1 465//1
f 481//1 480//1 465//1
f 482//1 481//1 465//1
f 483//1 482//1 465//1
f 464//1 483//1 465//1
f 484//2 485//3 486//4
f 485//3 484//2 487//5
f 485//3 487//5 488//6
f 485//3 488//6 489//7
f 485//3 489//7 490//8
f 485//3 490//8 491//9
f 485//3 491//9 492//10
f 485//3 492//10 493//27
f 485//3 493//27 494//12
f 485//3 494//12 495//24
f 485//3 495//24 496//14
f 485//3 496//14 497//15
f 485//3 497//15 498//52
f 485//3 498//52 499//28
f 485//3 499//28 500//18
f 485//3 500//18 501//19
f 485//3 501//19 502//20
f 485//3 502//20 503//21
f 485//3 503//21 504//22
f 485//3 504//22 486//4
f 505//1 506//1 507//1
f 508//1 505//1 507//1
f 509//1 508//1 507//1
f 510//1 509//1 507//1
f 511//1 510//1 507//1
f 512//1 511//1 507//1
f 513//1 512//1 507//1
f 514//1 513//1 507//1
f 515//1 514//1 507//1
f 516//1 515//1 507//1
f 517//1 516//1 507//1
f 518//1 517//1 507//1
f 519//1 518//1 507//1
f 520//1 519//1 507//1
f 521//1 520//1 507//1
f 522//1 521//1 507//1
f 523//1 522//1 507//1
f 524//1 523//1 507//1
f 525//1 524//1 507//1
f 506//1 525//1 507//1
f 526//2 527//3 528//4
f 527//3 526//2 529//5
f 527//3 529//5 530//6
f 527//3 530//6 531//7
f 527//3 531//7 532//23
f 527//3 532//23 533//9
f 527//3 533//9 534//10
f 527//3 534//10 535//11
f 527//3 535//11 536//12
f 527//3 536//12 537//24
f 527//3 537//24 538//14
f 527//3 538//14 539//15
f 527//3 539//15 540//16
f 527//3 540//16 541//28
f 527//3 541//28 542//18
f 527//3 542//18 543//26
f 527//3 543//26 544//20
f 527//3 544//20 545//21
f 527//3 545//21 546//22
f 527//3 546//22 528//4
f 547//3 549//3 548//3
f 550//3 549//3 547//3
f 551//3 549//3 550//3
f 552//3 549//3 551//3
f 553//3 549//3 552//3
f 554//3 549//3 553//3
f 555//3 549//3 554//3
f 556//3 549//3 555//3
f 557//3 549//3 556//3
f 558//3 549//3 557//3
f 559//3 549//3 558//3
f 560//3 549//3 559//3
f 561//3 549//3 560//3
f 562//3 549//3 561//3
f 563//3 549//3 562//3
f 564//3 549//3 563//3
f 565//3 549//3 564//3
f 566//3 549//3 565//3
f 567//3 549//3 566//3
f 548//3 549//3 567//3
f 568//29 569//3 570//30
f 569//3 568//29 571//31
f 569//3 571//31 572//32
f 569//3 572//32 573//33
f 569//3 573//33 574//53
f 569//3 574//53 575//35
f 569//3 575//35 576//36
f 569//3 576//36 577//37
f 569//3 577//37 578//38
f 569//3 578//38 579//39
f 569//3 579//39 580//54
f 569//3 580//54 581//41
f 569//3 581//41 582//42
f 569//3 582//42 583//43
f 569//3 583//43 584//55
f 569//3 584//55 585//45
f 569//3 585//45 586//46
f 569//3 586//46 587//56
f 569//3 587//56 588//48
f 569//3 588//48 570//30
f 589//3 591//3 590//3
f 592//3 591//3 589//3
f 593//3 591//3 592//3
f 594//3 591//3 593//3
f 595//3 591//3 594//3
f 596//3 591//3 595//3
f 597//3 591//3 596//3
f 598//3 591//3 597//3
f 599//3 591//3 598//3
f 600//3 591//3 599//3
f 601//3 591//3 600//3
f 602//3 591//3 601//3
f 603//3 591//3 602//3
f 604//3 591//3 603//3
f 605//3 591//3 604//3
f 606//3 591//3 605//3
f 607//3 591//3 606//3
f 608//3 591//3 607//3
f 609//3 591//3 608//3
f 590//3 591//3 609//3
f 610//57 611//3 612//58
f 611//3 610//57 613//31
f 611//3 613//31 614//32
f 611//3 614//32 615//33
f 611//3 615//33 616//34
f 611//3 616//34 617//59
f 611//3 617//59 618//36
f 611//3 618//36 619//60
f 611//3 619//60 620//61
f 611//3 620//61 621//39
f 611//3 621//39 622//40
f 611//3 622//40 623//41
f 611//3 623//41 624//62
f 611//3 624//62 625//63
f 611//3 625//63 626//55
f 611//3 626//55 627//45
f 611//3 627//45 628//46
f 611//3 628//46 629//47
f 611//3 629//47 630//48
f 611//3 630//48 612//58
f 631//3 633//3 632//3
f 634//3 633//3 631//3
f 635//3 633//3 634//3
f 636//3 633//3 635//3
f 637//3 633//3 636//3
f 638//3 633//3 637//3
f 639//3 633//3 638//3
f 640//3 633//3 639//3
f 641//3 633//3 640//3
f 642//3 633//3 641//3
f 643//3 633//3 642//3
f 644//3 633//3 643//3
f 645//3 633//3 644//3
f 646//3 633//3 645//3
f 647//3 633//3 646//3
f 648//3 633//3 647//3
f 649//3 633//3 648//3
f 650//3 633//3 649//3
f 651//3 633//3 650//3
f 632//3 633//3 651//3
f 652//57 653//3 654//30
f 653//3 652//57 655//31
f 653//3 655//31 656//32
f 653//3 656//32 657//33
f 653//3 657//33 658//34
f 653//3 658//34 659//35
f 653//3 659//35 660//36
f 653//3 660//36 661//60
f 653//3 661//60 662//64
f 653//3 662//64 663//65
f 653//3 663//65 664//40
f 653//3 664//40 665//41
f 653//3 665//41 666//42
f 653//3 666//42 667//43
f 653//3 667//43 668//44
f 653//3 668//44 669//45
f 653//3 669//45 670//46
f 653//3 670//46 671//47
f 653//3 671//47 672//48
f 653//3 672//48 654//30
f 673//3 675//3 674//3
f 676//3 675//3 673//3
f 677//3 675//3 676//3
f 678//3 675//3 677//3
f 679//3 675//3 678//3
f 680//3 675//3 679//3
f 681//3 675//3 680//3
f 682//3 675//3 681//3
f 683//3 675//3 682//3
f 684//3 675//3 683//3
f 685//3 675//3 684//3
f 686//3 675//3 685//3
f 687//3 675//3 686//3
f 688//3 675//3 687//3
f 689//3 675//3 688//3
f 690//3 675//3 689//3
f 691//3 675//3 690//3
f 692//3 675//3 691//3
f 693//3 675//3 692//3
f 674//3 675//3 693//3
f 694//57 695//3 696//30
f 695//3 694//57 697//31
f 695//3 697//31 698//66
f 695//3 698//66 699//67
f 695//3 699//67 700//53
f 695//3 700//53 701//35
f 695//3 701//35 702//36
f 695//3 702//36 703//37
f 695//3 703//37 704//38
f 695//3 704//38 705//39
f 695//3 705//39 706//40
f 695//3 706//40 707//41
f 695//3 707//41 708//42
f 695//3 708//42 709//63
f 695//3 709//63 710//55
f 695//3 710//55 711//45
f 695//3 711//45 712//46
f 695//3 712//46 713//47
f 695//3 713//47 714//48
f 695//3 714//48 696//30
f 715//3 717//3 716//3
f 718//3 717//3 715//3
f 719//3 717//3 718//3
f 720//3 717//3 719//3
f 721//3 717//3 720//3
f 722//3 717//3 721//3
f 723//3 717//3 722//3
f 724//3 717//3 723//3
f 725//3 717//3 724//3
f 726//3 717//3 725//3
f 727//3 717//3 726//3
f 728//3 717//3 727//3
f 729//3 717//3 728//3
f 730//3 717//3 729//3
f 731//3 717//3 730//3
f 732//3 717//3 731//3
f 733//3 717//3 732//3
f 734//3 717//3 733//3
f 735//3 717//3 734//3
f 716//3 717//3 735//3
f 736//57 737//3 738//30
f 737//3 736//57 739//68
f 737//3 739//68 740//32
f 737//3 740//32 741//67
f 737//3 741//67 742//34
f 737//3 742//34 743//59
f 737//3 743//59 744//36
f 737//3 744//36 745//60
f 737//3 745//60 746//38
f 737//3 746//38 747//39
f 737//3 747//39 748//40
f 737//3 748//40 749//41
f 737//3 749//41 750//62
f 737//3 750//62 751//63
f 737//3 751//63 752//55
f 737//3 752//55 753//45
f 737//3 753//45 754//46
f 737//3 754//46 755//47
f 737//3 755//47 756//48
f 737//3 756//48 738//30
f 757//3 759//3 758//3
f 760//3 759//3 757//3
f 761//3 759//3 760//3
f 762//3 759//3 761//3
f 763//3 759//3 762//3
f 764//3 759//3 763//3
f 765//3 759//3 764//3
f 766//3 759//3 765//3
f 767//3 759//3 766//3
f 768//3 759//3 767//3
f 769//3 759//3 768//3
f 770//3 759//3 769//3
f 771//3 759//3 770//3
f 772//3 759//3 771//3
f 773//3 759//3 772//3
f 774//3 759//3 773//3
f 775//3 759//3 774//3
f 776//3 759//3 775//3
f 777//3 759//3 776//3
f 758//3 759//3 777//3
f 778//57 779//3 780//58
f 779//3 778//57 781//31
f 779//3 781//31 782//32
f 779//3 782//32 783//67
f 779//3 783//67 784//34
f 779//3 784//34 785//35
f 779//3 785//35 786//36
f 779//3 786//36 787//60
f 779//3 787//60 788//38
f 779//3 788//38 789//39
f 779//3 789//39 790//40
f 779//3 790//40 791//69
f 779//3 791//69 792//62
f 779//3 792//62 793//63
f 779//3 793//63 794//55
f 779//3 794//55 795//45
f 779//3 795//45 796//70
f 779//3 796//70 797//47
f 779//3 797//47 798//48
f 779//3 798//48 780//58
f 799//3 801//3 800//3
f 802//3 801//3 799//3
f 803//3 801//3 802//3
f 804//3 801//3 803//3
f 805//3 801//3 804//3
f 806//3 801//3 805//3
f 807//3 801//3 806//3
f 808//3 801//3 807//3
f 809//3 801//3 808//3
f 810//3 801//3 809//3
f 811//3 801//3 810//3
f 812//3 801//3 811//3
f 813//3 801//3 812//3
f 814//3 801//3 813//3
f 815//3 801//3 814//3
f 816//3 801//3 815//3
f 817//3 801//3 816//3
f 818//3 801//3 817//3
f 819//3 801//3 818//3
f 800//3 801//3 819//3
f 820//57 821//3 822//58
f 821//3 820//57 823//31
f 821//3 823//31 824//32
f 821//3 824//32 825//33
f 821//3 825//33 826//34
f 821//3 826//34 827//59
f 821//3 827//59 828//71
f 821//3 828//71 829//60
f 821//3 829//60 830//38
f 821//3 830//38 831//39
f 821//3 831//39 832//40
f 821//3 832//40 833//41
f 821//3 833//41 834//72
f 821//3 834//72 835//43
f 821//3 835//43 836//55
f 821//3 836//55 837//45
f 821//3 837//45 838//70
f 821//3 838//70 839//47
f 821//3 839//47 840//48
f 821//3 840//48 822//58
f 841//1 842//1 843//1
f 844//1 841//1 843//1
f 845//1 844//1 843//1
f 846//1 845//1 843//1
f 847//1 846//1 843//1
f 848//1 847//1 843//1
f 849//1 848//1 843//1
f 850//1 849//1 843//1
f 851//1 850//1 843//1
f 852//1 851//1 843//1
f 853//1 852//1 843//1
f 854//1 853//1 843//1
f 855//1 854//1 843//1
f 856//1 855//1 843//1
f 857//1 856//1 843//1
f 858//1 857//1 843//1
f 859//1 858//1 843//1
f 860//1 859//1 843//1
f 861//1 860//1 843//1
f 842//1 861//1 843//1
f 862//2 863//3 864//4
f 863//3 862//2 865//73
f 863//3 865//73 866//6
f 863//3 866//6 867//7
f 863//3 867//7 868//23
f 863//3 868//23 869//9
f 863//3 869//9 870//10
f 863//3 870//10 871//27
f 863//3 871//27 872//12
f 863//3 872//12 873//24
f 863//3 873//24 874//14
f 863//3 874//14 875//15
f 863//3 875//15 876//16
f 863//3 876//16 877//50
f 863//3 877//50 878//18
f 863//3 878//18 879//26
f 863//3 879//26 880//20
f 863//3 880//20 881//21
f 863//3 881//21 882//22
f 863//3 882//22 864//4
f 883//1 884//1 885//1
f 886//1 883//1 885//1
f 887//1 886//1 885//1
f 888//1 887//1 885//1
f 889//1 888//1 885//1
f 890//1 889//1 885//1
f 891//1 890//1 885//1
f 892//1 891//1 885//1
f 893//1 892//1 885//1
f 894//1 893//1 885//1
f 895//1 894//1 885//1
f 896//1 895//1 885//1
f 897//1 896//1 885//1
f 898//1 897//1 885//1
f 899//1 898//1 885//1
f 900//1 899//1 885//1
f 901//1 900//1 885//1
f 902//1 901//1 885//1
f 903//1 902//1 885//1
f 884//1 903//1 885//1
f 904//2 905//3 906//4
f 905//3 904//2 907//5
f 905//3 907//5 908//6
f 905//3 908//6 909//7
f 905//3 909//7 910//8
f 905//3 910//8 911//9
f 905//3 911//9 912//10
f 905//3 912//10 913//27
f 905//3 913//27 914//12
f 905//3 914//12 915//24
f 905//3 915//24 916//14
f 905//3 916//14 917//25
f 905//3 917//25 918//52
f 905//3 918//52 919//50
f 905//3 919//50 920//18
f 905//3 920//18 921//19
f 905//3 921//19 922//20
f 905//3 922//20 923//21
f 905//3 923//21 924//22
f 905//3 924//22 906//4
f 925//1 926//1 927//1
f 928//1 925//1 927//1
f 929//1 928//1 927//1
f 930//1 929//1 927//1
f 931//1 930//1 927//1
f 932//1 931//1 927//1
f 933//1 932//1 927//1
f 934//1 933//1 927//1
f 935//1 934//1 927//1
f 936//1 935//1 927//1
f 937//1 936//1 927//1
f 938//1 937//1 927//1
f 939//1 938//1 927//1
f 940//1 939//1 927//1
f 941//1 940//1 927//1
f 942//1 941//1 927//1
f 943//1 942//1 927//1
f 944//1 943//1 927//1
f 945//1 944//1 927//1
f 926//1 945//1 927//1
f 946//74 947//3 948//4
f 947//3 946//74 949//5
f 947//3 949//5 950//6
f 947//3 950//6 951//75
f 947//3 951//75 952//8
f 947//3 952//8 953//9
f 947//3 953//9 954//10
f 947//3 954//10 955//11
f 947//3 955//11 956//12
f 947//3 956//12 957//24
f 947//3 957//24 958//14
f 947//3 958//14 959//15
f 947//3 959//15 960//52
f 947//3 960//52 961//28
f 947//3 961//28 962//18
f 947//3 962//18 963//19
f 947//3 963//19 964//20
f 947//3 964//20 965//21
f 947//3 965//21 966//22
f 947//3 966//22 948//4
f 967//1 968//1 969//1
f 970//1 967//1 969//1
f 971//1 970//1 969//1
f 972//1 971//1 969//1
f 973//1 972//1 969//1
f 974//1 973//1 969//1
f 975//1 974//1 969//1
f 976//1 975//1 969//1
f 977//1 976//1 969//1
f 978//1 977//1 969//1
f 979//1 978//1 969//1
f 980//1 979//1 969//1
f 981//1 980//1 969//1
f 982//1 981//1 969//1
f 983//1 982//1 969//1
f 984//1 983//1 969//1
f 985//1 984//1 969//1
f 986//1 985//1 969//1
f 987//1 986//1 969//1
f 968//1 987//1 969//1
f 988//2 989//3 990//4
f 989//3 988//2 991//5
f 989//3 991//5 992//6
f 989//3 992//6 993//7
f 989//3 993//7 994//23
f 989//3 994//23 995//9
f 989//3 995//9 996//10
f 989//3 996//10 997//27
f 989//3 997//27 998//12
f 989//3 998//12 999//24
f 989//3 999//24 1000//14
f 989//3 1000//14 1001//15
f 989//3 1001//15 1002//16
f 989//3 1002//16 1003//28
f 989//3 1003//28 1004//18
f 989//3 1004//18 1005//19
f 989//3 1005//19 1006//20
f 989//3 1006//20 1007//21
f 989//3 1007//21 1008//22
f 989//3 1008//22 990//4
f 1009//3 1011//3 1010//3
f 1012//3 1011//3 1009//3
f 1013//3 1011//3 1012//3
f 1014//3 1011//3 1013//3
f 1015//3 1011//3 1014//3
f 1016//3 1011//3 1015//3
f 1017//3 1011//3 1016//3
f 1018//3 1011//3 1017//3
f 1019//3 1011//3 1018//3
f 1020//3 1011//3 1019//3
f 1021//3 1011//3 1020//3
f 1022//3 1011//3 1021//3
f 1023//3 1011//3 1022//3
f 1024//3 1011//3 1023//3
f 1025//3 1011//3 1024//3
f 1026//3 1011//3 1025//3
f 1027//3 1011//3 1026//3
f 1028//3 1011//3 1027//3
f 1029//3 1011//3 1028//3
f 1010//3 1011//3 1029//3
f 1030//57 1031//3 1032//30
f 1031//3 1030//57 1033//31
f 1031//3 1033//31 1034//32
f 1031//3 1034//32 1035//33
f 1031//3 1035//33 1036//53
f 1031//3 1036//53 1037//76
f 1031//3 1037//76 1038//36
f 1031//3 1038//36 1039//37
f 1031//3 1039//37 1040//38
f 1031//3 1040//38 1041//39
f 1031//3 1041//39 1042//40
f 1031//3 1042//40 1043//41
f 1031//3 1043//41 1044//62
f 1031//3 1044//62 1045//43
f 1031//3 1045//43 1046//55
f 1031//3 1046//55 1047//45
f 1031//3 1047//45 1048//46
f 1031//3 1048//46 1049//47
f 1031//3 1049//47 1050//48
f 1031//3 1050//48 1032//30
f 1051//3 1053//3 1052//3
f 1054//3 1053//3 1051//3
f 1055//3 1053//3 1054//3
f 1056//3 1053//3 1055//3
f 1057//3 1053//3 1056//3
f 1058//3 1053//3 1057//3
f 1059//3 1053//3 1058//3
f 1060//3 1053//3 1059//3
f 1061//3 1053//3 1060//3
f 1062//3 1053//3 1061//3
f 1063//3 1053//3 1062//3
f 1064//3 1053//3 1063//3
f 1065//3 1053//3 1064//3
f 1066//3 1053//3 1065//3
f 1067//3 1053//3 1066//3
f 1068//3 1053//3 1067//3
f 1069//3 1053//3 1068//3
f 1070//3 1053//3 1069//3
f 1071//3 1053//3 1070//3
f 1052//3 1053//3 1071//3
f 1072//29 1073//3 1074//30
f 1073//3 1072//29 1075//31
f 1073//3 1075//31 1076//32
f 1073//3 1076//32 1077//33
f 1073//3 1077//33 1078//34
f 1073//3 1078//34 1079//35
f 1073//3 1079//35 1080//77
f 1073//3 1080//77 1081//37
f 1073//3 1081//37 1082//38
f 1073//3 1082//38 1083//39
f 1073//3 1083//39 1084//40
f 1073//3 1084//40 1085//41
f 1073//3 1085//41 1086//62
f 1073//3 1086//62 1087//43
f 1073//3 1087//43 1088//55
f 1073//3 1088//55 1089//45
f 1073//3 1089//45 1090//46
f 1073//3 1090//46 1091//47
f 1073//3 1091//47 1092//48
f 1073//3 1092//48 1074//30
f 1093//3 1095//3 1094//3
f 1096//3 1095//3 1093//3
f 1097//3 1095//3 1096//3
f 1098//3 1095//3 1097//3
f 1099//3 1095//3 1098//3
f 1100//3 1095//3 1099//3
f 1101//3 1095//3 1100//3
f 1102//3 1095//3 1101//3
f 1103//3 1095//3 1102//3
f 1104//3 1095//3 1103//3
f 1105//3 1095//3 1104//3
f 1106//3 1095//3 1105//3
f 1107//3 1095//3 1106//3
f 1108//3 1095//3 1107//3
f 1109//3 1095//3 1108//3
f 1110//3 1095//3 1109//3
f 1111//3 1095//3 1110//3
f 1112//3 1095//3 1111//3
f 1113//3 1095//3 1112//3
f 1094//3 1095//3 1113//3
f 1114//57 1115//3 1116//30
f 1115//3 1114//57 1117//68
f 1115//3 1117//68 1118//32
f 1115//3 1118//32 1119//33
f 1115//3 1119//33 1120//53
f 1115//3 1120//53 1121//35
f 1115//3 1121//35 1122//71
f 1115//3 1122//71 1123//37
f 1115//3 1123//37 1124//38
f 1115//3 1124//38 1125//39
f 1115//3 1125//39 1126//40
f 1115//3 1126//40 1127//41
f 1115//3 1127//41 1128//62
f 1115//3 1128//62 1129//43
f 1115//3 1129//43 1130//55
f 1115//3 1130//55 1131//45
f 1115//3 1131//45 1132//46
f 1115//3 1132//46 1133//47
f 1115//3 1133//47 1134//48
f 1115//3 1134//48 1116//30
f 1135//78 1136//79 1137//80
f 1135//78 1137//80 1138//81
f 1136//79 1139//82 1140//83
f 1136//79 1140//83 1137//80
f 1139//82 1141//84 1142//85
f 1139//82 1142//85 1140//83
f 1141//84 1143//86 1144//87
f 1141//84 1144//87 1142//85
f 1143//86 1145//88 1146//89
f 1143//86 1146//89 1144//87
f 1145//88 1147//90 1148//91
f 1145//88 1148//91 1146//89
f 1147//90 1149//92 1150//93
f 1147//90 1150//93 1148//91
f 1149//92 1151//94 1152//95
f 1149//92 1152//95 1150//93
f 1151//94 1153//96 1154//97
f 1151//94 1154//97 1152//95
f 1153//96 1155//98 1156//99
f 1153//96 1156//99 1154//97
f 1155//98 1157//100 1158//101
f 1155//98 1158//101 1156//99
f 1157//100 1159//102 1160//103
f 1157//100 1160//103 1158//101
f 1159//102 1161//104 1162//105
f 1159//102 1162//105 1160//103
f 1161//104 1163//106 1164//107
f 1161//104 1164//107 1162//105
f 1163//106 1165//108 1166//109
f 1163//106 1166//109 1164//107
f 1165//108 1167//110 1168//111
f 1165//108 1168//111 1166//109
f 1167//110 1169//112 1170//113
f 1167//110 1170//113 1168//111
f 1169//112 1171//114 1172//115
f 1169//112 1172//115 1170//113
f 1171//114 1173//116 1174//117
f 1171//114 1174//117 1172//115
f 1173//116 1175//118 1176//119
f 1173//116 1176//119 1174//117
f 1177//120 22//2 24//4
f 1177//120 24//4 1178//121
f 1179//122 1177//120 1178//121
f 1179//122 1178//121 1180//123
f 1181//124 1182//125 1183//126
f 1181//124 1183//126 1184//127
f 1176//119 1185//128 1186//129
f 1176//119 1186//129 1174//117
f 1185//128 1181//124 1184//127
f 1185//128 1184//127 1186//129
f 22//2 1177//120 1187//130
f 22//2 1187//130 25//5
f 1177//120 1179//122 1188//131
f 1177//120 1188//131 1187//130
f 1189//132 1190//133 1191//134
f 1189//132 1191//134 1192//135
f 1190//133 1193//136 1194//137
f 1190//133 1194//137 1191//134
f 1193//136 1138//81 1137//80
f 1193//136 1137//80 1194//137
f 25//5 1187//130 1195//138
f 25//5 1195//138 26//6
f 1187//130 1188//131 1196//139
f 1187//130 1196//139 1195//138
f 1192//135 1191//134 1197//140
f 1192//135 1197//140 1198//141
f 1191//134 1194//137 1199//142
f 1191//134 1199//142 1197//140
f 1194//137 1137//80 1140//83
f 1194//137 1140//83 1199//142
f 26//6 1195//138 1200//143
f 26//6 1200//143 27//7
f 1195//138 1196//139 1201//144
f 1195//138 1201//144 1200//143
f 1198//141 1197//140 1202//145
f 1198//141 1202//145 1203//146
f 1197//140 1199//142 1204//147
f 1197//140 1204//147 1202//145
f 1199//142 1140//83 1142//85
f 1199//142 1142//85 1204//147
f 27//7 1200//143 1205//148
f 27//7 1205//148 28//8
f 1200//143 1201//144 1206//149
f 1200//143 1206//149 1205//148
f 1203//146 1202//145 1207//150
f 1203//146 1207//150 1208//151
f 1202//145 1204//147 1209//152
f 1202//145 1209//152 1207//150
f 1204//147 1142//85 1144//87
f 1204//147 1144//87 1209//152
f 28//8 1205//148 1210//153
f 28//8 1210//153 29//9
f 1205//148 1206//149 1211//154
f 1205//148 1211//154 1210//153
f 1208//151 1207//150 1212//155
f 1208//151 1212//155 1213//156
f 1207//150 1209//152 1214//157
f 1207//150 1214//157 1212//155
f 1209//152 1144//87 1146//89
f 1209//152 1146//89 1214//157
f 29//9 1210//153 1215//158
f 29//9 1215//158 30//10
f 1210//153 1211//154 1216//159
f 1210//153 1216//159 1215//158
f 1213//156 1212//155 1217//160
f 1213//156 1217//160 1218//161
f 1212//155 1214//157 1219//162
f 1212//155 1219//162 1217//160
f 1214//157 1146//89 1148//91
f 1214//157 1148//91 1219//162
f 30//10 1215//158 1220//163
f 30//10 1220//163 31//11
f 1215//158 1216//159 1221//164
f 1215//158 1221//164 1220//163
f 1218//161 1217//160 1222//165
f 1218//161 1222//165 1223//166
f 1217//160 1219//162 1224//167
f 1217//160 1224//167 1222//165
f 1219//162 1148//91 1150//93
f 1219//162 1150//93 1224//167
f 31//11 1220//163 1225//168
f 31//11 1225//168 32//12
f 1220//163 1221//164 1226//169
f 1220//163 1226//169 1225//168
f 1223//166 1222//165 1227//170
f 1223//166 1227//170 1228//171
f 1222//165 1224//167 1229//172
f 1222//165 1229//172 1227//170
f 1224//167 1150//93 1152//95
f 1224//167 1152//95 1229//172
f 32//12 1225//168 1230//173
f 32//12 1230//173 33//13
f 1225//168 1226//169 1231//174
f 1225//168 1231//174 1230//173
f 1228//171 1227//170 1232//175
f 1228//171 1232//175 1233//176
f 1227//170 1229//172 1234//177
f 1227//170 1234//177 1232//175
f 1229//172 1152//95 1154//97
f 1229//172 1154//97 1234//177
f 33//13 1230//173 1235//178
f 33//13 1235//178 34//14
f 1230//173 1231//174 1236//179
f 1230//173 1236//179 1235//178
f 1233//176 1232//175 1237//180
f 1233//176 1237//180 1238//181
f 1232//175 1234//177 1239//182
f 1232//175 1239//182 1237//180
f 1234//177 1154//97 1156//99
f 1234//177 1156//99 1239//182
f 34//14 1235//178 1240//183
f 34//14 1240//183 35//15
f 1235//178 1236//179 1241//184
f 1235//178 1241//184 1240//183
f 1238//181 1237//180 1242//185
f 1238//181 1242//185 1243//186
f 1237//180 1239//182 1244//187
f 1237//180 1244//187 1242//185
f 1239//182 1156//99 1158//101
f 1239//182 1158//101 1244//187
f 35//15 1240//183 1245//188
f 35//15 1245//188 36//16
f 1240//183 1241//184 1246//189
f 1240//183 1246//189 1245//188
f 1243//186 1242//185 1247//190
f 1243//186 1247//190 1248//191
f 1242//185 1244//187 1249//192
f 1242//185 1249//192 1247//190
f 1244//187 1158//101 1160//103
f 1244//187 1160//103 1249//192
f 36//16 1245//188 1250//193
f 36//16 1250//193 37//17
f 1245//188 1246//189 1251//194
f 1245//188 1251//194 1250//193
f 1248//191 1247//190 1252//195
f 1248//191 1252//195 1253//196
f 1247//190 1249//192 1254//197
f 1247//190 1254//197 1252//195
f 1249//192 1160//103 1162//105
f 1249//192 1162//105 1254//197
f 37//17 1250//193 1255//198
f 37//17 1255//198 38//18
f 1250//193 1251//194 1256//199
f 1250//193 1256//199 1255//198
f 1253//196 1252//195 1257//200
f 1253//196 1257//200 1258//201
f 1252//195 1254//197 1259//202
f 1252//195 1259//202 1257//200
f 1254//197 1162//105 1164//107
f 1254//197 1164//107 1259//202
f 38//18 1255//198 1260//203
f 38//18 1260//203 39//19
f 1255//198 1256//199 1261//204
f 1255//198 1261//204 1260//203
f 1258//201 1257//200 1262//205
f 1258//201 1262//205 1263//206
f 1257//200 1259//202 1264//207
f 1257//200 1264//207 1262//205
f 1259//202 1164//107 1166//109
f 1259//202 1166//109 1264//207
f 39//19 1260//203 1265//208
f 39//19 1265//208 40//20
f 1260//203 1261//204 1266//209
f 1260//203 1266//209 1265//208
f 1263//206 1262//205 1267//210
f 1263//206 1267//210 1268//211
f 1262//205 1264//207 1269//212
f 1262//205 1269//212 1267//210
f 1264//207 1166//109 1168//111
f 1264//207 1168//111 1269//212
f 40//20 1265//208 1270//213
f 40//20 1270//213 41//21
f 1265//208 1266//209 1271//214
f 1265//208 1271//214 1270//213
f 1268//211 1267//210 1272//215
f 1268//211 1272//215 1273//216
f 1267//210 1269//212 1274//217
f 1267//210 1274//217 1272//215
f 1269//212 1168//111 1170//113
f 1269//212 1170//113 1274//217
f 41//21 1270//213 1275//218
f 41//21 1275//218 42//22
f 1270//213 1271//214 1276//219
f 1270//213 1276//219 1275//218
f 1273//216 1272//215 1277//220
f 1273//216 1277//220 1278//221
f 1272//215 1274//217 1279//222
f 1272//215 1279//222 1277//220
f 1274//217 1170//113 1172//115
f 1274//217 1172//115 1279//222
f 42//22 1275//218 1178//121
f 42//22 1178//121 24//4
f 1275//218 1276//219 1180//123
f 1275//218 1180//123 1178//121
f 1278//221 1277//220 1184//127
f 1278//221 1184//127 1183//126
f 1277//220 1279//222 1186//129
f 1277//220 1186//129 1184//127
f 1279//222 1172//115 1174//117
f 1279//222 1174//117 1186//129
f 1280//223 1281//223 1282//224
f 1280//223 1282//224 1283//224
f 1284//225 1285//225 1286//226
f 1284//225 1286//226 1287//226
f 1288//227 1289//227 1290//228
f 1288//227 1290//228 1291//228
f 1292//229 1294//230 1293//229
f 1292//229 1295//231 1294//230
f 1296//232 1297//232 1289//227
f 1296//232 1289//227 1288//227
f 1298//233 1293//229 1299//234
f 1298//233 1292//229 1293//229
f 1284//225 1300//235 1301//235
f 1284//225 1301//235 1285//225
f 1300//235 1302//236 1303//237
f 1300//235 1303//237 1301//235
f 1304//238 1298//233 1299//234
f 1304//238 1305//239 1298//233
f 1296//232 1306//240 1307//240
f 1296//232 1307//240 1297//232
f 1308//241 1309//242 1310//242
f 1308//241 1310//242 1311//241
f 1309//242 1287//226 1286//226
f 1309//242 1286//226 1310//242
f 1294//230 1313//243 1312//244
f 1294//230 1295//231 1313//243
f 1312//245 1314//246 1315//246
f 1312//245 1315//246 1316//245
f 1314//246 1281//223 1280//223
f 1314//246 1280//223 1315//246
f 1282//224 1317//247 1318//247
f 1282//224 1318//247 1283//224
f 1317//247 1319//248 1320//249
f 1317//247 1320//249 1318//247
f 1319//250 1291//228 1290//228
f 1319//250 1290//228 1321//250
f 1322//78 1323//79 1324//80
f 1322//78 1324//80 1325//251
f 1323//79 1326//82 1327//83
f 1323//79 1327//83 1324//80
f 1326//82 1328//84 1329//85
f 1326//82 1329//85 1327//83
f 1328//84 1330//86 1331//87
f 1328//84 1331//87 1329//85
f 1330//86 1332//88 1333//89
f 1330//86 1333//89 1331//87
f 1332//88 1334//90 1335//91
f 1332//88 1335//91 1333//89
f 1334//90 1336//92 1337//93
f 1334//90 1337//93 1335//91
f 1336//92 1338//94 1339//95
f 1336//92 1339//95 1337//93
f 1338//94 1340//96 1341//97
f 1338//94 1341//97 1339//95
f 1340//96 1342//98 1343//99
f 1340//96 1343//99 1341//97
f 1342//98 1344//100 1345//101
f 1342//98 1345//101 1343//99
f 1344//100 1346//102 1347//103
f 1344//100 1347//103 1345//101
f 1346//102 1348//104 1349//105
f 1346//102 1349//105 1347//103
f 1348//104 1350//106 1351//107
f 1348//104 1351//107 1349//105
f 1350//106 1352//108 1353//109
f 1350//106 1353//109 1351//107
f 1352//108 1354//110 1355//252
f 1352//108 1355//252 1353//109
f 1354//110 1356//112 1357//113
f 1354//110 1357//113 1355//252
f 1356//112 1358//114 1359//115
f 1356//112 1359//115 1357//113
f 1358//114 1360//116 1361//117
f 1358//114 1361//117 1359//115
f 1360//116 1362//118 1363//119
f 1360//116 1363//119 1361//117
f 1364//120 64//2 66//4
f 1364//120 66//4 1365//121
f 1366//122 1364//120 1365//121
f 1366//122 1365//121 1367//123
f 1368//253 1369//125 1370//126
f 1368//253 1370//126 1371//254
f 1363//119 1372//128 1373//129
f 1363//119 1373//129 1361//117
f 1372//128 1368//253 1371//254
f 1372//128 1371//254 1373//129
f 64//2 1364//120 1374//130
f 64//2 1374//130 67//5
f 1364//120 1366//122 1375//131
f 1364//120 1375//131 1374//130
f 1376//255 1377//133 1378//134
f 1376//255 1378//134 1379//135
f 1377//133 1380//256 1381//137
f 1377//133 1381//137 1378//134
f 1380//256 1325//251 1324//80
f 1380//256 1324//80 1381//137
f 67//5 1374//130 1382//138
f 67//5 1382//138 68//6
f 1374//130 1375//131 1383//139
f 1374//130 1383//139 1382//138
f 1379//135 1378//134 1384//140
f 1379//135 1384//140 1385//141
f 1378//134 1381//137 1386//257
f 1378//134 1386//257 1384//140
f 1381//137 1324//80 1327//83
f 1381//137 1327//83 1386//257
f 68//6 1382//138 1387//143
f 68//6 1387//143 69//7
f 1382//138 1383//139 1388//144
f 1382//138 1388//144 1387//143
f 1385//141 1384//140 1389//145
f 1385//141 1389//145 1390//146
f 1384//140 1386//257 1391//147
f 1384//140 1391//147 1389//145
f 1386//257 1327//83 1329//85
f 1386//257 1329//85 1391//147
f 69//7 1387//143 1392//148
f 69//7 1392//148 70//23
f 1387//143 1388//144 1393//149
f 1387//143 1393//149 1392//148
f 1390//146 1389//145 1394//150
f 1390//146 1394//150 1395//151
f 1389//145 1391//147 1396//152
f 1389//145 1396//152 1394//150
f 1391//147 1329//85 1331//87
f 1391//147 1331//87 1396//152
f 70//23 1392//148 1397//153
f 70//23 1397//153 71//9
f 1392//148 1393//149 1398//154
f 1392//148 1398//154 1397//153
f 1395//151 1394//150 1399//155
f 1395//151 1399//155 1400//156
f 1394//150 1396//152 1401//258
f 1394//150 1401//258 1399//155
f 1396//152 1331//87 1333//89
f 1396//152 1333//89 1401//258
f 71//9 1397//153 1402//158
f 71//9 1402//158 72//10
f 1397//153 1398//154 1403//159
f 1397//153 1403//159 1402//158
f 1400//156 1399//155 1404//160
f 1400//156 1404//160 1405//161
f 1399//155 1401//258 1406//162
f 1399//155 1406//162 1404//160
f 1401//258 1333//89 1335//91
f 1401//258 1335//91 1406//162
f 72//10 1402//158 1407//163
f 72//10 1407//163 73//11
f 1402//158 1403//159 1408//164
f 1402//158 1408//164 1407//163
f 1405//161 1404//160 1409//165
f 1405//161 1409//165 1410//166
f 1404//160 1406//162 1411//167
f 1404//160 1411//167 1409//165
f 1406//162 1335//91 1337//93
f 1406//162 1337//93 1411//167
f 73//11 1407//163 1412//168
f 73//11 1412//168 74//12
f 1407//163 1408//164 1413//169
f 1407//163 1413//169 1412//168
f 1410//166 1409//165 1414//170
f 1410//166 1414//170 1415//171
f 1409//165 1411//167 1416//172
f 1409//165 1416//172 1414//170
f 1411//167 1337//93 1339//95
f 1411//167 1339//95 1416//172
f 74//12 1412//168 1417//173
f 74//12 1417//173 75//24
f 1412//168 1413//169 1418//174
f 1412//168 1418//174 1417//173
f 1415//171 1414//170 1419//175
f 1415//171 1419//175 1420//176
f 1414//170 1416//172 1421//259
f 1414//170 1421//259 1419//175
f 1416//172 1339//95 1341//97
f 1416//172 1341//97 1421//259
f 75//24 1417//173 1422//260
f 75//24 1422//260 76//14
f 1417//173 1418//174 1423//179
f 1417//173 1423//179 1422//260
f 1420//176 1419//175 1424//261
f 1420//176 1424//261 1425//181
f 1419//175 1421//259 1426//182
f 1419//175 1426//182 1424//261
f 1421//259 1341//97 1343//99
f 1421//259 1343//99 1426//182
f 76//14 1422//260 1427//183
f 76//14 1427//183 77//25
f 1422//260 1423//179 1428//184
f 1422//260 1428//184 1427//183
f 1425//181 1424//261 1429//185
f 1425//181 1429//185 1430//186
f 1424//261 1426//182 1431//187
f 1424//261 1431//187 1429//185
f 1426//182 1343//99 1345//101
f 1426//182 1345//101 1431//187
f 77//25 1427//183 1432//188
f 77//25 1432//188 78//16
f 1427//183 1428//184 1433//189
f 1427//183 1433//189 1432//188
f 1430//186 1429//185 1434//262
f 1430//186 1434//262 1435//191
f 1429//185 1431//187 1436//192
f 1429//185 1436//192 1434//262
f 1431//187 1345//101 1347//103
f 1431//187 1347//103 1436//192
f 78//16 1432//188 1437//193
f 78//16 1437//193 79//17
f 1432//188 1433//189 1438//263
f 1432//188 1438//263 1437//193
f 1435//191 1434//262 1439//264
f 1435//191 1439//264 1440//196
f 1434//262 1436//192 1441//197
f 1434//262 1441//197 1439//264
f 1436//192 1347//103 1349//105
f 1436//192 1349//105 1441//197
f 79//17 1437//193 1442//198
f 79//17 1442//198 80//18
f 1437//193 1438//263 1443//199
f 1437//193 1443//199 1442//198
f 1440//196 1439//264 1444//265
f 1440//196 1444//265 1445//201
f 1439//264 1441//197 1446//266
f 1439//264 1446//266 1444//265
f 1441//197 1349//105 1351//107
f 1441//197 1351//107 1446//266
f 80//18 1442//198 1447//203
f 80//18 1447//203 81//26
f 1442//198 1443//199 1448//267
f 1442//198 1448//267 1447//203
f 1445//201 1444//265 1449//205
f 1445//201 1449//205 1450//206
f 1444//265 1446//266 1451//268
f 1444//265 1451//268 1449//205
f 1446//266 1351//107 1353//109
f 1446//266 1353//109 1451//268
f 81//26 1447//203 1452//208
f 81//26 1452//208 82//20
f 1447//203 1448//267 1453//209
f 1447//203 1453//209 1452//208
f 1450//206 1449//205 1454//210
f 1450//206 1454//210 1455//211
f 1449//205 1451//268 1456//212
f 1449//205 1456//212 1454//210
f 1451//268 1353//109 1355//252
f 1451//268 1355//252 1456//212
f 82//20 1452//208 1457//213
f 82//20 1457//213 83//21
f 1452//208 1453//209 1458//214
f 1452//208 1458//214 1457//213
f 1455//211 1454//210 1459//269
f 1455//211 1459//269 1460//216
f 1454//210 1456//212 1461//217
f 1454//210 1461//217 1459//269
f 1456//212 1355//252 1357//113
f 1456//212 1357//113 1461//217
f 83//21 1457//213 1462//218
f 83//21 1462//218 84//22
f 1457//213 1458//214 1463//219
f 1457//213 1463//219 1462//218
f 1460//216 1459//269 1464//270
f 1460//216 1464//270 1465//221
f 1459//269 1461//217 1466//222
f 1459//269 1466//222 1464//270
f 1461//217 1357//113 1359//115
f 1461//217 1359//115 1466//222
f 84//22 1462//218 1365//121
f 84//22 1365//121 66//4
f 1462//218 1463//219 1367//123
f 1462//218 1367//123 1365//121
f 1465//221 1464//270 1371//254
f 1465//221 1371//254 1370//126
f 1464//270 1466//222 1373//129
f 1464//270 1373//129 1371//254
f 1466//222 1359//115 1361//117
f 1466//222 1361//117 1373//129
f 1467//223 1468//223 1469//224
f 1467//223 1469//224 1470//224
f 1471//225 1472//225 1473//226
f 1471//225 1473//226 1474//226
f 1475//227 1476//227 1477//228
f 1475//227 1477//228 1478//228
f 1479//229 1481//230 1480//229
f 1479//229 1482//231 1481//230
f 1483//232 1484//232 1476//227
f 1483//232 1476//227 1475//227
f 1485//233 1480//229 1486//234
f 1485//233 1479//229 1480//229
f 1471//225 1487//235 1488//235
f 1471//225 1488//235 1472//225
f 1487//235 1489//236 1490//237
f 1487//235 1490//237 1488//235
f 1491//238 1485//233 1486//234
f 1491//238 1492//239 1485//233
f 1483//232 1493//240 1494//240
f 1483//232 1494//240 1484//232
f 1495//271 1496//242 1497//242
f 1495//271 1497//242 1498//241
f 1496//242 1474//226 1473//226
f 1496//242 1473//226 1497//242
f 1481//230 1500//243 1499//244
f 1481//230 1482//231 1500//243
f 1499//245 1501//246 1502//246
f 1499//245 1502//246 1503//245
f 1501//246 1468//223 1467//223
f 1501//246 1467//223 1502//246
f 1469//224 1504//247 1505//247
f 1469//224 1505//247 1470//224
f 1504//247 1506//248 1507//248
f 1504//247 1507//248 1505//247
f 1506//272 1478//228 1477//228
f 1506//272 1477//228 1508//250
f 1509//78 1510//79 1511//80
f 1509//78 1511//80 1512//81
f 1510//79 1513//82 1514//83
f 1510//79 1514//83 1511//80
f 1513//82 1515//84 1516//85
f 1513//82 1516//85 1514//83
f 1515//84 1517//86 1518//87
f 1515//84 1518//87 1516//85
f 1517//86 1519//88 1520//89
f 1517//86 1520//89 1518//87
f 1519//88 1521//90 1522//91
f 1519//88 1522//91 1520//89
f 1521//90 1523//92 1524//93
f 1521//90 1524//93 1522//91
f 1523//92 1525//94 1526//95
f 1523//92 1526//95 1524//93
f 1525//94 1527//96 1528//97
f 1525//94 1528//97 1526//95
f 1527//96 1529//98 1530//99
f 1527//96 1530//99 1528//97
f 1529//98 1531//100 1532//273
f 1529//98 1532//273 1530//99
f 1531//100 1533//102 1534//103
f 1531//100 1534//103 1532//273
f 1533//102 1535//104 1536//105
f 1533//102 1536//105 1534//103
f 1535//104 1537//106 1538//107
f 1535//104 1538//107 1536//105
f 1537//106 1539//108 1540//109
f 1537//106 1540//109 1538//107
f 1539//108 1541//110 1542//111
f 1539//108 1542//111 1540//109
f 1541//110 1543//112 1544//274
f 1541//110 1544//274 1542//111
f 1543//112 1545//114 1546//115
f 1543//112 1546//115 1544//274
f 1545//114 1547//116 1548//117
f 1545//114 1548//117 1546//115
f 1547//116 1549//118 1550//119
f 1547//116 1550//119 1548//117
f 1551//120 106//2 108//4
f 1551//120 108//4 1552//121
f 1553//122 1551//120 1552//121
f 1553//122 1552//121 1554//275
f 1555//253 1556//125 1557//126
f 1555//253 1557//126 1558//127
f 1550//119 1559//128 1560//276
f 1550//119 1560//276 1548//117
f 1559//128 1555//253 1558//127
f 1559//128 1558//127 1560//276
f 106//2 1551//120 1561//130
f 106//2 1561//130 109//5
f 1551//120 1553//122 1562//131
f 1551//120 1562//131 1561//130
f 1563//132 1564//133 1565//134
f 1563//132 1565//134 1566//135
f 1564//133 1567//256 1568//277
f 1564//133 1568//277 1565//134
f 1567//256 1512//81 1511//80
f 1567//256 1511//80 1568//277
f 109//5 1561//130 1569//138
f 109//5 1569//138 110//6
f 1561//130 1562//131 1570//139
f 1561//130 1570//139 1569//138
f 1566//135 1565//134 1571//140
f 1566//135 1571//140 1572//141
f 1565//134 1568//277 1573//257
f 1565//134 1573//257 1571//140
f 1568//277 1511//80 1514//83
f 1568//277 1514//83 1573//257
f 110//6 1569//138 1574//143
f 110//6 1574//143 111//7
f 1569//138 1570//139 1575//144
f 1569//138 1575//144 1574//143
f 1572//141 1571//140 1576//145
f 1572//141 1576//145 1577//146
f 1571//140 1573//257 1578//147
f 1571//140 1578//147 1576//145
f 1573//257 1514//83 1516//85
f 1573//257 1516//85 1578//147
f 111//7 1574//143 1579//148
f 111//7 1579//148 112//23
f 1574//143 1575//144 1580//149
f 1574//143 1580//149 1579//148
f 1577//146 1576//145 1581//150
f 1577//146 1581//150 1582//151
f 1576//145 1578//147 1583//152
f 1576//145 1583//152 1581//150
f 1578//147 1516//85 1518//87
f 1578//147 1518//87 1583//152
f 112//23 1579//148 1584//153
f 112//23 1584//153 113//9
f 1579//148 1580//149 1585//154
f 1579//148 1585//154 1584//153
f 1582//151 1581//150 1586//155
f 1582//151 1586//155 1587//156
f 1581//150 1583//152 1588//258
f 1581//150 1588//258 1586//155
f 1583//152 1518//87 1520//89
f 1583//152 1520//89 1588//258
f 113//9 1584//153 1589//158
f 113//9 1589//158 114//10
f 1584//153 1585//154 1590//159
f 1584//153 1590//159 1589//158
f 1587//156 1586//155 1591//160
f 1587//156 1591//160 1592//161
f 1586//155 1588//258 1593//162
f 1586//155 1593//162 1591//160
f 1588//258 1520//89 1522//91
f 1588//258 1522//91 1593//162
f 114//10 1589//158 1594//163
f 114//10 1594//163 115//27
f 1589//158 1590//159 1595//164
f 1589//158 1595//164 1594//163
f 1592//161 1591//160 1596//165
f 1592//161 1596//165 1597//166
f 1591//160 1593//162 1598//278
f 1591//160 1598//278 1596//165
f 1593//162 1522//91 1524//93
f 1593//162 1524//93 1598//278
f 115//27 1594//163 1599//168
f 115//27 1599//168 116//12
f 1594//163 1595//164 1600//169
f 1594//163 1600//169 1599//168
f 1597//166 1596//165 1601//170
f 1597//166 1601//170 1602//171
f 1596//165 1598//278 1603//172
f 1596//165 1603//172 1601//170
f 1598//278 1524//93 1526//95
f 1598//278 1526//95 1603//172
f 116//12 1599//168 1604//173
f 116//12 1604//173 117//24
f 1599//168 1600//169 1605//174
f 1599//168 1605//174 1604//173
f 1602//171 1601//170 1606//175
f 1602//171 1606//175 1607//176
f 1601//170 1603//172 1608//259
f 1601//170 1608//259 1606//175
f 1603//172 1526//95 1528//97
f 1603//172 1528//97 1608//259
f 117//24 1604//173 1609//178
f 117//24 1609//178 118//14
f 1604//173 1605//174 1610//179
f 1604//173 1610//179 1609//178
f 1607//176 1606//175 1611//180
f 1607//176 1611//180 1612//181
f 1606//175 1608//259 1613//279
f 1606//175 1613//279 1611//180
f 1608//259 1528//97 1530//99
f 1608//259 1530//99 1613//279
f 118//14 1609//178 1614//183
f 118//14 1614//183 119//15
f 1609//178 1610//179 1615//280
f 1609//178 1615//280 1614//183
f 1612//181 1611//180 1616//281
f 1612//181 1616//281 1617//186
f 1611//180 1613//279 1618//187
f 1611//180 1618//187 1616//281
f 1613//279 1530//99 1532//273
f 1613//279 1532//273 1618//187
f 119//15 1614//183 1619//188
f 119//15 1619//188 120//16
f 1614//183 1615//280 1620//189
f 1614//183 1620//189 1619//188
f 1617//186 1616//281 1621//262
f 1617//186 1621//262 1622//191
f 1616//281 1618//187 1623//192
f 1616//281 1623//192 1621//262
f 1618//187 1532//273 1534//103
f 1618//187 1534//103 1623//192
f 120//16 1619//188 1624//193
f 120//16 1624//193 121//28
f 1619//188 1620//189 1625//263
f 1619//188 1625//263 1624//193
f 1622//191 1621//262 1626//195
f 1622//191 1626//195 1627//196
f 1621//262 1623//192 1628//197
f 1621//262 1628//197 1626//195
f 1623//192 1534//103 1536//105
f 1623//192 1536//105 1628//197
f 121//28 1624//193 1629//198
f 121//28 1629//198 122//18
f 1624//193 1625//263 1630//199
f 1624//193 1630//199 1629//198
f 1627//196 1626//195 1631//200
f 1627//196 1631//200 1632//201
f 1626//195 1628//197 1633//282
f 1626//195 1633//282 1631//200
f 1628//197 1536//105 1538//107
f 1628//197 1538//107 1633//282
f 122//18 1629//198 1634//203
f 122//18 1634//203 123//19
f 1629//198 1630//199 1635//204
f 1629//198 1635//204 1634//203
f 1632//201 1631//200 1636//205
f 1632//201 1636//205 1637//206
f 1631//200 1633//282 1638//207
f 1631//200 1638//207 1636//205
f 1633//282 1538//107 1540//109
f 1633//282 1540//109 1638//207
f 123//19 1634//203 1639//208
f 123//19 1639//208 124//20
f 1634//203 1635//204 1640//209
f 1634//203 1640//209 1639//208
f 1637//206 1636//205 1641//210
f 1637//206 1641//210 1642//211
f 1636//205 1638//207 1643//283
f 1636//205 1643//283 1641//210
f 1638//207 1540//109 1542//111
f 1638//207 1542//111 1643//283
f 124//20 1639//208 1644//213
f 124//20 1644//213 125//21
f 1639//208 1640//209 1645//214
f 1639//208 1645//214 1644//213
f 1642//211 1641//210 1646//215
f 1642//211 1646//215 1647//216
f 1641//210 1643//283 1648//217
f 1641//210 1648//217 1646//215
f 1643//283 1542//111 1544//274
f 1643//283 1544//274 1648//217
f 125//21 1644//213 1649//218
f 125//21 1649//218 126//22
f 1644//213 1645//214 1650//219
f 1644//213 1650//219 1649//218
f 1647//216 1646//215 1651//220
f 1647//216 1651//220 1652//221
f 1646//215 1648//217 1653//284
f 1646//215 1653//284 1651//220
f 1648//217 1544//274 1546//115
f 1648//217 1546//115 1653//284
f 126//22 1649//218 1552//121
f 126//22 1552//121 108//4
f 1649//218 1650//219 1554//275
f 1649//218 1554//275 1552//121
f 1652//221 1651//220 1558//127
f 1652//221 1558//127 1557//126
f 1651//220 1653//284 1560//276
f 1651//220 1560//276 1558//127
f 1653//284 1546//115 1548//117
f 1653//284 1548//117 1560//276
f 1654//223 1655//223 1656//224
f 1654//223 1656//224 1657//224
f 1658//225 1659//225 1660//226
f 1658//225 1660//226 1661//226
f 1662//285 1664//286 1663//285
f 1662//285 1665//287 1664//286
f 1666//288 1667//288 1668//289
f 1666//288 1668//289 1669//289
f 1670//290 1663//285 1671//291
f 1670//290 1662//285 1663//285
f 1672//292 1673//292 1667//288
f 1672//292 1667//288 1666//288
f 1658//225 1674//235 1675//235
f 1658//225 1675//235 1659//225
f 1674//235 1676//236 1677//236
f 1674//235 1677//236 1675//235
f 1678//293 1673//292 1672//292
f 1678//293 1672//292 1679//293
f 1670//290 1681//294 1680//295
f 1670//290 1671//291 1681//294
f 1682//296 1683//242 1684//242
f 1682//296 1684//242 1685//297
f 1683//242 1661//226 1660//226
f 1683//242 1660//226 1684//242
f 1668//289 1686//298 1687//299
f 1668//289 1687//299 1669//289
f 1686//245 1688//246 1689//246
f 1686//245 1689//246 1690//245
f 1688//246 1655//223 1654//223
f 1688//246 1654//223 1689//246
f 1656//224 1691//247 1692//247
f 1656//224 1692//247 1657//224
f 1691//247 1693//248 1694//249
f 1691//247 1694//249 1692//247
f 1693//300 1664//286 1665//287
f 1693//300 1695//301 1664//286
f 1696//78 1697//79 1698//302
f 1696//78 1698//302 1699//303
f 1697//79 1700//82 1701//304
f 1697//79 1701//304 1698//302
f 1700//82 1702//84 1703//305
f 1700//82 1703//305 1701//304
f 1702//84 1704//86 1705//306
f 1702//84 1705//306 1703//305
f 1704//86 1706//88 1707//307
f 1704//86 1707//307 1705//306
f 1706//88 1708//90 1709//308
f 1706//88 1709//308 1707//307
f 1708//90 1710//92 1711//309
f 1708//90 1711//309 1709//308
f 1710//92 1712//94 1713//310
f 1710//92 1713//310 1711//309
f 1712//94 1714//96 1715//311
f 1712//94 1715//311 1713//310
f 1714//96 1716//98 1717//312
f 1714//96 1717//312 1715//311
f 1716//98 1718//100 1719//313
f 1716//98 1719//313 1717//312
f 1718//100 1720//102 1721//314
f 1718//100 1721//314 1719//313
f 1720//102 1722//104 1723//315
f 1720//102 1723//315 1721//314
f 1722//104 1724//106 1725//316
f 1722//104 1725//316 1723//315
f 1724//106 1726//108 1727//317
f 1724//106 1727//317 1725//316
f 1726//108 1728//110 1729//318
f 1726//108 1729//318 1727//317
f 1728//110 1730//112 1731//319
f 1728//110 1731//319 1729//318
f 1730//112 1732//114 1733//320
f 1730//112 1733//320 1731//319
f 1732//114 1734//116 1735//321
f 1732//114 1735//321 1733//320
f 1734//116 1736//118 1737//322
f 1734//116 1737//322 1735//321
f 1738//323 148//29 150//30
f 1738//323 150//30 1739//324
f 1740//325 1738//323 1739//324
f 1740//325 1739//324 1741//326
f 1742//327 1743//328 1744//329
f 1742//327 1744//329 1745//330
f 1737//322 1746//331 1747//332
f 1737//322 1747//332 1735//321
f 1746//331 1742//327 1745//330
f 1746//331 1745//330 1747//332
f 148//29 1738//323 1748//333
f 148//29 1748//333 151//31
f 1738//323 1740//325 1749//334
f 1738//323 1749//334 1748//333
f 1750//335 1751//336 1752//337
f 1750//335 1752//337 1753//338
f 1751//336 1754//339 1755//340
f 1751//336 1755//340 1752//337
f 1754//339 1699//303 1698//302
f 1754//339 1698//302 1755//340
f 151//31 1748//333 1756//341
f 151//31 1756//341 152//32
f 1748//333 1749//334 1757//342
f 1748//333 1757//342 1756//341
f 1753//338 1752//337 1758//343
f 1753//338 1758//343 1759//344
f 1752//337 1755//340 1760//345
f 1752//337 1760//345 1758//343
f 1755//340 1698//302 1701//304
f 1755//340 1701//304 1760//345
f 152//32 1756//341 1761//346
f 152//32 1761//346 153//33
f 1756//341 1757//342 1762//347
f 1756//341 1762//347 1761//346
f 1759//344 1758//343 1763//348
f 1759//344 1763//348 1764//349
f 1758//343 1760//345 1765//350
f 1758//343 1765//350 1763//348
f 1760//345 1701//304 1703//305
f 1760//345 1703//305 1765//350
f 153//33 1761//346 1766//351
f 153//33 1766//351 154//34
f 1761//346 1762//347 1767//352
f 1761//346 1767//352 1766//351
f 1764//349 1763//348 1768//353
f 1764//349 1768//353 1769//354
f 1763//348 1765//350 1770//355
f 1763//348 1770//355 1768//353
f 1765//350 1703//305 1705//306
f 1765//350 1705//306 1770//355
f 154//34 1766//351 1771//356
f 154//34 1771//356 155//35
f 1766//351 1767//352 1772//357
f 1766//351 1772//357 1771//356
f 1769//354 1768//353 1773//358
f 1769//354 1773//358 1774//359
f 1768//353 1770//355 1775//360
f 1768//353 1775//360 1773//358
f 1770//355 1705//306 1707//307
f 1770//355 1707//307 1775//360
f 155//35 1771//356 1776//361
f 155//35 1776//361 156//36
f 1771//356 1772//357 1777//362
f 1771//356 1777//362 1776//361
f 1774//359 1773//358 1778//363
f 1774//359 1778//363 1779//364
f 1773//358 1775//360 1780//365
f 1773//358 1780//365 1778//363
f 1775//360 1707//307 1709//308
f 1775//360 1709//308 1780//365
f 156//36 1776//361 1781//366
f 156//36 1781//366 157//37
f 1776//361 1777//362 1782//367
f 1776//361 1782//367 1781//366
f 1779//364 1778//363 1783//368
f 1779//364 1783//368 1784//369
f 1778//363 1780//365 1785//370
f 1778//363 1785//370 1783//368
f 1780//365 1709//308 1711//309
f 1780//365 1711//309 1785//370
f 157//37 1781//366 1786//371
f 157//37 1786//371 158//38
f 1781//366 1782//367 1787//372
f 1781//366 1787//372 1786//371
f 1784//369 1783//368 1788//373
f 1784//369 1788//373 1789//374
f 1783//368 1785//370 1790//375
f 1783//368 1790//375 1788//373
f 1785//370 1711//309 1713//310
f 1785//370 1713//310 1790//375
f 158//38 1786//371 1791//376
f 158//38 1791//376 159//39
f 1786//371 1787//372 1792//377
f 1786//371 1792//377 1791//376
f 1789//374 1788//373 1793//378
f 1789//374 1793//378 1794//379
f 1788//373 1790//375 1795//380
f 1788//373 1795//380 1793//378
f 1790//375 1713//310 1715//311
f 1790//375 1715//311 1795//380
f 159//39 1791//376 1796//381
f 159//39 1796//381 160//40
f 1791//376 1792//377 1797//382
f 1791//376 1797//382 1796//381
f 1794//379 1793//378 1798//383
f 1794//379 1798//383 1799//384
f 1793//378 1795//380 1800//385
f 1793//378 1800//385 1798//383
f 1795//380 1715//311 1717//312
f 1795//380 1717//312 1800//385
f 160//40 1796//381 1801//386
f 160//40 1801//386 161//41
f 1796//381 1797//382 1802//387
f 1796//381 1802//387 1801//386
f 1799//384 1798//383 1803//388
f 1799//384 1803//388 1804//389
f 1798//383 1800//385 1805//390
f 1798//383 1805//390 1803//388
f 1800//385 1717//312 1719//313
f 1800//385 1719//313 1805//390
f 161//41 1801//386 1806//391
f 161//41 1806//391 162//42
f 1801//386 1802//387 1807//392
f 1801//386 1807//392 1806//391
f 1804//389 1803//388 1808//393
f 1804//389 1808//393 1809//394
f 1803//388 1805//390 1810//395
f 1803//388 1810//395 1808//393
f 1805//390 1719//313 1721//314
f 1805//390 1721//314 1810//395
f 162//42 1806//391 1811//396
f 162//42 1811//396 163//43
f 1806//391 1807//392 1812//397
f 1806//391 1812//397 1811//396
f 1809//394 1808//393 1813//398
f 1809//394 1813//398 1814//399
f 1808//393 1810//395 1815//400
f 1808//393 1815//400 1813//398
f 1810//395 1721//314 1723//315
f 1810//395 1723//315 1815//400
f 163//43 1811//396 1816//401
f 163//43 1816//401 164//44
f 1811//396 1812//397 1817//402
f 1811//396 1817//402 1816//401
f 1814//399 1813//398 1818//403
f 1814//399 1818//403 1819//404
f 1813//398 1815//400 1820//405
f 1813//398 1820//405 1818//403
f 1815//400 1723//315 1725//316
f 1815//400 1725//316 1820//405
f 164//44 1816//401 1821//406
f 164//44 1821//406 165//45
f 1816//401 1817//402 1822//407
f 1816//401 1822//407 1821//406
f 1819//404 1818//403 1823//408
f 1819//404 1823//408 1824//409
f 1818//403 1820//405 1825//410
f 1818//403 1825//410 1823//408
f 1820//405 1725//316 1727//317
f 1820//405 1727//317 1825//410
f 165//45 1821//406 1826//411
f 165//45 1826//411 166//46
f 1821//406 1822//407 1827//412
f 1821//406 1827//412 1826//411
f 1824//409 1823//408 1828//413
f 1824//409 1828//413 1829//414
f 1823//408 1825//410 1830//415
f 1823//408 1830//415 1828//413
f 1825//410 1727//317 1729//318
f 1825//410 1729//318 1830//415
f 166//46 1826//411 1831//416
f 166//46 1831//416 167//47
f 1826//411 1827//412 1832//417
f 1826//411 1832//417 1831//416
f 1829//414 1828//413 1833//418
f 1829//414 1833//418 1834//419
f 1828//413 1830//415 1835//420
f 1828//413 1835//420 1833//418
f 1830//415 1729//318 1731//319
f 1830//415 1731//319 1835//420
f 167//47 1831//416 1836//421
f 167//47 1836//421 168//48
f 1831//416 1832//417 1837//422
f 1831//416 1837//422 1836//421
f 1834//419 1833//418 1838//423
f 1834//419 1838//423 1839//424
f 1833//418 1835//420 1840//425
f 1833//418 1840//425 1838//423
f 1835//420 1731//319 1733//320
f 1835//420 1733//320 1840//425
f 168//48 1836//421 1739//324
f 168//48 1739//324 150//30
f 1836//421 1837//422 1741//326
f 1836//421 1741//326 1739//324
f 1839//424 1838//423 1745//330
f 1839//424 1745//330 1744//329
f 1838//423 1840//425 1747//332
f 1838//423 1747//332 1745//330
f 1840//425 1733//320 1735//321
f 1840//425 1735//321 1747//332
f 1841//223 1842//223 1843//224
f 1841//223 1843//224 1844//224
f 1845//225 1846//225 1847//226
f 1845//225 1847//226 1848//226
f 1849//285 1851//286 1850//285
f 1849//285 1852//287 1851//286
f 1853//288 1854//426 1855//289
f 1853//288 1855//289 1856//289
f 1857//290 1850//285 1858//291
f 1857//290 1849//285 1850//285
f 1859//292 1860//292 1854//426
f 1859//292 1854//426 1853//288
f 1845//225 1861//235 1862//235
f 1845//225 1862//235 1846//225
f 1861//235 1863//236 1864//237
f 1861//235 1864//237 1862//235
f 1865//293 1860//292 1859//292
f 1865//293 1859//292 1866//293
f 1857//290 1868//294 1867//295
f 1857//290 1858//291 1868//294
f 1869//271 1870//242 1871//242
f 1869//271 1871//242 1872//241
f 1870//242 1848//226 1847//226
f 1870//242 1847//226 1871//242
f 1855//289 1873//298 1874//298
f 1855//289 1874//298 1856//289
f 1873//245 1875//246 1876//246
f 1873//245 1876//246 1877//245
f 1875//246 1842//223 1841//223
f 1875//246 1841//223 1876//246
f 1843//224 1878//247 1879//247
f 1843//224 1879//247 1844//224
f 1878//247 1880//248 1881//248
f 1878//247 1881//248 1879//247
f 1880//300 1851//286 1852//287
f 1880//300 1882//301 1851//286
f 1883//78 1884//79 1885//80
f 1883//78 1885//80 1886//251
f 1884//79 1887//82 1888//83
f 1884//79 1888//83 1885//80
f 1887//82 1889//84 1890//85
f 1887//82 1890//85 1888//83
f 1889//84 1891//86 1892//87
f 1889//84 1892//87 1890//85
f 1891//86 1893//88 1894//89
f 1891//86 1894//89 1892//87
f 1893//88 1895//90 1896//91
f 1893//88 1896//91 1894//89
f 1895//90 1897//92 1898//93
f 1895//90 1898//93 1896//91
f 1897//92 1899//94 1900//95
f 1897//92 1900//95 1898//93
f 1899//94 1901//96 1902//97
f 1899//94 1902//97 1900//95
f 1901//96 1903//98 1904//99
f 1901//96 1904//99 1902//97
f 1903//98 1905//100 1906//101
f 1903//98 1906//101 1904//99
f 1905//100 1907//102 1908//103
f 1905//100 1908//103 1906//101
f 1907//102 1909//104 1910//105
f 1907//102 1910//105 1908//103
f 1909//104 1911//106 1912//107
f 1909//104 1912//107 1910//105
f 1911//106 1913//108 1914//109
f 1911//106 1914//109 1912//107
f 1913//108 1915//110 1916//111
f 1913//108 1916//111 1914//109
f 1915//110 1917//112 1918//113
f 1915//110 1918//113 1916//111
f 1917//112 1919//114 1920//115
f 1917//112 1920//115 1918//113
f 1919//114 1921//116 1922//117
f 1919//114 1922//117 1920//115
f 1921//116 1923//118 1924//119
f 1921//116 1924//119 1922//117
f 1925//120 190//2 192//4
f 1925//120 192//4 1926//121
f 1927//122 1925//120 1926//121
f 1927//122 1926//121 1928//123
f 1929//253 1930//125 1931//126
f 1929//253 1931//126 1932//127
f 1924//119 1933//128 1934//129
f 1924//119 1934//129 1922//117
f 1933//128 1929//253 1932//127
f 1933//128 1932//127 1934//129
f 190//2 1925//120 1935//130
f 190//2 1935//130 193//5
f 1925//120 1927//122 1936//131
f 1925//120 1936//131 1935//130
f 1937//132 1938//133 1939//134
f 1937//132 1939//134 1940//135
f 1938//133 1941//136 1942//137
f 1938//133 1942//137 1939//134
f 1941//136 1886//251 1885//80
f 1941//136 1885//80 1942//137
f 193//5 1935//130 1943//138
f 193//5 1943//138 194//6
f 1935//130 1936//131 1944//139
f 1935//130 1944//139 1943//138
f 1940//135 1939//134 1945//427
f 1940//135 1945//427 1946//141
f 1939//134 1942//137 1947//257
f 1939//134 1947//257 1945//427
f 1942//137 1885//80 1888//83
f 1942//137 1888//83 1947//257
f 194//6 1943//138 1948//143
f 194//6 1948//143 195//7
f 1943//138 1944//139 1949//144
f 1943//138 1949//144 1948//143
f 1946//141 1945//427 1950//145
f 1946//141 1950//145 1951//146
f 1945//427 1947//257 1952//147
f 1945//427 1952//147 1950//145
f 1947//257 1888//83 1890//85
f 1947//257 1890//85 1952//147
f 195//7 1948//143 1953//148
f 195//7 1953//148 196//8
f 1948//143 1949//144 1954//149
f 1948//143 1954//149 1953//148
f 1951//146 1950//145 1955//150
f 1951//146 1955//150 1956//151
f 1950//145 1952//147 1957//152
f 1950//145 1957//152 1955//150
f 1952//147 1890//85 1892//87
f 1952//147 1892//87 1957//152
f 196//8 1953//148 1958//153
f 196//8 1958//153 197//9
f 1953//148 1954//149 1959//154
f 1953//148 1959//154 1958//153
f 1956//151 1955//150 1960//155
f 1956//151 1960//155 1961//156
f 1955//150 1957//152 1962//258
f 1955//150 1962//258 1960//155
f 1957//152 1892//87 1894//89
f 1957//152 1894//89 1962//258
f 197//9 1958//153 1963//158
f 197//9 1963//158 198//10
f 1958//153 1959//154 1964//159
f 1958//153 1964//159 1963//158
f 1961//156 1960//155 1965//160
f 1961//156 1965//160 1966//161
f 1960//155 1962//258 1967//162
f 1960//155 1967//162 1965//160
f 1962//258 1894//89 1896//91
f 1962//258 1896//91 1967//162
f 198//10 1963//158 1968//163
f 198//10 1968//163 199//27
f 1963//158 1964//159 1969//164
f 1963//158 1969//164 1968//163
f 1966//161 1965//160 1970//165
f 1966//161 1970//165 1971//428
f 1965//160 1967//162 1972//278
f 1965//160 1972//278 1970//165
f 1967//162 1896//91 1898//93
f 1967//162 1898//93 1972//278
f 199//27 1968//163 1973//168
f 199//27 1973//168 200//12
f 1968//163 1969//164 1974//169
f 1968//163 1974//169 1973//168
f 1971//428 1970//165 1975//170
f 1971//428 1975//170 1976//171
f 1970//165 1972//278 1977//172
f 1970//165 1977//172 1975//170
f 1972//278 1898//93 1900//95
f 1972//278 1900//95 1977//172
f 200//12 1973//168 1978//173
f 200//12 1978//173 201//24
f 1973//168 1974//169 1979//174
f 1973//168 1979//174 1978//173
f 1976//171 1975//170 1980//429
f 1976//171 1980//429 1981//176
f 1975//170 1977//172 1982//259
f 1975//170 1982//259 1980//429
f 1977//172 1900//95 1902//97
f 1977//172 1902//97 1982//259
f 201//24 1978//173 1983//178
f 201//24 1983//178 202//14
f 1978//173 1979//174 1984//179
f 1978//173 1984//179 1983//178
f 1981//176 1980//429 1985//180
f 1981//176 1985//180 1986//181
f 1980//429 1982//259 1987//279
f 1980//429 1987//279 1985//180
f 1982//259 1902//97 1904//99
f 1982//259 1904//99 1987//279
f 202//14 1983//178 1988//183
f 202//14 1988//183 203//15
f 1983//178 1984//179 1989//184
f 1983//178 1989//184 1988//183
f 1986//181 1985//180 1990//281
f 1986//181 1990//281 1991//186
f 1985//180 1987//279 1992//187
f 1985//180 1992//187 1990//281
f 1987//279 1904//99 1906//101
f 1987//279 1906//101 1992//187
f 203//15 1988//183 1993//188
f 203//15 1993//188 204//49
f 1988//183 1989//184 1994//189
f 1988//183 1994//189 1993//188
f 1991//186 1990//281 1995//262
f 1991//186 1995//262 1996//191
f 1990//281 1992//187 1997//192
f 1990//281 1997//192 1995//262
f 1992//187 1906//101 1908//103
f 1992//187 1908//103 1997//192
f 204//49 1993//188 1998//193
f 204//49 1998//193 205//28
f 1993//188 1994//189 1999//263
f 1993//188 1999//263 1998//193
f 1996//191 1995//262 2000//195
f 1996//191 2000//195 2001//196
f 1995//262 1997//192 2002//430
f 1995//262 2002//430 2000//195
f 1997//192 1908//103 1910//105
f 1997//192 1910//105 2002//430
f 205//28 1998//193 2003//198
f 205//28 2003//198 206//18
f 1998//193 1999//263 2004//199
f 1998//193 2004//199 2003//198
f 2001//196 2000//195 2005//265
f 2001//196 2005//265 2006//201
f 2000//195 2002//430 2007//431
f 2000//195 2007//431 2005//265
f 2002//430 1910//105 1912//107
f 2002//430 1912//107 2007//431
f 206//18 2003//198 2008//203
f 206//18 2008//203 207//19
f 2003//198 2004//199 2009//267
f 2003//198 2009//267 2008//203
f 2006//201 2005//265 2010//205
f 2006//201 2010//205 2011//206
f 2005//265 2007//431 2012//268
f 2005//265 2012//268 2010//205
f 2007//431 1912//107 1914//109
f 2007//431 1914//109 2012//268
f 207//19 2008//203 2013//208
f 207//19 2013//208 208//20
f 2008//203 2009//267 2014//209
f 2008//203 2014//209 2013//208
f 2011//206 2010//205 2015//210
f 2011//206 2015//210 2016//211
f 2010//205 2012//268 2017//283
f 2010//205 2017//283 2015//210
f 2012//268 1914//109 1916//111
f 2012//268 1916//111 2017//283
f 208//20 2013//208 2018//213
f 208//20 2018//213 209//21
f 2013//208 2014//209 2019//214
f 2013//208 2019//214 2018//213
f 2016//211 2015//210 2020//215
f 2016//211 2020//215 2021//216
f 2015//210 2017//283 2022//217
f 2015//210 2022//217 2020//215
f 2017//283 1916//111 1918//113
f 2017//283 1918//113 2022//217
f 209//21 2018//213 2023//218
f 209//21 2023//218 210//22
f 2018//213 2019//214 2024//219
f 2018//213 2024//219 2023//218
f 2021//216 2020//215 2025//220
f 2021//216 2025//220 2026//221
f 2020//215 2022//217 2027//222
f 2020//215 2027//222 2025//220
f 2022//217 1918//113 1920//115
f 2022//217 1920//115 2027//222
f 210//22 2023//218 1926//121
f 210//22 1926//121 192//4
f 2023//218 2024//219 1928//123
f 2023//218 1928//123 1926//121
f 2026//221 2025//220 1932//127
f 2026//221 1932//127 1931//126
f 2025//220 2027//222 1934//129
f 2025//220 1934//129 1932//127
f 2027//222 1920//115 1922//117
f 2027//222 1922//117 1934//129
f 2028//432 2030//433 2029//434
f 2028//432 2031//435 2030//433
f 2032//225 2033//225 2034//226
f 2032//225 2034//226 2035//226
f 2036//436 2037//227 2038//228
f 2036//436 2038//228 2039//228
f 2040//288 2041//426 2042//289
f 2040//288 2042//289 2043//289
f 2044//232 2045//232 2037//227
f 2044//232 2037//227 2036//436
f 2046//292 2047//292 2041//426
f 2046//292 2041//426 2040//288
f 2032//225 2048//235 2049//235
f 2032//225 2049//235 2033//225
f 2048//235 2050//236 2051//237
f 2048//235 2051//237 2049//235
f 2052//437 2047//292 2046//292
f 2052//437 2046//292 2053//293
f 2044//232 2054//240 2055//240
f 2044//232 2055//240 2045//232
f 2056//271 2057//242 2058//242
f 2056//271 2058//242 2059//241
f 2057//242 2035//226 2034//226
f 2057//242 2034//226 2058//242
f 2042//289 2060//298 2061//298
f 2042//289 2061//298 2043//289
f 2060//438 2063//439 2062//439
f 2060//438 2064//440 2063//439
f 2062//439 2028//432 2029//434
f 2062//439 2063//439 2028//432
f 2030//433 2066//441 2065//441
f 2030//433 2031//435 2066//441
f 2065//441 2068//442 2067//443
f 2065//441 2066//441 2068//442
f 2067//250 2039//228 2038//228
f 2067//250 2038//228 2069//250
f 2070//78 2071//79 2072//80
f 2070//78 2072//80 2073//81
f 2071//79 2074//82 2075//83
f 2071//79 2075//83 2072//80
f 2074//82 2076//84 2077//85
f 2074//82 2077//85 2075//83
f 2076//84 2078//86 2079//87
f 2076//84 2079//87 2077//85
f 2078//86 2080//88 2081//89
f 2078//86 2081//89 2079//87
f 2080//88 2082//90 2083//91
f 2080//88 2083//91 2081//89
f 2082//90 2084//92 2085//93
f 2082//90 2085//93 2083//91
f 2084//92 2086//94 2087//95
f 2084//92 2087//95 2085//93
f 2086//94 2088//96 2089//97
f 2086//94 2089//97 2087//95
f 2088//96 2090//98 2091//99
f 2088//96 2091//99 2089//97
f 2090//98 2092//100 2093//101
f 2090//98 2093//101 2091//99
f 2092//100 2094//102 2095//103
f 2092//100 2095//103 2093//101
f 2094//102 2096//104 2097//105
f 2094//102 2097//105 2095//103
f 2096//104 2098//106 2099//107
f 2096//104 2099//107 2097//105
f 2098//106 2100//108 2101//109
f 2098//106 2101//109 2099//107
f 2100//108 2102//110 2103//111
f 2100//108 2103//111 2101//109
f 2102//110 2104//112 2105//113
f 2102//110 2105//113 2103//111
f 2104//112 2106//114 2107//115
f 2104//112 2107//115 2105//113
f 2106//114 2108//116 2109//117
f 2106//114 2109//117 2107//115
f 2108//116 2110//118 2111//119
f 2108//116 2111//119 2109//117
f 2112//120 232//2 234//4
f 2112//120 234//4 2113//121
f 2114//122 2112//120 2113//121
f 2114//122 2113//121 2115//123
f 2116//124 2117//125 2118//126
f 2116//124 2118//126 2119//254
f 2111//119 2120//128 2121//444
f 2111//119 2121//444 2109//117
f 2120//128 2116//124 2119//254
f 2120//128 2119//254 2121//444
f 232//2 2112//120 2122//130
f 232//2 2122//130 235//5
f 2112//120 2114//122 2123//131
f 2112//120 2123//131 2122//130
f 2124//132 2125//133 2126//134
f 2124//132 2126//134 2127//135
f 2125//133 2128//136 2129//277
f 2125//133 2129//277 2126//134
f 2128//136 2073//81 2072//80
f 2128//136 2072//80 2129//277
f 235//5 2122//130 2130//138
f 235//5 2130//138 236//6
f 2122//130 2123//131 2131//139
f 2122//130 2131//139 2130//138
f 2127//135 2126//134 2132//140
f 2127//135 2132//140 2133//141
f 2126//134 2129//277 2134//257
f 2126//134 2134//257 2132//140
f 2129//277 2072//80 2075//83
f 2129//277 2075//83 2134//257
f 236//6 2130//138 2135//143
f 236//6 2135//143 237//7
f 2130//138 2131//139 2136//144
f 2130//138 2136//144 2135//143
f 2133//141 2132//140 2137//145
f 2133//141 2137//145 2138//146
f 2132//140 2134//257 2139//147
f 2132//140 2139//147 2137//145
f 2134//257 2075//83 2077//85
f 2134//257 2077//85 2139//147
f 237//7 2135//143 2140//148
f 237//7 2140//148 238//23
f 2135//143 2136//144 2141//149
f 2135//143 2141//149 2140//148
f 2138//146 2137//145 2142//150
f 2138//146 2142//150 2143//151
f 2137//145 2139//147 2144//152
f 2137//145 2144//152 2142//150
f 2139//147 2077//85 2079//87
f 2139//147 2079//87 2144//152
f 238//23 2140//148 2145//153
f 238//23 2145//153 239//9
f 2140//148 2141//149 2146//154
f 2140//148 2146//154 2145//153
f 2143//151 2142//150 2147//155
f 2143//151 2147//155 2148//156
f 2142//150 2144//152 2149//157
f 2142//150 2149//157 2147//155
f 2144//152 2079//87 2081//89
f 2144//152 2081//89 2149//157
f 239//9 2145//153 2150//158
f 239//9 2150//158 240//10
f 2145//153 2146//154 2151//159
f 2145//153 2151//159 2150//158
f 2148//156 2147//155 2152//160
f 2148//156 2152//160 2153//161
f 2147//155 2149//157 2154//162
f 2147//155 2154//162 2152//160
f 2149//157 2081//89 2083//91
f 2149//157 2083//91 2154//162
f 240//10 2150//158 2155//163
f 240//10 2155//163 241//11
f 2150//158 2151//159 2156//164
f 2150//158 2156//164 2155//163
f 2153//161 2152//160 2157//165
f 2153//161 2157//165 2158//166
f 2152//160 2154//162 2159//278
f 2152//160 2159//278 2157//165
f 2154//162 2083//91 2085//93
f 2154//162 2085//93 2159//278
f 241//11 2155//163 2160//168
f 241//11 2160//168 242//12
f 2155//163 2156//164 2161//169
f 2155//163 2161//169 2160//168
f 2158//166 2157//165 2162//170
f 2158//166 2162//170 2163//171
f 2157//165 2159//278 2164//172
f 2157//165 2164//172 2162//170
f 2159//278 2085//93 2087//95
f 2159//278 2087//95 2164//172
f 242//12 2160//168 2165//173
f 242//12 2165//173 243//24
f 2160//168 2161//169 2166//174
f 2160//168 2166//174 2165//173
f 2163//171 2162//170 2167//175
f 2163//171 2167//175 2168//176
f 2162//170 2164//172 2169//445
f 2162//170 2169//445 2167//175
f 2164//172 2087//95 2089//97
f 2164//172 2089//97 2169//445
f 243//24 2165//173 2170//178
f 243//24 2170//178 244//14
f 2165//173 2166//174 2171//179
f 2165//173 2171//179 2170//178
f 2168//176 2167//175 2172//180
f 2168//176 2172//180 2173//181
f 2167//175 2169//445 2174//279
f 2167//175 2174//279 2172//180
f 2169//445 2089//97 2091//99
f 2169//445 2091//99 2174//279
f 244//14 2170//178 2175//183
f 244//14 2175//183 245//15
f 2170//178 2171//179 2176//184
f 2170//178 2176//184 2175//183
f 2173//181 2172//180 2177//185
f 2173//181 2177//185 2178//186
f 2172//180 2174//279 2179//187
f 2172//180 2179//187 2177//185
f 2174//279 2091//99 2093//101
f 2174//279 2093//101 2179//187
f 245//15 2175//183 2180//188
f 245//15 2180//188 246//16
f 2175//183 2176//184 2181//189
f 2175//183 2181//189 2180//188
f 2178//186 2177//185 2182//190
f 2178//186 2182//190 2183//191
f 2177//185 2179//187 2184//192
f 2177//185 2184//192 2182//190
f 2179//187 2093//101 2095//103
f 2179//187 2095//103 2184//192
f 246//16 2180//188 2185//193
f 246//16 2185//193 247//17
f 2180//188 2181//189 2186//263
f 2180//188 2186//263 2185//193
f 2183//191 2182//190 2187//195
f 2183//191 2187//195 2188//196
f 2182//190 2184//192 2189//197
f 2182//190 2189//197 2187//195
f 2184//192 2095//103 2097//105
f 2184//192 2097//105 2189//197
f 247//17 2185//193 2190//198
f 247//17 2190//198 248//18
f 2185//193 2186//263 2191//199
f 2185//193 2191//199 2190//198
f 2188//196 2187//195 2192//200
f 2188//196 2192//200 2193//201
f 2187//195 2189//197 2194//282
f 2187//195 2194//282 2192//200
f 2189//197 2097//105 2099//107
f 2189//197 2099//107 2194//282
f 248//18 2190//198 2195//203
f 248//18 2195//203 249//19
f 2190//198 2191//199 2196//267
f 2190//198 2196//267 2195//203
f 2193//201 2192//200 2197//446
f 2193//201 2197//446 2198//206
f 2192//200 2194//282 2199//268
f 2192//200 2199//268 2197//446
f 2194//282 2099//107 2101//109
f 2194//282 2101//109 2199//268
f 249//19 2195//203 2200//208
f 249//19 2200//208 250//20
f 2195//203 2196//267 2201//209
f 2195//203 2201//209 2200//208
f 2198//206 2197//446 2202//210
f 2198//206 2202//210 2203//211
f 2197//446 2199//268 2204//283
f 2197//446 2204//283 2202//210
f 2199//268 2101//109 2103//111
f 2199//268 2103//111 2204//283
f 250//20 2200//208 2205//213
f 250//20 2205//213 251//21
f 2200//208 2201//209 2206//214
f 2200//208 2206//214 2205//213
f 2203//211 2202//210 2207//215
f 2203//211 2207//215 2208//216
f 2202//210 2204//283 2209//217
f 2202//210 2209//217 2207//215
f 2204//283 2103//111 2105//113
f 2204//283 2105//113 2209//217
f 251//21 2205//213 2210//218
f 251//21 2210//218 252//22
f 2205//213 2206//214 2211//219
f 2205//213 2211//219 2210//218
f 2208//216 2207//215 2212//220
f 2208//216 2212//220 2213//221
f 2207//215 2209//217 2214//222
f 2207//215 2214//222 2212//220
f 2209//217 2105//113 2107//115
f 2209//217 2107//115 2214//222
f 252//22 2210//218 2113//121
f 252//22 2113//121 234//4
f 2210//218 2211//219 2115//123
f 2210//218 2115//123 2113//121
f 2213//221 2212//220 2119//254
f 2213//221 2119//254 2118//126
f 2212//220 2214//222 2121//444
f 2212//220 2121//444 2119//254
f 2214//222 2107//115 2109//117
f 2214//222 2109//117 2121//444
f 2215//432 2217//433 2216//434
f 2215//432 2218//435 2217//433
f 2219//225 2220//225 2221//226
f 2219//225 2221//226 2222//226
f 2223//227 2224//227 2225//228
f 2223//227 2225//228 2226//228
f 2227//229 2229//230 2228//229
f 2227//229 2230//231 2229//230
f 2231//232 2232//232 2224//227
f 2231//232 2224//227 2223//227
f 2233//233 2228//229 2234//234
f 2233//233 2227//229 2228//229
f 2219//225 2235//235 2236//235
f 2219//225 2236//235 2220//225
f 2235//235 2237//236 2238//237
f 2235//235 2238//237 2236//235
f 2239//238 2233//233 2234//234
f 2239//238 2240//239 2233//233
f 2231//232 2241//240 2242//240
f 2231//232 2242//240 2232//232
f 2243//271 2244//242 2245//242
f 2243//271 2245//242 2246//241
f 2244//242 2222//226 2221//226
f 2244//242 2221//226 2245//242
f 2229//230 2248//243 2247//244
f 2229//230 2230//231 2248//243
f 2247//438 2250//439 2249//439
f 2247//438 2251//440 2250//439
f 2249//439 2215//432 2216//434
f 2249//439 2250//439 2215//432
f 2217//433 2253//441 2252//441
f 2217//433 2218//435 2253//441
f 2252//441 2255//442 2254//443
f 2252//441 2253//441 2255//442
f 2254//250 2226//228 2225//228
f 2254//250 2225//228 2256//250
f 2257//447 2258//79 2259//80
f 2257//447 2259//80 2260//81
f 2258//79 2261//82 2262//83
f 2258//79 2262//83 2259//80
f 2261//82 2263//84 2264//85
f 2261//82 2264//85 2262//83
f 2263//84 2265//86 2266//87
f 2263//84 2266//87 2264//85
f 2265//86 2267//88 2268//89
f 2265//86 2268//89 2266//87
f 2267//88 2269//90 2270//91
f 2267//88 2270//91 2268//89
f 2269//90 2271//92 2272//448
f 2269//90 2272//448 2270//91
f 2271//92 2273//94 2274//95
f 2271//92 2274//95 2272//448
f 2273//94 2275//96 2276//97
f 2273//94 2276//97 2274//95
f 2275//96 2277//98 2278//99
f 2275//96 2278//99 2276//97
f 2277//98 2279//100 2280//101
f 2277//98 2280//101 2278//99
f 2279//100 2281//102 2282//103
f 2279//100 2282//103 2280//101
f 2281//102 2283//104 2284//105
f 2281//102 2284//105 2282//103
f 2283//104 2285//106 2286//107
f 2283//104 2286//107 2284//105
f 2285//106 2287//108 2288//109
f 2285//106 2288//109 2286//107
f 2287//108 2289//110 2290//111
f 2287//108 2290//111 2288//109
f 2289//110 2291//112 2292//274
f 2289//110 2292//274 2290//111
f 2291//112 2293//114 2294//115
f 2291//112 2294//115 2292//274
f 2293//114 2295//116 2296//117
f 2293//114 2296//117 2294//115
f 2295//116 2297//118 2298//119
f 2295//116 2298//119 2296//117
f 2299//120 274//2 276//4
f 2299//120 276//4 2300//121
f 2301//122 2299//120 2300//121
f 2301//122 2300//121 2302//123
f 2303//253 2304//125 2305//449
f 2303//253 2305//449 2306//127
f 2298//119 2307//128 2308//129
f 2298//119 2308//129 2296//117
f 2307//128 2303//253 2306//127
f 2307//128 2306//127 2308//129
f 274//2 2299//120 2309//130
f 274//2 2309//130 277//5
f 2299//120 2301//122 2310//131
f 2299//120 2310//131 2309//130
f 2311//132 2312//133 2313//134
f 2311//132 2313//134 2314//450
f 2312//133 2315//451 2316//137
f 2312//133 2316//137 2313//134
f 2315//451 2260//81 2259//80
f 2315//451 2259//80 2316//137
f 277//5 2309//130 2317//138
f 277//5 2317//138 278//6
f 2309//130 2310//131 2318//139
f 2309//130 2318//139 2317//138
f 2314//450 2313//134 2319//140
f 2314//450 2319//140 2320//141
f 2313//134 2316//137 2321//257
f 2313//134 2321//257 2319//140
f 2316//137 2259//80 2262//83
f 2316//137 2262//83 2321//257
f 278//6 2317//138 2322//143
f 278//6 2322//143 279//7
f 2317//138 2318//139 2323//144
f 2317//138 2323//144 2322//143
f 2320//141 2319//140 2324//145
f 2320//141 2324//145 2325//146
f 2319//140 2321//257 2326//147
f 2319//140 2326//147 2324//145
f 2321//257 2262//83 2264//85
f 2321//257 2264//85 2326//147
f 279//7 2322//143 2327//148
f 279//7 2327//148 280//23
f 2322//143 2323//144 2328//149
f 2322//143 2328//149 2327//148
f 2325//146 2324//145 2329//150
f 2325//146 2329//150 2330//151
f 2324//145 2326//147 2331//152
f 2324//145 2331//152 2329//150
f 2326//147 2264//85 2266//87
f 2326//147 2266//87 2331//152
f 280//23 2327//148 2332//153
f 280//23 2332//153 281//9
f 2327//148 2328//149 2333//154
f 2327//148 2333//154 2332//153
f 2330//151 2329//150 2334//155
f 2330//151 2334//155 2335//156
f 2329//150 2331//152 2336//258
f 2329//150 2336//258 2334//155
f 2331//152 2266//87 2268//89
f 2331//152 2268//89 2336//258
f 281//9 2332//153 2337//158
f 281//9 2337//158 282//10
f 2332//153 2333//154 2338//159
f 2332//153 2338//159 2337//158
f 2335//156 2334//155 2339//452
f 2335//156 2339//452 2340//161
f 2334//155 2336//258 2341//162
f 2334//155 2341//162 2339//452
f 2336//258 2268//89 2270//91
f 2336//258 2270//91 2341//162
f 282//10 2337//158 2342//163
f 282//10 2342//163 283//11
f 2337//158 2338//159 2343//164
f 2337//158 2343//164 2342//163
f 2340//161 2339//452 2344//165
f 2340//161 2344//165 2345//166
f 2339//452 2341//162 2346//278
f 2339//452 2346//278 2344//165
f 2341//162 2270//91 2272//448
f 2341//162 2272//448 2346//278
f 283//11 2342//163 2347//168
f 283//11 2347//168 284//12
f 2342//163 2343//164 2348//169
f 2342//163 2348//169 2347//168
f 2345//166 2344//165 2349//170
f 2345//166 2349//170 2350//453
f 2344//165 2346//278 2351//172
f 2344//165 2351//172 2349//170
f 2346//278 2272//448 2274//95
f 2346//278 2274//95 2351//172
f 284//12 2347//168 2352//173
f 284//12 2352//173 285//24
f 2347//168 2348//169 2353//174
f 2347//168 2353//174 2352//173
f 2350//453 2349//170 2354//429
f 2350//453 2354//429 2355//454
f 2349//170 2351//172 2356//177
f 2349//170 2356//177 2354//429
f 2351//172 2274//95 2276//97
f 2351//172 2276//97 2356//177
f 285//24 2352//173 2357//178
f 285//24 2357//178 286//14
f 2352//173 2353//174 2358//179
f 2352//173 2358//179 2357//178
f 2355//454 2354//429 2359//180
f 2355//454 2359//180 2360//181
f 2354//429 2356//177 2361//279
f 2354//429 2361//279 2359//180
f 2356//177 2276//97 2278//99
f 2356//177 2278//99 2361//279
f 286//14 2357//178 2362//183
f 286//14 2362//183 287//25
f 2357//178 2358//179 2363//184
f 2357//178 2363//184 2362//183
f 2360//181 2359//180 2364//185
f 2360//181 2364//185 2365//186
f 2359//180 2361//279 2366//187
f 2359//180 2366//187 2364//185
f 2361//279 2278//99 2280//101
f 2361//279 2280//101 2366//187
f 287//25 2362//183 2367//188
f 287//25 2367//188 288//16
f 2362//183 2363//184 2368//189
f 2362//183 2368//189 2367//188
f 2365//186 2364//185 2369//262
f 2365//186 2369//262 2370//191
f 2364//185 2366//187 2371//192
f 2364//185 2371//192 2369//262
f 2366//187 2280//101 2282//103
f 2366//187 2282//103 2371//192
f 288//16 2367//188 2372//193
f 288//16 2372//193 289//50
f 2367//188 2368//189 2373//263
f 2367//188 2373//263 2372//193
f 2370//191 2369//262 2374//195
f 2370//191 2374//195 2375//196
f 2369//262 2371//192 2376//197
f 2369//262 2376//197 2374//195
f 2371//192 2282//103 2284//105
f 2371//192 2284//105 2376//197
f 289//50 2372//193 2377//198
f 289//50 2377//198 290//18
f 2372//193 2373//263 2378//199
f 2372//193 2378//199 2377//198
f 2375//196 2374//195 2379//200
f 2375//196 2379//200 2380//201
f 2374//195 2376//197 2381//202
f 2374//195 2381//202 2379//200
f 2376//197 2284//105 2286//107
f 2376//197 2286//107 2381//202
f 290//18 2377//198 2382//203
f 290//18 2382//203 291//19
f 2377//198 2378//199 2383//204
f 2377//198 2383//204 2382//203
f 2380//201 2379//200 2384//446
f 2380//201 2384//446 2385//206
f 2379//200 2381//202 2386//207
f 2379//200 2386//207 2384//446
f 2381//202 2286//107 2288//109
f 2381//202 2288//109 2386//207
f 291//19 2382//203 2387//208
f 291//19 2387//208 292//20
f 2382//203 2383//204 2388//209
f 2382//203 2388//209 2387//208
f 2385//206 2384//446 2389//210
f 2385//206 2389//210 2390//211
f 2384//446 2386//207 2391//283
f 2384//446 2391//283 2389//210
f 2386//207 2288//109 2290//111
f 2386//207 2290//111 2391//283
f 292//20 2387//208 2392//213
f 292//20 2392//213 293//21
f 2387//208 2388//209 2393//214
f 2387//208 2393//214 2392//213
f 2390//211 2389//210 2394//269
f 2390//211 2394//269 2395//216
f 2389//210 2391//283 2396//217
f 2389//210 2396//217 2394//269
f 2391//283 2290//111 2292//274
f 2391//283 2292//274 2396//217
f 293//21 2392//213 2397//218
f 293//21 2397//218 294//22
f 2392//213 2393//214 2398//219
f 2392//213 2398//219 2397//218
f 2395//216 2394//269 2399//220
f 2395//216 2399//220 2400//221
f 2394//269 2396//217 2401//455
f 2394//269 2401//455 2399//220
f 2396//217 2292//274 2294//115
f 2396//217 2294//115 2401//455
f 294//22 2397//218 2300//121
f 294//22 2300//121 276//4
f 2397//218 2398//219 2302//123
f 2397//218 2302//123 2300//121
f 2400//221 2399//220 2306//127
f 2400//221 2306//127 2305//449
f 2399//220 2401//455 2308//129
f 2399//220 2308//129 2306//127
f 2401//455 2294//115 2296//117
f 2401//455 2296//117 2308//129
f 2402//432 2404//433 2403//434
f 2402//432 2405//435 2404//433
f 2406//225 2407//225 2408//226
f 2406//225 2408//226 2409//226
f 2410//436 2411//227 2412//228
f 2410//436 2412//228 2413//228
f 2414//229 2416//230 2415//229
f 2414//229 2417//231 2416//230
f 2418//232 2419//232 2411//227
f 2418//232 2411//227 2410//436
f 2420//233 2415//229 2421//234
f 2420//233 2414//229 2415//229
f 2406//225 2422//235 2423//235
f 2406//225 2423//235 2407//225
f 2422//235 2424//236 2425//236
f 2422//235 2425//236 2423//235
f 2426//238 2420//233 2421//234
f 2426//238 2427//239 2420//233
f 2418//232 2428//240 2429//240
f 2418//232 2429//240 2419//232
f 2430//241 2431//242 2432//242
f 2430//241 2432//242 2433//241
f 2431//242 2409//226 2408//226
f 2431//242 2408//226 2432//242
f 2416//230 2435//243 2434//244
f 2416//230 2417//231 2435//243
f 2434//438 2437//439 2436//439
f 2434//438 2438//440 2437//439
f 2436//439 2402//432 2403//434
f 2436//439 2437//439 2402//432
f 2404//433 2440//441 2439//441
f 2404//433 2405//435 2440//441
f 2439//441 2442//456 2441//443
f 2439//441 2440//441 2442//456
f 2441//250 2413//228 2412//228
f 2441//250 2412//228 2443//250
f 2444//447 2445//79 2446//80
f 2444//447 2446//80 2447//251
f 2445//79 2448//82 2449//83
f 2445//79 2449//83 2446//80
f 2448//82 2450//84 2451//85
f 2448//82 2451//85 2449//83
f 2450//84 2452//86 2453//87
f 2450//84 2453//87 2451//85
f 2452//86 2454//88 2455//89
f 2452//86 2455//89 2453//87
f 2454//88 2456//90 2457//91
f 2454//88 2457//91 2455//89
f 2456//90 2458//92 2459//448
f 2456//90 2459//448 2457//91
f 2458//92 2460//94 2461//95
f 2458//92 2461//95 2459//448
f 2460//94 2462//96 2463//97
f 2460//94 2463//97 2461//95
f 2462//96 2464//98 2465//99
f 2462//96 2465//99 2463//97
f 2464//98 2466//100 2467//101
f 2464//98 2467//101 2465//99
f 2466//100 2468//102 2469//103
f 2466//100 2469//103 2467//101
f 2468//102 2470//104 2471//105
f 2468//102 2471//105 2469//103
f 2470//104 2472//106 2473//107
f 2470//104 2473//107 2471//105
f 2472//106 2474//108 2475//109
f 2472//106 2475//109 2473//107
f 2474//108 2476//110 2477//252
f 2474//108 2477//252 2475//109
f 2476//110 2478//112 2479//113
f 2476//110 2479//113 2477//252
f 2478//112 2480//114 2481//115
f 2478//112 2481//115 2479//113
f 2480//114 2482//116 2483//117
f 2480//114 2483//117 2481//115
f 2482//116 2484//118 2485//119
f 2482//116 2485//119 2483//117
f 2486//120 316//2 318//4
f 2486//120 318//4 2487//121
f 2488//122 2486//120 2487//121
f 2488//122 2487//121 2489//123
f 2490//253 2491//125 2492//126
f 2490//253 2492//126 2493//254
f 2485//119 2494//128 2495//129
f 2485//119 2495//129 2483//117
f 2494//128 2490//253 2493//254
f 2494//128 2493//254 2495//129
f 316//2 2486//120 2496//130
f 316//2 2496//130 319//51
f 2486//120 2488//122 2497//457
f 2486//120 2497//457 2496//130
f 2498//255 2499//133 2500//134
f 2498//255 2500//134 2501//135
f 2499//133 2502//256 2503//137
f 2499//133 2503//137 2500//134
f 2502//256 2447//251 2446//80
f 2502//256 2446//80 2503//137
f 319//51 2496//130 2504//138
f 319//51 2504//138 320//6
f 2496//130 2497//457 2505//139
f 2496//130 2505//139 2504//138
f 2501//135 2500//134 2506//140
f 2501//135 2506//140 2507//141
f 2500//134 2503//137 2508//257
f 2500//134 2508//257 2506//140
f 2503//137 2446//80 2449//83
f 2503//137 2449//83 2508//257
f 320//6 2504//138 2509//143
f 320//6 2509//143 321//7
f 2504//138 2505//139 2510//458
f 2504//138 2510//458 2509//143
f 2507//141 2506//140 2511//145
f 2507//141 2511//145 2512//146
f 2506//140 2508//257 2513//147
f 2506//140 2513//147 2511//145
f 2508//257 2449//83 2451//85
f 2508//257 2451//85 2513//147
f 321//7 2509//143 2514//148
f 321//7 2514//148 322//23
f 2509//143 2510//458 2515//149
f 2509//143 2515//149 2514//148
f 2512//146 2511//145 2516//150
f 2512//146 2516//150 2517//151
f 2511//145 2513//147 2518//152
f 2511//145 2518//152 2516//150
f 2513//147 2451//85 2453//87
f 2513//147 2453//87 2518//152
f 322//23 2514//148 2519//153
f 322//23 2519//153 323//9
f 2514//148 2515//149 2520//154
f 2514//148 2520//154 2519//153
f 2517//151 2516//150 2521//155
f 2517//151 2521//155 2522//156
f 2516//150 2518//152 2523//157
f 2516//150 2523//157 2521//155
f 2518//152 2453//87 2455//89
f 2518//152 2455//89 2523//157
f 323//9 2519//153 2524//158
f 323//9 2524//158 324//10
f 2519//153 2520//154 2525//159
f 2519//153 2525//159 2524//158
f 2522//156 2521//155 2526//160
f 2522//156 2526//160 2527//161
f 2521//155 2523//157 2528//162
f 2521//155 2528//162 2526//160
f 2523//157 2455//89 2457//91
f 2523//157 2457//91 2528//162
f 324//10 2524//158 2529//163
f 324//10 2529//163 325//27
f 2524//158 2525//159 2530//164
f 2524//158 2530//164 2529//163
f 2527//161 2526//160 2531//165
f 2527//161 2531//165 2532//166
f 2526//160 2528//162 2533//167
f 2526//160 2533//167 2531//165
f 2528//162 2457//91 2459//448
f 2528//162 2459//448 2533//167
f 325//27 2529//163 2534//168
f 325//27 2534//168 326//12
f 2529//163 2530//164 2535//169
f 2529//163 2535//169 2534//168
f 2532//166 2531//165 2536//170
f 2532//166 2536//170 2537//171
f 2531//165 2533//167 2538//172
f 2531//165 2538//172 2536//170
f 2533//167 2459//448 2461//95
f 2533//167 2461//95 2538//172
f 326//12 2534//168 2539//173
f 326//12 2539//173 327//24
f 2534//168 2535//169 2540//174
f 2534//168 2540//174 2539//173
f 2537//171 2536//170 2541//429
f 2537//171 2541//429 2542//176
f 2536//170 2538//172 2543//445
f 2536//170 2543//445 2541//429
f 2538//172 2461//95 2463//97
f 2538//172 2463//97 2543//445
f 327//24 2539//173 2544//178
f 327//24 2544//178 328//14
f 2539//173 2540//174 2545//179
f 2539//173 2545//179 2544//178
f 2542//176 2541//429 2546//180
f 2542//176 2546//180 2547//181
f 2541//429 2543//445 2548//279
f 2541//429 2548//279 2546//180
f 2543//445 2463//97 2465//99
f 2543//445 2465//99 2548//279
f 328//14 2544//178 2549//183
f 328//14 2549//183 329//15
f 2544//178 2545//179 2550//184
f 2544//178 2550//184 2549//183
f 2547//181 2546//180 2551//281
f 2547//181 2551//281 2552//186
f 2546//180 2548//279 2553//187
f 2546//180 2553//187 2551//281
f 2548//279 2465//99 2467//101
f 2548//279 2467//101 2553//187
f 329//15 2549//183 2554//188
f 329//15 2554//188 330//52
f 2549//183 2550//184 2555//189
f 2549//183 2555//189 2554//188
f 2552//186 2551//281 2556//262
f 2552//186 2556//262 2557//191
f 2551//281 2553//187 2558//192
f 2551//281 2558//192 2556//262
f 2553//187 2467//101 2469//103
f 2553//187 2469//103 2558//192
f 330//52 2554//188 2559//193
f 330//52 2559//193 331//17
f 2554//188 2555//189 2560//263
f 2554//188 2560//263 2559//193
f 2557//191 2556//262 2561//264
f 2557//191 2561//264 2562//196
f 2556//262 2558//192 2563//197
f 2556//262 2563//197 2561//264
f 2558//192 2469//103 2471//105
f 2558//192 2471//105 2563//197
f 331//17 2559//193 2564//198
f 331//17 2564//198 332//18
f 2559//193 2560//263 2565//199
f 2559//193 2565//199 2564//198
f 2562//196 2561//264 2566//200
f 2562//196 2566//200 2567//201
f 2561//264 2563//197 2568//282
f 2561//264 2568//282 2566//200
f 2563//197 2471//105 2473//107
f 2563//197 2473//107 2568//282
f 332//18 2564//198 2569//203
f 332//18 2569//203 333//26
f 2564//198 2565//199 2570//267
f 2564//198 2570//267 2569//203
f 2567//201 2566//200 2571//205
f 2567//201 2571//205 2572//206
f 2566//200 2568//282 2573//268
f 2566//200 2573//268 2571//205
f 2568//282 2473//107 2475//109
f 2568//282 2475//109 2573//268
f 333//26 2569//203 2574//208
f 333//26 2574//208 334//20
f 2569//203 2570//267 2575//209
f 2569//203 2575//209 2574//208
f 2572//206 2571//205 2576//210
f 2572//206 2576//210 2577//211
f 2571//205 2573//268 2578//283
f 2571//205 2578//283 2576//210
f 2573//268 2475//109 2477//252
f 2573//268 2477//252 2578//283
f 334//20 2574//208 2579//213
f 334//20 2579//213 335//21
f 2574//208 2575//209 2580//214
f 2574//208 2580//214 2579//213
f 2577//211 2576//210 2581//269
f 2577//211 2581//269 2582//459
f 2576//210 2578//283 2583//217
f 2576//210 2583//217 2581//269
f 2578//283 2477//252 2479//113
f 2578//283 2479//113 2583//217
f 335//21 2579//213 2584//460
f 335//21 2584//460 336//22
f 2579//213 2580//214 2585//219
f 2579//213 2585//219 2584//460
f 2582//459 2581//269 2586//270
f 2582//459 2586//270 2587//221
f 2581//269 2583//217 2588//222
f 2581//269 2588//222 2586//270
f 2583//217 2479//113 2481//115
f 2583//217 2481//115 2588//222
f 336//22 2584//460 2487//121
f 336//22 2487//121 318//4
f 2584//460 2585//219 2489//123
f 2584//460 2489//123 2487//121
f 2587//221 2586//270 2493//254
f 2587//221 2493//254 2492//126
f 2586//270 2588//222 2495//129
f 2586//270 2495//129 2493//254
f 2588//222 2481//115 2483//117
f 2588//222 2483//117 2495//129
f 2589//223 2590//223 2591//224
f 2589//223 2591//224 2592//224
f 2593//225 2594//225 2595//226
f 2593//225 2595//226 2596//226
f 2597//227 2598//227 2599//228
f 2597//227 2599//228 2600//228
f 2601//229 2603//230 2602//229
f 2601//229 2604//231 2603//230
f 2605//232 2606//232 2598//227
f 2605//232 2598//227 2597//227
f 2607//233 2602//229 2608//234
f 2607//233 2601//229 2602//229
f 2593//225 2609//235 2610//235
f 2593//225 2610//235 2594//225
f 2609//235 2611//236 2612//236
f 2609//235 2612//236 2610//235
f 2613//238 2607//233 2608//234
f 2613//238 2614//239 2607//233
f 2605//232 2615//240 2616//461
f 2605//232 2616//461 2606//232
f 2617//241 2618//242 2619//242
f 2617//241 2619//242 2620//241
f 2618//242 2596//226 2595//226
f 2618//242 2595//226 2619//242
f 2603//230 2622//243 2621//244
f 2603//230 2604//231 2622//243
f 2621//245 2623//246 2624//246
f 2621//245 2624//246 2625//245
f 2623//246 2590//223 2589//223
f 2623//246 2589//223 2624//246
f 2591//224 2626//247 2627//247
f 2591//224 2627//247 2592//224
f 2626//247 2628//248 2629//248
f 2626//247 2629//248 2627//247
f 2628//250 2600//228 2599//228
f 2628//250 2599//228 2630//250
f 2631//462 2632//79 2633//80
f 2631//462 2633//80 2634//251
f 2632//79 2635//82 2636//83
f 2632//79 2636//83 2633//80
f 2635//82 2637//84 2638//85
f 2635//82 2638//85 2636//83
f 2637//84 2639//86 2640//87
f 2637//84 2640//87 2638//85
f 2639//86 2641//88 2642//89
f 2639//86 2642//89 2640//87
f 2641//88 2643//90 2644//91
f 2641//88 2644//91 2642//89
f 2643//90 2645//92 2646//93
f 2643//90 2646//93 2644//91
f 2645//92 2647//94 2648//95
f 2645//92 2648//95 2646//93
f 2647//94 2649//96 2650//97
f 2647//94 2650//97 2648//95
f 2649//96 2651//98 2652//99
f 2649//96 2652//99 2650//97
f 2651//98 2653//100 2654//101
f 2651//98 2654//101 2652//99
f 2653//100 2655//102 2656//103
f 2653//100 2656//103 2654//101
f 2655//102 2657//104 2658//105
f 2655//102 2658//105 2656//103
f 2657//104 2659//106 2660//107
f 2657//104 2660//107 2658//105
f 2659//106 2661//108 2662//109
f 2659//106 2662//109 2660//107
f 2661//108 2663//110 2664//111
f 2661//108 2664//111 2662//109
f 2663//110 2665//112 2666//113
f 2663//110 2666//113 2664//111
f 2665//112 2667//114 2668//115
f 2665//112 2668//115 2666//113
f 2667//114 2669//116 2670//117
f 2667//114 2670//117 2668//115
f 2669//116 2671//118 2672//119
f 2669//116 2672//119 2670//117
f 2673//120 358//2 360//4
f 2673//120 360//4 2674//121
f 2675//122 2673//120 2674//121
f 2675//122 2674//121 2676//123
f 2677//253 2678//125 2679//126
f 2677//253 2679//126 2680//127
f 2672//119 2681//128 2682//129
f 2672//119 2682//129 2670//117
f 2681//128 2677//253 2680//127
f 2681//128 2680//127 2682//129
f 358//2 2673//120 2683//130
f 358//2 2683//130 361//5
f 2673//120 2675//122 2684//131
f 2673//120 2684//131 2683//130
f 2685//132 2686//133 2687//134
f 2685//132 2687//134 2688//135
f 2686//133 2689//136 2690//463
f 2686//133 2690//463 2687//134
f 2689//136 2634//251 2633//80
f 2689//136 2633//80 2690//463
f 361//5 2683//130 2691//138
f 361//5 2691//138 362//6
f 2683//130 2684//131 2692//139
f 2683//130 2692//139 2691//138
f 2688//135 2687//134 2693//140
f 2688//135 2693//140 2694//141
f 2687//134 2690//463 2695//464
f 2687//134 2695//464 2693//140
f 2690//463 2633//80 2636//83
f 2690//463 2636//83 2695//464
f 362//6 2691//138 2696//143
f 362//6 2696//143 363//7
f 2691//138 2692//139 2697//144
f 2691//138 2697//144 2696//143
f 2694//141 2693//140 2698//145
f 2694//141 2698//145 2699//146
f 2693//140 2695//464 2700//465
f 2693//140 2700//465 2698//145
f 2695//464 2636//83 2638//85
f 2695//464 2638//85 2700//465
f 363//7 2696//143 2701//148
f 363//7 2701//148 364//8
f 2696//143 2697//144 2702//149
f 2696//143 2702//149 2701//148
f 2699//146 2698//145 2703//150
f 2699//146 2703//150 2704//151
f 2698//145 2700//465 2705//152
f 2698//145 2705//152 2703//150
f 2700//465 2638//85 2640//87
f 2700//465 2640//87 2705//152
f 364//8 2701//148 2706//153
f 364//8 2706//153 365//9
f 2701//148 2702//149 2707//154
f 2701//148 2707//154 2706//153
f 2704//151 2703//150 2708//155
f 2704//151 2708//155 2709//156
f 2703//150 2705//152 2710//258
f 2703//150 2710//258 2708//155
f 2705//152 2640//87 2642//89
f 2705//152 2642//89 2710//258
f 365//9 2706//153 2711//158
f 365//9 2711//158 366//10
f 2706//153 2707//154 2712//159
f 2706//153 2712//159 2711//158
f 2709//156 2708//155 2713//160
f 2709//156 2713//160 2714//161
f 2708//155 2710//258 2715//162
f 2708//155 2715//162 2713//160
f 2710//258 2642//89 2644//91
f 2710//258 2644//91 2715//162
f 366//10 2711//158 2716//163
f 366//10 2716//163 367//11
f 2711//158 2712//159 2717//164
f 2711//158 2717//164 2716//163
f 2714//161 2713//160 2718//165
f 2714//161 2718//165 2719//166
f 2713//160 2715//162 2720//278
f 2713//160 2720//278 2718//165
f 2715//162 2644//91 2646//93
f 2715//162 2646//93 2720//278
f 367//11 2716//163 2721//168
f 367//11 2721//168 368//12
f 2716//163 2717//164 2722//169
f 2716//163 2722//169 2721//168
f 2719//166 2718//165 2723//170
f 2719//166 2723//170 2724//171
f 2718//165 2720//278 2725//172
f 2718//165 2725//172 2723//170
f 2720//278 2646//93 2648//95
f 2720//278 2648//95 2725//172
f 368//12 2721//168 2726//173
f 368//12 2726//173 369//24
f 2721//168 2722//169 2727//174
f 2721//168 2727//174 2726//173
f 2724//171 2723//170 2728//429
f 2724//171 2728//429 2729//176
f 2723//170 2725//172 2730//259
f 2723//170 2730//259 2728//429
f 2725//172 2648//95 2650//97
f 2725//172 2650//97 2730//259
f 369//24 2726//173 2731//178
f 369//24 2731//178 370//14
f 2726//173 2727//174 2732//179
f 2726//173 2732//179 2731//178
f 2729//176 2728//429 2733//180
f 2729//176 2733//180 2734//181
f 2728//429 2730//259 2735//182
f 2728//429 2735//182 2733//180
f 2730//259 2650//97 2652//99
f 2730//259 2652//99 2735//182
f 370//14 2731//178 2736//183
f 370//14 2736//183 371//15
f 2731//178 2732//179 2737//280
f 2731//178 2737//280 2736//183
f 2734//181 2733//180 2738//185
f 2734//181 2738//185 2739//186
f 2733//180 2735//182 2740//187
f 2733//180 2740//187 2738//185
f 2735//182 2652//99 2654//101
f 2735//182 2654//101 2740//187
f 371//15 2736//183 2741//188
f 371//15 2741//188 372//52
f 2736//183 2737//280 2742//189
f 2736//183 2742//189 2741//188
f 2739//186 2738//185 2743//262
f 2739//186 2743//262 2744//191
f 2738//185 2740//187 2745//192
f 2738//185 2745//192 2743//262
f 2740//187 2654//101 2656//103
f 2740//187 2656//103 2745//192
f 372//52 2741//188 2746//193
f 372//52 2746//193 373//28
f 2741//188 2742//189 2747//194
f 2741//188 2747//194 2746//193
f 2744//191 2743//262 2748//195
f 2744//191 2748//195 2749//196
f 2743//262 2745//192 2750//197
f 2743//262 2750//197 2748//195
f 2745//192 2656//103 2658//105
f 2745//192 2658//105 2750//197
f 373//28 2746//193 2751//198
f 373//28 2751//198 374//18
f 2746//193 2747//194 2752//199
f 2746//193 2752//199 2751//198
f 2749//196 2748//195 2753//200
f 2749//196 2753//200 2754//201
f 2748//195 2750//197 2755//282
f 2748//195 2755//282 2753//200
f 2750//197 2658//105 2660//107
f 2750//197 2660//107 2755//282
f 374//18 2751//198 2756//203
f 374//18 2756//203 375//19
f 2751//198 2752//199 2757//204
f 2751//198 2757//204 2756//203
f 2754//201 2753//200 2758//205
f 2754//201 2758//205 2759//206
f 2753//200 2755//282 2760//207
f 2753//200 2760//207 2758//205
f 2755//282 2660//107 2662//109
f 2755//282 2662//109 2760//207
f 375//19 2756//203 2761//208
f 375//19 2761//208 376//20
f 2756//203 2757//204 2762//209
f 2756//203 2762//209 2761//208
f 2759//206 2758//205 2763//210
f 2759//206 2763//210 2764//211
f 2758//205 2760//207 2765//283
f 2758//205 2765//283 2763//210
f 2760//207 2662//109 2664//111
f 2760//207 2664//111 2765//283
f 376//20 2761//208 2766//213
f 376//20 2766//213 377//21
f 2761//208 2762//209 2767//214
f 2761//208 2767//214 2766//213
f 2764//211 2763//210 2768//269
f 2764//211 2768//269 2769//216
f 2763//210 2765//283 2770//217
f 2763//210 2770//217 2768//269
f 2765//283 2664//111 2666//113
f 2765//283 2666//113 2770//217
f 377//21 2766//213 2771//218
f 377//21 2771//218 378//22
f 2766//213 2767//214 2772//219
f 2766//213 2772//219 2771//218
f 2769//216 2768//269 2773//220
f 2769//216 2773//220 2774//221
f 2768//269 2770//217 2775//455
f 2768//269 2775//455 2773//220
f 2770//217 2666//113 2668//115
f 2770//217 2668//115 2775//455
f 378//22 2771//218 2674//121
f 378//22 2674//121 360//4
f 2771//218 2772//219 2676//123
f 2771//218 2676//123 2674//121
f 2774//221 2773//220 2680//127
f 2774//221 2680//127 2679//126
f 2773//220 2775//455 2682//129
f 2773//220 2682//129 2680//127
f 2775//455 2668//115 2670//117
f 2775//455 2670//117 2682//129
f 2776//432 2778//433 2777//434
f 2776//432 2779//435 2778//433
f 2780//225 2781//225 2782//226
f 2780//225 2782//226 2783//226
f 2784//436 2785//227 2786//228
f 2784//436 2786//228 2787//228
f 2788//288 2789//426 2790//289
f 2788//288 2790//289 2791//289
f 2792//232 2793//232 2785//227
f 2792//232 2785//227 2784//436
f 2794//292 2795//292 2789//426
f 2794//292 2789//426 2788//288
f 2780//225 2796//235 2797//235
f 2780//225 2797//235 2781//225
f 2796//235 2798//236 2799//237
f 2796//235 2799//237 2797//235
f 2800//437 2795//292 2794//292
f 2800//437 2794//292 2801//293
f 2792//232 2802//240 2803//461
f 2792//232 2803//461 2793//232
f 2804//241 2805//242 2806//242
f 2804//241 2806//242 2807//241
f 2805//242 2783//226 2782//226
f 2805//242 2782//226 2806//242
f 2790//289 2808//298 2809//298
f 2790//289 2809//298 2791//289
f 2808//438 2811//439 2810//439
f 2808//438 2812//440 2811//439
f 2810//439 2776//432 2777//434
f 2810//439 2811//439 2776//432
f 2778//433 2814//441 2813//441
f 2778//433 2779//435 2814//441
f 2813//441 2816//442 2815//443
f 2813//441 2814//441 2816//442
f 2815//250 2787//228 2786//228
f 2815//250 2786//228 2817//250
f 2818//78 2819//79 2820//80
f 2818//78 2820//80 2821//251
f 2819//79 2822//82 2823//83
f 2819//79 2823//83 2820//80
f 2822//82 2824//84 2825//85
f 2822//82 2825//85 2823//83
f 2824//84 2826//86 2827//87
f 2824//84 2827//87 2825//85
f 2826//86 2828//88 2829//89
f 2826//86 2829//89 2827//87
f 2828//88 2830//90 2831//91
f 2828//88 2831//91 2829//89
f 2830//90 2832//92 2833//93
f 2830//90 2833//93 2831//91
f 2832//92 2834//94 2835//95
f 2832//92 2835//95 2833//93
f 2834//94 2836//96 2837//97
f 2834//94 2837//97 2835//95
f 2836//96 2838//98 2839//99
f 2836//96 2839//99 2837//97
f 2838//98 2840//100 2841//101
f 2838//98 2841//101 2839//99
f 2840//100 2842//102 2843//103
f 2840//100 2843//103 2841//101
f 2842//102 2844//104 2845//105
f 2842//102 2845//105 2843//103
f 2844//104 2846//106 2847//107
f 2844//104 2847//107 2845//105
f 2846//106 2848//108 2849//109
f 2846//106 2849//109 2847//107
f 2848//108 2850//110 2851//111
f 2848//108 2851//111 2849//109
f 2850//110 2852//112 2853//113
f 2850//110 2853//113 2851//111
f 2852//112 2854//114 2855//115
f 2852//112 2855//115 2853//113
f 2854//114 2856//116 2857//117
f 2854//114 2857//117 2855//115
f 2856//116 2858//118 2859//119
f 2856//116 2859//119 2857//117
f 2860//120 400//2 402//4
f 2860//120 402//4 2861//121
f 2862//122 2860//120 2861//121
f 2862//122 2861//121 2863//123
f 2864//253 2865//125 2866//126
f 2864//253 2866//126 2867//127
f 2859//119 2868//128 2869//129
f 2859//119 2869//129 2857//117
f 2868//128 2864//253 2867//127
f 2868//128 2867//127 2869//129
f 400//2 2860//120 2870//130
f 400//2 2870//130 403//5
f 2860//120 2862//122 2871//131
f 2860//120 2871//131 2870//130
f 2872//132 2873//133 2874//134
f 2872//132 2874//134 2875//135
f 2873//133 2876//136 2877//137
f 2873//133 2877//137 2874//134
f 2876//136 2821//251 2820//80
f 2876//136 2820//80 2877//137
f 403//5 2870//130 2878//138
f 403//5 2878//138 404//6
f 2870//130 2871//131 2879//139
f 2870//130 2879//139 2878//138
f 2875//135 2874//134 2880//140
f 2875//135 2880//140 2881//141
f 2874//134 2877//137 2882//257
f 2874//134 2882//257 2880//140
f 2877//137 2820//80 2823//83
f 2877//137 2823//83 2882//257
f 404//6 2878//138 2883//143
f 404//6 2883//143 405//7
f 2878//138 2879//139 2884//144
f 2878//138 2884//144 2883//143
f 2881//141 2880//140 2885//145
f 2881//141 2885//145 2886//146
f 2880//140 2882//257 2887//147
f 2880//140 2887//147 2885//145
f 2882//257 2823//83 2825//85
f 2882//257 2825//85 2887//147
f 405//7 2883//143 2888//148
f 405//7 2888//148 406//8
f 2883//143 2884//144 2889//149
f 2883//143 2889//149 2888//148
f 2886//146 2885//145 2890//150
f 2886//146 2890//150 2891//151
f 2885//145 2887//147 2892//466
f 2885//145 2892//466 2890//150
f 2887//147 2825//85 2827//87
f 2887//147 2827//87 2892//466
f 406//8 2888//148 2893//153
f 406//8 2893//153 407//9
f 2888//148 2889//149 2894//154
f 2888//148 2894//154 2893//153
f 2891//151 2890//150 2895//155
f 2891//151 2895//155 2896//156
f 2890//150 2892//466 2897//258
f 2890//150 2897//258 2895//155
f 2892//466 2827//87 2829//89
f 2892//466 2829//89 2897//258
f 407//9 2893//153 2898//158
f 407//9 2898//158 408//10
f 2893//153 2894//154 2899//159
f 2893//153 2899//159 2898//158
f 2896//156 2895//155 2900//160
f 2896//156 2900//160 2901//161
f 2895//155 2897//258 2902//162
f 2895//155 2902//162 2900//160
f 2897//258 2829//89 2831//91
f 2897//258 2831//91 2902//162
f 408//10 2898//158 2903//163
f 408//10 2903//163 409//11
f 2898//158 2899//159 2904//164
f 2898//158 2904//164 2903//163
f 2901//161 2900//160 2905//165
f 2901//161 2905//165 2906//166
f 2900//160 2902//162 2907//167
f 2900//160 2907//167 2905//165
f 2902//162 2831//91 2833//93
f 2902//162 2833//93 2907//167
f 409//11 2903//163 2908//168
f 409//11 2908//168 410//12
f 2903//163 2904//164 2909//169
f 2903//163 2909//169 2908//168
f 2906//166 2905//165 2910//170
f 2906//166 2910//170 2911//171
f 2905//165 2907//167 2912//172
f 2905//165 2912//172 2910//170
f 2907//167 2833//93 2835//95
f 2907//167 2835//95 2912//172
f 410//12 2908//168 2913//173
f 410//12 2913//173 411//24
f 2908//168 2909//169 2914//174
f 2908//168 2914//174 2913//173
f 2911//171 2910//170 2915//175
f 2911//171 2915//175 2916//176
f 2910//170 2912//172 2917//177
f 2910//170 2917//177 2915//175
f 2912//172 2835//95 2837//97
f 2912//172 2837//97 2917//177
f 411//24 2913//173 2918//178
f 411//24 2918//178 412//14
f 2913//173 2914//174 2919//179
f 2913//173 2919//179 2918//178
f 2916//176 2915//175 2920//180
f 2916//176 2920//180 2921//181
f 2915//175 2917//177 2922//182
f 2915//175 2922//182 2920//180
f 2917//177 2837//97 2839//99
f 2917//177 2839//99 2922//182
f 412//14 2918//178 2923//183
f 412//14 2923//183 413//15
f 2918//178 2919//179 2924//184
f 2918//178 2924//184 2923//183
f 2921//181 2920//180 2925//185
f 2921//181 2925//185 2926//186
f 2920//180 2922//182 2927//187
f 2920//180 2927//187 2925//185
f 2922//182 2839//99 2841//101
f 2922//182 2841//101 2927//187
f 413//15 2923//183 2928//188
f 413//15 2928//188 414//52
f 2923//183 2924//184 2929//189
f 2923//183 2929//189 2928//188
f 2926//186 2925//185 2930//262
f 2926//186 2930//262 2931//191
f 2925//185 2927//187 2932//192
f 2925//185 2932//192 2930//262
f 2927//187 2841//101 2843//103
f 2927//187 2843//103 2932//192
f 414//52 2928//188 2933//193
f 414//52 2933//193 415//50
f 2928//188 2929//189 2934//194
f 2928//188 2934//194 2933//193
f 2931//191 2930//262 2935//195
f 2931//191 2935//195 2936//196
f 2930//262 2932//192 2937//430
f 2930//262 2937//430 2935//195
f 2932//192 2843//103 2845//105
f 2932//192 2845//105 2937//430
f 415//50 2933//193 2938//198
f 415//50 2938//198 416//18
f 2933//193 2934//194 2939//199
f 2933//193 2939//199 2938//198
f 2936//196 2935//195 2940//200
f 2936//196 2940//200 2941//201
f 2935//195 2937//430 2942//282
f 2935//195 2942//282 2940//200
f 2937//430 2845//105 2847//107
f 2937//430 2847//107 2942//282
f 416//18 2938//198 2943//203
f 416//18 2943//203 417//19
f 2938//198 2939//199 2944//204
f 2938//198 2944//204 2943//203
f 2941//201 2940//200 2945//205
f 2941//201 2945//205 2946//206
f 2940//200 2942//282 2947//207
f 2940//200 2947//207 2945//205
f 2942//282 2847//107 2849//109
f 2942//282 2849//109 2947//207
f 417//19 2943//203 2948//208
f 417//19 2948//208 418//20
f 2943//203 2944//204 2949//209
f 2943//203 2949//209 2948//208
f 2946//206 2945//205 2950//467
f 2946//206 2950//467 2951//211
f 2945//205 2947//207 2952//212
f 2945//205 2952//212 2950//467
f 2947//207 2849//109 2851//111
f 2947//207 2851//111 2952//212
f 418//20 2948//208 2953//213
f 418//20 2953//213 419//21
f 2948//208 2949//209 2954//214
f 2948//208 2954//214 2953//213
f 2951//211 2950//467 2955//215
f 2951//211 2955//215 2956//468
f 2950//467 2952//212 2957//217
f 2950//467 2957//217 2955//215
f 2952//212 2851//111 2853//113
f 2952//212 2853//113 2957//217
f 419//21 2953//213 2958//460
f 419//21 2958//460 420//22
f 2953//213 2954//214 2959//219
f 2953//213 2959//219 2958//460
f 2956//468 2955//215 2960//220
f 2956//468 2960//220 2961//221
f 2955//215 2957//217 2962//222
f 2955//215 2962//222 2960//220
f 2957//217 2853//113 2855//115
f 2957//217 2855//115 2962//222
f 420//22 2958//460 2861//121
f 420//22 2861//121 402//4
f 2958//460 2959//219 2863//123
f 2958//460 2863//123 2861//121
f 2961//221 2960//220 2867//127
f 2961//221 2867//127 2866//126
f 2960//220 2962//222 2869//129
f 2960//220 2869//129 2867//127
f 2962//222 2855//115 2857//117
f 2962//222 2857//117 2869//129
f 2963//432 2965//433 2964//434
f 2963//432 2966//435 2965//433
f 2967//225 2968//225 2969//226
f 2967//225 2969//226 2970//226
f 2971//436 2972//227 2973//228
f 2971//436 2973//228 2974//228
f 2975//229 2977//230 2976//229
f 2975//229 2978//231 2977//230
f 2979//232 2980//232 2972//227
f 2979//232 2972//227 2971//436
f 2981//233 2976//229 2982//234
f 2981//233 2975//229 2976//229
f 2967//225 2983//235 2984//235
f 2967//225 2984//235 2968//225
f 2983//235 2985//236 2986//237
f 2983//235 2986//237 2984//235
f 2987//238 2981//233 2982//234
f 2987//238 2988//239 2981//233
f 2979//232 2989//240 2990//461
f 2979//232 2990//461 2980//232
f 2991//271 2992//242 2993//242
f 2991//271 2993//242 2994//241
f 2992//242 2970//226 2969//226
f 2992//242 2969//226 2993//242
f 2977//230 2996//243 2995//244
f 2977//230 2978//231 2996//243
f 2995//438 2998//439 2997//439
f 2995//438 2999//440 2998//439
f 2997//439 2963//432 2964//434
f 2997//439 2998//439 2963//432
f 2965//433 3001//441 3000//441
f 2965//433 2966//435 3001//441
f 3000//441 3003//442 3002//443
f 3000//441 3001//441 3003//442
f 3002//250 2974//228 2973//228
f 3002//250 2973//228 3004//250
f 3005//462 3006//79 3007//80
f 3005//462 3007//80 3008//251
f 3006//79 3009//82 3010//83
f 3006//79 3010//83 3007//80
f 3009//82 3011//84 3012//85
f 3009//82 3012//85 3010//83
f 3011//84 3013//86 3014//87
f 3011//84 3014//87 3012//85
f 3013//86 3015//88 3016//89
f 3013//86 3016//89 3014//87
f 3015//88 3017//90 3018//469
f 3015//88 3018//469 3016//89
f 3017//90 3019//92 3020//93
f 3017//90 3020//93 3018//469
f 3019//92 3021//94 3022//95
f 3019//92 3022//95 3020//93
f 3021//94 3023//96 3024//97
f 3021//94 3024//97 3022//95
f 3023//96 3025//98 3026//99
f 3023//96 3026//99 3024//97
f 3025//98 3027//100 3028//273
f 3025//98 3028//273 3026//99
f 3027//100 3029//102 3030//103
f 3027//100 3030//103 3028//273
f 3029//102 3031//104 3032//105
f 3029//102 3032//105 3030//103
f 3031//104 3033//106 3034//107
f 3031//104 3034//107 3032//105
f 3033//106 3035//108 3036//109
f 3033//106 3036//109 3034//107
f 3035//108 3037//110 3038//111
f 3035//108 3038//111 3036//109
f 3037//110 3039//112 3040//113
f 3037//110 3040//113 3038//111
f 3039//112 3041//114 3042//115
f 3039//112 3042//115 3040//113
f 3041//114 3043//116 3044//117
f 3041//114 3044//117 3042//115
f 3043//116 3045//118 3046//119
f 3043//116 3046//119 3044//117
f 3047//120 442//2 444//4
f 3047//120 444//4 3048//121
f 3049//122 3047//120 3048//121
f 3049//122 3048//121 3050//275
f 3051//253 3052//125 3053//126
f 3051//253 3053//126 3054//127
f 3046//119 3055//128 3056//129
f 3046//119 3056//129 3044//117
f 3055//128 3051//253 3054//127
f 3055//128 3054//127 3056//129
f 442//2 3047//120 3057//130
f 442//2 3057//130 445//5
f 3047//120 3049//122 3058//131
f 3047//120 3058//131 3057//130
f 3059//132 3060//133 3061//134
f 3059//132 3061//134 3062//450
f 3060//133 3063//136 3064//277
f 3060//133 3064//277 3061//134
f 3063//136 3008//251 3007//80
f 3063//136 3007//80 3064//277
f 445//5 3057//130 3065//138
f 445//5 3065//138 446//6
f 3057//130 3058//131 3066//139
f 3057//130 3066//139 3065//138
f 3062//450 3061//134 3067//140
f 3062//450 3067//140 3068//470
f 3061//134 3064//277 3069//257
f 3061//134 3069//257 3067//140
f 3064//277 3007//80 3010//83
f 3064//277 3010//83 3069//257
f 446//6 3065//138 3070//143
f 446//6 3070//143 447//7
f 3065//138 3066//139 3071//144
f 3065//138 3071//144 3070//143
f 3068//470 3067//140 3072//145
f 3068//470 3072//145 3073//146
f 3067//140 3069//257 3074//147
f 3067//140 3074//147 3072//145
f 3069//257 3010//83 3012//85
f 3069//257 3012//85 3074//147
f 447//7 3070//143 3075//148
f 447//7 3075//148 448//23
f 3070//143 3071//144 3076//149
f 3070//143 3076//149 3075//148
f 3073//146 3072//145 3077//150
f 3073//146 3077//150 3078//151
f 3072//145 3074//147 3079//152
f 3072//145 3079//152 3077//150
f 3074//147 3012//85 3014//87
f 3074//147 3014//87 3079//152
f 448//23 3075//148 3080//153
f 448//23 3080//153 449//9
f 3075//148 3076//149 3081//154
f 3075//148 3081//154 3080//153
f 3078//151 3077//150 3082//155
f 3078//151 3082//155 3083//156
f 3077//150 3079//152 3084//258
f 3077//150 3084//258 3082//155
f 3079//152 3014//87 3016//89
f 3079//152 3016//89 3084//258
f 449//9 3080//153 3085//158
f 449//9 3085//158 450//10
f 3080//153 3081//154 3086//159
f 3080//153 3086//159 3085//158
f 3083//156 3082//155 3087//160
f 3083//156 3087//160 3088//161
f 3082//155 3084//258 3089//471
f 3082//155 3089//471 3087//160
f 3084//258 3016//89 3018//469
f 3084//258 3018//469 3089//471
f 450//10 3085//158 3090//163
f 450//10 3090//163 451//27
f 3085//158 3086//159 3091//164
f 3085//158 3091//164 3090//163
f 3088//161 3087//160 3092//165
f 3088//161 3092//165 3093//428
f 3087//160 3089//471 3094//278
f 3087//160 3094//278 3092//165
f 3089//471 3018//469 3020//93
f 3089//471 3020//93 3094//278
f 451//27 3090//163 3095//168
f 451//27 3095//168 452//12
f 3090//163 3091//164 3096//169
f 3090//163 3096//169 3095//168
f 3093//428 3092//165 3097//170
f 3093//428 3097//170 3098//453
f 3092//165 3094//278 3099//472
f 3092//165 3099//472 3097//170
f 3094//278 3020//93 3022//95
f 3094//278 3022//95 3099//472
f 452//12 3095//168 3100//173
f 452//12 3100//173 453//24
f 3095//168 3096//169 3101//174
f 3095//168 3101//174 3100//173
f 3098//453 3097//170 3102//429
f 3098//453 3102//429 3103//176
f 3097//170 3099//472 3104//177
f 3097//170 3104//177 3102//429
f 3099//472 3022//95 3024//97
f 3099//472 3024//97 3104//177
f 453//24 3100//173 3105//178
f 453//24 3105//178 454//14
f 3100//173 3101//174 3106//179
f 3100//173 3106//179 3105//178
f 3103//176 3102//429 3107//180
f 3103//176 3107//180 3108//181
f 3102//429 3104//177 3109//279
f 3102//429 3109//279 3107//180
f 3104//177 3024//97 3026//99
f 3104//177 3026//99 3109//279
f 454//14 3105//178 3110//183
f 454//14 3110//183 455//15
f 3105//178 3106//179 3111//280
f 3105//178 3111//280 3110//183
f 3108//181 3107//180 3112//185
f 3108//181 3112//185 3113//186
f 3107//180 3109//279 3114//187
f 3107//180 3114//187 3112//185
f 3109//279 3026//99 3028//273
f 3109//279 3028//273 3114//187
f 455//15 3110//183 3115//188
f 455//15 3115//188 456//16
f 3110//183 3111//280 3116//189
f 3110//183 3116//189 3115//188
f 3113//186 3112//185 3117//262
f 3113//186 3117//262 3118//191
f 3112//185 3114//187 3119//192
f 3112//185 3119//192 3117//262
f 3114//187 3028//273 3030//103
f 3114//187 3030//103 3119//192
f 456//16 3115//188 3120//193
f 456//16 3120//193 457//28
f 3115//188 3116//189 3121//263
f 3115//188 3121//263 3120//193
f 3118//191 3117//262 3122//195
f 3118//191 3122//195 3123//196
f 3117//262 3119//192 3124//197
f 3117//262 3124//197 3122//195
f 3119//192 3030//103 3032//105
f 3119//192 3032//105 3124//197
f 457//28 3120//193 3125//198
f 457//28 3125//198 458//18
f 3120//193 3121//263 3126//199
f 3120//193 3126//199 3125//198
f 3123//196 3122//195 3127//200
f 3123//196 3127//200 3128//201
f 3122//195 3124//197 3129//202
f 3122//195 3129//202 3127//200
f 3124//197 3032//105 3034//107
f 3124//197 3034//107 3129//202
f 458//18 3125//198 3130//203
f 458//18 3130//203 459//19
f 3125//198 3126//199 3131//267
f 3125//198 3131//267 3130//203
f 3128//201 3127//200 3132//446
f 3128//201 3132//446 3133//206
f 3127//200 3129//202 3134//268
f 3127//200 3134//268 3132//446
f 3129//202 3034//107 3036//109
f 3129//202 3036//109 3134//268
f 459//19 3130//203 3135//208
f 459//19 3135//208 460//20
f 3130//203 3131//267 3136//209
f 3130//203 3136//209 3135//208
f 3133//206 3132//446 3137//467
f 3133//206 3137//467 3138//211
f 3132//446 3134//268 3139//283
f 3132//446 3139//283 3137//467
f 3134//268 3036//109 3038//111
f 3134//268 3038//111 3139//283
f 460//20 3135//208 3140//213
f 460//20 3140//213 461//21
f 3135//208 3136//209 3141//214
f 3135//208 3141//214 3140//213
f 3138//211 3137//467 3142//215
f 3138//211 3142//215 3143//216
f 3137//467 3139//283 3144//217
f 3137//467 3144//217 3142//215
f 3139//283 3038//111 3040//113
f 3139//283 3040//113 3144//217
f 461//21 3140//213 3145//218
f 461//21 3145//218 462//22
f 3140//213 3141//214 3146//219
f 3140//213 3146//219 3145//218
f 3143//216 3142//215 3147//220
f 3143//216 3147//220 3148//221
f 3142//215 3144//217 3149//222
f 3142//215 3149//222 3147//220
f 3144//217 3040//113 3042//115
f 3144//217 3042//115 3149//222
f 462//22 3145//218 3048//121
f 462//22 3048//121 444//4
f 3145//218 3146//219 3050//275
f 3145//218 3050//275 3048//121
f 3148//221 3147//220 3054//127
f 3148//221 3054//127 3053//126
f 3147//220 3149//222 3056//129
f 3147//220 3056//129 3054//127
f 3149//222 3042//115 3044//117
f 3149//222 3044//117 3056//129
f 3150//223 3151//223 3152//224
f 3150//223 3152//224 3153//224
f 3154//225 3155//225 3156//226
f 3154//225 3156//226 3157//226
f 3158//285 3160//286 3159//285
f 3158//285 3161//287 3160//286
f 3162//288 3163//426 3164//289
f 3162//288 3164//289 3165//289
f 3166//290 3159//285 3167//291
f 3166//290 3158//285 3159//285
f 3168//292 3169//292 3163//426
f 3168//292 3163//426 3162//288
f 3154//225 3170//235 3171//235
f 3154//225 3171//235 3155//225
f 3170//235 3172//473 3173//473
f 3170//235 3173//473 3171//235
f 3174//293 3169//292 3168//292
f 3174//293 3168//292 3175//293
f 3166//290 3177//474 3176//295
f 3166//290 3167//291 3177//474
f 3178//271 3179//242 3180//242
f 3178//271 3180//242 3181//241
f 3179//242 3157//226 3156//226
f 3179//242 3156//226 3180//242
f 3164//289 3182//298 3183//298
f 3164//289 3183//298 3165//289
f 3182//245 3184//246 3185//246
f 3182//245 3185//246 3186//245
f 3184//246 3151//223 3150//223
f 3184//246 3150//223 3185//246
f 3152//224 3187//247 3188//247
f 3152//224 3188//247 3153//224
f 3187//247 3189//248 3190//248
f 3187//247 3190//248 3188//247
f 3189//300 3160//286 3161//287
f 3189//300 3191//301 3160//286
f 3192//78 3193//79 3194//80
f 3192//78 3194//80 3195//251
f 3193//79 3196//82 3197//83
f 3193//79 3197//83 3194//80
f 3196//82 3198//84 3199//85
f 3196//82 3199//85 3197//83
f 3198//84 3200//86 3201//87
f 3198//84 3201//87 3199//85
f 3200//86 3202//88 3203//89
f 3200//86 3203//89 3201//87
f 3202//88 3204//90 3205//91
f 3202//88 3205//91 3203//89
f 3204//90 3206//92 3207//93
f 3204//90 3207//93 3205//91
f 3206//92 3208//94 3209//95
f 3206//92 3209//95 3207//93
f 3208//94 3210//96 3211//97
f 3208//94 3211//97 3209//95
f 3210//96 3212//98 3213//99
f 3210//96 3213//99 3211//97
f 3212//98 3214//100 3215//101
f 3212//98 3215//101 3213//99
f 3214//100 3216//102 3217//103
f 3214//100 3217//103 3215//101
f 3216//102 3218//104 3219//105
f 3216//102 3219//105 3217//103
f 3218//104 3220//106 3221//107
f 3218//104 3221//107 3219//105
f 3220//106 3222//108 3223//109
f 3220//106 3223//109 3221//107
f 3222//108 3224//110 3225//111
f 3222//108 3225//111 3223//109
f 3224//110 3226//112 3227//113
f 3224//110 3227//113 3225//111
f 3226//112 3228//114 3229//115
f 3226//112 3229//115 3227//113
f 3228//114 3230//116 3231//117
f 3228//114 3231//117 3229//115
f 3230//116 3232//118 3233//119
f 3230//116 3233//119 3231//117
f 3234//120 484//2 486//4
f 3234//120 486//4 3235//121
f 3236//122 3234//120 3235//121
f 3236//122 3235//121 3237//123
f 3238//253 3239//125 3240//126
f 3238//253 3240//126 3241//127
f 3233//119 3242//128 3243//129
f 3233//119 3243//129 3231//117
f 3242//128 3238//253 3241//127
f 3242//128 3241//127 3243//129
f 484//2 3234//120 3244//130
f 484//2 3244//130 487//5
f 3234//120 3236//122 3245//131
f 3234//120 3245//131 3244//130
f 3246//132 3247//133 3248//134
f 3246//132 3248//134 3249//135
f 3247//133 3250//136 3251//137
f 3247//133 3251//137 3248//134
f 3250//136 3195//251 3194//80
f 3250//136 3194//80 3251//137
f 487//5 3244//130 3252//138
f 487//5 3252//138 488//6
f 3244//130 3245//131 3253//139
f 3244//130 3253//139 3252//138
f 3249//135 3248//134 3254//140
f 3249//135 3254//140 3255//470
f 3248//134 3251//137 3256//257
f 3248//134 3256//257 3254//140
f 3251//137 3194//80 3197//83
f 3251//137 3197//83 3256//257
f 488//6 3252//138 3257//143
f 488//6 3257//143 489//7
f 3252//138 3253//139 3258//144
f 3252//138 3258//144 3257//143
f 3255//470 3254//140 3259//145
f 3255//470 3259//145 3260//146
f 3254//140 3256//257 3261//465
f 3254//140 3261//465 3259//145
f 3256//257 3197//83 3199//85
f 3256//257 3199//85 3261//465
f 489//7 3257//143 3262//148
f 489//7 3262//148 490//8
f 3257//143 3258//144 3263//149
f 3257//143 3263//149 3262//148
f 3260//146 3259//145 3264//150
f 3260//146 3264//150 3265//151
f 3259//145 3261//465 3266//152
f 3259//145 3266//152 3264//150
f 3261//465 3199//85 3201//87
f 3261//465 3201//87 3266//152
f 490//8 3262//148 3267//153
f 490//8 3267//153 491//9
f 3262//148 3263//149 3268//154
f 3262//148 3268//154 3267//153
f 3265//151 3264//150 3269//155
f 3265//151 3269//155 3270//156
f 3264//150 3266//152 3271//258
f 3264//150 3271//258 3269//155
f 3266//152 3201//87 3203//89
f 3266//152 3203//89 3271//258
f 491//9 3267//153 3272//158
f 491//9 3272//158 492//10
f 3267//153 3268//154 3273//159
f 3267//153 3273//159 3272//158
f 3270//156 3269//155 3274//160
f 3270//156 3274//160 3275//161
f 3269//155 3271//258 3276//162
f 3269//155 3276//162 3274//160
f 3271//258 3203//89 3205//91
f 3271//258 3205//91 3276//162
f 492//10 3272//158 3277//163
f 492//10 3277//163 493//27
f 3272//158 3273//159 3278//164
f 3272//158 3278//164 3277//163
f 3275//161 3274//160 3279//165
f 3275//161 3279//165 3280//428
f 3274//160 3276//162 3281//278
f 3274//160 3281//278 3279//165
f 3276//162 3205//91 3207//93
f 3276//162 3207//93 3281//278
f 493//27 3277//163 3282//168
f 493//27 3282//168 494//12
f 3277//163 3278//164 3283//169
f 3277//163 3283//169 3282//168
f 3280//428 3279//165 3284//170
f 3280//428 3284//170 3285//171
f 3279//165 3281//278 3286//172
f 3279//165 3286//172 3284//170
f 3281//278 3207//93 3209//95
f 3281//278 3209//95 3286//172
f 494//12 3282//168 3287//173
f 494//12 3287//173 495//24
f 3282//168 3283//169 3288//174
f 3282//168 3288//174 3287//173
f 3285//171 3284//170 3289//175
f 3285//171 3289//175 3290//176
f 3284//170 3286//172 3291//259
f 3284//170 3291//259 3289//175
f 3286//172 3209//95 3211//97
f 3286//172 3211//97 3291//259
f 495//24 3287//173 3292//178
f 495//24 3292//178 496//14
f 3287//173 3288//174 3293//179
f 3287//173 3293//179 3292//178
f 3290//176 3289//175 3294//180
f 3290//176 3294//180 3295//181
f 3289//175 3291//259 3296//182
f 3289//175 3296//182 3294//180
f 3291//259 3211//97 3213//99
f 3291//259 3213//99 3296//182
f 496//14 3292//178 3297//183
f 496//14 3297//183 497//15
f 3292//178 3293//179 3298//280
f 3292//178 3298//280 3297//183
f 3295//181 3294//180 3299//185
f 3295//181 3299//185 3300//186
f 3294//180 3296//182 3301//187
f 3294//180 3301//187 3299//185
f 3296//182 3213//99 3215//101
f 3296//182 3215//101 3301//187
f 497//15 3297//183 3302//188
f 497//15 3302//188 498//52
f 3297//183 3298//280 3303//475
f 3297//183 3303//475 3302//188
f 3300//186 3299//185 3304//190
f 3300//186 3304//190 3305//191
f 3299//185 3301//187 3306//192
f 3299//185 3306//192 3304//190
f 3301//187 3215//101 3217//103
f 3301//187 3217//103 3306//192
f 498//52 3302//188 3307//193
f 498//52 3307//193 499//28
f 3302//188 3303//475 3308//194
f 3302//188 3308//194 3307//193
f 3305//191 3304//190 3309//195
f 3305//191 3309//195 3310//196
f 3304//190 3306//192 3311//430
f 3304//190 3311//430 3309//195
f 3306//192 3217//103 3219//105
f 3306//192 3219//105 3311//430
f 499//28 3307//193 3312//198
f 499//28 3312//198 500//18
f 3307//193 3308//194 3313//199
f 3307//193 3313//199 3312//198
f 3310//196 3309//195 3314//200
f 3310//196 3314//200 3315//201
f 3309//195 3311//430 3316//282
f 3309//195 3316//282 3314//200
f 3311//430 3219//105 3221//107
f 3311//430 3221//107 3316//282
f 500//18 3312//198 3317//203
f 500//18 3317//203 501//19
f 3312//198 3313//199 3318//204
f 3312//198 3318//204 3317//203
f 3315//201 3314//200 3319//205
f 3315//201 3319//205 3320//206
f 3314//200 3316//282 3321//268
f 3314//200 3321//268 3319//205
f 3316//282 3221//107 3223//109
f 3316//282 3223//109 3321//268
f 501//19 3317//203 3322//208
f 501//19 3322//208 502//20
f 3317//203 3318//204 3323//209
f 3317//203 3323//209 3322//208
f 3320//206 3319//205 3324//210
f 3320//206 3324//210 3325//211
f 3319//205 3321//268 3326//283
f 3319//205 3326//283 3324//210
f 3321//268 3223//109 3225//111
f 3321//268 3225//111 3326//283
f 502//20 3322//208 3327//213
f 502//20 3327//213 503//21
f 3322//208 3323//209 3328//214
f 3322//208 3328//214 3327//213
f 3325//211 3324//210 3329//215
f 3325//211 3329//215 3330//216
f 3324//210 3326//283 3331//217
f 3324//210 3331//217 3329//215
f 3326//283 3225//111 3227//113
f 3326//283 3227//113 3331//217
f 503//21 3327//213 3332//218
f 503//21 3332//218 504//22
f 3327//213 3328//214 3333//219
f 3327//213 3333//219 3332//218
f 3330//216 3329//215 3334//220
f 3330//216 3334//220 3335//221
f 3329//215 3331//217 3336//222
f 3329//215 3336//222 3334//220
f 3331//217 3227//113 3229//115
f 3331//217 3229//115 3336//222
f 504//22 3332//218 3235//121
f 504//22 3235//121 486//4
f 3332//218 3333//219 3237//123
f 3332//218 3237//123 3235//121
f 3335//221 3334//220 3241//127
f 3335//221 3241//127 3240//126
f 3334//220 3336//222 3243//129
f 3334//220 3243//129 3241//127
f 3336//222 3229//115 3231//117
f 3336//222 3231//117 3243//129
f 3337//223 3338//223 3339//224
f 3337//223 3339//224 3340//224
f 3341//225 3342//225 3343//226
f 3341//225 3343//226 3344//226
f 3345//285 3347//286 3346//285
f 3345//285 3348//287 3347//286
f 3349//288 3350//426 3351//289
f 3349//288 3351//289 3352//289
f 3353//290 3346//285 3354//291
f 3353//290 3345//285 3346//285
f 3355//292 3356//292 3350//426
f 3355//292 3350//426 3349//288
f 3341//225 3357//235 3358//235
f 3341//225 3358//235 3342//225
f 3357//235 3359//236 3360//237
f 3357//235 3360//237 3358//235
f 3361//293 3356//292 3355//292
f 3361//293 3355//292 3362//293
f 3353//290 3364//294 3363//295
f 3353//290 3354//291 3364//294
f 3365//241 3366//242 3367//242
f 3365//241 3367//242 3368//241
f 3366//242 3344//226 3343//226
f 3366//242 3343//226 3367//242
f 3351//289 3369//298 3370//298
f 3351//289 3370//298 3352//289
f 3369//476 3371//246 3372//246
f 3369//476 3372//246 3373//245
f 3371//246 3338//223 3337//223
f 3371//246 3337//223 3372//246
f 3339//224 3374//247 3375//247
f 3339//224 3375//247 3340//224
f 3374//247 3376//248 3377//249
f 3374//247 3377//249 3375//247
f 3376//300 3347//286 3348//287
f 3376//300 3378//301 3347//286
f 3379//78 3380//79 3381//80
f 3379//78 3381//80 3382//251
f 3380//79 3383//82 3384//83
f 3380//79 3384//83 3381//80
f 3383//82 3385//84 3386//85
f 3383//82 3386//85 3384//83
f 3385//84 3387//86 3388//87
f 3385//84 3388//87 3386//85
f 3387//86 3389//88 3390//89
f 3387//86 3390//89 3388//87
f 3389//88 3391//90 3392//477
f 3389//88 3392//477 3390//89
f 3391//90 3393//92 3394//448
f 3391//90 3394//448 3392//477
f 3393//92 3395//94 3396//95
f 3393//92 3396//95 3394//448
f 3395//94 3397//96 3398//97
f 3395//94 3398//97 3396//95
f 3397//96 3399//98 3400//99
f 3397//96 3400//99 3398//97
f 3399//98 3401//100 3402//101
f 3399//98 3402//101 3400//99
f 3401//100 3403//102 3404//103
f 3401//100 3404//103 3402//101
f 3403//102 3405//104 3406//105
f 3403//102 3406//105 3404//103
f 3405//104 3407//106 3408//107
f 3405//104 3408//107 3406//105
f 3407//106 3409//108 3410//109
f 3407//106 3410//109 3408//107
f 3409//108 3411//110 3412//111
f 3409//108 3412//111 3410//109
f 3411//110 3413//112 3414//274
f 3411//110 3414//274 3412//111
f 3413//112 3415//114 3416//115
f 3413//112 3416//115 3414//274
f 3415//114 3417//116 3418//117
f 3415//114 3418//117 3416//115
f 3417//116 3419//118 3420//119
f 3417//116 3420//119 3418//117
f 3421//120 526//2 528//4
f 3421//120 528//4 3422//121
f 3423//122 3421//120 3422//121
f 3423//122 3422//121 3424//123
f 3425//478 3426//125 3427//449
f 3425//478 3427//449 3428//127
f 3420//119 3429//128 3430//129
f 3420//119 3430//129 3418//117
f 3429//128 3425//478 3428//127
f 3429//128 3428//127 3430//129
f 526//2 3421//120 3431//130
f 526//2 3431//130 529//5
f 3421//120 3423//122 3432//131
f 3421//120 3432//131 3431//130
f 3433//132 3434//133 3435//134
f 3433//132 3435//134 3436//450
f 3434//133 3437//451 3438//277
f 3434//133 3438//277 3435//134
f 3437//451 3382//251 3381//80
f 3437//451 3381//80 3438//277
f 529//5 3431//130 3439//138
f 529//5 3439//138 530//6
f 3431//130 3432//131 3440//139
f 3431//130 3440//139 3439//138
f 3436//450 3435//134 3441//140
f 3436//450 3441//140 3442//470
f 3435//134 3438//277 3443//257
f 3435//134 3443//257 3441//140
f 3438//277 3381//80 3384//83
f 3438//277 3384//83 3443//257
f 530//6 3439//138 3444//143
f 530//6 3444//143 531//7
f 3439//138 3440//139 3445//144
f 3439//138 3445//144 3444//143
f 3442//470 3441//140 3446//145
f 3442//470 3446//145 3447//146
f 3441//140 3443//257 3448//147
f 3441//140 3448//147 3446//145
f 3443//257 3384//83 3386//85
f 3443//257 3386//85 3448//147
f 531//7 3444//143 3449//148
f 531//7 3449//148 532//23
f 3444//143 3445//144 3450//149
f 3444//143 3450//149 3449//148
f 3447//146 3446//145 3451//150
f 3447//146 3451//150 3452//151
f 3446//145 3448//147 3453//152
f 3446//145 3453//152 3451//150
f 3448//147 3386//85 3388//87
f 3448//147 3388//87 3453//152
f 532//23 3449//148 3454//153
f 532//23 3454//153 533//9
f 3449//148 3450//149 3455//154
f 3449//148 3455//154 3454//153
f 3452//151 3451//150 3456//155
f 3452//151 3456//155 3457//156
f 3451//150 3453//152 3458//258
f 3451//150 3458//258 3456//155
f 3453//152 3388//87 3390//89
f 3453//152 3390//89 3458//258
f 533//9 3454//153 3459//158
f 533//9 3459//158 534//10
f 3454//153 3455//154 3460//159
f 3454//153 3460//159 3459//158
f 3457//156 3456//155 3461//452
f 3457//156 3461//452 3462//161
f 3456//155 3458//258 3463//162
f 3456//155 3463//162 3461//452
f 3458//258 3390//89 3392//477
f 3458//258 3392//477 3463//162
f 534//10 3459//158 3464//163
f 534//10 3464//163 535//11
f 3459//158 3460//159 3465//164
f 3459//158 3465//164 3464//163
f 3462//161 3461//452 3466//165
f 3462//161 3466//165 3467//166
f 3461//452 3463//162 3468//278
f 3461//452 3468//278 3466//165
f 3463//162 3392//477 3394//448
f 3463//162 3394//448 3468//278
f 535//11 3464//163 3469//168
f 535//11 3469//168 536//12
f 3464//163 3465//164 3470//169
f 3464//163 3470//169 3469//168
f 3467//166 3466//165 3471//170
f 3467//166 3471//170 3472//453
f 3466//165 3468//278 3473//172
f 3466//165 3473//172 3471//170
f 3468//278 3394//448 3396//95
f 3468//278 3396//95 3473//172
f 536//12 3469//168 3474//173
f 536//12 3474//173 537//24
f 3469//168 3470//169 3475//479
f 3469//168 3475//479 3474//173
f 3472//453 3471//170 3476//429
f 3472//453 3476//429 3477//454
f 3471//170 3473//172 3478//259
f 3471//170 3478//259 3476//429
f 3473//172 3396//95 3398//97
f 3473//172 3398//97 3478//259
f 537//24 3474//173 3479//178
f 537//24 3479//178 538//14
f 3474//173 3475//479 3480//179
f 3474//173 3480//179 3479//178
f 3477//454 3476//429 3481//180
f 3477//454 3481//180 3482//181
f 3476//429 3478//259 3483//279
f 3476//429 3483//279 3481//180
f 3478//259 3398//97 3400//99
f 3478//259 3400//99 3483//279
f 538//14 3479//178 3484//183
f 538//14 3484//183 539//15
f 3479//178 3480//179 3485//184
f 3479//178 3485//184 3484//183
f 3482//181 3481//180 3486//281
f 3482//181 3486//281 3487//186
f 3481//180 3483//279 3488//187
f 3481//180 3488//187 3486//281
f 3483//279 3400//99 3402//101
f 3483//279 3402//101 3488//187
f 539//15 3484//183 3489//188
f 539//15 3489//188 540//16
f 3484//183 3485//184 3490//480
f 3484//183 3490//480 3489//188
f 3487//186 3486//281 3491//262
f 3487//186 3491//262 3492//191
f 3486//281 3488//187 3493//192
f 3486//281 3493//192 3491//262
f 3488//187 3402//101 3404//103
f 3488//187 3404//103 3493//192
f 540//16 3489//188 3494//193
f 540//16 3494//193 541//28
f 3489//188 3490//480 3495//194
f 3489//188 3495//194 3494//193
f 3492//191 3491//262 3496//195
f 3492//191 3496//195 3497//196
f 3491//262 3493//192 3498//430
f 3491//262 3498//430 3496//195
f 3493//192 3404//103 3406//105
f 3493//192 3406//105 3498//430
f 541//28 3494//193 3499//198
f 541//28 3499//198 542//18
f 3494//193 3495//194 3500//199
f 3494//193 3500//199 3499//198
f 3497//196 3496//195 3501//200
f 3497//196 3501//200 3502//201
f 3496//195 3498//430 3503//202
f 3496//195 3503//202 3501//200
f 3498//430 3406//105 3408//107
f 3498//430 3408//107 3503//202
f 542//18 3499//198 3504//203
f 542//18 3504//203 543//26
f 3499//198 3500//199 3505//204
f 3499//198 3505//204 3504//203
f 3502//201 3501//200 3506//205
f 3502//201 3506//205 3507//206
f 3501//200 3503//202 3508//207
f 3501//200 3508//207 3506//205
f 3503//202 3408//107 3410//109
f 3503//202 3410//109 3508//207
f 543//26 3504//203 3509//208
f 543//26 3509//208 544//20
f 3504//203 3505//204 3510//209
f 3504//203 3510//209 3509//208
f 3507//206 3506//205 3511//210
f 3507//206 3511//210 3512//211
f 3506//205 3508//207 3513//283
f 3506//205 3513//283 3511//210
f 3508//207 3410//109 3412//111
f 3508//207 3412//111 3513//283
f 544//20 3509//208 3514//213
f 544//20 3514//213 545//21
f 3509//208 3510//209 3515//214
f 3509//208 3515//214 3514//213
f 3512//211 3511//210 3516//215
f 3512//211 3516//215 3517//216
f 3511//210 3513//283 3518//217
f 3511//210 3518//217 3516//215
f 3513//283 3412//111 3414//274
f 3513//283 3414//274 3518//217
f 545//21 3514//213 3519//218
f 545//21 3519//218 546//22
f 3514//213 3515//214 3520//219
f 3514//213 3520//219 3519//218
f 3517//216 3516//215 3521//220
f 3517//216 3521//220 3522//221
f 3516//215 3518//217 3523//222
f 3516//215 3523//222 3521//220
f 3518//217 3414//274 3416//115
f 3518//217 3416//115 3523//222
f 546//22 3519//218 3422//121
f 546//22 3422//121 528//4
f 3519//218 3520//219 3424//123
f 3519//218 3424//123 3422//121
f 3522//221 3521//220 3428//127
f 3522//221 3428//127 3427//449
f 3521//220 3523//222 3430//129
f 3521//220 3430//129 3428//127
f 3523//222 3416//115 3418//117
f 3523//222 3418//117 3430//129
f 3524//223 3525//223 3526//224
f 3524//223 3526//224 3527//224
f 3528//225 3529//225 3530//226
f 3528//225 3530//226 3531//226
f 3532//436 3533//227 3534//228
f 3532//436 3534//228 3535//228
f 3536//229 3538//230 3537//229
f 3536//229 3539//231 3538//230
f 3540//232 3541//232 3533//227
f 3540//232 3533//227 3532//436
f 3542//233 3537//229 3543//234
f 3542//233 3536//229 3537//229
f 3528//225 3544//235 3545//235
f 3528//225 3545//235 3529//225
f 3544//235 3546//236 3547//236
f 3544//235 3547//236 3545//235
f 3548//238 3542//233 3543//234
f 3548//238 3549//239 3542//233
f 3540//232 3550//240 3551//461
f 3540//232 3551//461 3541//232
f 3552//241 3553//242 3554//242
f 3552//241 3554//242 3555//241
f 3553//242 3531//226 3530//226
f 3553//242 3530//226 3554//242
f 3538//230 3557//243 3556//244
f 3538//230 3539//231 3557//243
f 3556//245 3558//246 3559//246
f 3556//245 3559//246 3560//245
f 3558//246 3525//223 3524//223
f 3558//246 3524//223 3559//246
f 3526//224 3561//247 3562//247
f 3526//224 3562//247 3527//224
f 3561//247 3563//248 3564//248
f 3561//247 3564//248 3562//247
f 3563//250 3535//228 3534//228
f 3563//250 3534//228 3565//250
f 3566//462 3567//79 3568//481
f 3566//462 3568//481 3569//303
f 3567//79 3570//82 3571//482
f 3567//79 3571//482 3568//481
f 3570//82 3572//84 3573//305
f 3570//82 3573//305 3571//482
f 3572//84 3574//86 3575//306
f 3572//84 3575//306 3573//305
f 3574//86 3576//88 3577//307
f 3574//86 3577//307 3575//306
f 3576//88 3578//90 3579//308
f 3576//88 3579//308 3577//307
f 3578//90 3580//92 3581//309
f 3578//90 3581//309 3579//308
f 3580//92 3582//94 3583//310
f 3580//92 3583//310 3581//309
f 3582//94 3584//96 3585//483
f 3582//94 3585//483 3583//310
f 3584//96 3586//98 3587//312
f 3584//96 3587//312 3585//483
f 3586//98 3588//100 3589//313
f 3586//98 3589//313 3587//312
f 3588//100 3590//102 3591//484
f 3588//100 3591//484 3589//313
f 3590//102 3592//104 3593//315
f 3590//102 3593//315 3591//484
f 3592//104 3594//106 3595//485
f 3592//104 3595//485 3593//315
f 3594//106 3596//108 3597//317
f 3594//106 3597//317 3595//485
f 3596//108 3598//110 3599//486
f 3596//108 3599//486 3597//317
f 3598//110 3600//112 3601//319
f 3598//110 3601//319 3599//486
f 3600//112 3602//114 3603//320
f 3600//112 3603//320 3601//319
f 3602//114 3604//116 3605//321
f 3602//114 3605//321 3603//320
f 3604//116 3606//118 3607//322
f 3604//116 3607//322 3605//321
f 3608//323 568//29 570//30
f 3608//323 570//30 3609//324
f 3610//325 3608//323 3609//324
f 3610//325 3609//324 3611//326
f 3612//487 3613//328 3614//329
f 3612//487 3614//329 3615//330
f 3607//322 3616//488 3617//489
f 3607//322 3617//489 3605//321
f 3616//488 3612//487 3615//330
f 3616//488 3615//330 3617//489
f 568//29 3608//323 3618//490
f 568//29 3618//490 571//31
f 3608//323 3610//325 3619//334
f 3608//323 3619//334 3618//490
f 3620//335 3621//491 3622//337
f 3620//335 3622//337 3623//338
f 3621//491 3624//339 3625//340
f 3621//491 3625//340 3622//337
f 3624//339 3569//303 3568//481
f 3624//339 3568//481 3625//340
f 571//31 3618//490 3626//341
f 571//31 3626//341 572//32
f 3618//490 3619//334 3627//342
f 3618//490 3627//342 3626//341
f 3623//338 3622//337 3628//343
f 3623//338 3628//343 3629//344
f 3622//337 3625//340 3630//345
f 3622//337 3630//345 3628//343
f 3625//340 3568//481 3571//482
f 3625//340 3571//482 3630//345
f 572//32 3626//341 3631//346
f 572//32 3631//346 573//33
f 3626//341 3627//342 3632//347
f 3626//341 3632//347 3631//346
f 3629//344 3628//343 3633//348
f 3629//344 3633//348 3634//349
f 3628//343 3630//345 3635//350
f 3628//343 3635//350 3633//348
f 3630//345 3571//482 3573//305
f 3630//345 3573//305 3635//350
f 573//33 3631//346 3636//351
f 573//33 3636//351 574//53
f 3631//346 3632//347 3637//352
f 3631//346 3637//352 3636//351
f 3634//349 3633//348 3638//353
f 3634//349 3638//353 3639//354
f 3633//348 3635//350 3640//355
f 3633//348 3640//355 3638//353
f 3635//350 3573//305 3575//306
f 3635//350 3575//306 3640//355
f 574//53 3636//351 3641//356
f 574//53 3641//356 575//35
f 3636//351 3637//352 3642//357
f 3636//351 3642//357 3641//356
f 3639//354 3638//353 3643//358
f 3639//354 3643//358 3644//359
f 3638//353 3640//355 3645//360
f 3638//353 3645//360 3643//358
f 3640//355 3575//306 3577//307
f 3640//355 3577//307 3645//360
f 575//35 3641//356 3646//361
f 575//35 3646//361 576//36
f 3641//356 3642//357 3647//362
f 3641//356 3647//362 3646//361
f 3644//359 3643//358 3648//363
f 3644//359 3648//363 3649//364
f 3643//358 3645//360 3650//365
f 3643//358 3650//365 3648//363
f 3645//360 3577//307 3579//308
f 3645//360 3579//308 3650//365
f 576//36 3646//361 3651//366
f 576//36 3651//366 577//37
f 3646//361 3647//362 3652//367
f 3646//361 3652//367 3651//366
f 3649//364 3648//363 3653//368
f 3649//364 3653//368 3654//492
f 3648//363 3650//365 3655//493
f 3648//363 3655//493 3653//368
f 3650//365 3579//308 3581//309
f 3650//365 3581//309 3655//493
f 577//37 3651//366 3656//371
f 577//37 3656//371 578//38
f 3651//366 3652//367 3657//372
f 3651//366 3657//372 3656//371
f 3654//492 3653//368 3658//373
f 3654//492 3658//373 3659//374
f 3653//368 3655//493 3660//375
f 3653//368 3660//375 3658//373
f 3655//493 3581//309 3583//310
f 3655//493 3583//310 3660//375
f 578//38 3656//371 3661//376
f 578//38 3661//376 579//39
f 3656//371 3657//372 3662//377
f 3656//371 3662//377 3661//376
f 3659//374 3658//373 3663//378
f 3659//374 3663//378 3664//379
f 3658//373 3660//375 3665//494
f 3658//373 3665//494 3663//378
f 3660//375 3583//310 3585//483
f 3660//375 3585//483 3665//494
f 579//39 3661//376 3666//381
f 579//39 3666//381 580//54
f 3661//376 3662//377 3667//382
f 3661//376 3667//382 3666//381
f 3664//379 3663//378 3668//383
f 3664//379 3668//383 3669//384
f 3663//378 3665//494 3670//385
f 3663//378 3670//385 3668//383
f 3665//494 3585//483 3587//312
f 3665//494 3587//312 3670//385
f 580//54 3666//381 3671//386
f 580//54 3671//386 581//41
f 3666//381 3667//382 3672//387
f 3666//381 3672//387 3671//386
f 3669//384 3668//383 3673//388
f 3669//384 3673//388 3674//389
f 3668//383 3670//385 3675//390
f 3668//383 3675//390 3673//388
f 3670//385 3587//312 3589//313
f 3670//385 3589//313 3675//390
f 581//41 3671//386 3676//391
f 581//41 3676//391 582//42
f 3671//386 3672//387 3677//392
f 3671//386 3677//392 3676//391
f 3674//389 3673//388 3678//393
f 3674//389 3678//393 3679//394
f 3673//388 3675//390 3680//395
f 3673//388 3680//395 3678//393
f 3675//390 3589//313 3591//484
f 3675//390 3591//484 3680//395
f 582//42 3676//391 3681//396
f 582//42 3681//396 583//43
f 3676//391 3677//392 3682//397
f 3676//391 3682//397 3681//396
f 3679//394 3678//393 3683//398
f 3679//394 3683//398 3684//399
f 3678//393 3680//395 3685//400
f 3678//393 3685//400 3683//398
f 3680//395 3591//484 3593//315
f 3680//395 3593//315 3685//400
f 583//43 3681//396 3686//401
f 583//43 3686//401 584//55
f 3681//396 3682//397 3687//402
f 3681//396 3687//402 3686//401
f 3684//399 3683//398 3688//403
f 3684//399 3688//403 3689//404
f 3683//398 3685//400 3690//405
f 3683//398 3690//405 3688//403
f 3685//400 3593//315 3595//485
f 3685//400 3595//485 3690//405
f 584//55 3686//401 3691//406
f 584//55 3691//406 585//45
f 3686//401 3687//402 3692//407
f 3686//401 3692//407 3691//406
f 3689//404 3688//403 3693//408
f 3689//404 3693//408 3694//495
f 3688//403 3690//405 3695//410
f 3688//403 3695//410 3693//408
f 3690//405 3595//485 3597//317
f 3690//405 3597//317 3695//410
f 585//45 3691//406 3696//411
f 585//45 3696//411 586//46
f 3691//406 3692//407 3697//412
f 3691//406 3697//412 3696//411
f 3694//495 3693//408 3698//413
f 3694//495 3698//413 3699//414
f 3693//408 3695//410 3700//496
f 3693//408 3700//496 3698//413
f 3695//410 3597//317 3599//486
f 3695//410 3599//486 3700//496
f 586//46 3696//411 3701//416
f 586//46 3701//416 587//56
f 3696//411 3697//412 3702//417
f 3696//411 3702//417 3701//416
f 3699//414 3698//413 3703//418
f 3699//414 3703//418 3704//419
f 3698//413 3700//496 3705//420
f 3698//413 3705//420 3703//418
f 3700//496 3599//486 3601//319
f 3700//496 3601//319 3705//420
f 587//56 3701//416 3706//421
f 587//56 3706//421 588//48
f 3701//416 3702//417 3707//422
f 3701//416 3707//422 3706//421
f 3704//419 3703//418 3708//423
f 3704//419 3708//423 3709//424
f 3703//418 3705//420 3710//425
f 3703//418 3710//425 3708//423
f 3705//420 3601//319 3603//320
f 3705//420 3603//320 3710//425
f 588//48 3706//421 3609//324
f 588//48 3609//324 570//30
f 3706//421 3707//422 3611//326
f 3706//421 3611//326 3609//324
f 3709//424 3708//423 3615//330
f 3709//424 3615//330 3614//329
f 3708//423 3710//425 3617//489
f 3708//423 3617//489 3615//330
f 3710//425 3603//320 3605//321
f 3710//425 3605//321 3617//489
f 3711//223 3712//223 3713//224
f 3711//223 3713//224 3714//224
f 3715//225 3716//225 3717//226
f 3715//225 3717//226 3718//226
f 3719//436 3720//227 3721//228
f 3719//436 3721//228 3722//228
f 3723//229 3725//230 3724//229
f 3723//229 3726//231 3725//230
f 3727//232 3728//232 3720//227
f 3727//232 3720//227 3719//436
f 3729//233 3724//229 3730//234
f 3729//233 3723//229 3724//229
f 3715//225 3731//235 3732//235
f 3715//225 3732//235 3716//225
f 3731//235 3733//236 3734//237
f 3731//235 3734//237 3732//235
f 3735//238 3729//233 3730//234
f 3735//238 3736//239 3729//233
f 3727//232 3737//240 3738//240
f 3727//232 3738//240 3728//232
f 3739//297 3740//242 3741//242
f 3739//297 3741//242 3742//297
f 3740//242 3718//226 3717//226
f 3740//242 3717//226 3741//242
f 3725//230 3744//243 3743//244
f 3725//230 3726//231 3744//243
f 3743//245 3745//246 3746//246
f 3743//245 3746//246 3747//245
f 3745//246 3712//223 3711//223
f 3745//246 3711//223 3746//246
f 3713//224 3748//247 3749//247
f 3713//224 3749//247 3714//224
f 3748//247 3750//248 3751//248
f 3748//247 3751//248 3749//247
f 3750//250 3722//228 3721//228
f 3750//250 3721//228 3752//250
f 3753//78 3754//79 3755//302
f 3753//78 3755//302 3756//303
f 3754//79 3757//82 3758//497
f 3754//79 3758//497 3755//302
f 3757//82 3759//84 3760//498
f 3757//82 3760//498 3758//497
f 3759//84 3761//86 3762//306
f 3759//84 3762//306 3760//498
f 3761//86 3763//88 3764//499
f 3761//86 3764//499 3762//306
f 3763//88 3765//90 3766//308
f 3763//88 3766//308 3764//499
f 3765//90 3767//92 3768//309
f 3765//90 3768//309 3766//308
f 3767//92 3769//94 3770//310
f 3767//92 3770//310 3768//309
f 3769//94 3771//96 3772//483
f 3769//94 3772//483 3770//310
f 3771//96 3773//98 3774//312
f 3771//96 3774//312 3772//483
f 3773//98 3775//100 3776//313
f 3773//98 3776//313 3774//312
f 3775//100 3777//102 3778//484
f 3775//100 3778//484 3776//313
f 3777//102 3779//104 3780//315
f 3777//102 3780//315 3778//484
f 3779//104 3781//106 3782//485
f 3779//104 3782//485 3780//315
f 3781//106 3783//108 3784//317
f 3781//106 3784//317 3782//485
f 3783//108 3785//110 3786//486
f 3783//108 3786//486 3784//317
f 3785//110 3787//112 3788//319
f 3785//110 3788//319 3786//486
f 3787//112 3789//114 3790//320
f 3787//112 3790//320 3788//319
f 3789//114 3791//116 3792//321
f 3789//114 3792//321 3790//320
f 3791//116 3793//118 3794//322
f 3791//116 3794//322 3792//321
f 3795//500 610//57 612//58
f 3795//500 612//58 3796//501
f 3797//325 3795//500 3796//501
f 3797//325 3796//501 3798//326
f 3799//487 3800//328 3801//329
f 3799//487 3801//329 3802//330
f 3794//322 3803//331 3804//332
f 3794//322 3804//332 3792//321
f 3803//331 3799//487 3802//330
f 3803//331 3802//330 3804//332
f 610//57 3795//500 3805//490
f 610//57 3805//490 613//31
f 3795//500 3797//325 3806//334
f 3795//500 3806//334 3805//490
f 3807//335 3808//336 3809//337
f 3807//335 3809//337 3810//338
f 3808//336 3811//339 3812//340
f 3808//336 3812//340 3809//337
f 3811//339 3756//303 3755//302
f 3811//339 3755//302 3812//340
f 613//31 3805//490 3813//341
f 613//31 3813//341 614//32
f 3805//490 3806//334 3814//342
f 3805//490 3814//342 3813//341
f 3810//338 3809//337 3815//343
f 3810//338 3815//343 3816//344
f 3809//337 3812//340 3817//345
f 3809//337 3817//345 3815//343
f 3812//340 3755//302 3758//497
f 3812//340 3758//497 3817//345
f 614//32 3813//341 3818//346
f 614//32 3818//346 615//33
f 3813//341 3814//342 3819//347
f 3813//341 3819//347 3818//346
f 3816//344 3815//343 3820//348
f 3816//344 3820//348 3821//349
f 3815//343 3817//345 3822//502
f 3815//343 3822//502 3820//348
f 3817//345 3758//497 3760//498
f 3817//345 3760//498 3822//502
f 615//33 3818//346 3823//351
f 615//33 3823//351 616//34
f 3818//346 3819//347 3824//352
f 3818//346 3824//352 3823//351
f 3821//349 3820//348 3825//353
f 3821//349 3825//353 3826//354
f 3820//348 3822//502 3827//355
f 3820//348 3827//355 3825//353
f 3822//502 3760//498 3762//306
f 3822//502 3762//306 3827//355
f 616//34 3823//351 3828//356
f 616//34 3828//356 617//59
f 3823//351 3824//352 3829//357
f 3823//351 3829//357 3828//356
f 3826//354 3825//353 3830//358
f 3826//354 3830//358 3831//359
f 3825//353 3827//355 3832//360
f 3825//353 3832//360 3830//358
f 3827//355 3762//306 3764//499
f 3827//355 3764//499 3832//360
f 617//59 3828//356 3833//361
f 617//59 3833//361 618//36
f 3828//356 3829//357 3834//362
f 3828//356 3834//362 3833//361
f 3831//359 3830//358 3835//363
f 3831//359 3835//363 3836//364
f 3830//358 3832//360 3837//365
f 3830//358 3837//365 3835//363
f 3832//360 3764//499 3766//308
f 3832//360 3766//308 3837//365
f 618//36 3833//361 3838//366
f 618//36 3838//366 619//60
f 3833//361 3834//362 3839//367
f 3833//361 3839//367 3838//366
f 3836//364 3835//363 3840//368
f 3836//364 3840//368 3841//369
f 3835//363 3837//365 3842//503
f 3835//363 3842//503 3840//368
f 3837//365 3766//308 3768//309
f 3837//365 3768//309 3842//503
f 619//60 3838//366 3843//371
f 619//60 3843//371 620//61
f 3838//366 3839//367 3844//372
f 3838//366 3844//372 3843//371
f 3841//369 3840//368 3845//504
f 3841//369 3845//504 3846//374
f 3840//368 3842//503 3847//505
f 3840//368 3847//505 3845//504
f 3842//503 3768//309 3770//310
f 3842//503 3770//310 3847//505
f 620//61 3843//371 3848//506
f 620//61 3848//506 621//39
f 3843//371 3844//372 3849//377
f 3843//371 3849//377 3848//506
f 3846//374 3845//504 3850//378
f 3846//374 3850//378 3851//379
f 3845//504 3847//505 3852//380
f 3845//504 3852//380 3850//378
f 3847//505 3770//310 3772//483
f 3847//505 3772//483 3852//380
f 621//39 3848//506 3853//381
f 621//39 3853//381 622//40
f 3848//506 3849//377 3854//507
f 3848//506 3854//507 3853//381
f 3851//379 3850//378 3855//383
f 3851//379 3855//383 3856//384
f 3850//378 3852//380 3857//385
f 3850//378 3857//385 3855//383
f 3852//380 3772//483 3774//312
f 3852//380 3774//312 3857//385
f 622//40 3853//381 3858//386
f 622//40 3858//386 623//41
f 3853//381 3854//507 3859//387
f 3853//381 3859//387 3858//386
f 3856//384 3855//383 3860//388
f 3856//384 3860//388 3861//389
f 3855//383 3857//385 3862//390
f 3855//383 3862//390 3860//388
f 3857//385 3774//312 3776//313
f 3857//385 3776//313 3862//390
f 623//41 3858//386 3863//391
f 623//41 3863//391 624//62
f 3858//386 3859//387 3864//392
f 3858//386 3864//392 3863//391
f 3861//389 3860//388 3865//393
f 3861//389 3865//393 3866//394
f 3860//388 3862//390 3867//508
f 3860//388 3867//508 3865//393
f 3862//390 3776//313 3778//484
f 3862//390 3778//484 3867//508
f 624//62 3863//391 3868//396
f 624//62 3868//396 625//63
f 3863//391 3864//392 3869//397
f 3863//391 3869//397 3868//396
f 3866//394 3865//393 3870//398
f 3866//394 3870//398 3871//399
f 3865//393 3867//508 3872//400
f 3865//393 3872//400 3870//398
f 3867//508 3778//484 3780//315
f 3867//508 3780//315 3872//400
f 625//63 3868//396 3873//401
f 625//63 3873//401 626//55
f 3868//396 3869//397 3874//402
f 3868//396 3874//402 3873//401
f 3871//399 3870//398 3875//403
f 3871//399 3875//403 3876//404
f 3870//398 3872//400 3877//405
f 3870//398 3877//405 3875//403
f 3872//400 3780//315 3782//485
f 3872//400 3782//485 3877//405
f 626//55 3873//401 3878//406
f 626//55 3878//406 627//45
f 3873//401 3874//402 3879//407
f 3873//401 3879//407 3878//406
f 3876//404 3875//403 3880//408
f 3876//404 3880//408 3881//409
f 3875//403 3877//405 3882//410
f 3875//403 3882//410 3880//408
f 3877//405 3782//485 3784//317
f 3877//405 3784//317 3882//410
f 627//45 3878//406 3883//411
f 627//45 3883//411 628//46
f 3878//406 3879//407 3884//412
f 3878//406 3884//412 3883//411
f 3881//409 3880//408 3885//413
f 3881//409 3885//413 3886//414
f 3880//408 3882//410 3887//415
f 3880//408 3887//415 3885//413
f 3882//410 3784//317 3786//486
f 3882//410 3786//486 3887//415
f 628//46 3883//411 3888//416
f 628//46 3888//416 629//47
f 3883//411 3884//412 3889//417
f 3883//411 3889//417 3888//416
f 3886//414 3885//413 3890//418
f 3886//414 3890//418 3891//509
f 3885//413 3887//415 3892//420
f 3885//413 3892//420 3890//418
f 3887//415 3786//486 3788//319
f 3887//415 3788//319 3892//420
f 629//47 3888//416 3893//421
f 629//47 3893//421 630//48
f 3888//416 3889//417 3894//422
f 3888//416 3894//422 3893//421
f 3891//509 3890//418 3895//423
f 3891//509 3895//423 3896//424
f 3890//418 3892//420 3897//425
f 3890//418 3897//425 3895//423
f 3892//420 3788//319 3790//320
f 3892//420 3790//320 3897//425
f 630//48 3893//421 3796//501
f 630//48 3796//501 612//58
f 3893//421 3894//422 3798//326
f 3893//421 3798//326 3796//501
f 3896//424 3895//423 3802//330
f 3896//424 3802//330 3801//329
f 3895//423 3897//425 3804//332
f 3895//423 3804//332 3802//330
f 3897//425 3790//320 3792//321
f 3897//425 3792//321 3804//332
f 3898//223 3899//223 3900//224
f 3898//223 3900//224 3901//224
f 3902//510 3904//511 3903//512
f 3902//510 3905//513 3904//511
f 3906//285 3908//286 3907//285
f 3906//285 3909//287 3908//286
f 3910//426 3911//426 3912//289
f 3910//426 3912//289 3913//289
f 3914//290 3907//285 3915//291
f 3914//290 3906//285 3907//285
f 3916//292 3917//292 3911//426
f 3916//292 3911//426 3910//426
f 3902//510 3919//514 3918//514
f 3902//510 3903//512 3919//514
f 3918//514 3921//515 3920//516
f 3918//514 3919//514 3921//515
f 3922//293 3917//292 3916//292
f 3922//293 3916//292 3923//293
f 3914//290 3925//294 3924//295
f 3914//290 3915//291 3925//294
f 3926//517 3928//518 3927//518
f 3926//517 3929//519 3928//518
f 3927//518 3904//511 3905//513
f 3927//518 3928//518 3904//511
f 3912//289 3930//298 3931//299
f 3912//289 3931//299 3913//289
f 3930//245 3932//246 3933//246
f 3930//245 3933//246 3934//245
f 3932//246 3899//223 3898//223
f 3932//246 3898//223 3933//246
f 3900//224 3935//247 3936//247
f 3900//224 3936//247 3901//224
f 3935//247 3937//248 3938//249
f 3935//247 3938//249 3936//247
f 3937//300 3908//286 3909//287
f 3937//300 3939//301 3908//286
f 3940//78 3941//79 3942//302
f 3940//78 3942//302 3943//303
f 3941//79 3944//82 3945//497
f 3941//79 3945//497 3942//302
f 3944//82 3946//84 3947//498
f 3944//82 3947//498 3945//497
f 3946//84 3948//86 3949//306
f 3946//84 3949//306 3947//498
f 3948//86 3950//88 3951//499
f 3948//86 3951//499 3949//306
f 3950//88 3952//90 3953//308
f 3950//88 3953//308 3951//499
f 3952//90 3954//92 3955//520
f 3952//90 3955//520 3953//308
f 3954//92 3956//94 3957//310
f 3954//92 3957//310 3955//520
f 3956//94 3958//96 3959//311
f 3956//94 3959//311 3957//310
f 3958//96 3960//98 3961//521
f 3958//96 3961//521 3959//311
f 3960//98 3962//100 3963//313
f 3960//98 3963//313 3961//521
f 3962//100 3964//102 3965//484
f 3962//100 3965//484 3963//313
f 3964//102 3966//104 3967//522
f 3964//102 3967//522 3965//484
f 3966//104 3968//106 3969//316
f 3966//104 3969//316 3967//522
f 3968//106 3970//108 3971//523
f 3968//106 3971//523 3969//316
f 3970//108 3972//110 3973//318
f 3970//108 3973//318 3971//523
f 3972//110 3974//112 3975//319
f 3972//110 3975//319 3973//318
f 3974//112 3976//114 3977//524
f 3974//112 3977//524 3975//319
f 3976//114 3978//116 3979//321
f 3976//114 3979//321 3977//524
f 3978//116 3980//118 3981//322
f 3978//116 3981//322 3979//321
f 3982//323 652//57 654//30
f 3982//323 654//30 3983//501
f 3984//325 3982//323 3983//501
f 3984//325 3983//501 3985//326
f 3986//487 3987//328 3988//329
f 3986//487 3988//329 3989//330
f 3981//322 3990//331 3991//489
f 3981//322 3991//489 3979//321
f 3990//331 3986//487 3989//330
f 3990//331 3989//330 3991//489
f 652//57 3982//323 3992//490
f 652//57 3992//490 655//31
f 3982//323 3984//325 3993//334
f 3982//323 3993//334 3992//490
f 3994//335 3995//491 3996//337
f 3994//335 3996//337 3997//525
f 3995//491 3998//339 3999//526
f 3995//491 3999//526 3996//337
f 3998//339 3943//303 3942//302
f 3998//339 3942//302 3999//526
f 655//31 3992//490 4000//341
f 655//31 4000//341 656//32
f 3992//490 3993//334 4001//342
f 3992//490 4001//342 4000//341
f 3997//525 3996//337 4002//343
f 3997//525 4002//343 4003//344
f 3996//337 3999//526 4004//527
f 3996//337 4004//527 4002//343
f 3999//526 3942//302 3945//497
f 3999//526 3945//497 4004//527
f 656//32 4000//341 4005//346
f 656//32 4005//346 657//33
f 4000//341 4001//342 4006//347
f 4000//341 4006//347 4005//346
f 4003//344 4002//343 4007//348
f 4003//344 4007//348 4008//349
f 4002//343 4004//527 4009//350
f 4002//343 4009//350 4007//348
f 4004//527 3945//497 3947//498
f 4004//527 3947//498 4009//350
f 657//33 4005//346 4010//351
f 657//33 4010//351 658//34
f 4005//346 4006//347 4011//528
f 4005//346 4011//528 4010//351
f 4008//349 4007//348 4012//353
f 4008//349 4012//353 4013//354
f 4007//348 4009//350 4014//355
f 4007//348 4014//355 4012//353
f 4009//350 3947//498 3949//306
f 4009//350 3949//306 4014//355
f 658//34 4010//351 4015//356
f 658//34 4015//356 659//35
f 4010//351 4011//528 4016//357
f 4010//351 4016//357 4015//356
f 4013//354 4012//353 4017//358
f 4013//354 4017//358 4018//529
f 4012//353 4014//355 4019//360
f 4012//353 4019//360 4017//358
f 4014//355 3949//306 3951//499
f 4014//355 3951//499 4019//360
f 659//35 4015//356 4020//361
f 659//35 4020//361 660//36
f 4015//356 4016//357 4021//530
f 4015//356 4021//530 4020//361
f 4018//529 4017//358 4022//531
f 4018//529 4022//531 4023//364
f 4017//358 4019//360 4024//365
f 4017//358 4024//365 4022//531
f 4019//360 3951//499 3953//308
f 4019//360 3953//308 4024//365
f 660//36 4020//361 4025//366
f 660//36 4025//366 661//60
f 4020//361 4021//530 4026//367
f 4020//361 4026//367 4025//366
f 4023//364 4022//531 4027//368
f 4023//364 4027//368 4028//532
f 4022//531 4024//365 4029//493
f 4022//531 4029//493 4027//368
f 4024//365 3953//308 3955//520
f 4024//365 3955//520 4029//493
f 661//60 4025//366 4030//371
f 661//60 4030//371 662//64
f 4025//366 4026//367 4031//372
f 4025//366 4031//372 4030//371
f 4028//532 4027//368 4032//373
f 4028//532 4032//373 4033//374
f 4027//368 4029//493 4034//375
f 4027//368 4034//375 4032//373
f 4029//493 3955//520 3957//310
f 4029//493 3957//310 4034//375
f 662//64 4030//371 4035//506
f 662//64 4035//506 663//65
f 4030//371 4031//372 4036//377
f 4030//371 4036//377 4035//506
f 4033//374 4032//373 4037//378
f 4033//374 4037//378 4038//379
f 4032//373 4034//375 4039//494
f 4032//373 4039//494 4037//378
f 4034//375 3957//310 3959//311
f 4034//375 3959//311 4039//494
f 663//65 4035//506 4040//381
f 663//65 4040//381 664//40
f 4035//506 4036//377 4041//382
f 4035//506 4041//382 4040//381
f 4038//379 4037//378 4042//383
f 4038//379 4042//383 4043//384
f 4037//378 4039//494 4044//385
f 4037//378 4044//385 4042//383
f 4039//494 3959//311 3961//521
f 4039//494 3961//521 4044//385
f 664//40 4040//381 4045//386
f 664//40 4045//386 665//41
f 4040//381 4041//382 4046//387
f 4040//381 4046//387 4045//386
f 4043//384 4042//383 4047//388
f 4043//384 4047//388 4048//389
f 4042//383 4044//385 4049//390
f 4042//383 4049//390 4047//388
f 4044//385 3961//521 3963//313
f 4044//385 3963//313 4049//390
f 665//41 4045//386 4050//391
f 665//41 4050//391 666//42
f 4045//386 4046//387 4051//392
f 4045//386 4051//392 4050//391
f 4048//389 4047//388 4052//393
f 4048//389 4052//393 4053//394
f 4047//388 4049//390 4054//508
f 4047//388 4054//508 4052//393
f 4049//390 3963//313 3965//484
f 4049//390 3965//484 4054//508
f 666//42 4050//391 4055//396
f 666//42 4055//396 667//43
f 4050//391 4051//392 4056//397
f 4050//391 4056//397 4055//396
f 4053//394 4052//393 4057//398
f 4053//394 4057//398 4058//399
f 4052//393 4054//508 4059//400
f 4052//393 4059//400 4057//398
f 4054//508 3965//484 3967//522
f 4054//508 3967//522 4059//400
f 667//43 4055//396 4060//401
f 667//43 4060//401 668//44
f 4055//396 4056//397 4061//402
f 4055//396 4061//402 4060//401
f 4058//399 4057//398 4062//403
f 4058//399 4062//403 4063//404
f 4057//398 4059//400 4064//533
f 4057//398 4064//533 4062//403
f 4059//400 3967//522 3969//316
f 4059//400 3969//316 4064//533
f 668//44 4060//401 4065//406
f 668//44 4065//406 669//45
f 4060//401 4061//402 4066//407
f 4060//401 4066//407 4065//406
f 4063//404 4062//403 4067//408
f 4063//404 4067//408 4068//409
f 4062//403 4064//533 4069//410
f 4062//403 4069//410 4067//408
f 4064//533 3969//316 3971//523
f 4064//533 3971//523 4069//410
f 669//45 4065//406 4070//411
f 669//45 4070//411 670//46
f 4065//406 4066//407 4071//412
f 4065//406 4071//412 4070//411
f 4068//409 4067//408 4072//413
f 4068//409 4072//413 4073//414
f 4067//408 4069//410 4074//415
f 4067//408 4074//415 4072//413
f 4069//410 3971//523 3973//318
f 4069//410 3973//318 4074//415
f 670//46 4070//411 4075//416
f 670//46 4075//416 671//47
f 4070//411 4071//412 4076//417
f 4070//411 4076//417 4075//416
f 4073//414 4072//413 4077//418
f 4073//414 4077//418 4078//509
f 4072//413 4074//415 4079//420
f 4072//413 4079//420 4077//418
f 4074//415 3973//318 3975//319
f 4074//415 3975//319 4079//420
f 671//47 4075//416 4080//421
f 671//47 4080//421 672//48
f 4075//416 4076//417 4081//422
f 4075//416 4081//422 4080//421
f 4078//509 4077//418 4082//423
f 4078//509 4082//423 4083//534
f 4077//418 4079//420 4084//535
f 4077//418 4084//535 4082//423
f 4079//420 3975//319 3977//524
f 4079//420 3977//524 4084//535
f 672//48 4080//421 3983//501
f 672//48 3983//501 654//30
f 4080//421 4081//422 3985//326
f 4080//421 3985//326 3983//501
f 4083//534 4082//423 3989//330
f 4083//534 3989//330 3988//329
f 4082//423 4084//535 3991//489
f 4082//423 3991//489 3989//330
f 4084//535 3977//524 3979//321
f 4084//535 3979//321 3991//489
f 4085//223 4086//223 4087//224
f 4085//223 4087//224 4088//224
f 4089//510 4091//511 4090//512
f 4089//510 4092//513 4091//511
f 4093//227 4094//227 4095//228
f 4093//227 4095//228 4096//228
f 4097//426 4098//426 4099//289
f 4097//426 4099//289 4100//289
f 4101//232 4102//232 4094//227
f 4101//232 4094//227 4093//227
f 4103//292 4104//292 4098//426
f 4103//292 4098//426 4097//426
f 4089//510 4106//514 4105//514
f 4089//510 4090//512 4106//514
f 4105//514 4108//515 4107//516
f 4105//514 4106//514 4108//515
f 4109//293 4104//292 4103//292
f 4109//293 4103//292 4110//293
f 4101//232 4111//240 4112//240
f 4101//232 4112//240 4102//232
f 4113//536 4115//518 4114//518
f 4113//536 4116//537 4115//518
f 4114//518 4091//511 4092//513
f 4114//518 4115//518 4091//511
f 4099//289 4117//298 4118//298
f 4099//289 4118//298 4100//289
f 4117//245 4119//246 4120//246
f 4117//245 4120//246 4121//245
f 4119//246 4086//223 4085//223
f 4119//246 4085//223 4120//246
f 4087//224 4122//247 4123//247
f 4087//224 4123//247 4088//224
f 4122//247 4124//248 4125//248
f 4122//247 4125//248 4123//247
f 4124//250 4096//228 4095//228
f 4124//250 4095//228 4126//250
f 4127//78 4128//79 4129//302
f 4127//78 4129//302 4130//303
f 4128//79 4131//82 4132//497
f 4128//79 4132//497 4129//302
f 4131//82 4133//84 4134//305
f 4131//82 4134//305 4132//497
f 4133//84 4135//86 4136//306
f 4133//84 4136//306 4134//305
f 4135//86 4137//88 4138//307
f 4135//86 4138//307 4136//306
f 4137//88 4139//90 4140//308
f 4137//88 4140//308 4138//307
f 4139//90 4141//92 4142//309
f 4139//90 4142//309 4140//308
f 4141//92 4143//94 4144//310
f 4141//92 4144//310 4142//309
f 4143//94 4145//96 4146//311
f 4143//94 4146//311 4144//310
f 4145//96 4147//98 4148//312
f 4145//96 4148//312 4146//311
f 4147//98 4149//100 4150//313
f 4147//98 4150//313 4148//312
f 4149//100 4151//102 4152//484
f 4149//100 4152//484 4150//313
f 4151//102 4153//104 4154//522
f 4151//102 4154//522 4152//484
f 4153//104 4155//106 4156//485
f 4153//104 4156//485 4154//522
f 4155//106 4157//108 4158//523
f 4155//106 4158//523 4156//485
f 4157//108 4159//110 4160//486
f 4157//108 4160//486 4158//523
f 4159//110 4161//112 4162//319
f 4159//110 4162//319 4160//486
f 4161//112 4163//114 4164//524
f 4161//112 4164//524 4162//319
f 4163//114 4165//116 4166//321
f 4163//114 4166//321 4164//524
f 4165//116 4167//118 4168//322
f 4165//116 4168//322 4166//321
f 4169//323 694//57 696//30
f 4169//323 696//30 4170//324
f 4171//325 4169//323 4170//324
f 4171//325 4170//324 4172//326
f 4173//487 4174//538 4175//329
f 4173//487 4175//329 4176//330
f 4168//322 4177//331 4178//489
f 4168//322 4178//489 4166//321
f 4177//331 4173//487 4176//330
f 4177//331 4176//330 4178//489
f 694//57 4169//323 4179//333
f 694//57 4179//333 697//31
f 4169//323 4171//325 4180//334
f 4169//323 4180//334 4179//333
f 4181//335 4182//336 4183//337
f 4181//335 4183//337 4184//539
f 4182//336 4185//339 4186//526
f 4182//336 4186//526 4183//337
f 4185//339 4130//303 4129//302
f 4185//339 4129//302 4186//526
f 697//31 4179//333 4187//341
f 697//31 4187//341 698//66
f 4179//333 4180//334 4188//342
f 4179//333 4188//342 4187//341
f 4184//539 4183//337 4189//343
f 4184//539 4189//343 4190//344
f 4183//337 4186//526 4191//345
f 4183//337 4191//345 4189//343
f 4186//526 4129//302 4132//497
f 4186//526 4132//497 4191//345
f 698//66 4187//341 4192//346
f 698//66 4192//346 699//67
f 4187//341 4188//342 4193//347
f 4187//341 4193//347 4192//346
f 4190//344 4189//343 4194//348
f 4190//344 4194//348 4195//349
f 4189//343 4191//345 4196//540
f 4189//343 4196//540 4194//348
f 4191//345 4132//497 4134//305
f 4191//345 4134//305 4196//540
f 699//67 4192//346 4197//351
f 699//67 4197//351 700//53
f 4192//346 4193//347 4198//352
f 4192//346 4198//352 4197//351
f 4195//349 4194//348 4199//353
f 4195//349 4199//353 4200//354
f 4194//348 4196//540 4201//355
f 4194//348 4201//355 4199//353
f 4196//540 4134//305 4136//306
f 4196//540 4136//306 4201//355
f 700//53 4197//351 4202//356
f 700//53 4202//356 701//35
f 4197//351 4198//352 4203//357
f 4197//351 4203//357 4202//356
f 4200//354 4199//353 4204//358
f 4200//354 4204//358 4205//359
f 4199//353 4201//355 4206//360
f 4199//353 4206//360 4204//358
f 4201//355 4136//306 4138//307
f 4201//355 4138//307 4206//360
f 701//35 4202//356 4207//361
f 701//35 4207//361 702//36
f 4202//356 4203//357 4208//362
f 4202//356 4208//362 4207//361
f 4205//359 4204//358 4209//363
f 4205//359 4209//363 4210//364
f 4204//358 4206//360 4211//365
f 4204//358 4211//365 4209//363
f 4206//360 4138//307 4140//308
f 4206//360 4140//308 4211//365
f 702//36 4207//361 4212//366
f 702//36 4212//366 703//37
f 4207//361 4208//362 4213//367
f 4207//361 4213//367 4212//366
f 4210//364 4209//363 4214//368
f 4210//364 4214//368 4215//369
f 4209//363 4211//365 4216//493
f 4209//363 4216//493 4214//368
f 4211//365 4140//308 4142//309
f 4211//365 4142//309 4216//493
f 703//37 4212//366 4217//371
f 703//37 4217//371 704//38
f 4212//366 4213//367 4218//372
f 4212//366 4218//372 4217//371
f 4215//369 4214//368 4219//373
f 4215//369 4219//373 4220//374
f 4214//368 4216//493 4221//541
f 4214//368 4221//541 4219//373
f 4216//493 4142//309 4144//310
f 4216//493 4144//310 4221//541
f 704//38 4217//371 4222//506
f 704//38 4222//506 705//39
f 4217//371 4218//372 4223//377
f 4217//371 4223//377 4222//506
f 4220//374 4219//373 4224//378
f 4220//374 4224//378 4225//379
f 4219//373 4221//541 4226//380
f 4219//373 4226//380 4224//378
f 4221//541 4144//310 4146//311
f 4221//541 4146//311 4226//380
f 705//39 4222//506 4227//381
f 705//39 4227//381 706//40
f 4222//506 4223//377 4228//382
f 4222//506 4228//382 4227//381
f 4225//379 4224//378 4229//383
f 4225//379 4229//383 4230//384
f 4224//378 4226//380 4231//385
f 4224//378 4231//385 4229//383
f 4226//380 4146//311 4148//312
f 4226//380 4148//312 4231//385
f 706//40 4227//381 4232//386
f 706//40 4232//386 707//41
f 4227//381 4228//382 4233//387
f 4227//381 4233//387 4232//386
f 4230//384 4229//383 4234//388
f 4230//384 4234//388 4235//542
f 4229//383 4231//385 4236//543
f 4229//383 4236//543 4234//388
f 4231//385 4148//312 4150//313
f 4231//385 4150//313 4236//543
f 707//41 4232//386 4237//391
f 707//41 4237//391 708//42
f 4232//386 4233//387 4238//392
f 4232//386 4238//392 4237//391
f 4235//542 4234//388 4239//393
f 4235//542 4239//393 4240//394
f 4234//388 4236//543 4241//395
f 4234//388 4241//395 4239//393
f 4236//543 4150//313 4152//484
f 4236//543 4152//484 4241//395
f 708//42 4237//391 4242//396
f 708//42 4242//396 709//63
f 4237//391 4238//392 4243//397
f 4237//391 4243//397 4242//396
f 4240//394 4239//393 4244//398
f 4240//394 4244//398 4245//544
f 4239//393 4241//395 4246//400
f 4239//393 4246//400 4244//398
f 4241//395 4152//484 4154//522
f 4241//395 4154//522 4246//400
f 709//63 4242//396 4247//401
f 709//63 4247//401 710//55
f 4242//396 4243//397 4248//402
f 4242//396 4248//402 4247//401
f 4245//544 4244//398 4249//403
f 4245//544 4249//403 4250//404
f 4244//398 4246//400 4251//405
f 4244//398 4251//405 4249//403
f 4246//400 4154//522 4156//485
f 4246//400 4156//485 4251//405
f 710//55 4247//401 4252//406
f 710//55 4252//406 711//45
f 4247//401 4248//402 4253//407
f 4247//401 4253//407 4252//406
f 4250//404 4249//403 4254//408
f 4250//404 4254//408 4255//495
f 4249//403 4251//405 4256//410
f 4249//403 4256//410 4254//408
f 4251//405 4156//485 4158//523
f 4251//405 4158//523 4256//410
f 711//45 4252//406 4257//411
f 711//45 4257//411 712//46
f 4252//406 4253//407 4258//412
f 4252//406 4258//412 4257//411
f 4255//495 4254//408 4259//413
f 4255//495 4259//413 4260//414
f 4254//408 4256//410 4261//545
f 4254//408 4261//545 4259//413
f 4256//410 4158//523 4160//486
f 4256//410 4160//486 4261//545
f 712//46 4257//411 4262//416
f 712//46 4262//416 713//47
f 4257//411 4258//412 4263//417
f 4257//411 4263//417 4262//416
f 4260//414 4259//413 4264//418
f 4260//414 4264//418 4265//509
f 4259//413 4261//545 4266//420
f 4259//413 4266//420 4264//418
f 4261//545 4160//486 4162//319
f 4261//545 4162//319 4266//420
f 713//47 4262//416 4267//421
f 713//47 4267//421 714//48
f 4262//416 4263//417 4268//422
f 4262//416 4268//422 4267//421
f 4265//509 4264//418 4269//423
f 4265//509 4269//423 4270//534
f 4264//418 4266//420 4271//425
f 4264//418 4271//425 4269//423
f 4266//420 4162//319 4164//524
f 4266//420 4164//524 4271//425
f 714//48 4267//421 4170//324
f 714//48 4170//324 696//30
f 4267//421 4268//422 4172//326
f 4267//421 4172//326 4170//324
f 4270//534 4269//423 4176//330
f 4270//534 4176//330 4175//329
f 4269//423 4271//425 4178//489
f 4269//423 4178//489 4176//330
f 4271//425 4164//524 4166//321
f 4271//425 4166//321 4178//489
f 4272//223 4273//223 4274//224
f 4272//223 4274//224 4275//224
f 4276//225 4277//225 4278//226
f 4276//225 4278//226 4279//226
f 4280//285 4282//286 4281//285
f 4280//285 4283//287 4282//286
f 4284//288 4285//426 4286//289
f 4284//288 4286//289 4287//289
f 4288//290 4281//285 4289//291
f 4288//290 4280//285 4281//285
f 4290//292 4291//292 4285//426
f 4290//292 4285//426 4284//288
f 4276//225 4292//235 4293//235
f 4276//225 4293//235 4277//225
f 4292//235 4294//236 4295//237
f 4292//235 4295//237 4293//235
f 4296//293 4291//292 4290//292
f 4296//293 4290//292 4297//293
f 4288//290 4299//294 4298//295
f 4288//290 4289//291 4299//294
f 4300//241 4301//242 4302//242
f 4300//241 4302//242 4303//241
f 4301//242 4279//226 4278//226
f 4301//242 4278//226 4302//242
f 4286//289 4304//298 4305//298
f 4286//289 4305//298 4287//289
f 4304//245 4306//246 4307//246
f 4304//245 4307//246 4308//245
f 4306//246 4273//223 4272//223
f 4306//246 4272//223 4307//246
f 4274//224 4309//247 4310//247
f 4274//224 4310//247 4275//224
f 4309//247 4311//248 4312//248
f 4309//247 4312//248 4310//247
f 4311//300 4282//286 4283//287
f 4311//300 4313//301 4282//286
f 4314//78 4315//79 4316//302
f 4314//78 4316//302 4317//303
f 4315//79 4318//82 4319//497
f 4315//79 4319//497 4316//302
f 4318//82 4320//84 4321//305
f 4318//82 4321//305 4319//497
f 4320//84 4322//86 4323//306
f 4320//84 4323//306 4321//305
f 4322//86 4324//88 4325//499
f 4322//86 4325//499 4323//306
f 4324//88 4326//90 4327//308
f 4324//88 4327//308 4325//499
f 4326//90 4328//92 4329//520
f 4326//90 4329//520 4327//308
f 4328//92 4330//94 4331//310
f 4328//92 4331//310 4329//520
f 4330//94 4332//96 4333//483
f 4330//94 4333//483 4331//310
f 4332//96 4334//98 4335//312
f 4332//96 4335//312 4333//483
f 4334//98 4336//100 4337//313
f 4334//98 4337//313 4335//312
f 4336//100 4338//102 4339//484
f 4336//100 4339//484 4337//313
f 4338//102 4340//104 4341//522
f 4338//102 4341//522 4339//484
f 4340//104 4342//106 4343//316
f 4340//104 4343//316 4341//522
f 4342//106 4344//108 4345//523
f 4342//106 4345//523 4343//316
f 4344//108 4346//110 4347//318
f 4344//108 4347//318 4345//523
f 4346//110 4348//112 4349//319
f 4346//110 4349//319 4347//318
f 4348//112 4350//114 4351//320
f 4348//112 4351//320 4349//319
f 4350//114 4352//116 4353//546
f 4350//114 4353//546 4351//320
f 4352//116 4354//118 4355//322
f 4352//116 4355//322 4353//546
f 4356//323 736//57 738//30
f 4356//323 738//30 4357//501
f 4358//325 4356//323 4357//501
f 4358//325 4357//501 4359//326
f 4360//487 4361//328 4362//329
f 4360//487 4362//329 4363//330
f 4355//322 4364//331 4365//489
f 4355//322 4365//489 4353//546
f 4364//331 4360//487 4363//330
f 4364//331 4363//330 4365//489
f 736//57 4356//323 4366//490
f 736//57 4366//490 739//68
f 4356//323 4358//325 4367//334
f 4356//323 4367//334 4366//490
f 4368//335 4369//336 4370//337
f 4368//335 4370//337 4371//338
f 4369//336 4372//339 4373//547
f 4369//336 4373//547 4370//337
f 4372//339 4317//303 4316//302
f 4372//339 4316//302 4373//547
f 739//68 4366//490 4374//341
f 739//68 4374//341 740//32
f 4366//490 4367//334 4375//342
f 4366//490 4375//342 4374//341
f 4371//338 4370//337 4376//343
f 4371//338 4376//343 4377//344
f 4370//337 4373//547 4378//345
f 4370//337 4378//345 4376//343
f 4373//547 4316//302 4319//497
f 4373//547 4319//497 4378//345
f 740//32 4374//341 4379//346
f 740//32 4379//346 741//67
f 4374//341 4375//342 4380//347
f 4374//341 4380//347 4379//346
f 4377//344 4376//343 4381//348
f 4377//344 4381//348 4382//349
f 4376//343 4378//345 4383//350
f 4376//343 4383//350 4381//348
f 4378//345 4319//497 4321//305
f 4378//345 4321//305 4383//350
f 741//67 4379//346 4384//351
f 741//67 4384//351 742//34
f 4379//346 4380//347 4385//352
f 4379//346 4385//352 4384//351
f 4382//349 4381//348 4386//353
f 4382//349 4386//353 4387//354
f 4381//348 4383//350 4388//355
f 4381//348 4388//355 4386//353
f 4383//350 4321//305 4323//306
f 4383//350 4323//306 4388//355
f 742//34 4384//351 4389//356
f 742//34 4389//356 743//59
f 4384//351 4385//352 4390//357
f 4384//351 4390//357 4389//356
f 4387//354 4386//353 4391//358
f 4387//354 4391//358 4392//359
f 4386//353 4388//355 4393//360
f 4386//353 4393//360 4391//358
f 4388//355 4323//306 4325//499
f 4388//355 4325//499 4393//360
f 743//59 4389//356 4394//361
f 743//59 4394//361 744//36
f 4389//356 4390//357 4395//362
f 4389//356 4395//362 4394//361
f 4392//359 4391//358 4396//363
f 4392//359 4396//363 4397//364
f 4391//358 4393//360 4398//365
f 4391//358 4398//365 4396//363
f 4393//360 4325//499 4327//308
f 4393//360 4327//308 4398//365
f 744//36 4394//361 4399//366
f 744//36 4399//366 745//60
f 4394//361 4395//362 4400//367
f 4394//361 4400//367 4399//366
f 4397//364 4396//363 4401//368
f 4397//364 4401//368 4402//369
f 4396//363 4398//365 4403//370
f 4396//363 4403//370 4401//368
f 4398//365 4327//308 4329//520
f 4398//365 4329//520 4403//370
f 745//60 4399//366 4404//371
f 745//60 4404//371 746//38
f 4399//366 4400//367 4405//372
f 4399//366 4405//372 4404//371
f 4402//369 4401//368 4406//504
f 4402//369 4406//504 4407//548
f 4401//368 4403//370 4408//375
f 4401//368 4408//375 4406//504
f 4403//370 4329//520 4331//310
f 4403//370 4331//310 4408//375
f 746//38 4404//371 4409//506
f 746//38 4409//506 747//39
f 4404//371 4405//372 4410//377
f 4404//371 4410//377 4409//506
f 4407//548 4406//504 4411//378
f 4407//548 4411//378 4412//379
f 4406//504 4408//375 4413//380
f 4406//504 4413//380 4411//378
f 4408//375 4331//310 4333//483
f 4408//375 4333//483 4413//380
f 747//39 4409//506 4414//381
f 747//39 4414//381 748//40
f 4409//506 4410//377 4415//382
f 4409//506 4415//382 4414//381
f 4412//379 4411//378 4416//383
f 4412//379 4416//383 4417//384
f 4411//378 4413//380 4418//385
f 4411//378 4418//385 4416//383
f 4413//380 4333//483 4335//312
f 4413//380 4335//312 4418//385
f 748//40 4414//381 4419//386
f 748//40 4419//386 749//41
f 4414//381 4415//382 4420//387
f 4414//381 4420//387 4419//386
f 4417//384 4416//383 4421//388
f 4417//384 4421//388 4422//389
f 4416//383 4418//385 4423//390
f 4416//383 4423//390 4421//388
f 4418//385 4335//312 4337//313
f 4418//385 4337//313 4423//390
f 749//41 4419//386 4424//391
f 749//41 4424//391 750//62
f 4419//386 4420//387 4425//392
f 4419//386 4425//392 4424//391
f 4422//389 4421//388 4426//393
f 4422//389 4426//393 4427//394
f 4421//388 4423//390 4428//395
f 4421//388 4428//395 4426//393
f 4423//390 4337//313 4339//484
f 4423//390 4339//484 4428//395
f 750//62 4424//391 4429//396
f 750//62 4429//396 751//63
f 4424//391 4425//392 4430//397
f 4424//391 4430//397 4429//396
f 4427//394 4426//393 4431//398
f 4427//394 4431//398 4432//399
f 4426//393 4428//395 4433//400
f 4426//393 4433//400 4431//398
f 4428//395 4339//484 4341//522
f 4428//395 4341//522 4433//400
f 751//63 4429//396 4434//401
f 751//63 4434//401 752//55
f 4429//396 4430//397 4435//402
f 4429//396 4435//402 4434//401
f 4432//399 4431//398 4436//403
f 4432//399 4436//403 4437//404
f 4431//398 4433//400 4438//405
f 4431//398 4438//405 4436//403
f 4433//400 4341//522 4343//316
f 4433//400 4343//316 4438//405
f 752//55 4434//401 4439//406
f 752//55 4439//406 753//45
f 4434//401 4435//402 4440//407
f 4434//401 4440//407 4439//406
f 4437//404 4436//403 4441//408
f 4437//404 4441//408 4442//409
f 4436//403 4438//405 4443//410
f 4436//403 4443//410 4441//408
f 4438//405 4343//316 4345//523
f 4438//405 4345//523 4443//410
f 753//45 4439//406 4444//411
f 753//45 4444//411 754//46
f 4439//406 4440//407 4445//549
f 4439//406 4445//549 4444//411
f 4442//409 4441//408 4446//413
f 4442//409 4446//413 4447//414
f 4441//408 4443//410 4448//415
f 4441//408 4448//415 4446//413
f 4443//410 4345//523 4347//318
f 4443//410 4347//318 4448//415
f 754//46 4444//411 4449//416
f 754//46 4449//416 755//47
f 4444//411 4445//549 4450//417
f 4444//411 4450//417 4449//416
f 4447//414 4446//413 4451//418
f 4447//414 4451//418 4452//509
f 4446//413 4448//415 4453//420
f 4446//413 4453//420 4451//418
f 4448//415 4347//318 4349//319
f 4448//415 4349//319 4453//420
f 755//47 4449//416 4454//421
f 755//47 4454//421 756//48
f 4449//416 4450//417 4455//422
f 4449//416 4455//422 4454//421
f 4452//509 4451//418 4456//423
f 4452//509 4456//423 4457//424
f 4451//418 4453//420 4458//425
f 4451//418 4458//425 4456//423
f 4453//420 4349//319 4351//320
f 4453//420 4351//320 4458//425
f 756//48 4454//421 4357//501
f 756//48 4357//501 738//30
f 4454//421 4455//422 4359//326
f 4454//421 4359//326 4357//501
f 4457//424 4456//423 4363//330
f 4457//424 4363//330 4362//329
f 4456//423 4458//425 4365//489
f 4456//423 4365//489 4363//330
f 4458//425 4351//320 4353//546
f 4458//425 4353//546 4365//489
f 4459//223 4460//223 4461//224
f 4459//223 4461//224 4462//224
f 4463//510 4465//511 4464//512
f 4463//510 4466//513 4465//511
f 4467//227 4468//227 4469//228
f 4467//227 4469//228 4470//228
f 4471//426 4472//426 4473//289
f 4471//426 4473//289 4474//289
f 4475//232 4476//232 4468//227
f 4475//232 4468//227 4467//227
f 4477//292 4478//292 4472//426
f 4477//292 4472//426 4471//426
f 4463//510 4480//514 4479//514
f 4463//510 4464//512 4480//514
f 4479//514 4482//515 4481//516
f 4479//514 4480//514 4482//515
f 4483//293 4478//292 4477//292
f 4483//293 4477//292 4484//293
f 4475//232 4485//240 4486//240
f 4475//232 4486//240 4476//232
f 4487//536 4489//518 4488//518
f 4487//536 4490//537 4489//518
f 4488//518 4465//511 4466//513
f 4488//518 4489//518 4465//511
f 4473//289 4491//298 4492//298
f 4473//289 4492//298 4474//289
f 4491//245 4493//246 4494//246
f 4491//245 4494//246 4495//245
f 4493//246 4460//223 4459//223
f 4493//246 4459//223 4494//246
f 4461//224 4496//247 4497//247
f 4461//224 4497//247 4462//224
f 4496//247 4498//248 4499//248
f 4496//247 4499//248 4497//247
f 4498//272 4470//228 4469//228
f 4498//272 4469//228 4500//250
f 4501//78 4502//79 4503//302
f 4501//78 4503//302 4504//303
f 4502//79 4505//82 4506//497
f 4502//79 4506//497 4503//302
f 4505//82 4507//84 4508//305
f 4505//82 4508//305 4506//497
f 4507//84 4509//86 4510//306
f 4507//84 4510//306 4508//305
f 4509//86 4511//88 4512//499
f 4509//86 4512//499 4510//306
f 4511//88 4513//90 4514//308
f 4511//88 4514//308 4512//499
f 4513//90 4515//92 4516//520
f 4513//90 4516//520 4514//308
f 4515//92 4517//94 4518//310
f 4515//92 4518//310 4516//520
f 4517//94 4519//96 4520//311
f 4517//94 4520//311 4518//310
f 4519//96 4521//98 4522//312
f 4519//96 4522//312 4520//311
f 4521//98 4523//100 4524//313
f 4521//98 4524//313 4522//312
f 4523//100 4525//102 4526//484
f 4523//100 4526//484 4524//313
f 4525//102 4527//104 4528//522
f 4525//102 4528//522 4526//484
f 4527//104 4529//106 4530//485
f 4527//104 4530//485 4528//522
f 4529//106 4531//108 4532//523
f 4529//106 4532//523 4530//485
f 4531//108 4533//110 4534//486
f 4531//108 4534//486 4532//523
f 4533//110 4535//112 4536//319
f 4533//110 4536//319 4534//486
f 4535//112 4537//114 4538//320
f 4535//112 4538//320 4536//319
f 4537//114 4539//116 4540//321
f 4537//114 4540//321 4538//320
f 4539//116 4541//118 4542//322
f 4539//116 4542//322 4540//321
f 4543//323 778//57 780//58
f 4543//323 780//58 4544//501
f 4545//325 4543//323 4544//501
f 4545//325 4544//501 4546//326
f 4547//487 4548//328 4549//329
f 4547//487 4549//329 4550//330
f 4542//322 4551//488 4552//489
f 4542//322 4552//489 4540//321
f 4551//488 4547//487 4550//330
f 4551//488 4550//330 4552//489
f 778//57 4543//323 4553//490
f 778//57 4553//490 781//31
f 4543//323 4545//325 4554//334
f 4543//323 4554//334 4553//490
f 4555//335 4556//491 4557//337
f 4555//335 4557//337 4558//338
f 4556//491 4559//339 4560//340
f 4556//491 4560//340 4557//337
f 4559//339 4504//303 4503//302
f 4559//339 4503//302 4560//340
f 781//31 4553//490 4561//341
f 781//31 4561//341 782//32
f 4553//490 4554//334 4562//342
f 4553//490 4562//342 4561//341
f 4558//338 4557//337 4563//343
f 4558//338 4563//343 4564//344
f 4557//337 4560//340 4565//345
f 4557//337 4565//345 4563//343
f 4560//340 4503//302 4506//497
f 4560//340 4506//497 4565//345
f 782//32 4561//341 4566//346
f 782//32 4566//346 783//67
f 4561//341 4562//342 4567//347
f 4561//341 4567//347 4566//346
f 4564//344 4563//343 4568//348
f 4564//344 4568//348 4569//349
f 4563//343 4565//345 4570//350
f 4563//343 4570//350 4568//348
f 4565//345 4506//497 4508//305
f 4565//345 4508//305 4570//350
f 783//67 4566//346 4571//351
f 783//67 4571//351 784//34
f 4566//346 4567//347 4572//352
f 4566//346 4572//352 4571//351
f 4569//349 4568//348 4573//353
f 4569//349 4573//353 4574//354
f 4568//348 4570//350 4575//355
f 4568//348 4575//355 4573//353
f 4570//350 4508//305 4510//306
f 4570//350 4510//306 4575//355
f 784//34 4571//351 4576//356
f 784//34 4576//356 785//35
f 4571//351 4572//352 4577//357
f 4571//351 4577//357 4576//356
f 4574//354 4573//353 4578//358
f 4574//354 4578//358 4579//359
f 4573//353 4575//355 4580//360
f 4573//353 4580//360 4578//358
f 4575//355 4510//306 4512//499
f 4575//355 4512//499 4580//360
f 785//35 4576//356 4581//361
f 785//35 4581//361 786//36
f 4576//356 4577//357 4582//362
f 4576//356 4582//362 4581//361
f 4579//359 4578//358 4583//363
f 4579//359 4583//363 4584//364
f 4578//358 4580//360 4585//365
f 4578//358 4585//365 4583//363
f 4580//360 4512//499 4514//308
f 4580//360 4514//308 4585//365
f 786//36 4581//361 4586//366
f 786//36 4586//366 787//60
f 4581//361 4582//362 4587//367
f 4581//361 4587//367 4586//366
f 4584//364 4583//363 4588//368
f 4584//364 4588//368 4589//369
f 4583//363 4585//365 4590//370
f 4583//363 4590//370 4588//368
f 4585//365 4514//308 4516//520
f 4585//365 4516//520 4590//370
f 787//60 4586//366 4591//371
f 787//60 4591//371 788//38
f 4586//366 4587//367 4592//550
f 4586//366 4592//550 4591//371
f 4589//369 4588//368 4593//373
f 4589//369 4593//373 4594//548
f 4588//368 4590//370 4595//375
f 4588//368 4595//375 4593//373
f 4590//370 4516//520 4518//310
f 4590//370 4518//310 4595//375
f 788//38 4591//371 4596//506
f 788//38 4596//506 789//39
f 4591//371 4592//550 4597//377
f 4591//371 4597//377 4596//506
f 4594//548 4593//373 4598//378
f 4594//548 4598//378 4599//379
f 4593//373 4595//375 4600//380
f 4593//373 4600//380 4598//378
f 4595//375 4518//310 4520//311
f 4595//375 4520//311 4600//380
f 789//39 4596//506 4601//381
f 789//39 4601//381 790//40
f 4596//506 4597//377 4602//382
f 4596//506 4602//382 4601//381
f 4599//379 4598//378 4603//383
f 4599//379 4603//383 4604//384
f 4598//378 4600//380 4605//385
f 4598//378 4605//385 4603//383
f 4600//380 4520//311 4522//312
f 4600//380 4522//312 4605//385
f 790//40 4601//381 4606//386
f 790//40 4606//386 791//69
f 4601//381 4602//382 4607//387
f 4601//381 4607//387 4606//386
f 4604//384 4603//383 4608//388
f 4604//384 4608//388 4609//389
f 4603//383 4605//385 4610//390
f 4603//383 4610//390 4608//388
f 4605//385 4522//312 4524//313
f 4605//385 4524//313 4610//390
f 791//69 4606//386 4611//391
f 791//69 4611//391 792//62
f 4606//386 4607//387 4612//392
f 4606//386 4612//392 4611//391
f 4609//389 4608//388 4613//393
f 4609//389 4613//393 4614//394
f 4608//388 4610//390 4615//551
f 4608//388 4615//551 4613//393
f 4610//390 4524//313 4526//484
f 4610//390 4526//484 4615//551
f 792//62 4611//391 4616//396
f 792//62 4616//396 793//63
f 4611//391 4612//392 4617//397
f 4611//391 4617//397 4616//396
f 4614//394 4613//393 4618//398
f 4614//394 4618//398 4619//399
f 4613//393 4615//551 4620//400
f 4613//393 4620//400 4618//398
f 4615//551 4526//484 4528//522
f 4615//551 4528//522 4620//400
f 793//63 4616//396 4621//401
f 793//63 4621//401 794//55
f 4616//396 4617//397 4622//402
f 4616//396 4622//402 4621//401
f 4619//399 4618//398 4623//403
f 4619//399 4623//403 4624//404
f 4618//398 4620//400 4625//405
f 4618//398 4625//405 4623//403
f 4620//400 4528//522 4530//485
f 4620//400 4530//485 4625//405
f 794//55 4621//401 4626//406
f 794//55 4626//406 795//45
f 4621//401 4622//402 4627//407
f 4621//401 4627//407 4626//406
f 4624//404 4623//403 4628//408
f 4624//404 4628//408 4629//409
f 4623//403 4625//405 4630//410
f 4623//403 4630//410 4628//408
f 4625//405 4530//485 4532//523
f 4625//405 4532//523 4630//410
f 795//45 4626//406 4631//411
f 795//45 4631//411 796//70
f 4626//406 4627//407 4632//549
f 4626//406 4632//549 4631//411
f 4629//409 4628//408 4633//413
f 4629//409 4633//413 4634//414
f 4628//408 4630//410 4635//415
f 4628//408 4635//415 4633//413
f 4630//410 4532//523 4534//486
f 4630//410 4534//486 4635//415
f 796//70 4631//411 4636//416
f 796//70 4636//416 797//47
f 4631//411 4632//549 4637//417
f 4631//411 4637//417 4636//416
f 4634//414 4633//413 4638//418
f 4634//414 4638//418 4639//509
f 4633//413 4635//415 4640//420
f 4633//413 4640//420 4638//418
f 4635//415 4534//486 4536//319
f 4635//415 4536//319 4640//420
f 797//47 4636//416 4641//421
f 797//47 4641//421 798//48
f 4636//416 4637//417 4642//422
f 4636//416 4642//422 4641//421
f 4639//509 4638//418 4643//423
f 4639//509 4643//423 4644//424
f 4638//418 4640//420 4645//425
f 4638//418 4645//425 4643//423
f 4640//420 4536//319 4538//320
f 4640//420 4538//320 4645//425
f 798//48 4641//421 4544//501
f 798//48 4544//501 780//58
f 4641//421 4642//422 4546//326
f 4641//421 4546//326 4544//501
f 4644//424 4643//423 4550//330
f 4644//424 4550//330 4549//329
f 4643//423 4645//425 4552//489
f 4643//423 4552//489 4550//330
f 4645//425 4538//320 4540//321
f 4645//425 4540//321 4552//489
f 4646//223 4647//223 4648//224
f 4646//223 4648//224 4649//224
f 4650//510 4652//511 4651//512
f 4650//510 4653//513 4652//511
f 4654//227 4655//227 4656//228
f 4654//227 4656//228 4657//228
f 4658//426 4659//426 4660//289
f 4658//426 4660//289 4661//289
f 4662//232 4663//232 4655//227
f 4662//232 4655//227 4654//227
f 4664//292 4665//292 4659//426
f 4664//292 4659//426 4658//426
f 4650//510 4667//514 4666//514
f 4650//510 4651//512 4667//514
f 4666//514 4669//515 4668//516
f 4666//514 4667//514 4669//515
f 4670//293 4665//292 4664//292
f 4670//293 4664//292 4671//293
f 4662//232 4672//240 4673//461
f 4662//232 4673//461 4663//232
f 4674//517 4676//518 4675//518
f 4674//517 4677//537 4676//518
f 4675//518 4652//511 4653//513
f 4675//518 4676//518 4652//511
f 4660//289 4678//298 4679//298
f 4660//289 4679//298 4661//289
f 4678//245 4680//246 4681//246
f 4678//245 4681//246 4682//245
f 4680//246 4647//223 4646//223
f 4680//246 4646//223 4681//246
f 4648//224 4683//247 4684//247
f 4648//224 4684//247 4649//224
f 4683//247 4685//248 4686//248
f 4683//247 4686//248 4684//247
f 4685//250 4657//228 4656//228
f 4685//250 4656//228 4687//250
f 4688//78 4689//79 4690//302
f 4688//78 4690//302 4691//303
f 4689//79 4692//82 4693//304
f 4689//79 4693//304 4690//302
f 4692//82 4694//84 4695//498
f 4692//82 4695//498 4693//304
f 4694//84 4696//86 4697//306
f 4694//84 4697//306 4695//498
f 4696//86 4698//88 4699//499
f 4696//86 4699//499 4697//306
f 4698//88 4700//90 4701//308
f 4698//88 4701//308 4699//499
f 4700//90 4702//92 4703//520
f 4700//90 4703//520 4701//308
f 4702//92 4704//94 4705//310
f 4702//92 4705//310 4703//520
f 4704//94 4706//96 4707//483
f 4704//94 4707//483 4705//310
f 4706//96 4708//98 4709//521
f 4706//96 4709//521 4707//483
f 4708//98 4710//100 4711//552
f 4708//98 4711//552 4709//521
f 4710//100 4712//102 4713//484
f 4710//100 4713//484 4711//552
f 4712//102 4714//104 4715//315
f 4712//102 4715//315 4713//484
f 4714//104 4716//106 4717//485
f 4714//104 4717//485 4715//315
f 4716//106 4718//108 4719//317
f 4716//106 4719//317 4717//485
f 4718//108 4720//110 4721//318
f 4718//108 4721//318 4719//317
f 4720//110 4722//112 4723//319
f 4720//110 4723//319 4721//318
f 4722//112 4724//114 4725//320
f 4722//112 4725//320 4723//319
f 4724//114 4726//116 4727//546
f 4724//114 4727//546 4725//320
f 4726//116 4728//118 4729//322
f 4726//116 4729//322 4727//546
f 4730//323 820//57 822//58
f 4730//323 822//58 4731//501
f 4732//325 4730//323 4731//501
f 4732//325 4731//501 4733//326
f 4734//487 4735//538 4736//329
f 4734//487 4736//329 4737//330
f 4729//322 4738//331 4739//489
f 4729//322 4739//489 4727//546
f 4738//331 4734//487 4737//330
f 4738//331 4737//330 4739//489
f 820//57 4730//323 4740//490
f 820//57 4740//490 823//31
f 4730//323 4732//325 4741//334
f 4730//323 4741//334 4740//490
f 4742//335 4743//491 4744//337
f 4742//335 4744//337 4745//338
f 4743//491 4746//339 4747//340
f 4743//491 4747//340 4744//337
f 4746//339 4691//303 4690//302
f 4746//339 4690//302 4747//340
f 823//31 4740//490 4748//341
f 823//31 4748//341 824//32
f 4740//490 4741//334 4749//342
f 4740//490 4749//342 4748//341
f 4745//338 4744//337 4750//343
f 4745//338 4750//343 4751//344
f 4744//337 4747//340 4752//345
f 4744//337 4752//345 4750//343
f 4747//340 4690//302 4693//304
f 4747//340 4693//304 4752//345
f 824//32 4748//341 4753//346
f 824//32 4753//346 825//33
f 4748//341 4749//342 4754//347
f 4748//341 4754//347 4753//346
f 4751//344 4750//343 4755//348
f 4751//344 4755//348 4756//349
f 4750//343 4752//345 4757//350
f 4750//343 4757//350 4755//348
f 4752//345 4693//304 4695//498
f 4752//345 4695//498 4757//350
f 825//33 4753//346 4758//351
f 825//33 4758//351 826//34
f 4753//346 4754//347 4759//352
f 4753//346 4759//352 4758//351
f 4756//349 4755//348 4760//353
f 4756//349 4760//353 4761//354
f 4755//348 4757//350 4762//355
f 4755//348 4762//355 4760//353
f 4757//350 4695//498 4697//306
f 4757//350 4697//306 4762//355
f 826//34 4758//351 4763//356
f 826//34 4763//356 827//59
f 4758//351 4759//352 4764//357
f 4758//351 4764//357 4763//356
f 4761//354 4760//353 4765//358
f 4761//354 4765//358 4766//359
f 4760//353 4762//355 4767//360
f 4760//353 4767//360 4765//358
f 4762//355 4697//306 4699//499
f 4762//355 4699//499 4767//360
f 827//59 4763//356 4768//361
f 827//59 4768//361 828//71
f 4763//356 4764//357 4769//362
f 4763//356 4769//362 4768//361
f 4766//359 4765//358 4770//363
f 4766//359 4770//363 4771//364
f 4765//358 4767//360 4772//365
f 4765//358 4772//365 4770//363
f 4767//360 4699//499 4701//308
f 4767//360 4701//308 4772//365
f 828//71 4768//361 4773//366
f 828//71 4773//366 829//60
f 4768//361 4769//362 4774//367
f 4768//361 4774//367 4773//366
f 4771//364 4770//363 4775//368
f 4771//364 4775//368 4776//369
f 4770//363 4772//365 4777//370
f 4770//363 4777//370 4775//368
f 4772//365 4701//308 4703//520
f 4772//365 4703//520 4777//370
f 829//60 4773//366 4778//371
f 829//60 4778//371 830//38
f 4773//366 4774//367 4779//372
f 4773//366 4779//372 4778//371
f 4776//369 4775//368 4780//373
f 4776//369 4780//373 4781//374
f 4775//368 4777//370 4782//375
f 4775//368 4782//375 4780//373
f 4777//370 4703//520 4705//310
f 4777//370 4705//310 4782//375
f 830//38 4778//371 4783//506
f 830//38 4783//506 831//39
f 4778//371 4779//372 4784//377
f 4778//371 4784//377 4783//506
f 4781//374 4780//373 4785//378
f 4781//374 4785//378 4786//379
f 4780//373 4782//375 4787//380
f 4780//373 4787//380 4785//378
f 4782//375 4705//310 4707//483
f 4782//375 4707//483 4787//380
f 831//39 4783//506 4788//381
f 831//39 4788//381 832//40
f 4783//506 4784//377 4789//382
f 4783//506 4789//382 4788//381
f 4786//379 4785//378 4790//383
f 4786//379 4790//383 4791//553
f 4785//378 4787//380 4792//385
f 4785//378 4792//385 4790//383
f 4787//380 4707//483 4709//521
f 4787//380 4709//521 4792//385
f 832//40 4788//381 4793//386
f 832//40 4793//386 833//41
f 4788//381 4789//382 4794//387
f 4788//381 4794//387 4793//386
f 4791//553 4790//383 4795//388
f 4791//553 4795//388 4796//389
f 4790//383 4792//385 4797//390
f 4790//383 4797//390 4795//388
f 4792//385 4709//521 4711//552
f 4792//385 4711//552 4797//390
f 833//41 4793//386 4798//391
f 833//41 4798//391 834//72
f 4793//386 4794//387 4799//392
f 4793//386 4799//392 4798//391
f 4796//389 4795//388 4800//393
f 4796//389 4800//393 4801//394
f 4795//388 4797//390 4802//395
f 4795//388 4802//395 4800//393
f 4797//390 4711//552 4713//484
f 4797//390 4713//484 4802//395
f 834//72 4798//391 4803//396
f 834//72 4803//396 835//43
f 4798//391 4799//392 4804//397
f 4798//391 4804//397 4803//396
f 4801//394 4800//393 4805//398
f 4801//394 4805//398 4806//399
f 4800//393 4802//395 4807//400
f 4800//393 4807//400 4805//398
f 4802//395 4713//484 4715//315
f 4802//395 4715//315 4807//400
f 835//43 4803//396 4808//401
f 835//43 4808//401 836//55
f 4803//396 4804//397 4809//402
f 4803//396 4809//402 4808//401
f 4806//399 4805//398 4810//403
f 4806//399 4810//403 4811//404
f 4805//398 4807//400 4812//533
f 4805//398 4812//533 4810//403
f 4807//400 4715//315 4717//485
f 4807//400 4717//485 4812//533
f 836//55 4808//401 4813//406
f 836//55 4813//406 837//45
f 4808//401 4809//402 4814//407
f 4808//401 4814//407 4813//406
f 4811//404 4810//403 4815//408
f 4811//404 4815//408 4816//409
f 4810//403 4812//533 4817//410
f 4810//403 4817//410 4815//408
f 4812//533 4717//485 4719//317
f 4812//533 4719//317 4817//410
f 837//45 4813//406 4818//411
f 837//45 4818//411 838//70
f 4813//406 4814//407 4819//549
f 4813//406 4819//549 4818//411
f 4816//409 4815//408 4820//413
f 4816//409 4820//413 4821//414
f 4815//408 4817//410 4822//415
f 4815//408 4822//415 4820//413
f 4817//410 4719//317 4721//318
f 4817//410 4721//318 4822//415
f 838//70 4818//411 4823//416
f 838//70 4823//416 839//47
f 4818//411 4819//549 4824//417
f 4818//411 4824//417 4823//416
f 4821//414 4820//413 4825//418
f 4821//414 4825//418 4826//509
f 4820//413 4822//415 4827//554
f 4820//413 4827//554 4825//418
f 4822//415 4721//318 4723//319
f 4822//415 4723//319 4827//554
f 839//47 4823//416 4828//421
f 839//47 4828//421 840//48
f 4823//416 4824//417 4829//422
f 4823//416 4829//422 4828//421
f 4826//509 4825//418 4830//423
f 4826//509 4830//423 4831//424
f 4825//418 4827//554 4832//535
f 4825//418 4832//535 4830//423
f 4827//554 4723//319 4725//320
f 4827//554 4725//320 4832//535
f 840//48 4828//421 4731//501
f 840//48 4731//501 822//58
f 4828//421 4829//422 4733//326
f 4828//421 4733//326 4731//501
f 4831//424 4830//423 4737//330
f 4831//424 4737//330 4736//329
f 4830//423 4832//535 4739//489
f 4830//423 4739//489 4737//330
f 4832//535 4725//320 4727//546
f 4832//535 4727//546 4739//489
f 4833//223 4834//223 4835//224
f 4833//223 4835//224 4836//224
f 4837//225 4838//225 4839//226
f 4837//225 4839//226 4840//226
f 4841//227 4842//227 4843//228
f 4841//227 4843//228 4844//228
f 4845//229 4847//230 4846//229
f 4845//229 4848//231 4847//230
f 4849//232 4850//232 4842//227
f 4849//232 4842//227 4841//227
f 4851//233 4846//229 4852//234
f 4851//233 4845//229 4846//229
f 4837//225 4853//235 4854//235
f 4837//225 4854//235 4838//225
f 4853//235 4855//473 4856//473
f 4853//235 4856//473 4854//235
f 4857//238 4851//233 4852//234
f 4857//238 4858//239 4851//233
f 4849//232 4859//240 4860//240
f 4849//232 4860//240 4850//232
f 4861//241 4862//242 4863//242
f 4861//241 4863//242 4864//241
f 4862//242 4840//226 4839//226
f 4862//242 4839//226 4863//242
f 4847//230 4866//243 4865//244
f 4847//230 4848//231 4866//243
f 4865//245 4867//246 4868//246
f 4865//245 4868//246 4869//245
f 4867//246 4834//223 4833//223
f 4867//246 4833//223 4868//246
f 4835//224 4870//247 4871//247
f 4835//224 4871//247 4836//224
f 4870//247 4872//248 4873//248
f 4870//247 4873//248 4871//247
f 4872//272 4844//228 4843//228
f 4872//272 4843//228 4874//250
f 4875//78 4876//79 4877//80
f 4875//78 4877//80 4878//81
f 4876//79 4879//82 4880//83
f 4876//79 4880//83 4877//80
f 4879//82 4881//84 4882//85
f 4879//82 4882//85 4880//83
f 4881//84 4883//86 4884//87
f 4881//84 4884//87 4882//85
f 4883//86 4885//88 4886//89
f 4883//86 4886//89 4884//87
f 4885//88 4887//90 4888//91
f 4885//88 4888//91 4886//89
f 4887//90 4889//92 4890//93
f 4887//90 4890//93 4888//91
f 4889//92 4891//94 4892//95
f 4889//92 4892//95 4890//93
f 4891//94 4893//96 4894//97
f 4891//94 4894//97 4892//95
f 4893//96 4895//98 4896//99
f 4893//96 4896//99 4894//97
f 4895//98 4897//100 4898//273
f 4895//98 4898//273 4896//99
f 4897//100 4899//102 4900//103
f 4897//100 4900//103 4898//273
f 4899//102 4901//104 4902//105
f 4899//102 4902//105 4900//103
f 4901//104 4903//106 4904//107
f 4901//104 4904//107 4902//105
f 4903//106 4905//108 4906//109
f 4903//106 4906//109 4904//107
f 4905//108 4907//110 4908//111
f 4905//108 4908//111 4906//109
f 4907//110 4909//112 4910//113
f 4907//110 4910//113 4908//111
f 4909//112 4911//114 4912//115
f 4909//112 4912//115 4910//113
f 4911//114 4913//116 4914//117
f 4911//114 4914//117 4912//115
f 4913//116 4915//118 4916//119
f 4913//116 4916//119 4914//117
f 4917//120 862//2 864//4
f 4917//120 864//4 4918//121
f 4919//122 4917//120 4918//121
f 4919//122 4918//121 4920//275
f 4921//253 4922//125 4923//126
f 4921//253 4923//126 4924//127
f 4916//119 4925//128 4926//444
f 4916//119 4926//444 4914//117
f 4925//128 4921//253 4924//127
f 4925//128 4924//127 4926//444
f 862//2 4917//120 4927//130
f 862//2 4927//130 865//73
f 4917//120 4919//122 4928//131
f 4917//120 4928//131 4927//130
f 4929//132 4930//133 4931//134
f 4929//132 4931//134 4932//135
f 4930//133 4933//256 4934//277
f 4930//133 4934//277 4931//134
f 4933//256 4878//81 4877//80
f 4933//256 4877//80 4934//277
f 865//73 4927//130 4935//138
f 865//73 4935//138 866//6
f 4927//130 4928//131 4936//139
f 4927//130 4936//139 4935//138
f 4932//135 4931//134 4937//140
f 4932//135 4937//140 4938//141
f 4931//134 4934//277 4939//257
f 4931//134 4939//257 4937//140
f 4934//277 4877//80 4880//83
f 4934//277 4880//83 4939//257
f 866//6 4935//138 4940//143
f 866//6 4940//143 867//7
f 4935//138 4936//139 4941//144
f 4935//138 4941//144 4940//143
f 4938//141 4937//140 4942//145
f 4938//141 4942//145 4943//146
f 4937//140 4939//257 4944//147
f 4937//140 4944//147 4942//145
f 4939//257 4880//83 4882//85
f 4939//257 4882//85 4944//147
f 867//7 4940//143 4945//148
f 867//7 4945//148 868//23
f 4940//143 4941//144 4946//149
f 4940//143 4946//149 4945//148
f 4943//146 4942//145 4947//150
f 4943//146 4947//150 4948//151
f 4942//145 4944//147 4949//152
f 4942//145 4949//152 4947//150
f 4944//147 4882//85 4884//87
f 4944//147 4884//87 4949//152
f 868//23 4945//148 4950//153
f 868//23 4950//153 869//9
f 4945//148 4946//149 4951//154
f 4945//148 4951//154 4950//153
f 4948//151 4947//150 4952//155
f 4948//151 4952//155 4953//156
f 4947//150 4949//152 4954//258
f 4947//150 4954//258 4952//155
f 4949//152 4884//87 4886//89
f 4949//152 4886//89 4954//258
f 869//9 4950//153 4955//158
f 869//9 4955//158 870//10
f 4950//153 4951//154 4956//159
f 4950//153 4956//159 4955//158
f 4953//156 4952//155 4957//160
f 4953//156 4957//160 4958//161
f 4952//155 4954//258 4959//162
f 4952//155 4959//162 4957//160
f 4954//258 4886//89 4888//91
f 4954//258 4888//91 4959//162
f 870//10 4955//158 4960//163
f 870//10 4960//163 871//27
f 4955//158 4956//159 4961//164
f 4955//158 4961//164 4960//163
f 4958//161 4957//160 4962//165
f 4958//161 4962//165 4963//166
f 4957//160 4959//162 4964//278
f 4957//160 4964//278 4962//165
f 4959//162 4888//91 4890//93
f 4959//162 4890//93 4964//278
f 871//27 4960//163 4965//168
f 871//27 4965//168 872//12
f 4960//163 4961//164 4966//169
f 4960//163 4966//169 4965//168
f 4963//166 4962//165 4967//170
f 4963//166 4967//170 4968//171
f 4962//165 4964//278 4969//172
f 4962//165 4969//172 4967//170
f 4964//278 4890//93 4892//95
f 4964//278 4892//95 4969//172
f 872//12 4965//168 4970//173
f 872//12 4970//173 873//24
f 4965//168 4966//169 4971//174
f 4965//168 4971//174 4970//173
f 4968//171 4967//170 4972//429
f 4968//171 4972//429 4973//176
f 4967//170 4969//172 4974//259
f 4967//170 4974//259 4972//429
f 4969//172 4892//95 4894//97
f 4969//172 4894//97 4974//259
f 873//24 4970//173 4975//178
f 873//24 4975//178 874//14
f 4970//173 4971//174 4976//179
f 4970//173 4976//179 4975//178
f 4973//176 4972//429 4977//180
f 4973//176 4977//180 4978//181
f 4972//429 4974//259 4979//279
f 4972//429 4979//279 4977//180
f 4974//259 4894//97 4896//99
f 4974//259 4896//99 4979//279
f 874//14 4975//178 4980//183
f 874//14 4980//183 875//15
f 4975//178 4976//179 4981//280
f 4975//178 4981//280 4980//183
f 4978//181 4977//180 4982//185
f 4978//181 4982//185 4983//186
f 4977//180 4979//279 4984//555
f 4977//180 4984//555 4982//185
f 4979//279 4896//99 4898//273
f 4979//279 4898//273 4984//555
f 875//15 4980//183 4985//188
f 875//15 4985//188 876//16
f 4980//183 4981//280 4986//189
f 4980//183 4986//189 4985//188
f 4983//186 4982//185 4987//190
f 4983//186 4987//190 4988//191
f 4982//185 4984//555 4989//192
f 4982//185 4989//192 4987//190
f 4984//555 4898//273 4900//103
f 4984//555 4900//103 4989//192
f 876//16 4985//188 4990//193
f 876//16 4990//193 877//50
f 4985//188 4986//189 4991//194
f 4985//188 4991//194 4990//193
f 4988//191 4987//190 4992//195
f 4988//191 4992//195 4993//196
f 4987//190 4989//192 4994//197
f 4987//190 4994//197 4992//195
f 4989//192 4900//103 4902//105
f 4989//192 4902//105 4994//197
f 877//50 4990//193 4995//198
f 877//50 4995//198 878//18
f 4990//193 4991//194 4996//199
f 4990//193 4996//199 4995//198
f 4993//196 4992//195 4997//200
f 4993//196 4997//200 4998//201
f 4992//195 4994//197 4999//282
f 4992//195 4999//282 4997//200
f 4994//197 4902//105 4904//107
f 4994//197 4904//107 4999//282
f 878//18 4995//198 5000//203
f 878//18 5000//203 879//26
f 4995//198 4996//199 5001//204
f 4995//198 5001//204 5000//203
f 4998//201 4997//200 5002//205
f 4998//201 5002//205 5003//206
f 4997//200 4999//282 5004//268
f 4997//200 5004//268 5002//205
f 4999//282 4904//107 4906//109
f 4999//282 4906//109 5004//268
f 879//26 5000//203 5005//208
f 879//26 5005//208 880//20
f 5000//203 5001//204 5006//209
f 5000//203 5006//209 5005//208
f 5003//206 5002//205 5007//210
f 5003//206 5007//210 5008//211
f 5002//205 5004//268 5009//283
f 5002//205 5009//283 5007//210
f 5004//268 4906//109 4908//111
f 5004//268 4908//111 5009//283
f 880//20 5005//208 5010//213
f 880//20 5010//213 881//21
f 5005//208 5006//209 5011//214
f 5005//208 5011//214 5010//213
f 5008//211 5007//210 5012//215
f 5008//211 5012//215 5013//216
f 5007//210 5009//283 5014//217
f 5007//210 5014//217 5012//215
f 5009//283 4908//111 4910//113
f 5009//283 4910//113 5014//217
f 881//21 5010//213 5015//218
f 881//21 5015//218 882//22
f 5010//213 5011//214 5016//219
f 5010//213 5016//219 5015//218
f 5013//216 5012//215 5017//220
f 5013//216 5017//220 5018//221
f 5012//215 5014//217 5019//284
f 5012//215 5019//284 5017//220
f 5014//217 4910//113 4912//115
f 5014//217 4912//115 5019//284
f 882//22 5015//218 4918//121
f 882//22 4918//121 864//4
f 5015//218 5016//219 4920//275
f 5015//218 4920//275 4918//121
f 5018//221 5017//220 4924//127
f 5018//221 4924//127 4923//126
f 5017//220 5019//284 4926//444
f 5017//220 4926//444 4924//127
f 5019//284 4912//115 4914//117
f 5019//284 4914//117 4926//444
f 5020//223 5021//223 5022//224
f 5020//223 5022//224 5023//224
f 5024//225 5025//225 5026//226
f 5024//225 5026//226 5027//226
f 5028//285 5030//286 5029//285
f 5028//285 5031//287 5030//286
f 5032//288 5033//426 5034//289
f 5032//288 5034//289 5035//289
f 5036//290 5029//285 5037//291
f 5036//290 5028//285 5029//285
f 5038//292 5039//292 5033//426
f 5038//292 5033//426 5032//288
f 5024//225 5040//235 5041//235
f 5024//225 5041//235 5025//225
f 5040//235 5042//236 5043//237
f 5040//235 5043//237 5041//235
f 5044//293 5039//292 5038//292
f 5044//293 5038//292 5045//293
f 5036//290 5047//294 5046//295
f 5036//290 5037//291 5047//294
f 5048//297 5049//242 5050//242
f 5048//297 5050//242 5051//297
f 5049//242 5027//226 5026//226
f 5049//242 5026//226 5050//242
f 5034//289 5052//298 5053//298
f 5034//289 5053//298 5035//289
f 5052//245 5054//246 5055//246
f 5052//245 5055//246 5056//245
f 5054//246 5021//223 5020//223
f 5054//246 5020//223 5055//246
f 5022//224 5057//247 5058//247
f 5022//224 5058//247 5023//224
f 5057//247 5059//248 5060//249
f 5057//247 5060//249 5058//247
f 5059//300 5030//286 5031//287
f 5059//300 5061//301 5030//286
f 5062//78 5063//79 5064//80
f 5062//78 5064//80 5065//251
f 5063//79 5066//82 5067//83
f 5063//79 5067//83 5064//80
f 5066//82 5068//84 5069//85
f 5066//82 5069//85 5067//83
f 5068//84 5070//86 5071//87
f 5068//84 5071//87 5069//85
f 5070//86 5072//88 5073//89
f 5070//86 5073//89 5071//87
f 5072//88 5074//90 5075//91
f 5072//88 5075//91 5073//89
f 5074//90 5076//92 5077//93
f 5074//90 5077//93 5075//91
f 5076//92 5078//94 5079//95
f 5076//92 5079//95 5077//93
f 5078//94 5080//96 5081//97
f 5078//94 5081//97 5079//95
f 5080//96 5082//98 5083//99
f 5080//96 5083//99 5081//97
f 5082//98 5084//100 5085//101
f 5082//98 5085//101 5083//99
f 5084//100 5086//102 5087//103
f 5084//100 5087//103 5085//101
f 5086//102 5088//104 5089//105
f 5086//102 5089//105 5087//103
f 5088//104 5090//106 5091//107
f 5088//104 5091//107 5089//105
f 5090//106 5092//108 5093//109
f 5090//106 5093//109 5091//107
f 5092//108 5094//110 5095//111
f 5092//108 5095//111 5093//109
f 5094//110 5096//112 5097//113
f 5094//110 5097//113 5095//111
f 5096//112 5098//114 5099//115
f 5096//112 5099//115 5097//113
f 5098//114 5100//116 5101//117
f 5098//114 5101//117 5099//115
f 5100//116 5102//118 5103//119
f 5100//116 5103//119 5101//117
f 5104//120 904//2 906//4
f 5104//120 906//4 5105//121
f 5106//122 5104//120 5105//121
f 5106//122 5105//121 5107//123
f 5108//253 5109//125 5110//126
f 5108//253 5110//126 5111//127
f 5103//119 5112//128 5113//129
f 5103//119 5113//129 5101//117
f 5112//128 5108//253 5111//127
f 5112//128 5111//127 5113//129
f 904//2 5104//120 5114//130
f 904//2 5114//130 907//5
f 5104//120 5106//122 5115//131
f 5104//120 5115//131 5114//130
f 5116//132 5117//133 5118//134
f 5116//132 5118//134 5119//135
f 5117//133 5120//136 5121//137
f 5117//133 5121//137 5118//134
f 5120//136 5065//251 5064//80
f 5120//136 5064//80 5121//137
f 907//5 5114//130 5122//138
f 907//5 5122//138 908//6
f 5114//130 5115//131 5123//139
f 5114//130 5123//139 5122//138
f 5119//135 5118//134 5124//140
f 5119//135 5124//140 5125//141
f 5118//134 5121//137 5126//257
f 5118//134 5126//257 5124//140
f 5121//137 5064//80 5067//83
f 5121//137 5067//83 5126//257
f 908//6 5122//138 5127//143
f 908//6 5127//143 909//7
f 5122//138 5123//139 5128//144
f 5122//138 5128//144 5127//143
f 5125//141 5124//140 5129//145
f 5125//141 5129//145 5130//146
f 5124//140 5126//257 5131//147
f 5124//140 5131//147 5129//145
f 5126//257 5067//83 5069//85
f 5126//257 5069//85 5131//147
f 909//7 5127//143 5132//148
f 909//7 5132//148 910//8
f 5127//143 5128//144 5133//149
f 5127//143 5133//149 5132//148
f 5130//146 5129//145 5134//150
f 5130//146 5134//150 5135//151
f 5129//145 5131//147 5136//152
f 5129//145 5136//152 5134//150
f 5131//147 5069//85 5071//87
f 5131//147 5071//87 5136//152
f 910//8 5132//148 5137//153
f 910//8 5137//153 911//9
f 5132//148 5133//149 5138//154
f 5132//148 5138//154 5137//153
f 5135//151 5134//150 5139//155
f 5135//151 5139//155 5140//156
f 5134//150 5136//152 5141//258
f 5134//150 5141//258 5139//155
f 5136//152 5071//87 5073//89
f 5136//152 5073//89 5141//258
f 911//9 5137//153 5142//158
f 911//9 5142//158 912//10
f 5137//153 5138//154 5143//159
f 5137//153 5143//159 5142//158
f 5140//156 5139//155 5144//160
f 5140//156 5144//160 5145//161
f 5139//155 5141//258 5146//162
f 5139//155 5146//162 5144//160
f 5141//258 5073//89 5075//91
f 5141//258 5075//91 5146//162
f 912//10 5142//158 5147//163
f 912//10 5147//163 913//27
f 5142//158 5143//159 5148//164
f 5142//158 5148//164 5147//163
f 5145//161 5144//160 5149//165
f 5145//161 5149//165 5150//166
f 5144//160 5146//162 5151//278
f 5144//160 5151//278 5149//165
f 5146//162 5075//91 5077//93
f 5146//162 5077//93 5151//278
f 913//27 5147//163 5152//168
f 913//27 5152//168 914//12
f 5147//163 5148//164 5153//169
f 5147//163 5153//169 5152//168
f 5150//166 5149//165 5154//170
f 5150//166 5154//170 5155//171
f 5149//165 5151//278 5156//172
f 5149//165 5156//172 5154//170
f 5151//278 5077//93 5079//95
f 5151//278 5079//95 5156//172
f 914//12 5152//168 5157//173
f 914//12 5157//173 915//24
f 5152//168 5153//169 5158//174
f 5152//168 5158//174 5157//173
f 5155//171 5154//170 5159//429
f 5155//171 5159//429 5160//176
f 5154//170 5156//172 5161//259
f 5154//170 5161//259 5159//429
f 5156//172 5079//95 5081//97
f 5156//172 5081//97 5161//259
f 915//24 5157//173 5162//178
f 915//24 5162//178 916//14
f 5157//173 5158//174 5163//179
f 5157//173 5163//179 5162//178
f 5160//176 5159//429 5164//180
f 5160//176 5164//180 5165//181
f 5159//429 5161//259 5166//279
f 5159//429 5166//279 5164//180
f 5161//259 5081//97 5083//99
f 5161//259 5083//99 5166//279
f 916//14 5162//178 5167//183
f 916//14 5167//183 917//25
f 5162//178 5163//179 5168//280
f 5162//178 5168//280 5167//183
f 5165//181 5164//180 5169//185
f 5165//181 5169//185 5170//186
f 5164//180 5166//279 5171//187
f 5164//180 5171//187 5169//185
f 5166//279 5083//99 5085//101
f 5166//279 5085//101 5171//187
f 917//25 5167//183 5172//188
f 917//25 5172//188 918//52
f 5167//183 5168//280 5173//189
f 5167//183 5173//189 5172//188
f 5170//186 5169//185 5174//262
f 5170//186 5174//262 5175//191
f 5169//185 5171//187 5176//192
f 5169//185 5176//192 5174//262
f 5171//187 5085//101 5087//103
f 5171//187 5087//103 5176//192
f 918//52 5172//188 5177//193
f 918//52 5177//193 919//50
f 5172//188 5173//189 5178//263
f 5172//188 5178//263 5177//193
f 5175//191 5174//262 5179//195
f 5175//191 5179//195 5180//196
f 5174//262 5176//192 5181//430
f 5174//262 5181//430 5179//195
f 5176//192 5087//103 5089//105
f 5176//192 5089//105 5181//430
f 919//50 5177//193 5182//198
f 919//50 5182//198 920//18
f 5177//193 5178//263 5183//199
f 5177//193 5183//199 5182//198
f 5180//196 5179//195 5184//200
f 5180//196 5184//200 5185//201
f 5179//195 5181//430 5186//202
f 5179//195 5186//202 5184//200
f 5181//430 5089//105 5091//107
f 5181//430 5091//107 5186//202
f 920//18 5182//198 5187//203
f 920//18 5187//203 921//19
f 5182//198 5183//199 5188//204
f 5182//198 5188//204 5187//203
f 5185//201 5184//200 5189//205
f 5185//201 5189//205 5190//206
f 5184//200 5186//202 5191//268
f 5184//200 5191//268 5189//205
f 5186//202 5091//107 5093//109
f 5186//202 5093//109 5191//268
f 921//19 5187//203 5192//208
f 921//19 5192//208 922//20
f 5187//203 5188//204 5193//209
f 5187//203 5193//209 5192//208
f 5190//206 5189//205 5194//210
f 5190//206 5194//210 5195//211
f 5189//205 5191//268 5196//283
f 5189//205 5196//283 5194//210
f 5191//268 5093//109 5095//111
f 5191//268 5095//111 5196//283
f 922//20 5192//208 5197//213
f 922//20 5197//213 923//21
f 5192//208 5193//209 5198//214
f 5192//208 5198//214 5197//213
f 5195//211 5194//210 5199//215
f 5195//211 5199//215 5200//216
f 5194//210 5196//283 5201//217
f 5194//210 5201//217 5199//215
f 5196//283 5095//111 5097//113
f 5196//283 5097//113 5201//217
f 923//21 5197//213 5202//460
f 923//21 5202//460 924//22
f 5197//213 5198//214 5203//219
f 5197//213 5203//219 5202//460
f 5200//216 5199//215 5204//220
f 5200//216 5204//220 5205//221
f 5199//215 5201//217 5206//455
f 5199//215 5206//455 5204//220
f 5201//217 5097//113 5099//115
f 5201//217 5099//115 5206//455
f 924//22 5202//460 5105//121
f 924//22 5105//121 906//4
f 5202//460 5203//219 5107//123
f 5202//460 5107//123 5105//121
f 5205//221 5204//220 5111//127
f 5205//221 5111//127 5110//126
f 5204//220 5206//455 5113//129
f 5204//220 5113//129 5111//127
f 5206//455 5099//115 5101//117
f 5206//455 5101//117 5113//129
f 5207//432 5209//433 5208//434
f 5207//432 5210//435 5209//433
f 5211//225 5212//225 5213//226
f 5211//225 5213//226 5214//226
f 5215//436 5216//227 5217//228
f 5215//436 5217//228 5218//228
f 5219//288 5220//426 5221//289
f 5219//288 5221//289 5222//289
f 5223//232 5224//232 5216//227
f 5223//232 5216//227 5215//436
f 5225//292 5226//292 5220//426
f 5225//292 5220//426 5219//288
f 5211//225 5227//235 5228//235
f 5211//225 5228//235 5212//225
f 5227//235 5229//236 5230//237
f 5227//235 5230//237 5228//235
f 5231//437 5226//292 5225//292
f 5231//437 5225//292 5232//293
f 5223//232 5233//240 5234//461
f 5223//232 5234//461 5224//232
f 5235//241 5236//242 5237//242
f 5235//241 5237//242 5238//241
f 5236//242 5214//226 5213//226
f 5236//242 5213//226 5237//242
f 5221//289 5239//298 5240//298
f 5221//289 5240//298 5222//289
f 5239//438 5242//439 5241//439
f 5239//438 5243//440 5242//439
f 5241//439 5207//432 5208//434
f 5241//439 5242//439 5207//432
f 5209//433 5245//441 5244//441
f 5209//433 5210//435 5245//441
f 5244//441 5247//442 5246//443
f 5244//441 5245//441 5247//442
f 5246//250 5218//228 5217//228
f 5246//250 5217//228 5248//250
f 5249//78 5250//79 5251//80
f 5249//78 5251//80 5252//251
f 5250//79 5253//82 5254//83
f 5250//79 5254//83 5251//80
f 5253//82 5255//84 5256//85
f 5253//82 5256//85 5254//83
f 5255//84 5257//86 5258//87
f 5255//84 5258//87 5256//85
f 5257//86 5259//88 5260//89
f 5257//86 5260//89 5258//87
f 5259//88 5261//90 5262//91
f 5259//88 5262//91 5260//89
f 5261//90 5263//92 5264//93
f 5261//90 5264//93 5262//91
f 5263//92 5265//94 5266//95
f 5263//92 5266//95 5264//93
f 5265//94 5267//96 5268//97
f 5265//94 5268//97 5266//95
f 5267//96 5269//98 5270//99
f 5267//96 5270//99 5268//97
f 5269//98 5271//100 5272//101
f 5269//98 5272//101 5270//99
f 5271//100 5273//102 5274//103
f 5271//100 5274//103 5272//101
f 5273//102 5275//104 5276//105
f 5273//102 5276//105 5274//103
f 5275//104 5277//106 5278//107
f 5275//104 5278//107 5276//105
f 5277//106 5279//108 5280//109
f 5277//106 5280//109 5278//107
f 5279//108 5281//110 5282//111
f 5279//108 5282//111 5280//109
f 5281//110 5283//112 5284//113
f 5281//110 5284//113 5282//111
f 5283//112 5285//114 5286//115
f 5283//112 5286//115 5284//113
f 5285//114 5287//116 5288//117
f 5285//114 5288//117 5286//115
f 5287//116 5289//118 5290//119
f 5287//116 5290//119 5288//117
f 5291//120 946//74 948//4
f 5291//120 948//4 5292//121
f 5293//122 5291//120 5292//121
f 5293//122 5292//121 5294//123
f 5295//253 5296//125 5297//126
f 5295//253 5297//126 5298//254
f 5290//119 5299//128 5300//129
f 5290//119 5300//129 5288//117
f 5299//128 5295//253 5298//254
f 5299//128 5298//254 5300//129
f 946//74 5291//120 5301//130
f 946//74 5301//130 949//5
f 5291//120 5293//122 5302//457
f 5291//120 5302//457 5301//130
f 5303//132 5304//133 5305//134
f 5303//132 5305//134 5306//135
f 5304//133 5307//136 5308//137
f 5304//133 5308//137 5305//134
f 5307//136 5252//251 5251//80
f 5307//136 5251//80 5308//137
f 949//5 5301//130 5309//138
f 949//5 5309//138 950//6
f 5301//130 5302//457 5310//139
f 5301//130 5310//139 5309//138
f 5306//135 5305//134 5311//140
f 5306//135 5311//140 5312//470
f 5305//134 5308//137 5313//257
f 5305//134 5313//257 5311//140
f 5308//137 5251//80 5254//83
f 5308//137 5254//83 5313//257
f 950//6 5309//138 5314//143
f 950//6 5314//143 951//75
f 5309//138 5310//139 5315//458
f 5309//138 5315//458 5314//143
f 5312//470 5311//140 5316//145
f 5312//470 5316//145 5317//146
f 5311//140 5313//257 5318//147
f 5311//140 5318//147 5316//145
f 5313//257 5254//83 5256//85
f 5313//257 5256//85 5318//147
f 951//75 5314//143 5319//148
f 951//75 5319//148 952//8
f 5314//143 5315//458 5320//149
f 5314//143 5320//149 5319//148
f 5317//146 5316//145 5321//150
f 5317//146 5321//150 5322//151
f 5316//145 5318//147 5323//152
f 5316//145 5323//152 5321//150
f 5318//147 5256//85 5258//87
f 5318//147 5258//87 5323//152
f 952//8 5319//148 5324//153
f 952//8 5324//153 953//9
f 5319//148 5320//149 5325//154
f 5319//148 5325//154 5324//153
f 5322//151 5321//150 5326//155
f 5322//151 5326//155 5327//156
f 5321//150 5323//152 5328//258
f 5321//150 5328//258 5326//155
f 5323//152 5258//87 5260//89
f 5323//152 5260//89 5328//258
f 953//9 5324//153 5329//158
f 953//9 5329//158 954//10
f 5324//153 5325//154 5330//159
f 5324//153 5330//159 5329//158
f 5327//156 5326//155 5331//160
f 5327//156 5331//160 5332//161
f 5326//155 5328//258 5333//162
f 5326//155 5333//162 5331//160
f 5328//258 5260//89 5262//91
f 5328//258 5262//91 5333//162
f 954//10 5329//158 5334//163
f 954//10 5334//163 955//11
f 5329//158 5330//159 5335//164
f 5329//158 5335//164 5334//163
f 5332//161 5331//160 5336//165
f 5332//161 5336//165 5337//428
f 5331//160 5333//162 5338//167
f 5331//160 5338//167 5336//165
f 5333//162 5262//91 5264//93
f 5333//162 5264//93 5338//167
f 955//11 5334//163 5339//168
f 955//11 5339//168 956//12
f 5334//163 5335//164 5340//169
f 5334//163 5340//169 5339//168
f 5337//428 5336//165 5341//170
f 5337//428 5341//170 5342//171
f 5336//165 5338//167 5343//172
f 5336//165 5343//172 5341//170
f 5338//167 5264//93 5266//95
f 5338//167 5266//95 5343//172
f 956//12 5339//168 5344//173
f 956//12 5344//173 957//24
f 5339//168 5340//169 5345//174
f 5339//168 5345//174 5344//173
f 5342//171 5341//170 5346//429
f 5342//171 5346//429 5347//176
f 5341//170 5343//172 5348//445
f 5341//170 5348//445 5346//429
f 5343//172 5266//95 5268//97
f 5343//172 5268//97 5348//445
f 957//24 5344//173 5349//178
f 957//24 5349//178 958//14
f 5344//173 5345//174 5350//179
f 5344//173 5350//179 5349//178
f 5347//176 5346//429 5351//556
f 5347//176 5351//556 5352//181
f 5346//429 5348//445 5353//182
f 5346//429 5353//182 5351//556
f 5348//445 5268//97 5270//99
f 5348//445 5270//99 5353//182
f 958//14 5349//178 5354//183
f 958//14 5354//183 959//15
f 5349//178 5350//179 5355//280
f 5349//178 5355//280 5354//183
f 5352//181 5351//556 5356//185
f 5352//181 5356//185 5357//186
f 5351//556 5353//182 5358//187
f 5351//556 5358//187 5356//185
f 5353//182 5270//99 5272//101
f 5353//182 5272//101 5358//187
f 959//15 5354//183 5359//188
f 959//15 5359//188 960//52
f 5354//183 5355//280 5360//189
f 5354//183 5360//189 5359//188
f 5357//186 5356//185 5361//262
f 5357//186 5361//262 5362//191
f 5356//185 5358//187 5363//192
f 5356//185 5363//192 5361//262
f 5358//187 5272//101 5274//103
f 5358//187 5274//103 5363//192
f 960//52 5359//188 5364//193
f 960//52 5364//193 961//28
f 5359//188 5360//189 5365//263
f 5359//188 5365//263 5364//193
f 5362//191 5361//262 5366//195
f 5362//191 5366//195 5367//196
f 5361//262 5363//192 5368//197
f 5361//262 5368//197 5366//195
f 5363//192 5274//103 5276//105
f 5363//192 5276//105 5368//197
f 961//28 5364//193 5369//198
f 961//28 5369//198 962//18
f 5364//193 5365//263 5370//199
f 5364//193 5370//199 5369//198
f 5367//196 5366//195 5371//265
f 5367//196 5371//265 5372//201
f 5366//195 5368//197 5373//282
f 5366//195 5373//282 5371//265
f 5368//197 5276//105 5278//107
f 5368//197 5278//107 5373//282
f 962//18 5369//198 5374//203
f 962//18 5374//203 963//19
f 5369//198 5370//199 5375//204
f 5369//198 5375//204 5374//203
f 5372//201 5371//265 5376//205
f 5372//201 5376//205 5377//206
f 5371//265 5373//282 5378//207
f 5371//265 5378//207 5376//205
f 5373//282 5278//107 5280//109
f 5373//282 5280//109 5378//207
f 963//19 5374//203 5379//208
f 963//19 5379//208 964//20
f 5374//203 5375//204 5380//209
f 5374//203 5380//209 5379//208
f 5377//206 5376//205 5381//210
f 5377//206 5381//210 5382//211
f 5376//205 5378//207 5383//283
f 5376//205 5383//283 5381//210
f 5378//207 5280//109 5282//111
f 5378//207 5282//111 5383//283
f 964//20 5379//208 5384//213
f 964//20 5384//213 965//21
f 5379//208 5380//209 5385//214
f 5379//208 5385//214 5384//213
f 5382//211 5381//210 5386//215
f 5382//211 5386//215 5387//468
f 5381//210 5383//283 5388//217
f 5381//210 5388//217 5386//215
f 5383//283 5282//111 5284//113
f 5383//283 5284//113 5388//217
f 965//21 5384//213 5389//218
f 965//21 5389//218 966//22
f 5384//213 5385//214 5390//219
f 5384//213 5390//219 5389//218
f 5387//468 5386//215 5391//220
f 5387//468 5391//220 5392//221
f 5386//215 5388//217 5393//222
f 5386//215 5393//222 5391//220
f 5388//217 5284//113 5286//115
f 5388//217 5286//115 5393//222
f 966//22 5389//218 5292//121
f 966//22 5292//121 948//4
f 5389//218 5390//219 5294//123
f 5389//218 5294//123 5292//121
f 5392//221 5391//220 5298//254
f 5392//221 5298//254 5297//126
f 5391//220 5393//222 5300//129
f 5391//220 5300//129 5298//254
f 5393//222 5286//115 5288//117
f 5393//222 5288//117 5300//129
f 5394//432 5396//433 5395//434
f 5394//432 5397//435 5396//433
f 5398//225 5399//225 5400//226
f 5398//225 5400//226 5401//226
f 5402//285 5404//286 5403//285
f 5402//285 5405//287 5404//286
f 5406//426 5407//426 5408//289
f 5406//426 5408//289 5409//289
f 5410//290 5403//285 5411//291
f 5410//290 5402//285 5403//285
f 5412//292 5413//292 5407//426
f 5412//292 5407//426 5406//426
f 5398//225 5414//235 5415//235
f 5398//225 5415//235 5399//225
f 5414//235 5416//236 5417//237
f 5414//235 5417//237 5415//235
f 5418//293 5413//292 5412//292
f 5418//293 5412//292 5419//293
f 5410//290 5421//294 5420//295
f 5410//290 5411//291 5421//294
f 5422//271 5423//242 5424//242
f 5422//271 5424//242 5425//241
f 5423//242 5401//226 5400//226
f 5423//242 5400//226 5424//242
f 5408//289 5426//298 5427//298
f 5408//289 5427//298 5409//289
f 5426//438 5429//439 5428//439
f 5426//438 5430//440 5429//439
f 5428//439 5394//432 5395//434
f 5428//439 5429//439 5394//432
f 5396//433 5432//441 5431//441
f 5396//433 5397//435 5432//441
f 5431//441 5434//442 5433//443
f 5431//441 5432//441 5434//442
f 5433//300 5404//286 5405//287
f 5433//300 5435//301 5404//286
f 5436//78 5437//79 5438//80
f 5436//78 5438//80 5439//251
f 5437//79 5440//82 5441//83
f 5437//79 5441//83 5438//80
f 5440//82 5442//84 5443//85
f 5440//82 5443//85 5441//83
f 5442//84 5444//86 5445//87
f 5442//84 5445//87 5443//85
f 5444//86 5446//88 5447//89
f 5444//86 5447//89 5445//87
f 5446//88 5448//90 5449//469
f 5446//88 5449//469 5447//89
f 5448//90 5450//92 5451//93
f 5448//90 5451//93 5449//469
f 5450//92 5452//94 5453//95
f 5450//92 5453//95 5451//93
f 5452//94 5454//96 5455//97
f 5452//94 5455//97 5453//95
f 5454//96 5456//98 5457//99
f 5454//96 5457//99 5455//97
f 5456//98 5458//100 5459//273
f 5456//98 5459//273 5457//99
f 5458//100 5460//102 5461//103
f 5458//100 5461//103 5459//273
f 5460//102 5462//104 5463//105
f 5460//102 5463//105 5461//103
f 5462//104 5464//106 5465//107
f 5462//104 5465//107 5463//105
f 5464//106 5466//108 5467//109
f 5464//106 5467//109 5465//107
f 5466//108 5468//110 5469//111
f 5466//108 5469//111 5467//109
f 5468//110 5470//112 5471//274
f 5468//110 5471//274 5469//111
f 5470//112 5472//114 5473//115
f 5470//112 5473//115 5471//274
f 5472//114 5474//116 5475//117
f 5472//114 5475//117 5473//115
f 5474//116 5476//118 5477//119
f 5474//116 5477//119 5475//117
f 5478//120 988//2 990//4
f 5478//120 990//4 5479//121
f 5480//122 5478//120 5479//121
f 5480//122 5479//121 5481//275
f 5482//253 5483//125 5484//449
f 5482//253 5484//449 5485//127
f 5477//119 5486//128 5487//129
f 5477//119 5487//129 5475//117
f 5486//128 5482//253 5485//127
f 5486//128 5485//127 5487//129
f 988//2 5478//120 5488//130
f 988//2 5488//130 991//5
f 5478//120 5480//122 5489//457
f 5478//120 5489//457 5488//130
f 5490//132 5491//133 5492//134
f 5490//132 5492//134 5493//135
f 5491//133 5494//136 5495//137
f 5491//133 5495//137 5492//134
f 5494//136 5439//251 5438//80
f 5494//136 5438//80 5495//137
f 991//5 5488//130 5496//138
f 991//5 5496//138 992//6
f 5488//130 5489//457 5497//139
f 5488//130 5497//139 5496//138
f 5493//135 5492//134 5498//140
f 5493//135 5498//140 5499//141
f 5492//134 5495//137 5500//464
f 5492//134 5500//464 5498//140
f 5495//137 5438//80 5441//83
f 5495//137 5441//83 5500//464
f 992//6 5496//138 5501//143
f 992//6 5501//143 993//7
f 5496//138 5497//139 5502//144
f 5496//138 5502//144 5501//143
f 5499//141 5498//140 5503//145
f 5499//141 5503//145 5504//146
f 5498//140 5500//464 5505//147
f 5498//140 5505//147 5503//145
f 5500//464 5441//83 5443//85
f 5500//464 5443//85 5505//147
f 993//7 5501//143 5506//148
f 993//7 5506//148 994//23
f 5501//143 5502//144 5507//149
f 5501//143 5507//149 5506//148
f 5504//146 5503//145 5508//150
f 5504//146 5508//150 5509//151
f 5503//145 5505//147 5510//152
f 5503//145 5510//152 5508//150
f 5505//147 5443//85 5445//87
f 5505//147 5445//87 5510//152
f 994//23 5506//148 5511//153
f 994//23 5511//153 995//9
f 5506//148 5507//149 5512//154
f 5506//148 5512//154 5511//153
f 5509//151 5508//150 5513//155
f 5509//151 5513//155 5514//156
f 5508//150 5510//152 5515//157
f 5508//150 5515//157 5513//155
f 5510//152 5445//87 5447//89
f 5510//152 5447//89 5515//157
f 995//9 5511//153 5516//158
f 995//9 5516//158 996//10
f 5511//153 5512//154 5517//159
f 5511//153 5517//159 5516//158
f 5514//156 5513//155 5518//160
f 5514//156 5518//160 5519//161
f 5513//155 5515//157 5520//162
f 5513//155 5520//162 5518//160
f 5515//157 5447//89 5449//469
f 5515//157 5449//469 5520//162
f 996//10 5516//158 5521//163
f 996//10 5521//163 997//27
f 5516//158 5517//159 5522//164
f 5516//158 5522//164 5521//163
f 5519//161 5518//160 5523//165
f 5519//161 5523//165 5524//428
f 5518//160 5520//162 5525//278
f 5518//160 5525//278 5523//165
f 5520//162 5449//469 5451//93
f 5520//162 5451//93 5525//278
f 997//27 5521//163 5526//168
f 997//27 5526//168 998//12
f 5521//163 5522//164 5527//169
f 5521//163 5527//169 5526//168
f 5524//428 5523//165 5528//170
f 5524//428 5528//170 5529//171
f 5523//165 5525//278 5530//172
f 5523//165 5530//172 5528//170
f 5525//278 5451//93 5453//95
f 5525//278 5453//95 5530//172
f 998//12 5526//168 5531//173
f 998//12 5531//173 999//24
f 5526//168 5527//169 5532//174
f 5526//168 5532//174 5531//173
f 5529//171 5528//170 5533//429
f 5529//171 5533//429 5534//176
f 5528//170 5530//172 5535//177
f 5528//170 5535//177 5533//429
f 5530//172 5453//95 5455//97
f 5530//172 5455//97 5535//177
f 999//24 5531//173 5536//178
f 999//24 5536//178 1000//14
f 5531//173 5532//174 5537//179
f 5531//173 5537//179 5536//178
f 5534//176 5533//429 5538//180
f 5534//176 5538//180 5539//181
f 5533//429 5535//177 5540//182
f 5533//429 5540//182 5538//180
f 5535//177 5455//97 5457//99
f 5535//177 5457//99 5540//182
f 1000//14 5536//178 5541//183
f 1000//14 5541//183 1001//15
f 5536//178 5537//179 5542//280
f 5536//178 5542//280 5541//183
f 5539//181 5538//180 5543//185
f 5539//181 5543//185 5544//186
f 5538//180 5540//182 5545//187
f 5538//180 5545//187 5543//185
f 5540//182 5457//99 5459//273
f 5540//182 5459//273 5545//187
f 1001//15 5541//183 5546//188
f 1001//15 5546//188 1002//16
f 5541//183 5542//280 5547//189
f 5541//183 5547//189 5546//188
f 5544//186 5543//185 5548//262
f 5544//186 5548//262 5549//191
f 5543//185 5545//187 5550//557
f 5543//185 5550//557 5548//262
f 5545//187 5459//273 5461//103
f 5545//187 5461//103 5550//557
f 1002//16 5546//188 5551//193
f 1002//16 5551//193 1003//28
f 5546//188 5547//189 5552//263
f 5546//188 5552//263 5551//193
f 5549//191 5548//262 5553//195
f 5549//191 5553//195 5554//196
f 5548//262 5550//557 5555//197
f 5548//262 5555//197 5553//195
f 5550//557 5461//103 5463//105
f 5550//557 5463//105 5555//197
f 1003//28 5551//193 5556//198
f 1003//28 5556//198 1004//18
f 5551//193 5552//263 5557//199
f 5551//193 5557//199 5556//198
f 5554//196 5553//195 5558//200
f 5554//196 5558//200 5559//201
f 5553//195 5555//197 5560//282
f 5553//195 5560//282 5558//200
f 5555//197 5463//105 5465//107
f 5555//197 5465//107 5560//282
f 1004//18 5556//198 5561//203
f 1004//18 5561//203 1005//19
f 5556//198 5557//199 5562//267
f 5556//198 5562//267 5561//203
f 5559//201 5558//200 5563//205
f 5559//201 5563//205 5564//206
f 5558//200 5560//282 5565//268
f 5558//200 5565//268 5563//205
f 5560//282 5465//107 5467//109
f 5560//282 5467//109 5565//268
f 1005//19 5561//203 5566//208
f 1005//19 5566//208 1006//20
f 5561//203 5562//267 5567//209
f 5561//203 5567//209 5566//208
f 5564//206 5563//205 5568//210
f 5564//206 5568//210 5569//211
f 5563//205 5565//268 5570//283
f 5563//205 5570//283 5568//210
f 5565//268 5467//109 5469//111
f 5565//268 5469//111 5570//283
f 1006//20 5566//208 5571//213
f 1006//20 5571//213 1007//21
f 5566//208 5567//209 5572//214
f 5566//208 5572//214 5571//213
f 5569//211 5568//210 5573//215
f 5569//211 5573//215 5574//216
f 5568//210 5570//283 5575//217
f 5568//210 5575//217 5573//215
f 5570//283 5469//111 5471//274
f 5570//283 5471//274 5575//217
f 1007//21 5571//213 5576//218
f 1007//21 5576//218 1008//22
f 5571//213 5572//214 5577//219
f 5571//213 5577//219 5576//218
f 5574//216 5573//215 5578//558
f 5574//216 5578//558 5579//221
f 5573//215 5575//217 5580//222
f 5573//215 5580//222 5578//558
f 5575//217 5471//274 5473//115
f 5575//217 5473//115 5580//222
f 1008//22 5576//218 5479//121
f 1008//22 5479//121 990//4
f 5576//218 5577//219 5481//275
f 5576//218 5481//275 5479//121
f 5579//221 5578//558 5485//127
f 5579//221 5485//127 5484//449
f 5578//558 5580//222 5487//129
f 5578//558 5487//129 5485//127
f 5580//222 5473//115 5475//117
f 5580//222 5475//117 5487//129
f 5581//432 5583//433 5582//434
f 5581//432 5584//435 5583//433
f 5585//225 5586//225 5587//226
f 5585//225 5587//226 5588//226
f 5589//285 5591//286 5590//285
f 5589//285 5592//287 5591//286
f 5593//288 5594//288 5595//289
f 5593//288 5595//289 5596//289
f 5597//290 5590//285 5598//291
f 5597//290 5589//285 5590//285
f 5599//292 5600//292 5594//288
f 5599//292 5594//288 5593//288
f 5585//225 5601//235 5602//235
f 5585//225 5602//235 5586//225
f 5601//235 5603//473 5604//473
f 5601//235 5604//473 5602//235
f 5605//437 5600//292 5599//292
f 5605//437 5599//292 5606//293
f 5597//290 5608//294 5607//295
f 5597//290 5598//291 5608//294
f 5609//241 5610//242 5611//242
f 5609//241 5611//242 5612//241
f 5610//242 5588//226 5587//226
f 5610//242 5587//226 5611//242
f 5595//289 5613//298 5614//298
f 5595//289 5614//298 5596//289
f 5613//438 5616//439 5615//439
f 5613//438 5617//440 5616//439
f 5615//439 5581//432 5582//434
f 5615//439 5616//439 5581//432
f 5583//433 5619//441 5618//441
f 5583//433 5584//435 5619//441
f 5618//441 5621//456 5620//443
f 5618//441 5619//441 5621//456
f 5620//300 5591//286 5592//287
f 5620//300 5622//301 5591//286
f 5623//78 5624//79 5625//481
f 5623//78 5625//481 5626//303
f 5624//79 5627//82 5628//497
f 5624//79 5628//497 5625//481
f 5627//82 5629//84 5630//305
f 5627//82 5630//305 5628//497
f 5629//84 5631//86 5632//306
f 5629//84 5632//306 5630//305
f 5631//86 5633//88 5634//307
f 5631//86 5634//307 5632//306
f 5633//88 5635//90 5636//308
f 5633//88 5636//308 5634//307
f 5635//90 5637//92 5638//520
f 5635//90 5638//520 5636//308
f 5637//92 5639//94 5640//310
f 5637//92 5640//310 5638//520
f 5639//94 5641//96 5642//483
f 5639//94 5642//483 5640//310
f 5641//96 5643//98 5644//521
f 5641//96 5644//521 5642//483
f 5643//98 5645//100 5646//313
f 5643//98 5646//313 5644//521
f 5645//100 5647//102 5648//484
f 5645//100 5648//484 5646//313
f 5647//102 5649//104 5650//522
f 5647//102 5650//522 5648//484
f 5649//104 5651//106 5652//316
f 5649//104 5652//316 5650//522
f 5651//106 5653//108 5654//317
f 5651//106 5654//317 5652//316
f 5653//108 5655//110 5656//486
f 5653//108 5656//486 5654//317
f 5655//110 5657//112 5658//319
f 5655//110 5658//319 5656//486
f 5657//112 5659//114 5660//320
f 5657//112 5660//320 5658//319
f 5659//114 5661//116 5662//546
f 5659//114 5662//546 5660//320
f 5661//116 5663//118 5664//322
f 5661//116 5664//322 5662//546
f 5665//323 1030//57 1032//30
f 5665//323 1032//30 5666//324
f 5667//325 5665//323 5666//324
f 5667//325 5666//324 5668//326
f 5669//487 5670//328 5671//329
f 5669//487 5671//329 5672//330
f 5664//322 5673//331 5674//332
f 5664//322 5674//332 5662//546
f 5673//331 5669//487 5672//330
f 5673//331 5672//330 5674//332
f 1030//57 5665//323 5675//333
f 1030//57 5675//333 1033//31
f 5665//323 5667//325 5676//334
f 5665//323 5676//334 5675//333
f 5677//335 5678//336 5679//337
f 5677//335 5679//337 5680//525
f 5678//336 5681//339 5682//547
f 5678//336 5682//547 5679//337
f 5681//339 5626//303 5625//481
f 5681//339 5625//481 5682//547
f 1033//31 5675//333 5683//341
f 1033//31 5683//341 1034//32
f 5675//333 5676//334 5684//342
f 5675//333 5684//342 5683//341
f 5680//525 5679//337 5685//343
f 5680//525 5685//343 5686//344
f 5679//337 5682//547 5687//527
f 5679//337 5687//527 5685//343
f 5682//547 5625//481 5628//497
f 5682//547 5628//497 5687//527
f 1034//32 5683//341 5688//346
f 1034//32 5688//346 1035//33
f 5683//341 5684//342 5689//347
f 5683//341 5689//347 5688//346
f 5686//344 5685//343 5690//348
f 5686//344 5690//348 5691//559
f 5685//343 5687//527 5692//350
f 5685//343 5692//350 5690//348
f 5687//527 5628//497 5630//305
f 5687//527 5630//305 5692//350
f 1035//33 5688//346 5693//351
f 1035//33 5693//351 1036//53
f 5688//346 5689//347 5694//352
f 5688//346 5694//352 5693//351
f 5691//559 5690//348 5695//353
f 5691//559 5695//353 5696//354
f 5690//348 5692//350 5697//355
f 5690//348 5697//355 5695//353
f 5692//350 5630//305 5632//306
f 5692//350 5632//306 5697//355
f 1036//53 5693//351 5698//356
f 1036//53 5698//356 1037//76
f 5693//351 5694//352 5699//357
f 5693//351 5699//357 5698//356
f 5696//354 5695//353 5700//358
f 5696//354 5700//358 5701//560
f 5695//353 5697//355 5702//360
f 5695//353 5702//360 5700//358
f 5697//355 5632//306 5634//307
f 5697//355 5634//307 5702//360
f 1037//76 5698//356 5703//361
f 1037//76 5703//361 1038//36
f 5698//356 5699//357 5704//362
f 5698//356 5704//362 5703//361
f 5701//560 5700//358 5705//363
f 5701//560 5705//363 5706//364
f 5700//358 5702//360 5707//561
f 5700//358 5707//561 5705//363
f 5702//360 5634//307 5636//308
f 5702//360 5636//308 5707//561
f 1038//36 5703//361 5708//366
f 1038//36 5708//366 1039//37
f 5703//361 5704//362 5709//367
f 5703//361 5709//367 5708//366
f 5706//364 5705//363 5710//368
f 5706//364 5710//368 5711//369
f 5705//363 5707//561 5712//370
f 5705//363 5712//370 5710//368
f 5707//561 5636//308 5638//520
f 5707//561 5638//520 5712//370
f 1039//37 5708//366 5713//371
f 1039//37 5713//371 1040//38
f 5708//366 5709//367 5714//372
f 5708//366 5714//372 5713//371
f 5711//369 5710//368 5715//373
f 5711//369 5715//373 5716//374
f 5710//368 5712//370 5717//375
f 5710//368 5717//375 5715//373
f 5712//370 5638//520 5640//310
f 5712//370 5640//310 5717//375
f 1040//38 5713//371 5718//376
f 1040//38 5718//376 1041//39
f 5713//371 5714//372 5719//377
f 5713//371 5719//377 5718//376
f 5716//374 5715//373 5720//378
f 5716//374 5720//378 5721//379
f 5715//373 5717//375 5722//562
f 5715//373 5722//562 5720//378
f 5717//375 5640//310 5642//483
f 5717//375 5642//483 5722//562
f 1041//39 5718//376 5723//381
f 1041//39 5723//381 1042//40
f 5718//376 5719//377 5724//382
f 5718//376 5724//382 5723//381
f 5721//379 5720//378 5725//383
f 5721//379 5725//383 5726//384
f 5720//378 5722//562 5727//385
f 5720//378 5727//385 5725//383
f 5722//562 5642//483 5644//521
f 5722//562 5644//521 5727//385
f 1042//40 5723//381 5728//386
f 1042//40 5728//386 1043//41
f 5723//381 5724//382 5729//387
f 5723//381 5729//387 5728//386
f 5726//384 5725//383 5730//388
f 5726//384 5730//388 5731//389
f 5725//383 5727//385 5732//390
f 5725//383 5732//390 5730//388
f 5727//385 5644//521 5646//313
f 5727//385 5646//313 5732//390
f 1043//41 5728//386 5733//391
f 1043//41 5733//391 1044//62
f 5728//386 5729//387 5734//392
f 5728//386 5734//392 5733//391
f 5731//389 5730//388 5735//393
f 5731//389 5735//393 5736//394
f 5730//388 5732//390 5737//395
f 5730//388 5737//395 5735//393
f 5732//390 5646//313 5648//484
f 5732//390 5648//484 5737//395
f 1044//62 5733//391 5738//396
f 1044//62 5738//396 1045//43
f 5733//391 5734//392 5739//397
f 5733//391 5739//397 5738//396
f 5736//394 5735//393 5740//398
f 5736//394 5740//398 5741//399
f 5735//393 5737//395 5742//400
f 5735//393 5742//400 5740//398
f 5737//395 5648//484 5650//522
f 5737//395 5650//522 5742//400
f 1045//43 5738//396 5743//401
f 1045//43 5743//401 1046//55
f 5738//396 5739//397 5744//402
f 5738//396 5744//402 5743//401
f 5741//399 5740//398 5745//403
f 5741//399 5745//403 5746//404
f 5740//398 5742//400 5747//405
f 5740//398 5747//405 5745//403
f 5742//400 5650//522 5652//316
f 5742//400 5652//316 5747//405
f 1046//55 5743//401 5748//406
f 1046//55 5748//406 1047//45
f 5743//401 5744//402 5749//407
f 5743//401 5749//407 5748//406
f 5746//404 5745//403 5750//408
f 5746//404 5750//408 5751//495
f 5745//403 5747//405 5752//410
f 5745//403 5752//410 5750//408
f 5747//405 5652//316 5654//317
f 5747//405 5654//317 5752//410
f 1047//45 5748//406 5753//411
f 1047//45 5753//411 1048//46
f 5748//406 5749//407 5754//563
f 5748//406 5754//563 5753//411
f 5751//495 5750//408 5755//413
f 5751//495 5755//413 5756//414
f 5750//408 5752//410 5757//415
f 5750//408 5757//415 5755//413
f 5752//410 5654//317 5656//486
f 5752//410 5656//486 5757//415
f 1048//46 5753//411 5758//416
f 1048//46 5758//416 1049//47
f 5753//411 5754//563 5759//417
f 5753//411 5759//417 5758//416
f 5756//414 5755//413 5760//418
f 5756//414 5760//418 5761//509
f 5755//413 5757//415 5762//420
f 5755//413 5762//420 5760//418
f 5757//415 5656//486 5658//319
f 5757//415 5658//319 5762//420
f 1049//47 5758//416 5763//421
f 1049//47 5763//421 1050//48
f 5758//416 5759//417 5764//422
f 5758//416 5764//422 5763//421
f 5761//509 5760//418 5765//423
f 5761//509 5765//423 5766//424
f 5760//418 5762//420 5767//564
f 5760//418 5767//564 5765//423
f 5762//420 5658//319 5660//320
f 5762//420 5660//320 5767//564
f 1050//48 5763//421 5666//324
f 1050//48 5666//324 1032//30
f 5763//421 5764//422 5668//326
f 5763//421 5668//326 5666//324
f 5766//424 5765//423 5672//330
f 5766//424 5672//330 5671//329
f 5765//423 5767//564 5674//332
f 5765//423 5674//332 5672//330
f 5767//564 5660//320 5662//546
f 5767//564 5662//546 5674//332
f 5768//223 5769//223 5770//224
f 5768//223 5770//224 5771//224
f 5772//510 5774//511 5773//512
f 5772//510 5775//513 5774//511
f 5776//436 5777//227 5778//228
f 5776//436 5778//228 5779//228
f 5780//288 5781//426 5782//289
f 5780//288 5782//289 5783//289
f 5784//232 5785//232 5777//227
f 5784//232 5777//227 5776//436
f 5786//292 5787//292 5781//426
f 5786//292 5781//426 5780//288
f 5772//510 5789//514 5788//514
f 5772//510 5773//512 5789//514
f 5788//514 5791//515 5790//516
f 5788//514 5789//514 5791//515
f 5792//293 5787//292 5786//292
f 5792//293 5786//292 5793//293
f 5784//232 5794//240 5795//461
f 5784//232 5795//461 5785//232
f 5796//536 5798//518 5797//518
f 5796//536 5799//537 5798//518
f 5797//518 5774//511 5775//513
f 5797//518 5798//518 5774//511
f 5782//289 5800//298 5801//298
f 5782//289 5801//298 5783//289
f 5800//245 5802//246 5803//246
f 5800//245 5803//246 5804//245
f 5802//246 5769//223 5768//223
f 5802//246 5768//223 5803//246
f 5770//224 5805//247 5806//247
f 5770//224 5806//247 5771//224
f 5805//247 5807//248 5808//248
f 5805//247 5808//248 5806//247
f 5807//250 5779//228 5778//228
f 5807//250 5778//228 5809//250
f 5810//78 5811//79 5812//302
f 5810//78 5812//302 5813//303
f 5811//79 5814//82 5815//497
f 5811//79 5815//497 5812//302
f 5814//82 5816//84 5817//305
f 5814//82 5817//305 5815//497
f 5816//84 5818//86 5819//306
f 5816//84 5819//306 5817//305
f 5818//86 5820//88 5821//307
f 5818//86 5821//307 5819//306
f 5820//88 5822//90 5823//308
f 5820//88 5823//308 5821//307
f 5822//90 5824//92 5825//520
f 5822//90 5825//520 5823//308
f 5824//92 5826//94 5827//310
f 5824//92 5827//310 5825//520
f 5826//94 5828//96 5829//483
f 5826//94 5829//483 5827//310
f 5828//96 5830//98 5831//521
f 5828//96 5831//521 5829//483
f 5830//98 5832//100 5833//313
f 5830//98 5833//313 5831//521
f 5832//100 5834//102 5835//484
f 5832//100 5835//484 5833//313
f 5834//102 5836//104 5837//315
f 5834//102 5837//315 5835//484
f 5836//104 5838//106 5839//316
f 5836//104 5839//316 5837//315
f 5838//106 5840//108 5841//317
f 5838//106 5841//317 5839//316
f 5840//108 5842//110 5843//318
f 5840//108 5843//318 5841//317
f 5842//110 5844//112 5845//319
f 5842//110 5845//319 5843//318
f 5844//112 5846//114 5847//524
f 5844//112 5847//524 5845//319
f 5846//114 5848//116 5849//546
f 5846//114 5849//546 5847//524
f 5848//116 5850//118 5851//322
f 5848//116 5851//322 5849//546
f 5852//323 1072//29 1074//30
f 5852//323 1074//30 5853//324
f 5854//325 5852//323 5853//324
f 5854//325 5853//324 5855//326
f 5856//487 5857//328 5858//329
f 5856//487 5858//329 5859//330
f 5851//322 5860//331 5861//332
f 5851//322 5861//332 5849//546
f 5860//331 5856//487 5859//330
f 5860//331 5859//330 5861//332
f 1072//29 5852//323 5862//333
f 1072//29 5862//333 1075//31
f 5852//323 5854//325 5863//334
f 5852//323 5863//334 5862//333
f 5864//335 5865//336 5866//337
f 5864//335 5866//337 5867//338
f 5865//336 5868//339 5869//526
f 5865//336 5869//526 5866//337
f 5868//339 5813//303 5812//302
f 5868//339 5812//302 5869//526
f 1075//31 5862//333 5870//341
f 1075//31 5870//341 1076//32
f 5862//333 5863//334 5871//342
f 5862//333 5871//342 5870//341
f 5867//338 5866//337 5872//343
f 5867//338 5872//343 5873//344
f 5866//337 5869//526 5874//565
f 5866//337 5874//565 5872//343
f 5869//526 5812//302 5815//497
f 5869//526 5815//497 5874//565
f 1076//32 5870//341 5875//346
f 1076//32 5875//346 1077//33
f 5870//341 5871//342 5876//347
f 5870//341 5876//347 5875//346
f 5873//344 5872//343 5877//348
f 5873//344 5877//348 5878//566
f 5872//343 5874//565 5879//350
f 5872//343 5879//350 5877//348
f 5874//565 5815//497 5817//305
f 5874//565 5817//305 5879//350
f 1077//33 5875//346 5880//351
f 1077//33 5880//351 1078//34
f 5875//346 5876//347 5881//352
f 5875//346 5881//352 5880//351
f 5878//566 5877//348 5882//353
f 5878//566 5882//353 5883//354
f 5877//348 5879//350 5884//355
f 5877//348 5884//355 5882//353
f 5879//350 5817//305 5819//306
f 5879//350 5819//306 5884//355
f 1078//34 5880//351 5885//356
f 1078//34 5885//356 1079//35
f 5880//351 5881//352 5886//357
f 5880//351 5886//357 5885//356
f 5883//354 5882//353 5887//358
f 5883//354 5887//358 5888//359
f 5882//353 5884//355 5889//360
f 5882//353 5889//360 5887//358
f 5884//355 5819//306 5821//307
f 5884//355 5821//307 5889//360
f 1079//35 5885//356 5890//361
f 1079//35 5890//361 1080//77
f 5885//356 5886//357 5891//362
f 5885//356 5891//362 5890//361
f 5888//359 5887//358 5892//363
f 5888//359 5892//363 5893//364
f 5887//358 5889//360 5894//365
f 5887//358 5894//365 5892//363
f 5889//360 5821//307 5823//308
f 5889//360 5823//308 5894//365
f 1080//77 5890//361 5895//366
f 1080//77 5895//366 1081//37
f 5890//361 5891//362 5896//367
f 5890//361 5896//367 5895//366
f 5893//364 5892//363 5897//368
f 5893//364 5897//368 5898//369
f 5892//363 5894//365 5899//370
f 5892//363 5899//370 5897//368
f 5894//365 5823//308 5825//520
f 5894//365 5825//520 5899//370
f 1081//37 5895//366 5900//371
f 1081//37 5900//371 1082//38
f 5895//366 5896//367 5901//372
f 5895//366 5901//372 5900//371
f 5898//369 5897//368 5902//373
f 5898//369 5902//373 5903//374
f 5897//368 5899//370 5904//375
f 5897//368 5904//375 5902//373
f 5899//370 5825//520 5827//310
f 5899//370 5827//310 5904//375
f 1082//38 5900//371 5905//376
f 1082//38 5905//376 1083//39
f 5900//371 5901//372 5906//377
f 5900//371 5906//377 5905//376
f 5903//374 5902//373 5907//378
f 5903//374 5907//378 5908//379
f 5902//373 5904//375 5909//494
f 5902//373 5909//494 5907//378
f 5904//375 5827//310 5829//483
f 5904//375 5829//483 5909//494
f 1083//39 5905//376 5910//381
f 1083//39 5910//381 1084//40
f 5905//376 5906//377 5911//382
f 5905//376 5911//382 5910//381
f 5908//379 5907//378 5912//383
f 5908//379 5912//383 5913//384
f 5907//378 5909//494 5914//385
f 5907//378 5914//385 5912//383
f 5909//494 5829//483 5831//521
f 5909//494 5831//521 5914//385
f 1084//40 5910//381 5915//386
f 1084//40 5915//386 1085//41
f 5910//381 5911//382 5916//387
f 5910//381 5916//387 5915//386
f 5913//384 5912//383 5917//388
f 5913//384 5917//388 5918//389
f 5912//383 5914//385 5919//390
f 5912//383 5919//390 5917//388
f 5914//385 5831//521 5833//313
f 5914//385 5833//313 5919//390
f 1085//41 5915//386 5920//391
f 1085//41 5920//391 1086//62
f 5915//386 5916//387 5921//392
f 5915//386 5921//392 5920//391
f 5918//389 5917//388 5922//393
f 5918//389 5922//393 5923//394
f 5917//388 5919//390 5924//567
f 5917//388 5924//567 5922//393
f 5919//390 5833//313 5835//484
f 5919//390 5835//484 5924//567
f 1086//62 5920//391 5925//396
f 1086//62 5925//396 1087//43
f 5920//391 5921//392 5926//397
f 5920//391 5926//397 5925//396
f 5923//394 5922//393 5927//398
f 5923//394 5927//398 5928//399
f 5922//393 5924//567 5929//400
f 5922//393 5929//400 5927//398
f 5924//567 5835//484 5837//315
f 5924//567 5837//315 5929//400
f 1087//43 5925//396 5930//401
f 1087//43 5930//401 1088//55
f 5925//396 5926//397 5931//402
f 5925//396 5931//402 5930//401
f 5928//399 5927//398 5932//403
f 5928//399 5932//403 5933//404
f 5927//398 5929//400 5934//405
f 5927//398 5934//405 5932//403
f 5929//400 5837//315 5839//316
f 5929//400 5839//316 5934//405
f 1088//55 5930//401 5935//406
f 1088//55 5935//406 1089//45
f 5930//401 5931//402 5936//407
f 5930//401 5936//407 5935//406
f 5933//404 5932//403 5937//408
f 5933//404 5937//408 5938//409
f 5932//403 5934//405 5939//410
f 5932//403 5939//410 5937//408
f 5934//405 5839//316 5841//317
f 5934//405 5841//317 5939//410
f 1089//45 5935//406 5940//411
f 1089//45 5940//411 1090//46
f 5935//406 5936//407 5941//412
f 5935//406 5941//412 5940//411
f 5938//409 5937//408 5942//413
f 5938//409 5942//413 5943//414
f 5937//408 5939//410 5944//415
f 5937//408 5944//415 5942//413
f 5939//410 5841//317 5843//318
f 5939//410 5843//318 5944//415
f 1090//46 5940//411 5945//416
f 1090//46 5945//416 1091//47
f 5940//411 5941//412 5946//417
f 5940//411 5946//417 5945//416
f 5943//414 5942//413 5947//418
f 5943//414 5947//418 5948//419
f 5942//413 5944//415 5949//420
f 5942//413 5949//420 5947//418
f 5944//415 5843//318 5845//319
f 5944//415 5845//319 5949//420
f 1091//47 5945//416 5950//421
f 1091//47 5950//421 1092//48
f 5945//416 5946//417 5951//422
f 5945//416 5951//422 5950//421
f 5948//419 5947//418 5952//423
f 5948//419 5952//423 5953//424
f 5947//418 5949//420 5954//425
f 5947//418 5954//425 5952//423
f 5949//420 5845//319 5847//524
f 5949//420 5847//524 5954//425
f 1092//48 5950//421 5853//324
f 1092//48 5853//324 1074//30
f 5950//421 5951//422 5855//326
f 5950//421 5855//326 5853//324
f 5953//424 5952//423 5859//330
f 5953//424 5859//330 5858//329
f 5952//423 5954//425 5861//332
f 5952//423 5861//332 5859//330
f 5954//425 5847//524 5849//546
f 5954//425 5849//546 5861//332
f 5955//223 5956//223 5957//224
f 5955//223 5957//224 5958//224
f 5959//225 5960//225 5961//226
f 5959//225 5961//226 5962//226
f 5963//436 5964//227 5965//228
f 5963//436 5965//228 5966//228
f 5967//229 5969//230 5968//229
f 5967//229 5970//231 5969//230
f 5971//232 5972//232 5964//227
f 5971//232 5964//227 5963//436
f 5973//233 5968//229 5974//234
f 5973//233 5967//229 5968//229
f 5959//225 5975//235 5976//235
f 5959//225 5976//235 5960//225
f 5975//235 5977//236 5978//237
f 5975//235 5978//237 5976//235
f 5979//238 5973//233 5974//234
f 5979//238 5980//239 5973//233
f 5971//232 5981//240 5982//461
f 5971//232 5982//461 5972//232
f 5983//241 5984//242 5985//242
f 5983//241 5985//242 5986//241
f 5984//242 5962//226 5961//226
f 5984//242 5961//226 5985//242
f 5969//230 5988//243 5987//244
f 5969//230 5970//231 5988//243
f 5987//245 5989//246 5990//246
f 5987//245 5990//246 5991//245
f 5989//246 5956//223 5955//223
f 5989//246 5955//223 5990//246
f 5957//224 5992//247 5993//247
f 5957//224 5993//247 5958//224
f 5992//247 5994//248 5995//248
f 5992//247 5995//248 5993//247
f 5994//272 5966//228 5965//228
f 5994//272 5965//228 5996//250
f 5997//78 5998//79 5999//302
f 5997//78 5999//302 6000//303
f 5998//79 6001//82 6002//304
f 5998//79 6002//304 5999//302
f 6001//82 6003//84 6004//305
f 6001//82 6004//305 6002//304
f 6003//84 6005//86 6006//306
f 6003//84 6006//306 6004//305
f 6005//86 6007//88 6008//307
f 6005//86 6008//307 6006//306
f 6007//88 6009//90 6010//308
f 6007//88 6010//308 6008//307
f 6009//90 6011//92 6012//520
f 6009//90 6012//520 6010//308
f 6011//92 6013//94 6014//310
f 6011//92 6014//310 6012//520
f 6013//94 6015//96 6016//483
f 6013//94 6016//483 6014//310
f 6015//96 6017//98 6018//521
f 6015//96 6018//521 6016//483
f 6017//98 6019//100 6020//313
f 6017//98 6020//313 6018//521
f 6019//100 6021//102 6022//484
f 6019//100 6022//484 6020//313
f 6021//102 6023//104 6024//522
f 6021//102 6024//522 6022//484
f 6023//104 6025//106 6026//485
f 6023//104 6026//485 6024//522
f 6025//106 6027//108 6028//523
f 6025//106 6028//523 6026//485
f 6027//108 6029//110 6030//318
f 6027//108 6030//318 6028//523
f 6029//110 6031//112 6032//319
f 6029//110 6032//319 6030//318
f 6031//112 6033//114 6034//320
f 6031//112 6034//320 6032//319
f 6033//114 6035//116 6036//546
f 6033//114 6036//546 6034//320
f 6035//116 6037//118 6038//322
f 6035//116 6038//322 6036//546
f 6039//323 1114//57 1116//30
f 6039//323 1116//30 6040//324
f 6041//325 6039//323 6040//324
f 6041//325 6040//324 6042//326
f 6043//487 6044//328 6045//329
f 6043//487 6045//329 6046//330
f 6038//322 6047//488 6048//489
f 6038//322 6048//489 6036//546
f 6047//488 6043//487 6046//330
f 6047//488 6046//330 6048//489
f 1114//57 6039//323 6049//333
f 1114//57 6049//333 1117//68
f 6039//323 6041//325 6050//334
f 6039//323 6050//334 6049//333
f 6051//335 6052//336 6053//337
f 6051//335 6053//337 6054//338
f 6052//336 6055//339 6056//526
f 6052//336 6056//526 6053//337
f 6055//339 6000//303 5999//302
f 6055//339 5999//302 6056//526
f 1117//68 6049//333 6057//341
f 1117//68 6057//341 1118//32
f 6049//333 6050//334 6058//342
f 6049//333 6058//342 6057//341
f 6054//338 6053//337 6059//343
f 6054//338 6059//343 6060//344
f 6053//337 6056//526 6061//345
f 6053//337 6061//345 6059//343
f 6056//526 5999//302 6002//304
f 6056//526 6002//304 6061//345
f 1118//32 6057//341 6062//346
f 1118//32 6062//346 1119//33
f 6057//341 6058//342 6063//347
f 6057//341 6063//347 6062//346
f 6060//344 6059//343 6064//348
f 6060//344 6064//348 6065//349
f 6059//343 6061//345 6066//350
f 6059//343 6066//350 6064//348
f 6061//345 6002//304 6004//305
f 6061//345 6004//305 6066//350
f 1119//33 6062//346 6067//351
f 1119//33 6067//351 1120//53
f 6062//346 6063//347 6068//352
f 6062//346 6068//352 6067//351
f 6065//349 6064//348 6069//353
f 6065//349 6069//353 6070//354
f 6064//348 6066//350 6071//355
f 6064//348 6071//355 6069//353
f 6066//350 6004//305 6006//306
f 6066//350 6006//306 6071//355
f 1120//53 6067//351 6072//356
f 1120//53 6072//356 1121//35
f 6067//351 6068//352 6073//357
f 6067//351 6073//357 6072//356
f 6070//354 6069//353 6074//358
f 6070//354 6074//358 6075//359
f 6069//353 6071//355 6076//360
f 6069//353 6076//360 6074//358
f 6071//355 6006//306 6008//307
f 6071//355 6008//307 6076//360
f 1121//35 6072//356 6077//361
f 1121//35 6077//361 1122//71
f 6072//356 6073//357 6078//362
f 6072//356 6078//362 6077//361
f 6075//359 6074//358 6079//363
f 6075//359 6079//363 6080//364
f 6074//358 6076//360 6081//365
f 6074//358 6081//365 6079//363
f 6076//360 6008//307 6010//308
f 6076//360 6010//308 6081//365
f 1122//71 6077//361 6082//366
f 1122//71 6082//366 1123//37
f 6077//361 6078//362 6083//367
f 6077//361 6083//367 6082//366
f 6080//364 6079//363 6084//368
f 6080//364 6084//368 6085//369
f 6079//363 6081//365 6086//493
f 6079//363 6086//493 6084//368
f 6081//365 6010//308 6012//520
f 6081//365 6012//520 6086//493
f 1123//37 6082//366 6087//371
f 1123//37 6087//371 1124//38
f 6082//366 6083//367 6088//372
f 6082//366 6088//372 6087//371
f 6085//369 6084//368 6089//373
f 6085//369 6089//373 6090//374
f 6084//368 6086//493 6091//375
f 6084//368 6091//375 6089//373
f 6086//493 6012//520 6014//310
f 6086//493 6014//310 6091//375
f 1124//38 6087//371 6092//376
f 1124//38 6092//376 1125//39
f 6087//371 6088//372 6093//377
f 6087//371 6093//377 6092//376
f 6090//374 6089//373 6094//378
f 6090//374 6094//378 6095//379
f 6089//373 6091//375 6096//380
f 6089//373 6096//380 6094//378
f 6091//375 6014//310 6016//483
f 6091//375 6016//483 6096//380
f 1125//39 6092//376 6097//381
f 1125//39 6097//381 1126//40
f 6092//376 6093//377 6098//382
f 6092//376 6098//382 6097//381
f 6095//379 6094//378 6099//383
f 6095//379 6099//383 6100//384
f 6094//378 6096//380 6101//568
f 6094//378 6101//568 6099//383
f 6096//380 6016//483 6018//521
f 6096//380 6018//521 6101//568
f 1126//40 6097//381 6102//386
f 1126//40 6102//386 1127//41
f 6097//381 6098//382 6103//387
f 6097//381 6103//387 6102//386
f 6100//384 6099//383 6104//388
f 6100//384 6104//388 6105//389
f 6099//383 6101//568 6106//390
f 6099//383 6106//390 6104//388
f 6101//568 6018//521 6020//313
f 6101//568 6020//313 6106//390
f 1127//41 6102//386 6107//391
f 1127//41 6107//391 1128//62
f 6102//386 6103//387 6108//392
f 6102//386 6108//392 6107//391
f 6105//389 6104//388 6109//393
f 6105//389 6109//393 6110//394
f 6104//388 6106//390 6111//395
f 6104//388 6111//395 6109//393
f 6106//390 6020//313 6022//484
f 6106//390 6022//484 6111//395
f 1128//62 6107//391 6112//396
f 1128//62 6112//396 1129//43
f 6107//391 6108//392 6113//397
f 6107//391 6113//397 6112//396
f 6110//394 6109//393 6114//398
f 6110//394 6114//398 6115//399
f 6109//393 6111//395 6116//400
f 6109//393 6116//400 6114//398
f 6111//395 6022//484 6024//522
f 6111//395 6024//522 6116//400
f 1129//43 6112//396 6117//401
f 1129//43 6117//401 1130//55
f 6112//396 6113//397 6118//402
f 6112//396 6118//402 6117//401
f 6115//399 6114//398 6119//403
f 6115//399 6119//403 6120//569
f 6114//398 6116//400 6121//405
f 6114//398 6121//405 6119//403
f 6116//400 6024//522 6026//485
f 6116//400 6026//485 6121//405
f 1130//55 6117//401 6122//406
f 1130//55 6122//406 1131//45
f 6117//401 6118//402 6123//407
f 6117//401 6123//407 6122//406
f 6120//569 6119//403 6124//408
f 6120//569 6124//408 6125//495
f 6119//403 6121//405 6126//410
f 6119//403 6126//410 6124//408
f 6121//405 6026//485 6028//523
f 6121//405 6028//523 6126//410
f 1131//45 6122//406 6127//411
f 1131//45 6127//411 1132//46
f 6122//406 6123//407 6128//412
f 6122//406 6128//412 6127//411
f 6125//495 6124//408 6129//413
f 6125//495 6129//413 6130//414
f 6124//408 6126//410 6131//415
f 6124//408 6131//415 6129//413
f 6126//410 6028//523 6030//318
f 6126//410 6030//318 6131//415
f 1132//46 6127//411 6132//416
f 1132//46 6132//416 1133//47
f 6127//411 6128//412 6133//417
f 6127//411 6133//417 6132//416
f 6130//414 6129//413 6134//418
f 6130//414 6134//418 6135//509
f 6129//413 6131//415 6136//420
f 6129//413 6136//420 6134//418
f 6131//415 6030//318 6032//319
f 6131//415 6032//319 6136//420
f 1133//47 6132//416 6137//421
f 1133//47 6137//421 1134//48
f 6132//416 6133//417 6138//422
f 6132//416 6138//422 6137//421
f 6135//509 6134//418 6139//423
f 6135//509 6139//423 6140//424
f 6134//418 6136//420 6141//425
f 6134//418 6141//425 6139//423
f 6136//420 6032//319 6034//320
f 6136//420 6034//320 6141//425
f 1134//48 6137//421 6040//324
f 1134//48 6040//324 1116//30
f 6137//421 6138//422 6042//326
f 6137//421 6042//326 6040//324
f 6140//424 6139//423 6046//330
f 6140//424 6046//330 6045//329
f 6139//423 6141//425 6048//489
f 6139//423 6048//489 6046//330
f 6141//425 6034//320 6036//546
f 6141//425 6036//546 6048//489
f 6142//223 6143//223 6144//224
f 6142//223 6144//224 6145//224
f 6146//510 6148//511 6147//512
f 6146//510 6149//513 6148//511
f 6150//436 6151//227 6152//228
f 6150//436 6152//228 6153//228
f 6154//288 6155//426 6156//289
f 6154//288 6156//289 6157//289
f 6158//232 6159//232 6151//227
f 6158//232 6151//227 6150//436
f 6160//292 6161//292 6155//426
f 6160//292 6155//426 6154//288
f 6146//510 6163//514 6162//514
f 6146//510 6147//512 6163//514
f 6162//514 6165//515 6164//516
f 6162//514 6163//514 6165//515
f 6166//437 6161//292 6160//292
f 6166//437 6160//292 6167//293
f 6158//232 6168//240 6169//461
f 6158//232 6169//461 6159//232
f 6170//536 6172//518 6171//518
f 6170//536 6173//537 6172//518
f 6171//518 6148//511 6149//513
f 6171//518 6172//518 6148//511
f 6156//289 6174//298 6175//298
f 6156//289 6175//298 6157//289
f 6174//476 6176//246 6177//246
f 6174//476 6177//246 6178//245
f 6176//246 6143//223 6142//223
f 6176//246 6142//223 6177//246
f 6144//224 6179//247 6180//247
f 6144//224 6180//247 6145//224
f 6179//247 6181//248 6182//248
f 6179//247 6182//248 6180//247
f 6181//250 6153//228 6152//228
f 6181//250 6152//228 6183//250
f 6190//570 6188//570 6189//570
f 6188//570 6190//570 6191//570
f 6188//570 6191//570 6187//570
f 6187//570 6191//570 6192//570
f 6187//570 6192//570 6193//570
f 6187//570 6193//570 6184//570
f 6187//570 6184//570 6185//570
f 6187//570 6185//570 6186//570
f 6198//570 6197//570 6196//570
f 6196//570 6195//570 6198//570
f 6195//570 6199//570 6198//570
f 6195//570 6194//570 6199//570
f 6194//570 6203//570 6199//570
f 6203//570 6202//570 6199//570
f 6202//570 6201//570 6199//570
f 6201//570 6200//570 6199//570
f 6187//570 6207//570 6188//570
f 6207//570 6187//570 6206//570
f 6206//570 6187//570 6205//570
f 6205//570 6187//570 6204//570
f 6204//570 6187//570 6211//570
f 6211//570 6187//570 6210//570
f 6210//570 6187//570 6209//570
f 6209//570 6187//570 6208//570
f 6213//570 6198//570 6199//570
f 6199//570 6214//570 6213//570
f 6199//570 6215//570 6214//570
f 6199//570 6216//570 6215//570
f 6199//570 6217//570 6216//570
f 6199//570 6218//570 6217//570
f 6199//570 6219//570 6218//570
f 6199//570 6212//570 6219//570
f 6226//570 6224//570 6225//570
f 6224//570 6226//570 6227//570
f 6224//570 6227//570 6223//570
f 6223//570 6227//570 6228//570
f 6223//570 6228//570 6229//570
f 6223//570 6229//570 6220//570
f 6223//570 6220//570 6221//570
f 6223//570 6221//570 6222//570
f 6234//570 6233//570 6232//570
f 6232//570 6231//570 6234//570
f 6231//570 6235//570 6234//570
f 6231//570 6230//570 6235//570
f 6230//570 6239//570 6235//570
f 6239//570 6238//570 6235//570
f 6238//570 6237//570 6235//570
f 6237//570 6236//570 6235//570
f 6223//570 6243//570 6224//570
f 6243//570 6223//570 6242//570
f 6242//570 6223//570 6241//570
f 6241//570 6223//570 6240//570
f 6240//570 6223//570 6247//570
f 6247//570 6223//570 6246//570
f 6246//570 6223//570 6245//570
f 6245//570 6223//570 6244//570
f 6249//570 6234//570 6235//570
f 6235//570 6250//570 6249//570
f 6235//570 6251//570 6250//570
f 6235//570 6252//570 6251//570
f 6235//570 6253//570 6252//570
f 6235//570 6254//570 6253//570
f 6235//570 6255//570 6254//570
f 6235//570 6248//570 6255//570
f 6262//570 6260//570 6261//570
f 6260//570 6262//570 6263//570
f 6260//570 6263//570 6259//570
f 6259//570 6263//570 6264//570
f 6259//570 6264//570 6265//570
f 6259//570 6265//570 6256//570
f 6259//570 6256//570 6257//570
f 6259//570 6257//570 6258//570
f 6270//570 6269//570 6268//570
f 6268//570 6267//570 6270//570
f 6267//570 6271//570 6270//570
f 6267//570 6266//570 6271//570
f 6266//570 6275//570 6271//570
f 6275//570 6274//570 6271//570
f 6274//570 6273//570 6271//570
f 6273//570 6272//570 6271//570
f 6259//570 6279//570 6260//570
f 6279//570 6259//570 6278//570
f 6278//570 6259//570 6277//570
f 6277//570 6259//570 6276//570
f 6276//570 6259//570 6283//570
f 6283//570 6259//570 6282//570
f 6282//570 6259//570 6281//570
f 6281//570 6259//570 6280//570
f 6285//570 6270//570 6271//570
f 6271//570 6286//570 6285//570
f 6271//570 6287//570 6286//570
f 6271//570 6288//570 6287//570
f 6271//570 6289//570 6288//570
f 6271//570 6290//570 6289//570
f 6271//570 6291//570 6290//570
f 6271//570 6284//570 6291//570
f 6298//570 6296//570 6297//570
f 6296//570 6298//570 6299//570
f 6296//570 6299//570 6295//570
f 6295//570 6299//570 6300//570
f 6295//570 6300//570 6301//570
f 6295//570 6301//570 6292//570
f 6295//570 6292//570 6293//570
f 6295//570 6293//570 6294//570
f 6306//570 6305//570 6304//570
f 6304//570 6303//570 6306//570
f 6303//570 6307//570 6306//570
f 6303//570 6302//570 6307//570
f 6302//570 6311//570 6307//570
f 6311//570 6310//570 6307//570
f 6310//570 6309//570 6307//570
f 6309//570 6308//570 6307//570
f 6295//570 6315//570 6296//570
f 6315//570 6295//570 6314//570
f 6314//570 6295//570 6313//570
f 6313//570 6295//570 6312//570
f 6312//570 6295//570 6319//570
f 6319//570 6295//570 6318//570
f 6318//570 6295//570 6317//570
f 6317//570 6295//570 6316//570
f 6321//570 6306//570 6307//570
f 6307//570 6322//570 6321//570
f 6307//570 6323//570 6322//570
f 6307//570 6324//570 6323//570
f 6307//570 6325//570 6324//570
f 6307//570 6326//570 6325//570
f 6307//570 6327//570 6326//570
f 6307//570 6320//570 6327//570
f 6334//570 6332//570 6333//570
f 6332//570 6334//570 6335//570
f 6332//570 6335//570 6331//570
f 6331//570 6335//570 6336//570
f 6331//570 6336//570 6337//570
f 6331//570 6337//570 6328//570
f 6331//570 6328//570 6329//570
f 6331//570 6329//570 6330//570
f 6342//570 6341//570 6340//570
f 6340//570 6339//570 6342//570
f 6339//570 6343//570 6342//570
f 6339//570 6338//570 6343//570
f 6338//570 6347//570 6343//570
f 6347//570 6346//570 6343//570
f 6346//570 6345//570 6343//570
f 6345//570 6344//570 6343//570
f 6331//570 6351//570 6332//570
f 6351//570 6331//570 6350//570
f 6350//570 6331//570 6349//570
f 6349//570 6331//570 6348//570
f 6348//570 6331//570 6355//570
f 6355//570 6331//570 6354//570
f 6354//570 6331//570 6353//570
f 6353//570 6331//570 6352//570
f 6357//570 6342//570 6343//570
f 6343//570 6358//570 6357//570
f 6343//570 6359//570 6358//570
f 6343//570 6360//570 6359//570
f 6343//570 6361//570 6360//570
f 6343//570 6362//570 6361//570
f 6343//570 6363//570 6362//570
f 6343//570 6356//570 6363//570
f 6370//570 6368//570 6369//570
f 6368//570 6370//570 6371//570
f 6368//570 6371//570 6367//570
f 6367//570 6371//570 6372//570
f 6367//570 6372//570 6373//570
f 6367//570 6373//570 6364//570
f 6367//570 6364//570 6365//570
f 6367//570 6365//570 6366//570
f 6378//570 6377//570 6376//570
f 6376//570 6375//570 6378//570
f 6375//570 6379//570 6378//570
f 6375//570 6374//570 6379//570
f 6374//570 6383//570 6379//570
f 6383//570 6382//570 6379//570
f 6382//570 6381//570 6379//570
f 6381//570 6380//570 6379//570
f 6367//570 6387//570 6368//570
f 6387//570 6367//570 6386//570
f 6386//570 6367//570 6385//570
f 6385//570 6367//570 6384//570
f 6384//570 6367//570 6391//570
f 6391//570 6367//570 6390//570
f 6390//570 6367//570 6389//570
f 6389//570 6367//570 6388//570
f 6393//570 6378//570 6379//570
f 6379//570 6394//570 6393//570
f 6379//570 6395//570 6394//570
f 6379//570 6396//570 6395//570
f 6379//570 6397//570 6396//570
f 6379//570 6398//570 6397//570
f 6379//570 6399//570 6398//570
f 6379//570 6392//570 6399//570
f 6406//570 6404//570 6405//570
f 6404//570 6406//570 6407//570
f 6404//570 6407//570 6403//570
f 6403//570 6407//570 6408//570
f 6403//570 6408//570 6409//570
f 6403//570 6409//570 6400//570
f 6403//570 6400//570 6401//570
f 6403//570 6401//570 6402//570
f 6414//570 6413//570 6412//570
f 6412//570 6411//570 6414//570
f 6411//570 6415//570 6414//570
f 6411//570 6410//570 6415//570
f 6410//570 6419//570 6415//570
f 6419//570 6418//570 6415//570
f 6418//570 6417//570 6415//570
f 6417//570 6416//570 6415//570
f 6403//570 6423//570 6404//570
f 6423//570 6403//570 6422//570
f 6422//570 6403//570 6421//570
f 6421//570 6403//570 6420//570
f 6420//570 6403//570 6427//570
f 6427//570 6403//570 6426//570
f 6426//570 6403//570 6425//570
f 6425//570 6403//570 6424//570
f 6429//570 6414//570 6415//570
f 6415//570 6430//570 6429//570
f 6415//570 6431//570 6430//570
f 6415//570 6432//570 6431//570
f 6415//570 6433//570 6432//570
f 6415//570 6434//570 6433//570
f 6415//570 6435//570 6434//570
f 6415//570 6428//570 6435//570
f 6442//570 6440//570 6441//570
f 6440//570 6442//570 6443//570
f 6440//570 6443//570 6439//570
f 6439//570 6443//570 6444//570
f 6439//570 6444//570 6445//570
f 6439//570 6445//570 6436//570
f 6439//570 6436//570 6437//570
f 6439//570 6437//570 6438//570
f 6450//570 6449//570 6448//570
f 6448//570 6447//570 6450//570
f 6447//570 6451//570 6450//570
f 6447//570 6446//570 6451//570
f 6446//570 6455//570 6451//570
f 6455//570 6454//570 6451//570
f 6454//570 6453//570 6451//570
f 6453//570 6452//570 6451//570
f 6439//570 6459//570 6440//570
f 6459//570 6439//570 6458//570
f 6458//570 6439//570 6457//570
f 6457//570 6439//570 6456//570
f 6456//570 6439//570 6463//570
f 6463//570 6439//570 6462//570
f 6462//570 6439//570 6461//570
f 6461//570 6439//570 6460//570
f 6465//570 6450//570 6451//570
f 6451//570 6466//570 6465//570
f 6451//570 6467//570 6466//570
f 6451//570 6468//570 6467//570
f 6451//570 6469//570 6468//570
f 6451//570 6470//570 6469//570
f 6451//570 6471//570 6470//570
f 6451//570 6464//570 6471//570
f 6478//570 6476//570 6477//570
f 6476//570 6478//570 6479//570
f 6476//570 6479//570 6475//570
f 6475//570 6479//570 6480//570
f 6475//570 6480//570 6481//570
f 6475//570 6481//570 6472//570
f 6475//570 6472//570 6473//570
f 6475//570 6473//570 6474//570
f 6486//570 6485//570 6484//570
f 6484//570 6483//570 6486//570
f 6483//570 6487//570 6486//570
f 6483//570 6482//570 6487//570
f 6482//570 6491//570 6487//570
f 6491//570 6490//570 6487//570
f 6490//570 6489//570 6487//570
f 6489//570 6488//570 6487//570
f 6475//570 6495//570 6476//570
f 6495//570 6475//570 6494//570
f 6494//570 6475//570 6493//570
f 6493//570 6475//570 6492//570
f 6492//570 6475//570 6499//570
f 6499//570 6475//570 6498//570
f 6498//570 6475//570 6497//570
f 6497//570 6475//570 6496//570
f 6501//570 6486//570 6487//570
f 6487//570 6502//570 6501//570
f 6487//570 6503//570 6502//570
f 6487//570 6504//570 6503//570
f 6487//570 6505//570 6504//570
f 6487//570 6506//570 6505//570
f 6487//570 6507//570 6506//570
f 6487//570 6500//570 6507//570
f 6514//570 6512//570 6513//570
f 6512//570 6514//570 6515//570
f 6512//570 6515//570 6511//570
f 6511//570 6515//570 6516//570
f 6511//570 6516//570 6517//570
f 6511//570 6517//570 6508//570
f 6511//570 6508//570 6509//570
f 6511//570 6509//570 6510//570
f 6522//570 6521//570 6520//570
f 6520//570 6519//570 6522//570
f 6519//570 6523//570 6522//570
f 6519//570 6518//570 6523//570
f 6518//570 6527//570 6523//570
f 6527//570 6526//570 6523//570
f 6526//570 6525//570 6523//570
f 6525//570 6524//570 6523//570
f 6511//570 6531//570 6512//570
f 6531//570 6511//570 6530//570
f 6530//570 6511//570 6529//570
f 6529//570 6511//570 6528//570
f 6528//570 6511//570 6535//570
f 6535//570 6511//570 6534//570
f 6534//570 6511//570 6533//570
f 6533//570 6511//570 6532//570
f 6537//570 6522//570 6523//570
f 6523//570 6538//570 6537//570
f 6523//570 6539//570 6538//570
f 6523//570 6540//570 6539//570
f 6523//570 6541//570 6540//570
f 6523//570 6542//570 6541//570
f 6523//570 6543//570 6542//570
f 6523//570 6536//570 6543//570
f 6550//570 6548//570 6549//570
f 6548//570 6550//570 6551//570
f 6548//570 6551//570 6547//570
f 6547//570 6551//570 6552//570
f 6547//570 6552//570 6553//570
f 6547//570 6553//570 6544//570
f 6547//570 6544//570 6545//570
f 6547//570 6545//570 6546//570
f 6558//570 6557//570 6556//570
f 6556//570 6555//570 6558//570
f 6555//570 6559//570 6558//570
f 6555//570 6554//570 6559//570
f 6554//570 6563//570 6559//570
f 6563//570 6562//570 6559//570
f 6562//570 6561//570 6559//570
f 6561//570 6560//570 6559//570
f 6547//570 6567//570 6548//570
f 6567//570 6547//570 6566//570
f 6566//570 6547//570 6565//570
f 6565//570 6547//570 6564//570
f 6564//570 6547//570 6571//570
f 6571//570 6547//570 6570//570
f 6570//570 6547//570 6569//570
f 6569//570 6547//570 6568//570
f 6573//570 6558//570 6559//570
f 6559//570 6574//570 6573//570
f 6559//570 6575//570 6574//570
f 6559//570 6576//570 6575//570
f 6559//570 6577//570 6576//570
f 6559//570 6578//570 6577//570
f 6559//570 6579//570 6578//570
f 6559//570 6572//570 6579//570
f 6586//570 6584//570 6585//570
f 6584//570 6586//570 6587//570
f 6584//570 6587//570 6583//570
f 6583//570 6587//570 6588//570
f 6583//570 6588//570 6589//570
f 6583//570 6589//570 6580//570
f 6583//570 6580//570 6581//570
f 6583//570 6581//570 6582//570
f 6594//570 6593//570 6592//570
f 6592//570 6591//570 6594//570
f 6591//570 6595//570 6594//570
f 6591//570 6590//570 6595//570
f 6590//570 6599//570 6595//570
f 6599//570 6598//570 6595//570
f 6598//570 6597//570 6595//570
f 6597//570 6596//570 6595//570
f 6583//570 6603//570 6584//570
f 6603//570 6583//570 6602//570
f 6602//570 6583//570 6601//570
f 6601//570 6583//570 6600//570
f 6600//570 6583//570 6607//570
f 6607//570 6583//570 6606//570
f 6606//570 6583//570 6605//570
f 6605//570 6583//570 6604//570
f 6609//570 6594//570 6595//570
f 6595//570 6610//570 6609//570
f 6595//570 6611//570 6610//570
f 6595//570 6612//570 6611//570
f 6595//570 6613//570 6612//570
f 6595//570 6614//570 6613//570
f 6595//570 6615//570 6614//570
f 6595//570 6608//570 6615//570
f 6622//570 6620//570 6621//570
f 6620//570 6622//570 6623//570
f 6620//570 6623//570 6619//570
f 6619//570 6623//570 6624//570
f 6619//570 6624//570 6625//570
f 6619//570 6625//570 6616//570
f 6619//570 6616//570 6617//570
f 6619//570 6617//570 6618//570
f 6630//570 6629//570 6628//570
f 6628//570 6627//570 6630//570
f 6627//570 6631//570 6630//570
f 6627//570 6626//570 6631//570
f 6626//570 6635//570 6631//570
f 6635//570 6634//570 6631//570
f 6634//570 6633//570 6631//570
f 6633//570 6632//570 6631//570
f 6619//570 6639//570 6620//570
f 6639//570 6619//570 6638//570
f 6638//570 6619//570 6637//570
f 6637//570 6619//570 6636//570
f 6636//570 6619//570 6643//570
f 6643//570 6619//570 6642//570
f 6642//570 6619//570 6641//570
f 6641//570 6619//570 6640//570
f 6645//570 6630//570 6631//570
f 6631//570 6646//570 6645//570
f 6631//570 6647//570 6646//570
f 6631//570 6648//570 6647//570
f 6631//570 6649//570 6648//570
f 6631//570 6650//570 6649//570
f 6631//570 6651//570 6650//570
f 6631//570 6644//570 6651//570
f 6658//570 6656//570 6657//570
f 6656//570 6658//570 6659//570
f 6656//570 6659//570 6655//570
f 6655//570 6659//570 6660//570
f 6655//570 6660//570 6661//570
f 6655//570 6661//570 6652//570
f 6655//570 6652//570 6653//570
f 6655//570 6653//570 6654//570
f 6666//570 6665//570 6664//570
f 6664//570 6663//570 6666//570
f 6663//570 6667//570 6666//570
f 6663//570 6662//570 6667//570
f 6662//570 6671//570 6667//570
f 6671//570 6670//570 6667//570
f 6670//570 6669//570 6667//570
f 6669//570 6668//570 6667//570
f 6655//570 6675//570 6656//570
f 6675//570 6655//570 6674//570
f 6674//570 6655//570 6673//570
f 6673//570 6655//570 6672//570
f 6672//570 6655//570 6679//570
f 6679//570 6655//570 6678//570
f 6678//570 6655//570 6677//570
f 6677//570 6655//570 6676//570
f 6681//570 6666//570 6667//570
f 6667//570 6682//570 6681//570
f 6667//570 6683//570 6682//570
f 6667//570 6684//570 6683//570
f 6667//570 6685//570 6684//570
f 6667//570 6686//570 6685//570
f 6667//570 6687//570 6686//570
f 6667//570 6680//570 6687//570
f 6694//570 6692//570 6693//570
f 6692//570 6694//570 6695//570
f 6692//570 6695//570 6691//570
f 6691//570 6695//570 6696//570
f 6691//570 6696//570 6697//570
f 6691//570 6697//570 6688//570
f 6691//570 6688//570 6689//570
f 6691//570 6689//570 6690//570
f 6702//570 6701//570 6700//570
f 6700//570 6699//570 6702//570
f 6699//570 6703//570 6702//570
f 6699//570 6698//570 6703//570
f 6698//570 6707//570 6703//570
f 6707//570 6706//570 6703//570
f 6706//570 6705//570 6703//570
f 6705//570 6704//570 6703//570
f 6691//570 6711//570 6692//570
f 6711//570 6691//570 6710//570
f 6710//570 6691//570 6709//570
f 6709//570 6691//570 6708//570
f 6708//570 6691//570 6715//570
f 6715//570 6691//570 6714//570
f 6714//570 6691//570 6713//570
f 6713//570 6691//570 6712//570
f 6717//570 6702//570 6703//570
f 6703//570 6718//570 6717//570
f 6703//570 6719//570 6718//570
f 6703//570 6720//570 6719//570
f 6703//570 6721//570 6720//570
f 6703//570 6722//570 6721//570
f 6703//570 6723//570 6722//570
f 6703//570 6716//570 6723//570
f 6730//570 6728//570 6729//570
f 6728//570 6730//570 6731//570
f 6728//570 6731//570 6727//570
f 6727//570 6731//570 6732//570
f 6727//570 6732//570 6733//570
f 6727//570 6733//570 6724//570
f 6727//570 6724//570 6725//570
f 6727//570 6725//570 6726//570
f 6738//570 6737//570 6736//570
f 6736//570 6735//570 6738//570
f 6735//570 6739//570 6738//570
f 6735//570 6734//570 6739//570
f 6734//570 6743//570 6739//570
f 6743//570 6742//570 6739//570
f 6742//570 6741//570 6739//570
f 6741//570 6740//570 6739//570
f 6727//570 6747//570 6728//570
f 6747//570 6727//570 6746//570
f 6746//570 6727//570 6745//570
f 6745//570 6727//570 6744//570
f 6744//570 6727//570 6751//570
f 6751//570 6727//570 6750//570
f 6750//570 6727//570 6749//570
f 6749//570 6727//570 6748//570
f 6753//570 6738//570 6739//570
f 6739//570 6754//570 6753//570
f 6739//570 6755//570 6754//570
f 6739//570 6756//570 6755//570
f 6739//570 6757//570 6756//570
f 6739//570 6758//570 6757//570
f 6739//570 6759//570 6758//570
f 6739//570 6752//570 6759//570
f 6766//570 6764//570 6765//570
f 6764//570 6766//570 6767//570
f 6764//570 6767//570 6763//570
f 6763//570 6767//570 6768//570
f 6763//570 6768//570 6769//570
f 6763//570 6769//570 6760//570
f 6763//570 6760//570 6761//570
f 6763//570 6761//570 6762//570
f 6774//570 6773//570 6772//570
f 6772//570 6771//570 6774//570
f 6771//570 6775//570 6774//570
f 6771//570 6770//570 6775//570
f 6770//570 6779//570 6775//570
f 6779//570 6778//570 6775//570
f 6778//570 6777//570 6775//570
f 6777//570 6776//570 6775//570
f 6763//570 6783//570 6764//570
f 6783//570 6763//570 6782//570
f 6782//570 6763//570 6781//570
f 6781//570 6763//570 6780//570
f 6780//570 6763//570 6787//570
f 6787//570 6763//570 6786//570
f 6786//570 6763//570 6785//570
f 6785//570 6763//570 6784//570
f 6789//570 6774//570 6775//570
f 6775//570 6790//570 6789//570
f 6775//570 6791//570 6790//570
f 6775//570 6792//570 6791//570
f 6775//570 6793//570 6792//570
f 6775//570 6794//570 6793//570
f 6775//570 6795//570 6794//570
f 6775//570 6788//570 6795//570
f 6802//570 6800//570 6801//570
f 6800//570 6802//570 6803//570
f 6800//570 6803//570 6799//570
f 6799//570 6803//570 6804//570
f 6799//570 6804//570 6805//570
f 6799//570 6805//570 6796//570
f 6799//570 6796//570 6797//570
f 6799//570 6797//570 6798//570
f 6810//570 6809//570 6808//570
f 6808//570 6807//570 6810//570
f 6807//570 6811//570 6810//570
f 6807//570 6806//570 6811//570
f 6806//570 6815//570 6811//570
f 6815//570 6814//570 6811//570
f 6814//570 6813//570 6811//570
f 6813//570 6812//570 6811//570
f 6799//570 6819//570 6800//570
f 6819//570 6799//570 6818//570
f 6818//570 6799//570 6817//570
f 6817//570 6799//570 6816//570
f 6816//570 6799//570 6823//570
f 6823//570 6799//570 6822//570
f 6822//570 6799//570 6821//570
f 6821//570 6799//570 6820//570
f 6825//570 6810//570 6811//570
f 6811//570 6826//570 6825//570
f 6811//570 6827//570 6826//570
f 6811//570 6828//570 6827//570
f 6811//570 6829//570 6828//570
f 6811//570 6830//570 6829//570
f 6811//570 6831//570 6830//570
f 6811//570 6824//570 6831//570
f 6838//570 6836//570 6837//570
f 6836//570 6838//570 6839//570
f 6836//570 6839//570 6835//570
f 6835//570 6839//570 6840//570
f 6835//570 6840//570 6841//570
f 6835//570 6841//570 6832//570
f 6835//570 6832//570 6833//570
f 6835//570 6833//570 6834//570
f 6846//570 6845//570 6844//570
f 6844//570 6843//570 6846//570
f 6843//570 6847//570 6846//570
f 6843//570 6842//570 6847//570
f 6842//570 6851//570 6847//570
f 6851//570 6850//570 6847//570
f 6850//570 6849//570 6847//570
f 6849//570 6848//570 6847//570
f 6835//570 6855//570 6836//570
f 6855//570 6835//570 6854//570
f 6854//570 6835//570 6853//570
f 6853//570 6835//570 6852//570
f 6852//570 6835//570 6859//570
f 6859//570 6835//570 6858//570
f 6858//570 6835//570 6857//570
f 6857//570 6835//570 6856//570
f 6861//570 6846//570 6847//570
f 6847//570 6862//570 6861//570
f 6847//570 6863//570 6862//570
f 6847//570 6864//570 6863//570
f 6847//570 6865//570 6864//570
f 6847//570 6866//570 6865//570
f 6847//570 6867//570 6866//570
f 6847//570 6860//570 6867//570
f 6874//570 6872//570 6873//570
f 6872//570 6874//570 6875//570
f 6872//570 6875//570 6871//570
f 6871//570 6875//570 6876//570
f 6871//570 6876//570 6877//570
f 6871//570 6877//570 6868//570
f 6871//570 6868//570 6869//570
f 6871//570 6869//570 6870//570
f 6882//570 6881//570 6880//570
f 6880//570 6879//570 6882//570
f 6879//570 6883//570 6882//570
f 6879//570 6878//570 6883//570
f 6878//570 6887//570 6883//570
f 6887//570 6886//570 6883//570
f 6886//570 6885//570 6883//570
f 6885//570 6884//570 6883//570
f 6871//570 6891//570 6872//570
f 6891//570 6871//570 6890//570
f 6890//570 6871//570 6889//570
f 6889//570 6871//570 6888//570
f 6888//570 6871//570 6895//570
f 6895//570 6871//570 6894//570
f 6894//570 6871//570 6893//570
f 6893//570 6871//570 6892//570
f 6897//570 6882//570 6883//570
f 6883//570 6898//570 6897//570
f 6883//570 6899//570 6898//570
f 6883//570 6900//570 6899//570
f 6883//570 6901//570 6900//570
f 6883//570 6902//570 6901//570
f 6883//570 6903//570 6902//570
f 6883//570 6896//570 6903//570
f 6910//570 6908//570 6909//570
f 6908//570 6910//570 6911//570
f 6908//570 6911//570 6907//570
f 6907//570 6911//570 6912//570
f 6907//570 6912//570 6913//570
f 6907//570 6913//570 6904//570
f 6907//570 6904//570 6905//570
f 6907//570 6905//570 6906//570
f 6918//570 6917//570 6916//570
f 6916//570 6915//570 6918//570
f 6915//570 6919//570 6918//570
f 6915//570 6914//570 6919//570
f 6914//570 6923//570 6919//570
f 6923//570 6922//570 6919//570
f 6922//570 6921//570 6919//570
f 6921//570 6920//570 6919//570
f 6907//570 6927//570 6908//570
f 6927//570 6907//570 6926//570
f 6926//570 6907//570 6925//570
f 6925//570 6907//570 6924//570
f 6924//570 6907//570 6931//570
f 6931//570 6907//570 6930//570
f 6930//570 6907//570 6929//570
f 6929//570 6907//570 6928//570
f 6933//570 6918//570 6919//570
f 6919//570 6934//570 6933//570
f 6919//570 6935//570 6934//570
f 6919//570 6936//570 6935//570
f 6919//570 6937//570 6936//570
f 6919//570 6938//570 6937//570
f 6919//570 6939//570 6938//570
f 6919//570 6932//570 6939//570
f 6946//570 6944//570 6945//570
f 6944//570 6946//570 6947//570
f 6944//570 6947//570 6943//570
f 6943//570 6947//570 6948//570
f 6943//570 6948//570 6949//570
f 6943//570 6949//570 6940//570
f 6943//570 6940//570 6941//570
f 6943//570 6941//570 6942//570
f 6954//570 6953//570 6952//570
f 6952//570 6951//570 6954//570
f 6951//570 6955//570 6954//570
f 6951//570 6950//570 6955//570
f 6950//570 6959//570 6955//570
f 6959//570 6958//570 6955//570
f 6958//570 6957//570 6955//570
f 6957//570 6956//570 6955//570
f 6943//570 6963//570 6944//570
f 6963//570 6943//570 6962//570
f 6962//570 6943//570 6961//570
f 6961//570 6943//570 6960//570
f 6960//570 6943//570 6967//570
f 6967//570 6943//570 6966//570
f 6966//570 6943//570 6965//570
f 6965//570 6943//570 6964//570
f 6969//570 6954//570 6955//570
f 6955//570 6970//570 6969//570
f 6955//570 6971//570 6970//570
f 6955//570 6972//570 6971//570
f 6955//570 6973//570 6972//570
f 6955//570 6974//570 6973//570
f 6955//570 6975//570 6974//570
f 6955//570 6968//570 6975//570
f 6982//570 6980//570 6981//570
f 6980//570 6982//570 6983//570
f 6980//570 6983//570 6979//570
f 6979//570 6983//570 6984//570
f 6979//570 6984//570 6985//570
f 6979//570 6985//570 6976//570
f 6979//570 6976//570 6977//570
f 6979//570 6977//570 6978//570
f 6990//570 6989//570 6988//570
f 6988//570 6987//570 6990//570
f 6987//570 6991//570 6990//570
f 6987//570 6986//570 6991//570
f 6986//570 6995//570 6991//570
f 6995//570 6994//570 6991//570
f 6994//570 6993//570 6991//570
f 6993//570 6992//570 6991//570
f 6979//570 6999//570 6980//570
f 6999//570 6979//570 6998//570
f 6998//570 6979//570 6997//570
f 6997//570 6979//570 6996//570
f 6996//570 6979//570 7003//570
f 7003//570 6979//570 7002//570
f 7002//570 6979//570 7001//570
f 7001//570 6979//570 7000//570
f 7005//570 6990//570 6991//570
f 6991//570 7006//570 7005//570
f 6991//570 7007//570 7006//570
f 6991//570 7008//570 7007//570
f 6991//570 7009//570 7008//570
f 6991//570 7010//570 7009//570
f 6991//570 7011//570 7010//570
f 6991//570 7004//570 7011//570
f 7018//570 7016//570 7017//570
f 7016//570 7018//570 7019//570
f 7016//570 7019//570 7015//570
f 7015//570 7019//570 7020//570
f 7015//570 7020//570 7021//570
f 7015//570 7021//570 7012//570
f 7015//570 7012//570 7013//570
f 7015//570 7013//570 7014//570
f 7026//570 7025//570 7024//570
f 7024//570 7023//570 7026//570
f 7023//570 7027//570 7026//570
f 7023//570 7022//570 7027//570
f 7022//570 7031//570 7027//570
f 7031//570 7030//570 7027//570
f 7030//570 7029//570 7027//570
f 7029//570 7028//570 7027//570
f 7015//570 7035//570 7016//570
f 7035//570 7015//570 7034//570
f 7034//570 7015//570 7033//570
f 7033//570 7015//570 7032//570
f 7032//570 7015//570 7039//570
f 7039//570 7015//570 7038//570
f 7038//570 7015//570 7037//570
f 7037//570 7015//570 7036//570
f 7041//570 7026//570 7027//570
f 7027//570 7042//570 7041//570
f 7027//570 7043//570 7042//570
f 7027//570 7044//570 7043//570
f 7027//570 7045//570 7044//570
f 7027//570 7046//570 7045//570
f 7027//570 7047//570 7046//570
f 7027//570 7040//570 7047//570
f 7054//570 7052//570 7053//570
f 7052//570 7054//570 7055//570
f 7052//570 7055//570 7051//570
f 7051//570 7055//570 7056//570
f 7051//570 7056//570 7057//570
f 7051//570 7057//570 7048//570
f 7051//570 7048//570 7049//570
f 7051//570 7049//570 7050//570
f 7062//570 7061//570 7060//570
f 7060//570 7059//570 7062//570
f 7059//570 7063//570 7062//570
f 7059//570 7058//570 7063//570
f 7058//570 7067//570 7063//570
f 7067//570 7066//570 7063//570
f 7066//570 7065//570 7063//570
f 7065//570 7064//570 7063//570
f 7051//570 7071//570 7052//570
f 7071//570 7051//570 7070//570
f 7070//570 7051//570 7069//570
f 7069//570 7051//570 7068//570
f 7068//570 7051//570 7075//570
f 7075//570 7051//570 7074//570
f 7074//570 7051//570 7073//570
f 7073//570 7051//570 7072//570
f 7077//570 7062//570 7063//570
f 7063//570 7078//570 7077//570
f 7063//570 7079//570 7078//570
f 7063//570 7080//570 7079//570
f 7063//570 7081//570 7080//570
f 7063//570 7082//570 7081//570
f 7063//570 7083//570 7082//570
f 7063//570 7076//570 7083//570
f 7090//570 7088//570 7089//570
f 7088//570 7090//570 7091//570
f 7088//570 7091//570 7087//570
f 7087//570 7091//570 7092//570
f 7087//570 7092//570 7093//570
f 7087//570 7093//570 7084//570
f 7087//570 7084//570 7085//570
f 7087//570 7085//570 7086//570
f 7098//570 7097//570 7096//570
f 7096//570 7095//570 7098//570
f 7095//570 7099//570 7098//570
f 7095//570 7094//570 7099//570
f 7094//570 7103//570 7099//570
f 7103//570 7102//570 7099//570
f 7102//570 7101//570 7099//570
f 7101//570 7100//570 7099//570
f 7087//570 7107//570 7088//570
f 7107//570 7087//570 7106//570
f 7106//570 7087//570 7105//570
f 7105//570 7087//570 7104//570
f 7104//570 7087//570 7111//570
f 7111//570 7087//570 7110//570
f 7110//570 7087//570 7109//570
f 7109//570 7087//570 7108//570
f 7113//570 7098//570 7099//570
f 7099//570 7114//570 7113//570
f 7099//570 7115//570 7114//570
f 7099//570 7116//570 7115//570
f 7099//570 7117//570 7116//570
f 7099//570 7118//570 7117//570
f 7099//570 7119//570 7118//570
f 7099//570 7112//570 7119//570
f 7126//570 7124//570 7125//570
f 7124//570 7126//570 7127//570
f 7124//570 7127//570 7123//570
f 7123//570 7127//570 7128//570
f 7123//570 7128//570 7129//570
f 7123//570 7129//570 7120//570
f 7123//570 7120//570 7121//570
f 7123//570 7121//570 7122//570
f 7134//570 7133//570 7132//570
f 7132//570 7131//570 7134//570
f 7131//570 7135//570 7134//570
f 7131//570 7130//570 7135//570
f 7130//570 7139//570 7135//570
f 7139//570 7138//570 7135//570
f 7138//570 7137//570 7135//570
f 7137//570 7136//570 7135//570
f 7123//570 7143//570 7124//570
f 7143//570 7123//570 7142//570
f 7142//570 7123//570 7141//570
f 7141//570 7123//570 7140//570
f 7140//570 7123//570 7147//570
f 7147//570 7123//570 7146//570
f 7146//570 7123//570 7145//570
f 7145//570 7123//570 7144//570
f 7149//570 7134//570 7135//570
f 7135//570 7150//570 7149//570
f 7135//570 7151//570 7150//570
f 7135//570 7152//570 7151//570
f 7135//570 7153//570 7152//570
f 7135//570 7154//570 7153//570
f 7135//570 7155//570 7154//570
f 7135//570 7148//570 7155//570
