# Blender 4.4.1
# www.blender.org
mtllib SM_polySurface613_blinn3_0_0.mtl
o SM_polySurface613_blinn3_0_0
v -0.112751 8.984969 -3.489154
v -0.106064 8.984969 -3.476024
v -0.067955 8.984969 -3.503708
v -0.095640 8.984969 -3.465603
v -0.082512 8.984969 -3.458913
v -0.067955 8.984969 -3.456608
v -0.053404 8.984969 -3.458913
v -0.040272 8.984969 -3.465603
v -0.029852 8.984969 -3.476024
v -0.023161 8.984969 -3.489154
v -0.020857 8.984969 -3.503708
v -0.023161 8.984969 -3.518264
v -0.029852 8.984969 -3.531393
v -0.040272 8.984969 -3.541814
v -0.053404 8.984969 -3.548503
v -0.067955 8.984969 -3.550809
v -0.082512 8.984969 -3.548503
v -0.095640 8.984969 -3.541814
v -0.106064 8.984969 -3.531393
v -0.112751 8.984969 -3.518264
v -0.115059 8.984969 -3.503708
v -0.077930 8.404822 -3.500468
v -0.067955 8.403652 -3.503708
v -0.076441 8.404822 -3.497544
v -0.074120 8.404822 -3.495225
v -0.071196 8.404822 -3.493735
v -0.067955 8.404822 -3.493221
v -0.064716 8.404822 -3.493735
v -0.061792 8.404822 -3.495225
v -0.059475 8.404822 -3.497544
v -0.057985 8.404822 -3.500468
v -0.057470 8.404822 -3.503708
v -0.057985 8.404822 -3.506948
v -0.059475 8.404822 -3.509871
v -0.061792 8.404822 -3.512191
v -0.064716 8.404822 -3.513680
v -0.067955 8.404822 -3.514194
v -0.071196 8.404822 -3.513680
v -0.074120 8.404822 -3.512191
v -0.076441 8.404822 -3.509871
v -0.077930 8.404822 -3.506948
v -0.078444 8.404822 -3.503708
v -0.303963 8.978192 -3.089273
v -0.297020 8.978203 -3.076275
v -0.259455 8.977925 -3.104691
v -0.286398 8.978186 -3.066058
v -0.273144 8.978143 -3.059623
v -0.258545 8.978081 -3.057600
v -0.244040 8.978000 -3.060184
v -0.231041 8.977914 -3.067128
v -0.220825 8.977828 -3.077746
v -0.214390 8.977753 -3.091005
v -0.212364 8.977694 -3.105600
v -0.214952 8.977657 -3.120111
v -0.221893 8.977647 -3.133105
v -0.232515 8.977663 -3.143324
v -0.245771 8.977706 -3.149758
v -0.260366 8.977771 -3.151783
v -0.274876 8.977850 -3.149196
v -0.287874 8.977936 -3.142254
v -0.298090 8.978021 -3.131634
v -0.304523 8.978097 -3.118379
v -0.306547 8.978156 -3.103780
v -0.272182 8.397846 -3.099298
v -0.262280 8.396618 -3.102726
v -0.270636 8.397849 -3.096403
v -0.268274 8.397846 -3.094130
v -0.265322 8.397836 -3.092696
v -0.262072 8.397823 -3.092244
v -0.258842 8.397805 -3.092821
v -0.255949 8.397785 -3.094367
v -0.253674 8.397765 -3.096730
v -0.252241 8.397749 -3.099684
v -0.251791 8.397736 -3.102932
v -0.252367 8.397727 -3.106163
v -0.253914 8.397726 -3.109056
v -0.256277 8.397729 -3.111329
v -0.259228 8.397739 -3.112763
v -0.262476 8.397754 -3.113214
v -0.265707 8.397770 -3.112638
v -0.268602 8.397790 -3.111093
v -0.270876 8.397810 -3.108728
v -0.272306 8.397824 -3.105777
v -0.272758 8.397840 -3.102527
v 0.081579 8.984969 -3.489154
v 0.088266 8.984969 -3.476024
v 0.126373 8.984969 -3.503708
v 0.098688 8.984969 -3.465603
v 0.111818 8.984969 -3.458913
v 0.126373 8.984969 -3.456608
v 0.140926 8.984969 -3.458913
v 0.154058 8.984969 -3.465603
v 0.164478 8.984969 -3.476024
v 0.171169 8.984969 -3.489154
v 0.173473 8.984969 -3.503708
v 0.171169 8.984969 -3.518264
v 0.164478 8.984969 -3.531393
v 0.154058 8.984969 -3.541814
v 0.140926 8.984969 -3.548503
v 0.126373 8.984969 -3.550809
v 0.111818 8.984969 -3.548503
v 0.098688 8.984969 -3.541814
v 0.088266 8.984969 -3.531393
v 0.081579 8.984969 -3.518264
v 0.079271 8.984969 -3.503708
v 0.116400 8.404822 -3.500468
v 0.126373 8.403652 -3.503708
v 0.117889 8.404822 -3.497544
v 0.120211 8.404822 -3.495225
v 0.123133 8.404822 -3.493735
v 0.126373 8.404822 -3.493221
v 0.129614 8.404822 -3.493735
v 0.132538 8.404822 -3.495225
v 0.134855 8.404822 -3.497544
v 0.136345 8.404822 -3.500468
v 0.136858 8.404822 -3.503708
v 0.136345 8.404822 -3.506948
v 0.134855 8.404822 -3.509871
v 0.132538 8.404822 -3.512191
v 0.129614 8.404822 -3.513680
v 0.126373 8.404822 -3.514194
v 0.123133 8.404822 -3.513680
v 0.120211 8.404822 -3.512191
v 0.117889 8.404822 -3.509871
v 0.116400 8.404822 -3.506948
v 0.115885 8.404822 -3.503708
v 0.081579 8.984969 -2.687187
v 0.088266 8.984969 -2.674057
v 0.126373 8.984969 -2.701741
v 0.098688 8.984969 -2.663636
v 0.111818 8.984969 -2.656946
v 0.126373 8.984969 -2.654641
v 0.140926 8.984969 -2.656946
v 0.154058 8.984969 -2.663636
v 0.164478 8.984969 -2.674057
v 0.171169 8.984969 -2.687187
v 0.173473 8.984969 -2.701741
v 0.171169 8.984969 -2.716297
v 0.164478 8.984969 -2.729426
v 0.154058 8.984969 -2.739847
v 0.140926 8.984969 -2.746536
v 0.126373 8.984969 -2.748842
v 0.111818 8.984969 -2.746536
v 0.098688 8.984969 -2.739847
v 0.088266 8.984969 -2.729426
v 0.081579 8.984969 -2.716297
v 0.079271 8.984969 -2.701741
v 0.116400 8.404822 -2.698502
v 0.126373 8.403652 -2.701741
v 0.117889 8.404822 -2.695578
v 0.120211 8.404822 -2.693259
v 0.123133 8.404822 -2.691769
v 0.126373 8.404822 -2.691255
v 0.129614 8.404822 -2.691769
v 0.132538 8.404822 -2.693259
v 0.134855 8.404822 -2.695578
v 0.136345 8.404822 -2.698502
v 0.136858 8.404822 -2.701741
v 0.136345 8.404822 -2.704982
v 0.134855 8.404822 -2.707906
v 0.132538 8.404822 -2.710224
v 0.129614 8.404822 -2.711714
v 0.126373 8.404822 -2.712228
v 0.123133 8.404822 -2.711714
v 0.120211 8.404822 -2.710224
v 0.117889 8.404822 -2.707906
v 0.116400 8.404822 -2.704982
v 0.115885 8.404822 -2.701741
v -0.307077 8.977936 -3.489154
v -0.300388 8.977936 -3.476024
v -0.262281 8.977936 -3.503708
v -0.289967 8.977936 -3.465603
v -0.276838 8.977936 -3.458913
v -0.262281 8.977936 -3.456608
v -0.247730 8.977936 -3.458913
v -0.234598 8.977936 -3.465603
v -0.224178 8.977936 -3.476024
v -0.217487 8.977936 -3.489154
v -0.215183 8.977936 -3.503708
v -0.217487 8.977936 -3.518264
v -0.224178 8.977936 -3.531393
v -0.234598 8.977936 -3.541814
v -0.247730 8.977936 -3.548503
v -0.262281 8.977936 -3.550809
v -0.276838 8.977936 -3.548503
v -0.289967 8.977936 -3.541814
v -0.300388 8.977936 -3.531393
v -0.307077 8.977936 -3.518264
v -0.309385 8.977936 -3.503708
v -0.272257 8.397788 -3.500468
v -0.262281 8.396618 -3.503708
v -0.270767 8.397788 -3.497544
v -0.268446 8.397788 -3.495225
v -0.265522 8.397788 -3.493735
v -0.262281 8.397788 -3.493221
v -0.259043 8.397788 -3.493735
v -0.256119 8.397788 -3.495225
v -0.253801 8.397788 -3.497544
v -0.252312 8.397788 -3.500468
v -0.251797 8.397788 -3.503708
v -0.252312 8.397788 -3.506948
v -0.253801 8.397788 -3.509871
v -0.256119 8.397788 -3.512191
v -0.259043 8.397788 -3.513680
v -0.262281 8.397788 -3.514194
v -0.265522 8.397788 -3.513680
v -0.268446 8.397788 -3.512191
v -0.270767 8.397788 -3.509871
v -0.272257 8.397788 -3.506948
v -0.272770 8.397788 -3.503708
v -0.302677 8.978167 -2.887570
v -0.296047 8.978113 -2.874409
v -0.257818 8.977930 -2.901921
v -0.285673 8.978045 -2.863941
v -0.272573 8.977963 -2.857193
v -0.258032 8.977878 -2.854821
v -0.243465 8.977798 -2.857060
v -0.230307 8.977731 -2.863691
v -0.219839 8.977685 -2.874064
v -0.213089 8.977662 -2.887165
v -0.210718 8.977665 -2.901708
v -0.212957 8.977695 -2.916273
v -0.219587 8.977748 -2.929432
v -0.229959 8.977817 -2.939900
v -0.243061 8.977898 -2.946650
v -0.257605 8.977983 -2.949020
v -0.272169 8.978063 -2.946781
v -0.285328 8.978130 -2.940150
v -0.295795 8.978176 -2.929776
v -0.302546 8.978199 -2.916678
v -0.304916 8.978196 -2.902134
v -0.271074 8.397846 -2.899387
v -0.261093 8.396624 -2.902582
v -0.269598 8.397835 -2.896457
v -0.267290 8.397818 -2.894126
v -0.264374 8.397799 -2.892623
v -0.261135 8.397781 -2.892094
v -0.257893 8.397763 -2.892595
v -0.254963 8.397749 -2.894071
v -0.252632 8.397739 -2.896379
v -0.251129 8.397734 -2.899296
v -0.250601 8.397734 -2.902534
v -0.251101 8.397740 -2.905777
v -0.252577 8.397752 -2.908707
v -0.254885 8.397769 -2.911036
v -0.257803 8.397787 -2.912539
v -0.261040 8.397805 -2.913066
v -0.264282 8.397823 -2.912566
v -0.267214 8.397838 -2.911092
v -0.269543 8.397848 -2.908784
v -0.271046 8.397853 -2.905868
v -0.271574 8.397853 -2.902629
v -0.103956 8.981418 -3.088170
v -0.097269 8.981263 -3.075040
v -0.059174 8.980383 -3.102725
v -0.086851 8.981022 -3.064619
v -0.073725 8.980719 -3.057930
v -0.059174 8.980383 -3.055624
v -0.044622 8.980046 -3.057930
v -0.031496 8.979743 -3.064619
v -0.021078 8.979503 -3.075040
v -0.014389 8.979348 -3.088170
v -0.012085 8.979295 -3.102725
v -0.014389 8.979348 -3.117281
v -0.021078 8.979503 -3.130409
v -0.031496 8.979743 -3.140830
v -0.044622 8.980046 -3.147520
v -0.059174 8.980383 -3.149825
v -0.073725 8.980719 -3.147520
v -0.086851 8.981022 -3.140830
v -0.097269 8.981263 -3.130409
v -0.103956 8.981418 -3.117281
v -0.106260 8.981470 -3.102725
v -0.082544 8.400621 -3.099484
v -0.072601 8.399220 -3.102725
v -0.081057 8.400587 -3.096560
v -0.078737 8.400533 -3.094242
v -0.075815 8.400465 -3.092752
v -0.072575 8.400391 -3.092238
v -0.069338 8.400316 -3.092752
v -0.066414 8.400249 -3.094242
v -0.064095 8.400194 -3.096560
v -0.062607 8.400160 -3.099484
v -0.062092 8.400148 -3.102725
v -0.062607 8.400160 -3.105965
v -0.064095 8.400194 -3.108889
v -0.066414 8.400249 -3.111208
v -0.069338 8.400316 -3.112698
v -0.072575 8.400391 -3.113212
v -0.075815 8.400465 -3.112698
v -0.078737 8.400533 -3.111208
v -0.081057 8.400587 -3.108889
v -0.082544 8.400621 -3.105965
v -0.083059 8.400633 -3.102725
v -0.307077 8.977936 -1.885221
v -0.300388 8.977936 -1.872090
v -0.262281 8.977936 -1.899775
v -0.289967 8.977936 -1.861670
v -0.276838 8.977936 -1.854980
v -0.262281 8.977936 -1.852674
v -0.247730 8.977936 -1.854980
v -0.234598 8.977936 -1.861670
v -0.224178 8.977936 -1.872090
v -0.217487 8.977936 -1.885221
v -0.215183 8.977936 -1.899775
v -0.217487 8.977936 -1.914330
v -0.224178 8.977936 -1.927460
v -0.234598 8.977936 -1.937881
v -0.247730 8.977936 -1.944570
v -0.262281 8.977936 -1.946876
v -0.276838 8.977936 -1.944570
v -0.289967 8.977936 -1.937881
v -0.300388 8.977936 -1.927460
v -0.307077 8.977936 -1.914330
v -0.309385 8.977936 -1.899775
v -0.272257 8.397788 -1.896535
v -0.262281 8.396618 -1.899775
v -0.270767 8.397788 -1.893611
v -0.268446 8.397788 -1.891293
v -0.265522 8.397788 -1.889802
v -0.262281 8.397788 -1.889288
v -0.259043 8.397788 -1.889802
v -0.256119 8.397788 -1.891293
v -0.253801 8.397788 -1.893611
v -0.252312 8.397788 -1.896535
v -0.251797 8.397788 -1.899775
v -0.252312 8.397788 -1.903015
v -0.253801 8.397788 -1.905939
v -0.256119 8.397788 -1.908257
v -0.259043 8.397788 -1.909747
v -0.262281 8.397788 -1.910262
v -0.265522 8.397788 -1.909747
v -0.268446 8.397788 -1.908257
v -0.270767 8.397788 -1.905939
v -0.272257 8.397788 -1.903015
v -0.272770 8.397788 -1.899775
v -0.112368 8.980744 -2.293504
v -0.105568 8.981009 -2.280433
v -0.067699 8.980397 -2.308431
v -0.095060 8.981210 -2.270103
v -0.081875 8.981333 -2.263525
v -0.067301 8.981364 -2.261342
v -0.052767 8.981300 -2.263771
v -0.039692 8.981149 -2.270568
v -0.029360 8.980923 -2.281075
v -0.022781 8.980644 -2.294257
v -0.020599 8.980344 -2.308826
v -0.023027 8.980047 -2.323360
v -0.029825 8.979787 -2.336431
v -0.040335 8.979585 -2.346759
v -0.053520 8.979463 -2.353338
v -0.068094 8.979431 -2.355520
v -0.082626 8.979495 -2.353092
v -0.095701 8.979646 -2.346294
v -0.106035 8.979873 -2.335789
v -0.112614 8.980148 -2.322608
v -0.114798 8.980450 -2.308037
v -0.078188 8.400451 -2.293200
v -0.068247 8.399203 -2.296498
v -0.076674 8.400509 -2.290291
v -0.074333 8.400555 -2.287992
v -0.071400 8.400581 -2.286526
v -0.068155 8.400589 -2.286038
v -0.064920 8.400575 -2.286580
v -0.062008 8.400541 -2.288094
v -0.059710 8.400491 -2.290432
v -0.058243 8.400430 -2.293367
v -0.057758 8.400362 -2.296611
v -0.058298 8.400296 -2.299846
v -0.059813 8.400238 -2.302756
v -0.062151 8.400194 -2.305056
v -0.065088 8.400166 -2.306520
v -0.068331 8.400159 -2.307007
v -0.071568 8.400172 -2.306466
v -0.074478 8.400207 -2.304954
v -0.076777 8.400256 -2.302615
v -0.078241 8.400317 -2.299678
v -0.078730 8.400385 -2.296436
v 0.081579 8.984969 -2.085711
v 0.088266 8.984969 -2.072581
v 0.126373 8.984969 -2.100266
v 0.098688 8.984969 -2.062160
v 0.111818 8.984969 -2.055470
v 0.126373 8.984969 -2.053165
v 0.140926 8.984969 -2.055470
v 0.154058 8.984969 -2.062160
v 0.164478 8.984969 -2.072581
v 0.171169 8.984969 -2.085711
v 0.173473 8.984969 -2.100266
v 0.171169 8.984969 -2.114821
v 0.164478 8.984969 -2.127951
v 0.154058 8.984969 -2.138371
v 0.140926 8.984969 -2.145061
v 0.126373 8.984969 -2.147367
v 0.111818 8.984969 -2.145061
v 0.098688 8.984969 -2.138371
v 0.088266 8.984969 -2.127951
v 0.081579 8.984969 -2.114821
v 0.079271 8.984969 -2.100266
v 0.116400 8.404822 -2.097026
v 0.126373 8.403652 -2.100266
v 0.117889 8.404822 -2.094102
v 0.120211 8.404822 -2.091783
v 0.123133 8.404822 -2.090293
v 0.126373 8.404822 -2.089779
v 0.129614 8.404822 -2.090293
v 0.132538 8.404822 -2.091783
v 0.134855 8.404822 -2.094102
v 0.136345 8.404822 -2.097026
v 0.136858 8.404822 -2.100266
v 0.136345 8.404822 -2.103506
v 0.134855 8.404822 -2.106430
v 0.132538 8.404822 -2.108748
v 0.129614 8.404822 -2.110238
v 0.126373 8.404822 -2.110752
v 0.123133 8.404822 -2.110238
v 0.120211 8.404822 -2.108748
v 0.117889 8.404822 -2.106430
v 0.116400 8.404822 -2.103506
v 0.115885 8.404822 -2.100266
v -0.112751 8.984969 -1.684729
v -0.106064 8.984969 -1.671598
v -0.067955 8.984969 -1.699284
v -0.095640 8.984969 -1.661178
v -0.082512 8.984969 -1.654489
v -0.067955 8.984969 -1.652183
v -0.053404 8.984969 -1.654489
v -0.040272 8.984969 -1.661178
v -0.029852 8.984969 -1.671598
v -0.023161 8.984969 -1.684729
v -0.020857 8.984969 -1.699284
v -0.023161 8.984969 -1.713840
v -0.029852 8.984969 -1.726968
v -0.040272 8.984969 -1.737389
v -0.053404 8.984969 -1.744079
v -0.067955 8.984969 -1.746384
v -0.082512 8.984969 -1.744079
v -0.095640 8.984969 -1.737389
v -0.106064 8.984969 -1.726968
v -0.112751 8.984969 -1.713840
v -0.115059 8.984969 -1.699284
v -0.077930 8.404822 -1.696043
v -0.067955 8.403652 -1.699284
v -0.076441 8.404822 -1.693119
v -0.074120 8.404822 -1.690801
v -0.071196 8.404822 -1.689311
v -0.067955 8.404822 -1.688796
v -0.064716 8.404822 -1.689311
v -0.061792 8.404822 -1.690801
v -0.059475 8.404822 -1.693119
v -0.057985 8.404822 -1.696043
v -0.057470 8.404822 -1.699284
v -0.057985 8.404822 -1.702523
v -0.059475 8.404822 -1.705447
v -0.061792 8.404822 -1.707766
v -0.064716 8.404822 -1.709256
v -0.067955 8.404822 -1.709770
v -0.071196 8.404822 -1.709256
v -0.074120 8.404822 -1.707766
v -0.076441 8.404822 -1.705447
v -0.077930 8.404822 -1.702523
v -0.078444 8.404822 -1.699284
v 0.081579 8.984969 -1.885221
v 0.088266 8.984969 -1.872090
v 0.126373 8.984969 -1.899775
v 0.098688 8.984969 -1.861670
v 0.111818 8.984969 -1.854980
v 0.126373 8.984969 -1.852674
v 0.140926 8.984969 -1.854980
v 0.154058 8.984969 -1.861670
v 0.164478 8.984969 -1.872090
v 0.171169 8.984969 -1.885221
v 0.173473 8.984969 -1.899775
v 0.171169 8.984969 -1.914330
v 0.164478 8.984969 -1.927460
v 0.154058 8.984969 -1.937881
v 0.140926 8.984969 -1.944570
v 0.126373 8.984969 -1.946876
v 0.111818 8.984969 -1.944570
v 0.098688 8.984969 -1.937881
v 0.088266 8.984969 -1.927460
v 0.081579 8.984969 -1.914330
v 0.079271 8.984969 -1.899775
v 0.116400 8.404822 -1.896535
v 0.126373 8.403652 -1.899775
v 0.117889 8.404822 -1.893611
v 0.120211 8.404822 -1.891293
v 0.123133 8.404822 -1.889802
v 0.126373 8.404822 -1.889288
v 0.129614 8.404822 -1.889802
v 0.132538 8.404822 -1.891293
v 0.134855 8.404822 -1.893611
v 0.136345 8.404822 -1.896535
v 0.136858 8.404822 -1.899775
v 0.136345 8.404822 -1.903015
v 0.134855 8.404822 -1.905939
v 0.132538 8.404822 -1.908257
v 0.129614 8.404822 -1.909747
v 0.126373 8.404822 -1.910262
v 0.123133 8.404822 -1.909747
v 0.120211 8.404822 -1.908257
v 0.117889 8.404822 -1.905939
v 0.116400 8.404822 -1.903015
v 0.115885 8.404822 -1.899775
v -0.112751 8.980783 -2.698070
v -0.106060 8.981209 -2.684946
v -0.067955 8.980312 -2.712616
v -0.095640 8.981544 -2.674530
v -0.082508 8.981762 -2.667844
v -0.067955 8.981836 -2.665540
v -0.053400 8.981762 -2.667844
v -0.040272 8.981544 -2.674530
v -0.029848 8.981209 -2.684946
v -0.023161 8.980783 -2.698070
v -0.020853 8.980312 -2.712616
v -0.023161 8.979842 -2.727165
v -0.029848 8.979417 -2.740285
v -0.040272 8.979079 -2.750701
v -0.053400 8.978864 -2.757387
v -0.067955 8.978789 -2.759691
v -0.082508 8.978864 -2.757387
v -0.095640 8.979079 -2.750701
v -0.106060 8.979417 -2.740285
v -0.112751 8.979842 -2.727165
v -0.115055 8.980312 -2.712616
v -0.077927 8.400574 -2.690612
v -0.067955 8.399298 -2.693812
v -0.076437 8.400667 -2.687690
v -0.074120 8.400743 -2.685372
v -0.071196 8.400791 -2.683883
v -0.067955 8.400807 -2.683371
v -0.064716 8.400791 -2.683883
v -0.061792 8.400743 -2.685372
v -0.059471 8.400667 -2.687690
v -0.057981 8.400574 -2.690612
v -0.057467 8.400468 -2.693851
v -0.057981 8.400364 -2.697089
v -0.059471 8.400269 -2.700011
v -0.061792 8.400194 -2.702330
v -0.064716 8.400146 -2.703818
v -0.067955 8.400128 -2.704332
v -0.071196 8.400146 -2.703818
v -0.074120 8.400194 -2.702330
v -0.076437 8.400269 -2.700011
v -0.077927 8.400364 -2.697089
v -0.078442 8.400468 -2.693851
v -0.112751 8.450170 -3.489154
v -0.106064 8.450170 -3.476024
v -0.106064 8.984969 -3.476024
v -0.112751 8.984969 -3.489154
v -0.095640 8.450170 -3.465603
v -0.095640 8.984969 -3.465603
v -0.082512 8.450170 -3.458913
v -0.082512 8.984969 -3.458913
v -0.067955 8.450170 -3.456608
v -0.067955 8.984969 -3.456608
v -0.053404 8.450170 -3.458913
v -0.053404 8.984969 -3.458913
v -0.040272 8.450170 -3.465603
v -0.040272 8.984969 -3.465603
v -0.029852 8.450170 -3.476024
v -0.029852 8.984969 -3.476024
v -0.023161 8.450170 -3.489154
v -0.023161 8.984969 -3.489154
v -0.020857 8.450170 -3.503708
v -0.020857 8.984969 -3.503708
v -0.023161 8.450170 -3.518264
v -0.023161 8.984969 -3.518264
v -0.029852 8.450170 -3.531393
v -0.029852 8.984969 -3.531393
v -0.040272 8.450170 -3.541814
v -0.040272 8.984969 -3.541814
v -0.053404 8.450170 -3.548503
v -0.053404 8.984969 -3.548503
v -0.067955 8.450170 -3.550809
v -0.067955 8.984969 -3.550809
v -0.082512 8.450170 -3.548503
v -0.082512 8.984969 -3.548503
v -0.095640 8.450170 -3.541814
v -0.095640 8.984969 -3.541814
v -0.106064 8.450170 -3.531393
v -0.106064 8.984969 -3.531393
v -0.112751 8.450170 -3.518264
v -0.112751 8.984969 -3.518264
v -0.115059 8.450170 -3.503708
v -0.115059 8.984969 -3.503708
v -0.112751 8.450170 -3.489154
v -0.112751 8.984969 -3.489154
v -0.087397 8.408262 -3.497393
v -0.084494 8.408262 -3.491693
v -0.095888 8.413803 -3.494634
v -0.091719 8.413803 -3.486444
v -0.102982 8.421168 -3.492328
v -0.095888 8.413803 -3.494634
v -0.091719 8.413803 -3.486444
v -0.097750 8.421168 -3.482062
v -0.108318 8.429987 -3.490594
v -0.102289 8.429987 -3.478765
v -0.111629 8.439819 -3.489518
v -0.105106 8.439819 -3.476717
v -0.079971 8.408262 -3.487171
v -0.085220 8.413803 -3.479948
v -0.085220 8.413803 -3.479948
v -0.089602 8.421168 -3.473915
v -0.092901 8.429987 -3.469375
v -0.094948 8.439819 -3.466558
v -0.074272 8.408262 -3.484269
v -0.077030 8.413803 -3.475777
v -0.077030 8.413803 -3.475777
v -0.079338 8.421168 -3.468684
v -0.081072 8.429987 -3.463348
v -0.082146 8.439819 -3.460035
v -0.067955 8.408262 -3.483269
v -0.067955 8.413803 -3.474339
v -0.067955 8.413803 -3.474339
v -0.067955 8.421168 -3.466882
v -0.067955 8.429987 -3.461271
v -0.067955 8.439819 -3.457788
v -0.061640 8.408262 -3.484269
v -0.058882 8.413803 -3.475777
v -0.058882 8.413803 -3.475777
v -0.056578 8.421168 -3.468684
v -0.054844 8.429987 -3.463348
v -0.053766 8.439819 -3.460035
v -0.055941 8.408262 -3.487171
v -0.050694 8.413803 -3.479948
v -0.050694 8.413803 -3.479948
v -0.046310 8.421168 -3.473915
v -0.043015 8.429987 -3.469375
v -0.040966 8.439819 -3.466558
v -0.051418 8.408262 -3.491693
v -0.044197 8.413803 -3.486444
v -0.044197 8.413803 -3.486444
v -0.038164 8.421168 -3.482062
v -0.033623 8.429987 -3.478765
v -0.030807 8.439819 -3.476717
v -0.048519 8.408262 -3.497393
v -0.040024 8.413803 -3.494634
v -0.040024 8.413803 -3.494634
v -0.032934 8.421168 -3.492328
v -0.027597 8.429987 -3.490594
v -0.024284 8.439819 -3.489518
v -0.047516 8.408262 -3.503708
v -0.038588 8.413803 -3.503708
v -0.038588 8.413803 -3.503708
v -0.031132 8.421168 -3.503708
v -0.025520 8.429987 -3.503708
v -0.022038 8.439819 -3.503708
v -0.048519 8.408262 -3.510023
v -0.040024 8.413803 -3.512782
v -0.040024 8.413803 -3.512782
v -0.032934 8.421168 -3.515088
v -0.027597 8.429987 -3.516822
v -0.024284 8.439819 -3.517899
v -0.051418 8.408262 -3.515722
v -0.044197 8.413803 -3.520973
v -0.044197 8.413803 -3.520973
v -0.038164 8.421168 -3.525354
v -0.033623 8.429987 -3.528652
v -0.030807 8.439819 -3.530699
v -0.055941 8.408262 -3.520245
v -0.050694 8.413803 -3.527469
v -0.050694 8.413803 -3.527469
v -0.046310 8.421168 -3.533501
v -0.043015 8.429987 -3.538041
v -0.040966 8.439819 -3.540857
v -0.061640 8.408262 -3.523148
v -0.058882 8.413803 -3.531640
v -0.058882 8.413803 -3.531640
v -0.056578 8.421168 -3.538732
v -0.054844 8.429987 -3.544068
v -0.053766 8.439819 -3.547380
v -0.067955 8.408262 -3.524148
v -0.067955 8.413803 -3.533077
v -0.067955 8.413803 -3.533077
v -0.067955 8.421168 -3.540535
v -0.067955 8.429987 -3.546144
v -0.067955 8.439819 -3.549629
v -0.074272 8.408262 -3.523148
v -0.077030 8.413803 -3.531640
v -0.077030 8.413803 -3.531640
v -0.079338 8.421168 -3.538732
v -0.081072 8.429987 -3.544068
v -0.082146 8.439819 -3.547380
v -0.079971 8.408262 -3.520245
v -0.085220 8.413803 -3.527469
v -0.085220 8.413803 -3.527469
v -0.089602 8.421168 -3.533501
v -0.092901 8.429987 -3.538041
v -0.094948 8.439819 -3.540857
v -0.084494 8.408262 -3.515722
v -0.091719 8.413803 -3.520973
v -0.091719 8.413803 -3.520973
v -0.097750 8.421168 -3.525354
v -0.102289 8.429987 -3.528652
v -0.105106 8.439819 -3.530699
v -0.087397 8.408262 -3.510023
v -0.095888 8.413803 -3.512782
v -0.095888 8.413803 -3.512782
v -0.102982 8.421168 -3.515088
v -0.108318 8.429987 -3.516822
v -0.111629 8.439819 -3.517899
v -0.088396 8.408262 -3.503708
v -0.097324 8.413803 -3.503708
v -0.097324 8.413803 -3.503708
v -0.104784 8.421168 -3.503708
v -0.110394 8.429987 -3.503708
v -0.113878 8.439819 -3.503708
v -0.095888 8.413803 -3.494634
v -0.102982 8.421168 -3.492328
v -0.108318 8.429987 -3.490594
v -0.111629 8.439819 -3.489518
v -0.306559 8.443402 -3.087467
v -0.299618 8.443413 -3.074467
v -0.297020 8.978203 -3.076275
v -0.303963 8.978192 -3.089273
v -0.288996 8.443396 -3.064250
v -0.286398 8.978186 -3.066058
v -0.275740 8.443353 -3.057815
v -0.273144 8.978143 -3.059623
v -0.261143 8.443291 -3.055792
v -0.258545 8.978081 -3.057600
v -0.246637 8.443210 -3.058378
v -0.244040 8.978000 -3.060184
v -0.233639 8.443124 -3.065321
v -0.231041 8.977914 -3.067128
v -0.223421 8.443038 -3.075940
v -0.220825 8.977828 -3.077746
v -0.216988 8.442963 -3.089197
v -0.214390 8.977753 -3.091005
v -0.214962 8.442904 -3.103793
v -0.212364 8.977694 -3.105600
v -0.217550 8.442867 -3.118302
v -0.214952 8.977657 -3.120111
v -0.224491 8.442857 -3.131299
v -0.221893 8.977647 -3.133105
v -0.235113 8.442874 -3.141518
v -0.232515 8.977663 -3.143324
v -0.248369 8.442916 -3.147952
v -0.245771 8.977706 -3.149758
v -0.262964 8.442981 -3.149976
v -0.260366 8.977771 -3.151783
v -0.277472 8.443060 -3.147388
v -0.274876 8.977850 -3.149196
v -0.290470 8.443146 -3.140447
v -0.287874 8.977936 -3.142254
v -0.300688 8.443232 -3.129826
v -0.298090 8.978021 -3.131634
v -0.307121 8.443307 -3.116572
v -0.304523 8.978097 -3.118379
v -0.309145 8.443366 -3.101974
v -0.306547 8.978156 -3.103780
v -0.306559 8.443402 -3.087467
v -0.303963 8.978192 -3.089273
v -0.281570 8.401345 -3.096051
v -0.278559 8.401348 -3.090410
v -0.289982 8.406936 -3.093147
v -0.285654 8.406941 -3.085041
v -0.296993 8.414344 -3.090732
v -0.289982 8.406936 -3.093147
v -0.285654 8.406941 -3.085041
v -0.291563 8.414351 -3.080568
v -0.302254 8.423194 -3.088923
v -0.295998 8.423203 -3.077212
v -0.305494 8.433046 -3.087818
v -0.298727 8.433058 -3.075144
v -0.273951 8.401341 -3.085976
v -0.279032 8.406930 -3.078671
v -0.279032 8.406930 -3.078671
v -0.283262 8.414337 -3.072581
v -0.286428 8.423187 -3.068007
v -0.288372 8.433040 -3.065185
v -0.268196 8.401323 -3.083185
v -0.270763 8.406905 -3.074659
v -0.270763 8.406905 -3.074659
v -0.272896 8.414306 -3.067548
v -0.274485 8.423149 -3.062210
v -0.275448 8.432998 -3.058908
v -0.261864 8.401296 -3.082307
v -0.261662 8.406864 -3.073397
v -0.261662 8.406864 -3.073397
v -0.261482 8.414254 -3.065966
v -0.261332 8.423093 -3.060387
v -0.261217 8.432936 -3.056937
v -0.255568 8.401261 -3.083429
v -0.252617 8.406816 -3.075010
v -0.252617 8.406816 -3.075010
v -0.250141 8.414193 -3.067988
v -0.248262 8.423020 -3.062716
v -0.247074 8.432858 -3.059458
v -0.249926 8.401223 -3.086440
v -0.244511 8.406760 -3.079338
v -0.244511 8.406760 -3.079338
v -0.239979 8.414124 -3.073417
v -0.236551 8.422941 -3.068971
v -0.234402 8.432774 -3.066228
v -0.245491 8.401185 -3.091050
v -0.238140 8.406708 -3.085958
v -0.238140 8.406708 -3.085958
v -0.231991 8.414059 -3.081720
v -0.227346 8.422866 -3.078539
v -0.224442 8.432692 -3.076579
v -0.242701 8.401154 -3.096804
v -0.234129 8.406660 -3.094227
v -0.234129 8.406660 -3.094227
v -0.226959 8.413999 -3.092085
v -0.221546 8.422796 -3.090485
v -0.218168 8.432616 -3.089505
v -0.241823 8.401128 -3.103137
v -0.232866 8.406624 -3.103328
v -0.232866 8.406624 -3.103328
v -0.225376 8.413953 -3.103497
v -0.219725 8.422744 -3.103635
v -0.216194 8.432560 -3.103735
v -0.242945 8.401111 -3.109432
v -0.234480 8.406601 -3.112372
v -0.234480 8.406601 -3.112372
v -0.227400 8.413923 -3.114840
v -0.222054 8.422710 -3.116707
v -0.218716 8.432524 -3.117881
v -0.245956 8.401106 -3.115074
v -0.238808 8.406596 -3.120481
v -0.238808 8.406596 -3.120481
v -0.232828 8.413917 -3.125004
v -0.228310 8.422701 -3.128417
v -0.225485 8.432513 -3.130551
v -0.250566 8.401114 -3.119507
v -0.245428 8.406606 -3.126849
v -0.245428 8.406606 -3.126849
v -0.241131 8.413930 -3.132990
v -0.237877 8.422716 -3.137623
v -0.235838 8.432530 -3.140512
v -0.256321 8.401133 -3.122299
v -0.253696 8.406632 -3.130862
v -0.253696 8.406632 -3.130862
v -0.251495 8.413962 -3.138021
v -0.249823 8.422755 -3.143421
v -0.248762 8.432571 -3.146787
v -0.262653 8.401160 -3.123178
v -0.262798 8.406672 -3.132123
v -0.262798 8.406672 -3.132123
v -0.262909 8.414014 -3.139604
v -0.262972 8.422813 -3.145244
v -0.262993 8.432634 -3.148761
v -0.268948 8.401195 -3.122055
v -0.271843 8.406721 -3.130511
v -0.271843 8.406721 -3.130511
v -0.274250 8.414075 -3.137582
v -0.276045 8.422884 -3.142915
v -0.277138 8.432712 -3.146237
v -0.274590 8.401233 -3.119042
v -0.279949 8.406775 -3.126182
v -0.279949 8.406775 -3.126182
v -0.284414 8.414143 -3.132154
v -0.287754 8.422961 -3.136659
v -0.289808 8.432796 -3.139469
v -0.279024 8.401269 -3.114434
v -0.286322 8.406830 -3.119563
v -0.286322 8.406830 -3.119563
v -0.292400 8.414210 -3.123852
v -0.296961 8.423038 -3.127090
v -0.299770 8.432879 -3.129116
v -0.281816 8.401302 -3.108681
v -0.290333 8.406876 -3.111293
v -0.290333 8.406876 -3.111293
v -0.297432 8.414268 -3.113487
v -0.302759 8.423108 -3.115147
v -0.306044 8.432954 -3.116193
v -0.282694 8.401328 -3.102345
v -0.291594 8.406912 -3.102193
v -0.291594 8.406912 -3.102193
v -0.299015 8.414315 -3.102074
v -0.304581 8.423161 -3.101995
v -0.308016 8.433011 -3.101960
v -0.289982 8.406936 -3.093147
v -0.296993 8.414344 -3.090732
v -0.302254 8.423194 -3.088923
v -0.305494 8.433046 -3.087818
v 0.081579 8.450170 -3.489154
v 0.088266 8.450170 -3.476024
v 0.088266 8.984969 -3.476024
v 0.081579 8.984969 -3.489154
v 0.098688 8.450170 -3.465603
v 0.098688 8.984969 -3.465603
v 0.111818 8.450170 -3.458913
v 0.111818 8.984969 -3.458913
v 0.126373 8.450170 -3.456608
v 0.126373 8.984969 -3.456608
v 0.140926 8.450170 -3.458913
v 0.140926 8.984969 -3.458913
v 0.154058 8.450170 -3.465603
v 0.154058 8.984969 -3.465603
v 0.164478 8.450170 -3.476024
v 0.164478 8.984969 -3.476024
v 0.171169 8.450170 -3.489154
v 0.171169 8.984969 -3.489154
v 0.173473 8.450170 -3.503708
v 0.173473 8.984969 -3.503708
v 0.171169 8.450170 -3.518264
v 0.171169 8.984969 -3.518264
v 0.164478 8.450170 -3.531393
v 0.164478 8.984969 -3.531393
v 0.154058 8.450170 -3.541814
v 0.154058 8.984969 -3.541814
v 0.140926 8.450170 -3.548503
v 0.140926 8.984969 -3.548503
v 0.126373 8.450170 -3.550809
v 0.126373 8.984969 -3.550809
v 0.111818 8.450170 -3.548503
v 0.111818 8.984969 -3.548503
v 0.098688 8.450170 -3.541814
v 0.098688 8.984969 -3.541814
v 0.088266 8.450170 -3.531393
v 0.088266 8.984969 -3.531393
v 0.081579 8.450170 -3.518264
v 0.081579 8.984969 -3.518264
v 0.079271 8.450170 -3.503708
v 0.079271 8.984969 -3.503708
v 0.081579 8.450170 -3.489154
v 0.081579 8.984969 -3.489154
v 0.106934 8.408262 -3.497393
v 0.109837 8.408262 -3.491693
v 0.098442 8.413803 -3.494634
v 0.102612 8.413803 -3.486444
v 0.091349 8.421168 -3.492328
v 0.098442 8.413803 -3.494634
v 0.102612 8.413803 -3.486444
v 0.096579 8.421168 -3.482062
v 0.086012 8.429987 -3.490594
v 0.092041 8.429987 -3.478765
v 0.082699 8.439819 -3.489518
v 0.089222 8.439819 -3.476717
v 0.114359 8.408262 -3.487171
v 0.109108 8.413803 -3.479948
v 0.109108 8.413803 -3.479948
v 0.104727 8.421168 -3.473915
v 0.101429 8.429987 -3.469375
v 0.099380 8.439819 -3.466558
v 0.120058 8.408262 -3.484269
v 0.117300 8.413803 -3.475777
v 0.117300 8.413803 -3.475777
v 0.114992 8.421168 -3.468684
v 0.113258 8.429987 -3.463348
v 0.112183 8.439819 -3.460035
v 0.126373 8.408262 -3.483269
v 0.126373 8.413803 -3.474339
v 0.126373 8.413803 -3.474339
v 0.126373 8.421168 -3.466882
v 0.126373 8.429987 -3.461271
v 0.126373 8.439819 -3.457788
v 0.132689 8.408262 -3.484269
v 0.135448 8.413803 -3.475777
v 0.135448 8.413803 -3.475777
v 0.137753 8.421168 -3.468684
v 0.139486 8.429987 -3.463348
v 0.140564 8.439819 -3.460035
v 0.138388 8.408262 -3.487171
v 0.143635 8.413803 -3.479948
v 0.143635 8.413803 -3.479948
v 0.148020 8.421168 -3.473915
v 0.151316 8.429987 -3.469375
v 0.153362 8.439819 -3.466558
v 0.142910 8.408262 -3.491693
v 0.150133 8.413803 -3.486444
v 0.150133 8.413803 -3.486444
v 0.156164 8.421168 -3.482062
v 0.160707 8.429987 -3.478765
v 0.163521 8.439819 -3.476717
v 0.145811 8.408262 -3.497393
v 0.154305 8.413803 -3.494634
v 0.154305 8.413803 -3.494634
v 0.161396 8.421168 -3.492328
v 0.166733 8.429987 -3.490594
v 0.170044 8.439819 -3.489518
v 0.146812 8.408262 -3.503708
v 0.155743 8.413803 -3.503708
v 0.155743 8.413803 -3.503708
v 0.163198 8.421168 -3.503708
v 0.168808 8.429987 -3.503708
v 0.172293 8.439819 -3.503708
v 0.145811 8.408262 -3.510023
v 0.154305 8.413803 -3.512782
v 0.154305 8.413803 -3.512782
v 0.161396 8.421168 -3.515088
v 0.166733 8.429987 -3.516822
v 0.170044 8.439819 -3.517899
v 0.142910 8.408262 -3.515722
v 0.150133 8.413803 -3.520973
v 0.150133 8.413803 -3.520973
v 0.156164 8.421168 -3.525354
v 0.160707 8.429987 -3.528652
v 0.163521 8.439819 -3.530699
v 0.138388 8.408262 -3.520245
v 0.143635 8.413803 -3.527469
v 0.143635 8.413803 -3.527469
v 0.148020 8.421168 -3.533501
v 0.151316 8.429987 -3.538041
v 0.153362 8.439819 -3.540857
v 0.132689 8.408262 -3.523148
v 0.135448 8.413803 -3.531640
v 0.135448 8.413803 -3.531640
v 0.137753 8.421168 -3.538732
v 0.139486 8.429987 -3.544068
v 0.140564 8.439819 -3.547380
v 0.126373 8.408262 -3.524148
v 0.126373 8.413803 -3.533077
v 0.126373 8.413803 -3.533077
v 0.126373 8.421168 -3.540535
v 0.126373 8.429987 -3.546144
v 0.126373 8.439819 -3.549629
v 0.120058 8.408262 -3.523148
v 0.117300 8.413803 -3.531640
v 0.117300 8.413803 -3.531640
v 0.114992 8.421168 -3.538732
v 0.113258 8.429987 -3.544068
v 0.112183 8.439819 -3.547380
v 0.114359 8.408262 -3.520245
v 0.109108 8.413803 -3.527469
v 0.109108 8.413803 -3.527469
v 0.104727 8.421168 -3.533501
v 0.101429 8.429987 -3.538041
v 0.099380 8.439819 -3.540857
v 0.109837 8.408262 -3.515722
v 0.102612 8.413803 -3.520973
v 0.102612 8.413803 -3.520973
v 0.096579 8.421168 -3.525354
v 0.092041 8.429987 -3.528652
v 0.089222 8.439819 -3.530699
v 0.106934 8.408262 -3.510023
v 0.098442 8.413803 -3.512782
v 0.098442 8.413803 -3.512782
v 0.091349 8.421168 -3.515088
v 0.086012 8.429987 -3.516822
v 0.082699 8.439819 -3.517899
v 0.105934 8.408262 -3.503708
v 0.097004 8.413803 -3.503708
v 0.097004 8.413803 -3.503708
v 0.089546 8.421168 -3.503708
v 0.083935 8.429987 -3.503708
v 0.080452 8.439819 -3.503708
v 0.098442 8.413803 -3.494634
v 0.091349 8.421168 -3.492328
v 0.086012 8.429987 -3.490594
v 0.082699 8.439819 -3.489518
v 0.081579 8.450170 -2.687187
v 0.088266 8.450170 -2.674057
v 0.088266 8.984969 -2.674057
v 0.081579 8.984969 -2.687187
v 0.098688 8.450170 -2.663636
v 0.098688 8.984969 -2.663636
v 0.111818 8.450170 -2.656946
v 0.111818 8.984969 -2.656946
v 0.126373 8.450170 -2.654641
v 0.126373 8.984969 -2.654641
v 0.140926 8.450170 -2.656946
v 0.140926 8.984969 -2.656946
v 0.154058 8.450170 -2.663636
v 0.154058 8.984969 -2.663636
v 0.164478 8.450170 -2.674057
v 0.164478 8.984969 -2.674057
v 0.171169 8.450170 -2.687187
v 0.171169 8.984969 -2.687187
v 0.173473 8.450170 -2.701741
v 0.173473 8.984969 -2.701741
v 0.171169 8.450170 -2.716297
v 0.171169 8.984969 -2.716297
v 0.164478 8.450170 -2.729426
v 0.164478 8.984969 -2.729426
v 0.154058 8.450170 -2.739847
v 0.154058 8.984969 -2.739847
v 0.140926 8.450170 -2.746536
v 0.140926 8.984969 -2.746536
v 0.126373 8.450170 -2.748842
v 0.126373 8.984969 -2.748842
v 0.111818 8.450170 -2.746536
v 0.111818 8.984969 -2.746536
v 0.098688 8.450170 -2.739847
v 0.098688 8.984969 -2.739847
v 0.088266 8.450170 -2.729426
v 0.088266 8.984969 -2.729426
v 0.081579 8.450170 -2.716297
v 0.081579 8.984969 -2.716297
v 0.079271 8.450170 -2.701741
v 0.079271 8.984969 -2.701741
v 0.081579 8.450170 -2.687187
v 0.081579 8.984969 -2.687187
v 0.106934 8.408262 -2.695426
v 0.109837 8.408262 -2.689727
v 0.098442 8.413803 -2.692667
v 0.102612 8.413803 -2.684478
v 0.091349 8.421168 -2.690361
v 0.098442 8.413803 -2.692667
v 0.102612 8.413803 -2.684478
v 0.096579 8.421168 -2.680096
v 0.086012 8.429987 -2.688627
v 0.092041 8.429987 -2.676798
v 0.082699 8.439819 -2.687551
v 0.089222 8.439819 -2.674750
v 0.114359 8.408262 -2.685205
v 0.109108 8.413803 -2.677981
v 0.109108 8.413803 -2.677981
v 0.104727 8.421168 -2.671949
v 0.101429 8.429987 -2.667409
v 0.099380 8.439819 -2.664592
v 0.120058 8.408262 -2.682302
v 0.117300 8.413803 -2.673810
v 0.117300 8.413803 -2.673810
v 0.114992 8.421168 -2.666718
v 0.113258 8.429987 -2.661382
v 0.112183 8.439819 -2.658069
v 0.126373 8.408262 -2.681302
v 0.126373 8.413803 -2.672373
v 0.126373 8.413803 -2.672373
v 0.126373 8.421168 -2.664915
v 0.126373 8.429987 -2.659305
v 0.126373 8.439819 -2.655821
v 0.132689 8.408262 -2.682302
v 0.135448 8.413803 -2.673810
v 0.135448 8.413803 -2.673810
v 0.137753 8.421168 -2.666718
v 0.139486 8.429987 -2.661382
v 0.140564 8.439819 -2.658069
v 0.138388 8.408262 -2.685205
v 0.143635 8.413803 -2.677981
v 0.143635 8.413803 -2.677981
v 0.148020 8.421168 -2.671949
v 0.151316 8.429987 -2.667409
v 0.153362 8.439819 -2.664592
v 0.142910 8.408262 -2.689727
v 0.150133 8.413803 -2.684478
v 0.150133 8.413803 -2.684478
v 0.156164 8.421168 -2.680096
v 0.160707 8.429987 -2.676798
v 0.163521 8.439819 -2.674750
v 0.145811 8.408262 -2.695426
v 0.154305 8.413803 -2.692667
v 0.154305 8.413803 -2.692667
v 0.161396 8.421168 -2.690361
v 0.166733 8.429987 -2.688627
v 0.170044 8.439819 -2.687551
v 0.146812 8.408262 -2.701741
v 0.155743 8.413803 -2.701741
v 0.155743 8.413803 -2.701741
v 0.163198 8.421168 -2.701741
v 0.168808 8.429987 -2.701741
v 0.172293 8.439819 -2.701741
v 0.145811 8.408262 -2.708057
v 0.154305 8.413803 -2.710815
v 0.154305 8.413803 -2.710815
v 0.161396 8.421168 -2.713121
v 0.166733 8.429987 -2.714855
v 0.170044 8.439819 -2.715932
v 0.142910 8.408262 -2.713756
v 0.150133 8.413803 -2.719007
v 0.150133 8.413803 -2.719007
v 0.156164 8.421168 -2.723388
v 0.160707 8.429987 -2.726686
v 0.163521 8.439819 -2.728732
v 0.138388 8.408262 -2.718279
v 0.143635 8.413803 -2.725502
v 0.143635 8.413803 -2.725502
v 0.148020 8.421168 -2.731534
v 0.151316 8.429987 -2.736074
v 0.153362 8.439819 -2.738891
v 0.132689 8.408262 -2.721181
v 0.135448 8.413803 -2.729673
v 0.135448 8.413803 -2.729673
v 0.137753 8.421168 -2.736765
v 0.139486 8.429987 -2.742102
v 0.140564 8.439819 -2.745414
v 0.126373 8.408262 -2.722181
v 0.126373 8.413803 -2.731111
v 0.126373 8.413803 -2.731111
v 0.126373 8.421168 -2.738568
v 0.126373 8.429987 -2.744178
v 0.126373 8.439819 -2.747663
v 0.120058 8.408262 -2.721181
v 0.117300 8.413803 -2.729673
v 0.117300 8.413803 -2.729673
v 0.114992 8.421168 -2.736765
v 0.113258 8.429987 -2.742102
v 0.112183 8.439819 -2.745414
v 0.114359 8.408262 -2.718279
v 0.109108 8.413803 -2.725502
v 0.109108 8.413803 -2.725502
v 0.104727 8.421168 -2.731534
v 0.101429 8.429987 -2.736074
v 0.099380 8.439819 -2.738891
v 0.109837 8.408262 -2.713756
v 0.102612 8.413803 -2.719007
v 0.102612 8.413803 -2.719007
v 0.096579 8.421168 -2.723388
v 0.092041 8.429987 -2.726686
v 0.089222 8.439819 -2.728732
v 0.106934 8.408262 -2.708057
v 0.098442 8.413803 -2.710815
v 0.098442 8.413803 -2.710815
v 0.091349 8.421168 -2.713121
v 0.086012 8.429987 -2.714855
v 0.082699 8.439819 -2.715932
v 0.105934 8.408262 -2.701741
v 0.097004 8.413803 -2.701741
v 0.097004 8.413803 -2.701741
v 0.089546 8.421168 -2.701741
v 0.083935 8.429987 -2.701741
v 0.080452 8.439819 -2.701741
v 0.098442 8.413803 -2.692667
v 0.091349 8.421168 -2.690361
v 0.086012 8.429987 -2.688627
v 0.082699 8.439819 -2.687551
v -0.307077 8.443135 -3.489154
v -0.300388 8.443135 -3.476024
v -0.300388 8.977936 -3.476024
v -0.307077 8.977936 -3.489154
v -0.289967 8.443135 -3.465603
v -0.289967 8.977936 -3.465603
v -0.276838 8.443135 -3.458913
v -0.276838 8.977936 -3.458913
v -0.262281 8.443135 -3.456608
v -0.262281 8.977936 -3.456608
v -0.247730 8.443135 -3.458913
v -0.247730 8.977936 -3.458913
v -0.234598 8.443135 -3.465603
v -0.234598 8.977936 -3.465603
v -0.224178 8.443135 -3.476024
v -0.224178 8.977936 -3.476024
v -0.217487 8.443135 -3.489154
v -0.217487 8.977936 -3.489154
v -0.215183 8.443135 -3.503708
v -0.215183 8.977936 -3.503708
v -0.217487 8.443135 -3.518264
v -0.217487 8.977936 -3.518264
v -0.224178 8.443135 -3.531393
v -0.224178 8.977936 -3.531393
v -0.234598 8.443135 -3.541814
v -0.234598 8.977936 -3.541814
v -0.247730 8.443135 -3.548503
v -0.247730 8.977936 -3.548503
v -0.262281 8.443135 -3.550809
v -0.262281 8.977936 -3.550809
v -0.276838 8.443135 -3.548503
v -0.276838 8.977936 -3.548503
v -0.289967 8.443135 -3.541814
v -0.289967 8.977936 -3.541814
v -0.300388 8.443135 -3.531393
v -0.300388 8.977936 -3.531393
v -0.307077 8.443135 -3.518264
v -0.307077 8.977936 -3.518264
v -0.309385 8.443135 -3.503708
v -0.309385 8.977936 -3.503708
v -0.307077 8.443135 -3.489154
v -0.307077 8.977936 -3.489154
v -0.281723 8.401228 -3.497393
v -0.278818 8.401228 -3.491693
v -0.290215 8.406769 -3.494634
v -0.286045 8.406769 -3.486444
v -0.297308 8.414134 -3.492328
v -0.290215 8.406769 -3.494634
v -0.286045 8.406769 -3.486444
v -0.292076 8.414134 -3.482062
v -0.302643 8.422953 -3.490594
v -0.296616 8.422953 -3.478765
v -0.305956 8.432786 -3.489518
v -0.299433 8.432786 -3.476717
v -0.274296 8.401228 -3.487171
v -0.279547 8.406769 -3.479948
v -0.279547 8.406769 -3.479948
v -0.283928 8.414134 -3.473915
v -0.287228 8.422953 -3.469375
v -0.289274 8.432786 -3.466558
v -0.268597 8.401228 -3.484269
v -0.271357 8.406769 -3.475777
v -0.271357 8.406769 -3.475777
v -0.273664 8.414134 -3.468684
v -0.275398 8.422953 -3.463348
v -0.276472 8.432786 -3.460035
v -0.262281 8.401228 -3.483269
v -0.262281 8.406769 -3.474339
v -0.262281 8.406769 -3.474339
v -0.262281 8.414134 -3.466882
v -0.262281 8.422953 -3.461271
v -0.262281 8.432786 -3.457788
v -0.255966 8.401228 -3.484269
v -0.253208 8.406769 -3.475777
v -0.253208 8.406769 -3.475777
v -0.250904 8.414134 -3.468684
v -0.249170 8.422953 -3.463348
v -0.248093 8.432786 -3.460035
v -0.250267 8.401228 -3.487171
v -0.245020 8.406769 -3.479948
v -0.245020 8.406769 -3.479948
v -0.240637 8.414134 -3.473915
v -0.237339 8.422953 -3.469375
v -0.235292 8.432786 -3.466558
v -0.245745 8.401228 -3.491693
v -0.238523 8.406769 -3.486444
v -0.238523 8.406769 -3.486444
v -0.232491 8.414134 -3.482062
v -0.227949 8.422953 -3.478765
v -0.225134 8.432786 -3.476717
v -0.242844 8.401228 -3.497393
v -0.234350 8.406769 -3.494634
v -0.234350 8.406769 -3.494634
v -0.227261 8.414134 -3.492328
v -0.221924 8.422953 -3.490594
v -0.218611 8.432786 -3.489518
v -0.241842 8.401228 -3.503708
v -0.232914 8.406769 -3.503708
v -0.232914 8.406769 -3.503708
v -0.225456 8.414134 -3.503708
v -0.219847 8.422953 -3.503708
v -0.216364 8.432786 -3.503708
v -0.242844 8.401228 -3.510023
v -0.234350 8.406769 -3.512782
v -0.234350 8.406769 -3.512782
v -0.227261 8.414134 -3.515088
v -0.221924 8.422953 -3.516822
v -0.218611 8.432786 -3.517899
v -0.245745 8.401228 -3.515722
v -0.238523 8.406769 -3.520973
v -0.238523 8.406769 -3.520973
v -0.232491 8.414134 -3.525354
v -0.227949 8.422953 -3.528652
v -0.225134 8.432786 -3.530699
v -0.250267 8.401228 -3.520245
v -0.245020 8.406769 -3.527469
v -0.245020 8.406769 -3.527469
v -0.240637 8.414134 -3.533501
v -0.237339 8.422953 -3.538041
v -0.235292 8.432786 -3.540857
v -0.255966 8.401228 -3.523148
v -0.253208 8.406769 -3.531640
v -0.253208 8.406769 -3.531640
v -0.250904 8.414134 -3.538732
v -0.249170 8.422953 -3.544068
v -0.248093 8.432786 -3.547380
v -0.262281 8.401228 -3.524148
v -0.262281 8.406769 -3.533077
v -0.262281 8.406769 -3.533077
v -0.262281 8.414134 -3.540535
v -0.262281 8.422953 -3.546144
v -0.262281 8.432786 -3.549629
v -0.268597 8.401228 -3.523148
v -0.271357 8.406769 -3.531640
v -0.271357 8.406769 -3.531640
v -0.273664 8.414134 -3.538732
v -0.275398 8.422953 -3.544068
v -0.276472 8.432786 -3.547380
v -0.274296 8.401228 -3.520245
v -0.279547 8.406769 -3.527469
v -0.279547 8.406769 -3.527469
v -0.283928 8.414134 -3.533501
v -0.287228 8.422953 -3.538041
v -0.289274 8.432786 -3.540857
v -0.278818 8.401228 -3.515722
v -0.286045 8.406769 -3.520973
v -0.286045 8.406769 -3.520973
v -0.292076 8.414134 -3.525354
v -0.296616 8.422953 -3.528652
v -0.299433 8.432786 -3.530699
v -0.281723 8.401228 -3.510023
v -0.290215 8.406769 -3.512782
v -0.290215 8.406769 -3.512782
v -0.297308 8.414134 -3.515088
v -0.302643 8.422953 -3.516822
v -0.305956 8.432786 -3.517899
v -0.282722 8.401228 -3.503708
v -0.291651 8.406769 -3.503708
v -0.291651 8.406769 -3.503708
v -0.299110 8.414134 -3.503708
v -0.304720 8.422953 -3.503708
v -0.308205 8.432786 -3.503708
v -0.290215 8.406769 -3.494634
v -0.297308 8.414134 -3.492328
v -0.302643 8.422953 -3.490594
v -0.305956 8.432786 -3.489518
v -0.305689 8.443377 -2.888178
v -0.299059 8.443323 -2.875018
v -0.296047 8.978113 -2.874409
v -0.302677 8.978167 -2.887570
v -0.288687 8.443254 -2.864550
v -0.285673 8.978045 -2.863941
v -0.275587 8.443173 -2.857800
v -0.272573 8.977963 -2.857193
v -0.261044 8.443088 -2.855429
v -0.258032 8.977878 -2.854821
v -0.246479 8.443008 -2.857669
v -0.243465 8.977798 -2.857060
v -0.233318 8.442941 -2.864299
v -0.230307 8.977731 -2.863691
v -0.222851 8.442895 -2.874672
v -0.219839 8.977685 -2.874064
v -0.216103 8.442872 -2.887773
v -0.213089 8.977662 -2.887165
v -0.213732 8.442875 -2.902317
v -0.210718 8.977665 -2.901708
v -0.215971 8.442904 -2.916882
v -0.212957 8.977695 -2.916273
v -0.222601 8.442958 -2.930039
v -0.219587 8.977748 -2.929432
v -0.232973 8.443027 -2.940508
v -0.229959 8.977817 -2.939900
v -0.246073 8.443108 -2.947257
v -0.243061 8.977898 -2.946650
v -0.260618 8.443193 -2.949629
v -0.257605 8.977983 -2.949020
v -0.275181 8.443273 -2.947389
v -0.272169 8.978063 -2.946781
v -0.288340 8.443340 -2.940759
v -0.285328 8.978130 -2.940150
v -0.298809 8.443386 -2.930386
v -0.295795 8.978176 -2.929776
v -0.305557 8.443409 -2.917287
v -0.302546 8.978199 -2.916678
v -0.307930 8.443406 -2.902742
v -0.304916 8.978196 -2.902134
v -0.305689 8.443377 -2.888178
v -0.302677 8.978167 -2.887570
v -0.280537 8.401335 -2.896350
v -0.277658 8.401314 -2.890637
v -0.289007 8.406922 -2.893623
v -0.284876 8.406887 -2.885414
v -0.296070 8.414324 -2.891341
v -0.289007 8.406922 -2.893623
v -0.284876 8.406887 -2.885414
v -0.290884 8.414283 -2.881052
v -0.301363 8.423171 -2.889622
v -0.295389 8.423122 -2.877764
v -0.304625 8.433020 -2.888549
v -0.298159 8.432970 -2.875719
v -0.273157 8.401282 -2.886095
v -0.278408 8.406845 -2.878890
v -0.278408 8.406845 -2.878890
v -0.282776 8.414228 -2.872869
v -0.286045 8.423060 -2.868334
v -0.288048 8.432901 -2.865514
v -0.267471 8.401248 -2.883166
v -0.270237 8.406794 -2.874681
v -0.270237 8.406794 -2.874681
v -0.272535 8.414164 -2.867590
v -0.274240 8.422988 -2.862252
v -0.275278 8.432823 -2.858932
v -0.261160 8.401210 -2.882138
v -0.261169 8.406741 -2.873202
v -0.261169 8.406741 -2.873202
v -0.261164 8.414098 -2.865736
v -0.261139 8.422910 -2.860116
v -0.261099 8.432739 -2.856621
v -0.254841 8.401175 -2.883110
v -0.252089 8.406692 -2.874598
v -0.252089 8.406692 -2.874598
v -0.249775 8.414035 -2.867488
v -0.248013 8.422839 -2.862133
v -0.246897 8.432662 -2.858805
v -0.249128 8.401147 -2.885986
v -0.243881 8.406651 -2.878733
v -0.243881 8.406651 -2.878733
v -0.239485 8.413984 -2.872673
v -0.236156 8.422780 -2.868106
v -0.234066 8.432598 -2.865270
v -0.244585 8.401126 -2.890489
v -0.237354 8.406620 -2.885201
v -0.237354 8.406620 -2.885201
v -0.231300 8.413946 -2.880781
v -0.226727 8.422735 -2.877454
v -0.223864 8.432551 -2.875382
v -0.241657 8.401115 -2.896174
v -0.233145 8.406606 -2.893370
v -0.233145 8.406606 -2.893370
v -0.226025 8.413928 -2.891025
v -0.220646 8.422716 -2.889256
v -0.217283 8.432527 -2.888153
v -0.240627 8.401117 -2.902485
v -0.231667 8.406608 -2.902439
v -0.231667 8.406608 -2.902439
v -0.224171 8.413932 -2.902396
v -0.218510 8.422719 -2.902360
v -0.214970 8.432531 -2.902333
v -0.241600 8.401129 -2.908806
v -0.233063 8.406626 -2.911518
v -0.233063 8.406626 -2.911518
v -0.225920 8.413955 -2.913783
v -0.220528 8.422746 -2.915483
v -0.217154 8.432560 -2.916532
v -0.244476 8.401152 -2.914516
v -0.237198 8.406660 -2.919727
v -0.237198 8.406660 -2.919727
v -0.231106 8.413996 -2.924072
v -0.226500 8.422791 -2.927341
v -0.223619 8.432611 -2.929362
v -0.248980 8.401183 -2.919059
v -0.243666 8.406703 -2.926252
v -0.243666 8.406703 -2.926252
v -0.239214 8.414050 -2.932257
v -0.235846 8.422855 -2.936770
v -0.233730 8.432680 -2.939568
v -0.254665 8.401218 -2.921988
v -0.251835 8.406754 -2.930460
v -0.251835 8.406754 -2.930460
v -0.249456 8.414114 -2.937533
v -0.247646 8.422928 -2.942852
v -0.246502 8.432757 -2.946148
v -0.260975 8.401256 -2.923016
v -0.260902 8.406807 -2.931938
v -0.260902 8.406807 -2.931938
v -0.260828 8.414180 -2.939387
v -0.260752 8.423006 -2.944988
v -0.260681 8.432841 -2.948461
v -0.267296 8.401291 -2.922043
v -0.269983 8.406857 -2.930542
v -0.269983 8.406857 -2.930542
v -0.272217 8.414243 -2.937635
v -0.273874 8.423077 -2.942970
v -0.274881 8.432920 -2.946277
v -0.273008 8.401319 -2.919168
v -0.278193 8.406898 -2.926409
v -0.278193 8.406898 -2.926409
v -0.282505 8.414294 -2.932452
v -0.285732 8.423136 -2.936998
v -0.287712 8.432983 -2.939811
v -0.277550 8.401340 -2.914664
v -0.284719 8.406927 -2.919942
v -0.284719 8.406927 -2.919942
v -0.290688 8.414331 -2.924342
v -0.295162 8.423179 -2.927649
v -0.297915 8.433029 -2.929699
v -0.280479 8.401348 -2.908980
v -0.288925 8.406941 -2.911773
v -0.288925 8.406941 -2.911773
v -0.295965 8.414350 -2.914100
v -0.301245 8.423201 -2.915848
v -0.304497 8.433052 -2.916927
v -0.281507 8.401348 -2.902670
v -0.290403 8.406939 -2.902704
v -0.290403 8.406939 -2.902704
v -0.297819 8.414347 -2.902729
v -0.303381 8.423197 -2.902745
v -0.306808 8.433049 -2.902749
v -0.289007 8.406922 -2.893623
v -0.296070 8.414324 -2.891341
v -0.301363 8.423171 -2.889622
v -0.304625 8.433020 -2.888549
v -0.116310 8.446761 -3.088170
v -0.109623 8.446607 -3.075040
v -0.097269 8.981263 -3.075040
v -0.103956 8.981418 -3.088170
v -0.099205 8.446365 -3.064619
v -0.086851 8.981022 -3.064619
v -0.086079 8.446062 -3.057930
v -0.073725 8.980719 -3.057930
v -0.071527 8.445726 -3.055624
v -0.059174 8.980383 -3.055624
v -0.056976 8.445390 -3.057930
v -0.044622 8.980046 -3.057930
v -0.043852 8.445086 -3.064619
v -0.031496 8.979743 -3.064619
v -0.033432 8.444846 -3.075040
v -0.021078 8.979503 -3.075040
v -0.026743 8.444692 -3.088170
v -0.014389 8.979348 -3.088170
v -0.024439 8.444638 -3.102725
v -0.012085 8.979295 -3.102725
v -0.026743 8.444692 -3.117281
v -0.014389 8.979348 -3.117281
v -0.033432 8.444846 -3.130409
v -0.021078 8.979503 -3.130409
v -0.043852 8.445086 -3.140830
v -0.031496 8.979743 -3.140830
v -0.056976 8.445390 -3.147520
v -0.044622 8.980046 -3.147520
v -0.071527 8.445726 -3.149825
v -0.059174 8.980383 -3.149825
v -0.086079 8.446062 -3.147520
v -0.073725 8.980719 -3.147520
v -0.099205 8.446365 -3.140830
v -0.086851 8.981022 -3.140830
v -0.109623 8.446607 -3.130409
v -0.097269 8.981263 -3.130409
v -0.116310 8.446761 -3.117281
v -0.103956 8.981418 -3.117281
v -0.118614 8.446815 -3.102725
v -0.106260 8.981470 -3.102725
v -0.116310 8.446761 -3.088170
v -0.103956 8.981418 -3.088170
v -0.091930 8.404277 -3.096409
v -0.089027 8.404211 -3.090711
v -0.100292 8.410012 -3.093651
v -0.096121 8.409917 -3.085461
v -0.107212 8.417541 -3.091345
v -0.100292 8.410012 -3.093651
v -0.096121 8.409917 -3.085461
v -0.101982 8.417420 -3.081079
v -0.112345 8.426481 -3.089611
v -0.106318 8.426341 -3.077781
v -0.115427 8.436387 -3.088534
v -0.108906 8.436236 -3.075734
v -0.084507 8.404105 -3.086188
v -0.089626 8.409767 -3.078964
v -0.089626 8.409767 -3.078964
v -0.093840 8.417231 -3.072932
v -0.096931 8.426126 -3.068392
v -0.098751 8.436001 -3.065576
v -0.078810 8.403974 -3.083285
v -0.081440 8.409577 -3.074793
v -0.081440 8.409577 -3.074793
v -0.083574 8.416993 -3.067701
v -0.085104 8.425852 -3.062365
v -0.085953 8.435706 -3.059052
v -0.072496 8.403829 -3.082285
v -0.072369 8.409368 -3.073356
v -0.072369 8.409368 -3.073356
v -0.072199 8.416732 -3.065898
v -0.071993 8.425549 -3.060288
v -0.071766 8.435378 -3.056804
v -0.066183 8.403682 -3.083285
v -0.063297 8.409159 -3.074793
v -0.063297 8.409159 -3.074793
v -0.060822 8.416468 -3.067701
v -0.058884 8.425245 -3.062365
v -0.057579 8.435050 -3.059052
v -0.060486 8.403552 -3.086188
v -0.055109 8.408969 -3.078964
v -0.055109 8.408969 -3.078964
v -0.050558 8.416232 -3.072932
v -0.047056 8.424972 -3.068392
v -0.044783 8.434755 -3.065576
v -0.055964 8.403446 -3.090711
v -0.048615 8.408819 -3.085461
v -0.048615 8.408819 -3.085461
v -0.042414 8.416042 -3.081079
v -0.037670 8.424756 -3.077781
v -0.034626 8.434520 -3.075734
v -0.053062 8.403378 -3.096409
v -0.044445 8.408722 -3.093651
v -0.044445 8.408722 -3.093651
v -0.037184 8.415922 -3.091345
v -0.031645 8.424616 -3.089611
v -0.028105 8.434369 -3.088534
v -0.052061 8.403356 -3.102725
v -0.043007 8.408689 -3.102725
v -0.043007 8.408689 -3.102725
v -0.035381 8.415881 -3.102725
v -0.029568 8.424568 -3.102725
v -0.025858 8.434317 -3.102725
v -0.053062 8.403378 -3.109040
v -0.044445 8.408722 -3.111799
v -0.044445 8.408722 -3.111799
v -0.037184 8.415922 -3.114105
v -0.031645 8.424616 -3.115839
v -0.028105 8.434369 -3.116915
v -0.055964 8.403446 -3.114739
v -0.048615 8.408819 -3.119990
v -0.048615 8.408819 -3.119990
v -0.042414 8.416042 -3.124371
v -0.037670 8.424756 -3.127668
v -0.034626 8.434520 -3.129716
v -0.060486 8.403552 -3.119262
v -0.055109 8.408969 -3.126485
v -0.055109 8.408969 -3.126485
v -0.050558 8.416232 -3.132517
v -0.047056 8.424972 -3.137057
v -0.044783 8.434755 -3.139874
v -0.066183 8.403682 -3.122164
v -0.063297 8.409159 -3.130656
v -0.063297 8.409159 -3.130656
v -0.060822 8.416468 -3.137749
v -0.058884 8.425245 -3.143085
v -0.057579 8.435050 -3.146398
v -0.072496 8.403829 -3.123164
v -0.072369 8.409368 -3.132093
v -0.072369 8.409368 -3.132093
v -0.072199 8.416732 -3.139551
v -0.071993 8.425549 -3.145162
v -0.071766 8.435378 -3.148645
v -0.078810 8.403974 -3.122164
v -0.081440 8.409577 -3.130656
v -0.081440 8.409577 -3.130656
v -0.083574 8.416993 -3.137749
v -0.085104 8.425852 -3.143085
v -0.085953 8.435706 -3.146398
v -0.084507 8.404105 -3.119262
v -0.089626 8.409767 -3.126485
v -0.089626 8.409767 -3.126485
v -0.093840 8.417231 -3.132517
v -0.096931 8.426126 -3.137057
v -0.098751 8.436001 -3.139874
v -0.089027 8.404211 -3.114739
v -0.096121 8.409917 -3.119990
v -0.096121 8.409917 -3.119990
v -0.101982 8.417420 -3.124371
v -0.106318 8.426341 -3.127668
v -0.108906 8.436236 -3.129716
v -0.091930 8.404277 -3.109040
v -0.100292 8.410012 -3.111799
v -0.100292 8.410012 -3.111799
v -0.107212 8.417541 -3.114105
v -0.112345 8.426481 -3.115839
v -0.115427 8.436387 -3.116915
v -0.092932 8.404300 -3.102725
v -0.101728 8.410047 -3.102725
v -0.101728 8.410047 -3.102725
v -0.109015 8.417582 -3.102725
v -0.114418 8.426529 -3.102725
v -0.117676 8.436440 -3.102725
v -0.100292 8.410012 -3.093651
v -0.107212 8.417541 -3.091345
v -0.112345 8.426481 -3.089611
v -0.115427 8.436387 -3.088534
v -0.307077 8.443135 -1.885221
v -0.300388 8.443135 -1.872090
v -0.300388 8.977936 -1.872090
v -0.307077 8.977936 -1.885221
v -0.289967 8.443135 -1.861670
v -0.289967 8.977936 -1.861670
v -0.276838 8.443135 -1.854980
v -0.276838 8.977936 -1.854980
v -0.262281 8.443135 -1.852674
v -0.262281 8.977936 -1.852674
v -0.247730 8.443135 -1.854980
v -0.247730 8.977936 -1.854980
v -0.234598 8.443135 -1.861670
v -0.234598 8.977936 -1.861670
v -0.224178 8.443135 -1.872090
v -0.224178 8.977936 -1.872090
v -0.217487 8.443135 -1.885221
v -0.217487 8.977936 -1.885221
v -0.215183 8.443135 -1.899775
v -0.215183 8.977936 -1.899775
v -0.217487 8.443135 -1.914330
v -0.217487 8.977936 -1.914330
v -0.224178 8.443135 -1.927460
v -0.224178 8.977936 -1.927460
v -0.234598 8.443135 -1.937881
v -0.234598 8.977936 -1.937881
v -0.247730 8.443135 -1.944570
v -0.247730 8.977936 -1.944570
v -0.262281 8.443135 -1.946876
v -0.262281 8.977936 -1.946876
v -0.276838 8.443135 -1.944570
v -0.276838 8.977936 -1.944570
v -0.289967 8.443135 -1.937881
v -0.289967 8.977936 -1.937881
v -0.300388 8.443135 -1.927460
v -0.300388 8.977936 -1.927460
v -0.307077 8.443135 -1.914330
v -0.307077 8.977936 -1.914330
v -0.309385 8.443135 -1.899775
v -0.309385 8.977936 -1.899775
v -0.307077 8.443135 -1.885221
v -0.307077 8.977936 -1.885221
v -0.281723 8.401228 -1.893459
v -0.278818 8.401228 -1.887760
v -0.290215 8.406769 -1.890700
v -0.286045 8.406769 -1.882511
v -0.297308 8.414134 -1.888395
v -0.290215 8.406769 -1.890700
v -0.286045 8.406769 -1.882511
v -0.292076 8.414134 -1.878129
v -0.302643 8.422953 -1.886662
v -0.296616 8.422953 -1.874831
v -0.305956 8.432786 -1.885585
v -0.299433 8.432786 -1.872785
v -0.274296 8.401228 -1.883238
v -0.279547 8.406769 -1.876015
v -0.279547 8.406769 -1.876015
v -0.283928 8.414134 -1.869983
v -0.287228 8.422953 -1.865442
v -0.289274 8.432786 -1.862625
v -0.268597 8.401228 -1.880336
v -0.271357 8.406769 -1.871843
v -0.271357 8.406769 -1.871843
v -0.273664 8.414134 -1.864752
v -0.275398 8.422953 -1.859415
v -0.276472 8.432786 -1.856102
v -0.262281 8.401228 -1.879335
v -0.262281 8.406769 -1.870406
v -0.262281 8.406769 -1.870406
v -0.262281 8.414134 -1.862948
v -0.262281 8.422953 -1.857338
v -0.262281 8.432786 -1.853854
v -0.255966 8.401228 -1.880336
v -0.253208 8.406769 -1.871843
v -0.253208 8.406769 -1.871843
v -0.250904 8.414134 -1.864752
v -0.249170 8.422953 -1.859415
v -0.248093 8.432786 -1.856102
v -0.250267 8.401228 -1.883238
v -0.245020 8.406769 -1.876015
v -0.245020 8.406769 -1.876015
v -0.240637 8.414134 -1.869983
v -0.237339 8.422953 -1.865442
v -0.235292 8.432786 -1.862625
v -0.245745 8.401228 -1.887760
v -0.238523 8.406769 -1.882511
v -0.238523 8.406769 -1.882511
v -0.232491 8.414134 -1.878129
v -0.227949 8.422953 -1.874831
v -0.225134 8.432786 -1.872785
v -0.242844 8.401228 -1.893459
v -0.234350 8.406769 -1.890700
v -0.234350 8.406769 -1.890700
v -0.227261 8.414134 -1.888395
v -0.221924 8.422953 -1.886662
v -0.218611 8.432786 -1.885585
v -0.241842 8.401228 -1.899775
v -0.232914 8.406769 -1.899775
v -0.232914 8.406769 -1.899775
v -0.225456 8.414134 -1.899775
v -0.219847 8.422953 -1.899775
v -0.216364 8.432786 -1.899775
v -0.242844 8.401228 -1.906091
v -0.234350 8.406769 -1.908850
v -0.234350 8.406769 -1.908850
v -0.227261 8.414134 -1.911155
v -0.221924 8.422953 -1.912889
v -0.218611 8.432786 -1.913965
v -0.245745 8.401228 -1.911790
v -0.238523 8.406769 -1.917040
v -0.238523 8.406769 -1.917040
v -0.232491 8.414134 -1.921421
v -0.227949 8.422953 -1.924719
v -0.225134 8.432786 -1.926765
v -0.250267 8.401228 -1.916312
v -0.245020 8.406769 -1.923535
v -0.245020 8.406769 -1.923535
v -0.240637 8.414134 -1.929567
v -0.237339 8.422953 -1.934108
v -0.235292 8.432786 -1.936925
v -0.255966 8.401228 -1.919214
v -0.253208 8.406769 -1.927707
v -0.253208 8.406769 -1.927707
v -0.250904 8.414134 -1.934798
v -0.249170 8.422953 -1.940135
v -0.248093 8.432786 -1.943448
v -0.262281 8.401228 -1.920215
v -0.262281 8.406769 -1.929144
v -0.262281 8.406769 -1.929144
v -0.262281 8.414134 -1.936602
v -0.262281 8.422953 -1.942211
v -0.262281 8.432786 -1.945696
v -0.268597 8.401228 -1.919214
v -0.271357 8.406769 -1.927707
v -0.271357 8.406769 -1.927707
v -0.273664 8.414134 -1.934798
v -0.275398 8.422953 -1.940135
v -0.276472 8.432786 -1.943448
v -0.274296 8.401228 -1.916312
v -0.279547 8.406769 -1.923535
v -0.279547 8.406769 -1.923535
v -0.283928 8.414134 -1.929567
v -0.287228 8.422953 -1.934108
v -0.289274 8.432786 -1.936925
v -0.278818 8.401228 -1.911790
v -0.286045 8.406769 -1.917040
v -0.286045 8.406769 -1.917040
v -0.292076 8.414134 -1.921421
v -0.296616 8.422953 -1.924719
v -0.299433 8.432786 -1.926765
v -0.281723 8.401228 -1.906091
v -0.290215 8.406769 -1.908850
v -0.290215 8.406769 -1.908850
v -0.297308 8.414134 -1.911155
v -0.302643 8.422953 -1.912889
v -0.305956 8.432786 -1.913965
v -0.282722 8.401228 -1.899775
v -0.291651 8.406769 -1.899775
v -0.291651 8.406769 -1.899775
v -0.299110 8.414134 -1.899775
v -0.304720 8.422953 -1.899775
v -0.308205 8.432786 -1.899775
v -0.290215 8.406769 -1.890700
v -0.297308 8.414134 -1.888395
v -0.302643 8.422953 -1.886662
v -0.305956 8.432786 -1.885585
v -0.112871 8.446058 -2.282528
v -0.106071 8.446322 -2.269457
v -0.105568 8.981009 -2.280433
v -0.112368 8.980744 -2.293504
v -0.095564 8.446524 -2.259127
v -0.095060 8.981210 -2.270103
v -0.082376 8.446647 -2.252549
v -0.081875 8.981333 -2.263525
v -0.067804 8.446678 -2.250365
v -0.067301 8.981364 -2.261342
v -0.053270 8.446614 -2.252793
v -0.052767 8.981300 -2.263771
v -0.040195 8.446463 -2.259591
v -0.039692 8.981149 -2.270568
v -0.029861 8.446237 -2.270097
v -0.029360 8.980923 -2.281075
v -0.023285 8.445958 -2.283279
v -0.022781 8.980644 -2.294257
v -0.021103 8.445658 -2.297851
v -0.020599 8.980344 -2.308826
v -0.023529 8.445361 -2.312383
v -0.023027 8.980047 -2.323360
v -0.030329 8.445101 -2.325453
v -0.029825 8.979787 -2.336431
v -0.040836 8.444899 -2.335783
v -0.040335 8.979585 -2.346759
v -0.054024 8.444777 -2.342360
v -0.053520 8.979463 -2.353338
v -0.068598 8.444745 -2.344543
v -0.068094 8.979431 -2.355520
v -0.083130 8.444809 -2.342116
v -0.082626 8.979495 -2.353092
v -0.096205 8.444959 -2.335318
v -0.095701 8.979646 -2.346294
v -0.106537 8.445187 -2.324813
v -0.106035 8.979873 -2.335789
v -0.113117 8.445462 -2.311631
v -0.112614 8.980148 -2.322608
v -0.115301 8.445764 -2.297059
v -0.114798 8.980450 -2.308037
v -0.112871 8.446058 -2.282528
v -0.112368 8.980744 -2.293504
v -0.087624 8.403963 -2.290117
v -0.084675 8.404077 -2.284445
v -0.096088 8.409570 -2.287401
v -0.091848 8.409733 -2.279248
v -0.103155 8.416987 -2.285188
v -0.096088 8.409570 -2.287401
v -0.091848 8.409733 -2.279248
v -0.097837 8.417193 -2.274968
v -0.108469 8.425848 -2.283591
v -0.102341 8.426084 -2.271815
v -0.111763 8.435701 -2.282688
v -0.105131 8.435957 -2.269946
v -0.080114 8.404164 -2.279960
v -0.085297 8.409858 -2.272807
v -0.085297 8.409858 -2.272807
v -0.089622 8.417351 -2.266891
v -0.092873 8.426267 -2.262506
v -0.094887 8.436155 -2.259873
v -0.074390 8.404217 -2.277107
v -0.077072 8.409936 -2.268707
v -0.077072 8.409936 -2.268707
v -0.079313 8.417446 -2.261748
v -0.080994 8.426377 -2.256580
v -0.082031 8.436274 -2.253461
v -0.068068 8.404232 -2.276159
v -0.067989 8.409955 -2.267345
v -0.067989 8.409955 -2.267345
v -0.067919 8.417472 -2.260041
v -0.067863 8.426405 -2.254613
v -0.067823 8.436305 -2.251333
v -0.061760 8.404202 -2.277213
v -0.058926 8.409916 -2.268859
v -0.058926 8.409916 -2.268859
v -0.056555 8.417421 -2.261940
v -0.054768 8.426348 -2.256800
v -0.053654 8.436242 -2.253697
v -0.056086 8.404138 -2.280161
v -0.050772 8.409821 -2.273097
v -0.050772 8.409821 -2.273097
v -0.046333 8.417302 -2.267255
v -0.042988 8.426210 -2.262924
v -0.040907 8.436094 -2.260326
v -0.051601 8.404040 -2.284721
v -0.044329 8.409680 -2.279647
v -0.044329 8.409680 -2.279647
v -0.038254 8.417128 -2.275468
v -0.033678 8.426008 -2.272390
v -0.030834 8.435875 -2.270570
v -0.048748 8.403920 -2.290443
v -0.040226 8.409507 -2.287869
v -0.040226 8.409507 -2.287869
v -0.033110 8.416910 -2.285776
v -0.027750 8.425757 -2.284268
v -0.024420 8.435605 -2.283422
v -0.047802 8.403789 -2.296765
v -0.038868 8.409319 -2.296953
v -0.038868 8.409319 -2.296953
v -0.031403 8.416675 -2.297168
v -0.025785 8.425486 -2.297397
v -0.022293 8.435311 -2.297627
v -0.048855 8.403662 -2.303071
v -0.040380 8.409135 -2.306013
v -0.040380 8.409135 -2.306013
v -0.033302 8.416444 -2.308530
v -0.027971 8.425219 -2.310490
v -0.024658 8.435022 -2.311794
v -0.051805 8.403547 -2.308744
v -0.044621 8.408972 -2.314168
v -0.044621 8.408972 -2.314168
v -0.038618 8.416240 -2.318749
v -0.034098 8.424984 -2.322265
v -0.031288 8.434768 -2.324537
v -0.056364 8.403459 -2.313227
v -0.051172 8.408845 -2.320607
v -0.051172 8.408845 -2.320607
v -0.046833 8.416080 -2.326825
v -0.043566 8.424802 -2.331573
v -0.041533 8.434569 -2.334607
v -0.062088 8.403404 -2.316081
v -0.059395 8.408771 -2.324709
v -0.059395 8.408771 -2.324709
v -0.057142 8.415984 -2.331970
v -0.055447 8.424691 -2.337500
v -0.054388 8.434451 -2.341022
v -0.068413 8.403393 -2.317029
v -0.068483 8.408751 -2.326069
v -0.068483 8.408751 -2.326069
v -0.068539 8.415961 -2.333676
v -0.068577 8.424663 -2.339466
v -0.068598 8.434422 -2.343151
v -0.074718 8.403419 -2.315976
v -0.077543 8.408791 -2.324557
v -0.077543 8.408791 -2.324557
v -0.079901 8.416009 -2.331779
v -0.081673 8.424721 -2.337280
v -0.082767 8.434483 -2.340784
v -0.080393 8.403485 -2.313025
v -0.085697 8.408882 -2.320317
v -0.085697 8.408882 -2.320317
v -0.090124 8.416127 -2.326461
v -0.093452 8.424857 -2.331155
v -0.095512 8.434630 -2.334154
v -0.084877 8.403584 -2.308467
v -0.092140 8.409024 -2.313769
v -0.092140 8.409024 -2.313769
v -0.098202 8.416306 -2.318251
v -0.102762 8.425060 -2.321690
v -0.105585 8.434850 -2.323915
v -0.087730 8.403705 -2.302745
v -0.096243 8.409197 -2.305545
v -0.096243 8.409197 -2.305545
v -0.103348 8.416521 -2.307941
v -0.108690 8.425309 -2.309812
v -0.112001 8.435120 -2.311061
v -0.088678 8.403834 -2.296423
v -0.097603 8.409385 -2.296461
v -0.097603 8.409385 -2.296461
v -0.105055 8.416757 -2.296550
v -0.110657 8.425579 -2.296683
v -0.114130 8.435413 -2.296856
v -0.096088 8.409570 -2.287401
v -0.103155 8.416987 -2.285188
v -0.108469 8.425848 -2.283591
v -0.111763 8.435701 -2.282688
v 0.081579 8.450170 -2.085711
v 0.088266 8.450170 -2.072581
v 0.088266 8.984969 -2.072581
v 0.081579 8.984969 -2.085711
v 0.098688 8.450170 -2.062160
v 0.098688 8.984969 -2.062160
v 0.111818 8.450170 -2.055470
v 0.111818 8.984969 -2.055470
v 0.126373 8.450170 -2.053165
v 0.126373 8.984969 -2.053165
v 0.140926 8.450170 -2.055470
v 0.140926 8.984969 -2.055470
v 0.154058 8.450170 -2.062160
v 0.154058 8.984969 -2.062160
v 0.164478 8.450170 -2.072581
v 0.164478 8.984969 -2.072581
v 0.171169 8.450170 -2.085711
v 0.171169 8.984969 -2.085711
v 0.173473 8.450170 -2.100266
v 0.173473 8.984969 -2.100266
v 0.171169 8.450170 -2.114821
v 0.171169 8.984969 -2.114821
v 0.164478 8.450170 -2.127951
v 0.164478 8.984969 -2.127951
v 0.154058 8.450170 -2.138371
v 0.154058 8.984969 -2.138371
v 0.140926 8.450170 -2.145061
v 0.140926 8.984969 -2.145061
v 0.126373 8.450170 -2.147367
v 0.126373 8.984969 -2.147367
v 0.111818 8.450170 -2.145061
v 0.111818 8.984969 -2.145061
v 0.098688 8.450170 -2.138371
v 0.098688 8.984969 -2.138371
v 0.088266 8.450170 -2.127951
v 0.088266 8.984969 -2.127951
v 0.081579 8.450170 -2.114821
v 0.081579 8.984969 -2.114821
v 0.079271 8.450170 -2.100266
v 0.079271 8.984969 -2.100266
v 0.081579 8.450170 -2.085711
v 0.081579 8.984969 -2.085711
v 0.106934 8.408262 -2.093950
v 0.109837 8.408262 -2.088251
v 0.098442 8.413803 -2.091191
v 0.102612 8.413803 -2.083002
v 0.091349 8.421168 -2.088885
v 0.098442 8.413803 -2.091191
v 0.102612 8.413803 -2.083002
v 0.096579 8.421168 -2.078620
v 0.086012 8.429987 -2.087152
v 0.092041 8.429987 -2.075322
v 0.082699 8.439819 -2.086076
v 0.089222 8.439819 -2.073275
v 0.114359 8.408262 -2.083729
v 0.109108 8.413803 -2.076506
v 0.109108 8.413803 -2.076506
v 0.104727 8.421168 -2.070474
v 0.101429 8.429987 -2.065932
v 0.099380 8.439819 -2.063116
v 0.120058 8.408262 -2.080827
v 0.117300 8.413803 -2.072334
v 0.117300 8.413803 -2.072334
v 0.114992 8.421168 -2.065242
v 0.113258 8.429987 -2.059906
v 0.112183 8.439819 -2.056593
v 0.126373 8.408262 -2.079826
v 0.126373 8.413803 -2.070897
v 0.126373 8.413803 -2.070897
v 0.126373 8.421168 -2.063439
v 0.126373 8.429987 -2.057829
v 0.126373 8.439819 -2.054345
v 0.132689 8.408262 -2.080827
v 0.135448 8.413803 -2.072334
v 0.135448 8.413803 -2.072334
v 0.137753 8.421168 -2.065242
v 0.139486 8.429987 -2.059906
v 0.140564 8.439819 -2.056593
v 0.138388 8.408262 -2.083729
v 0.143635 8.413803 -2.076506
v 0.143635 8.413803 -2.076506
v 0.148020 8.421168 -2.070474
v 0.151316 8.429987 -2.065932
v 0.153362 8.439819 -2.063116
v 0.142910 8.408262 -2.088251
v 0.150133 8.413803 -2.083002
v 0.150133 8.413803 -2.083002
v 0.156164 8.421168 -2.078620
v 0.160707 8.429987 -2.075322
v 0.163521 8.439819 -2.073275
v 0.145811 8.408262 -2.093950
v 0.154305 8.413803 -2.091191
v 0.154305 8.413803 -2.091191
v 0.161396 8.421168 -2.088885
v 0.166733 8.429987 -2.087152
v 0.170044 8.439819 -2.086076
v 0.146812 8.408262 -2.100266
v 0.155743 8.413803 -2.100266
v 0.155743 8.413803 -2.100266
v 0.163198 8.421168 -2.100266
v 0.168808 8.429987 -2.100266
v 0.172293 8.439819 -2.100266
v 0.145811 8.408262 -2.106581
v 0.154305 8.413803 -2.109340
v 0.154305 8.413803 -2.109340
v 0.161396 8.421168 -2.111646
v 0.166733 8.429987 -2.113379
v 0.170044 8.439819 -2.114456
v 0.142910 8.408262 -2.112280
v 0.150133 8.413803 -2.117531
v 0.150133 8.413803 -2.117531
v 0.156164 8.421168 -2.121912
v 0.160707 8.429987 -2.125210
v 0.163521 8.439819 -2.127256
v 0.138388 8.408262 -2.116802
v 0.143635 8.413803 -2.124026
v 0.143635 8.413803 -2.124026
v 0.148020 8.421168 -2.130058
v 0.151316 8.429987 -2.134599
v 0.153362 8.439819 -2.137415
v 0.132689 8.408262 -2.119705
v 0.135448 8.413803 -2.128198
v 0.135448 8.413803 -2.128198
v 0.137753 8.421168 -2.135289
v 0.139486 8.429987 -2.140626
v 0.140564 8.439819 -2.143938
v 0.126373 8.408262 -2.120706
v 0.126373 8.413803 -2.129635
v 0.126373 8.413803 -2.129635
v 0.126373 8.421168 -2.137093
v 0.126373 8.429987 -2.142702
v 0.126373 8.439819 -2.146187
v 0.120058 8.408262 -2.119705
v 0.117300 8.413803 -2.128198
v 0.117300 8.413803 -2.128198
v 0.114992 8.421168 -2.135289
v 0.113258 8.429987 -2.140626
v 0.112183 8.439819 -2.143938
v 0.114359 8.408262 -2.116802
v 0.109108 8.413803 -2.124026
v 0.109108 8.413803 -2.124026
v 0.104727 8.421168 -2.130058
v 0.101429 8.429987 -2.134599
v 0.099380 8.439819 -2.137415
v 0.109837 8.408262 -2.112280
v 0.102612 8.413803 -2.117531
v 0.102612 8.413803 -2.117531
v 0.096579 8.421168 -2.121912
v 0.092041 8.429987 -2.125210
v 0.089222 8.439819 -2.127256
v 0.106934 8.408262 -2.106581
v 0.098442 8.413803 -2.109340
v 0.098442 8.413803 -2.109340
v 0.091349 8.421168 -2.111646
v 0.086012 8.429987 -2.113379
v 0.082699 8.439819 -2.114456
v 0.105934 8.408262 -2.100266
v 0.097004 8.413803 -2.100266
v 0.097004 8.413803 -2.100266
v 0.089546 8.421168 -2.100266
v 0.083935 8.429987 -2.100266
v 0.080452 8.439819 -2.100266
v 0.098442 8.413803 -2.091191
v 0.091349 8.421168 -2.088885
v 0.086012 8.429987 -2.087152
v 0.082699 8.439819 -2.086076
v -0.112751 8.450170 -1.684729
v -0.106064 8.450170 -1.671598
v -0.106064 8.984969 -1.671598
v -0.112751 8.984969 -1.684729
v -0.095640 8.450170 -1.661178
v -0.095640 8.984969 -1.661178
v -0.082512 8.450170 -1.654489
v -0.082512 8.984969 -1.654489
v -0.067955 8.450170 -1.652183
v -0.067955 8.984969 -1.652183
v -0.053404 8.450170 -1.654489
v -0.053404 8.984969 -1.654489
v -0.040272 8.450170 -1.661178
v -0.040272 8.984969 -1.661178
v -0.029852 8.450170 -1.671598
v -0.029852 8.984969 -1.671598
v -0.023161 8.450170 -1.684729
v -0.023161 8.984969 -1.684729
v -0.020857 8.450170 -1.699284
v -0.020857 8.984969 -1.699284
v -0.023161 8.450170 -1.713840
v -0.023161 8.984969 -1.713840
v -0.029852 8.450170 -1.726968
v -0.029852 8.984969 -1.726968
v -0.040272 8.450170 -1.737389
v -0.040272 8.984969 -1.737389
v -0.053404 8.450170 -1.744079
v -0.053404 8.984969 -1.744079
v -0.067955 8.450170 -1.746384
v -0.067955 8.984969 -1.746384
v -0.082512 8.450170 -1.744079
v -0.082512 8.984969 -1.744079
v -0.095640 8.450170 -1.737389
v -0.095640 8.984969 -1.737389
v -0.106064 8.450170 -1.726968
v -0.106064 8.984969 -1.726968
v -0.112751 8.450170 -1.713840
v -0.112751 8.984969 -1.713840
v -0.115059 8.450170 -1.699284
v -0.115059 8.984969 -1.699284
v -0.112751 8.450170 -1.684729
v -0.112751 8.984969 -1.684729
v -0.087397 8.408262 -1.692967
v -0.084494 8.408262 -1.687268
v -0.095888 8.413803 -1.690208
v -0.091719 8.413803 -1.682019
v -0.102982 8.421168 -1.687903
v -0.095888 8.413803 -1.690208
v -0.091719 8.413803 -1.682019
v -0.097750 8.421168 -1.677637
v -0.108318 8.429987 -1.686170
v -0.102289 8.429987 -1.674339
v -0.111629 8.439819 -1.685093
v -0.105106 8.439819 -1.672293
v -0.079971 8.408262 -1.682746
v -0.085220 8.413803 -1.675523
v -0.085220 8.413803 -1.675523
v -0.089602 8.421168 -1.669491
v -0.092901 8.429987 -1.664950
v -0.094948 8.439819 -1.662134
v -0.074272 8.408262 -1.679844
v -0.077030 8.413803 -1.671351
v -0.077030 8.413803 -1.671351
v -0.079338 8.421168 -1.664260
v -0.081072 8.429987 -1.658923
v -0.082146 8.439819 -1.655611
v -0.067955 8.408262 -1.678843
v -0.067955 8.413803 -1.669914
v -0.067955 8.413803 -1.669914
v -0.067955 8.421168 -1.662457
v -0.067955 8.429987 -1.656847
v -0.067955 8.439819 -1.653362
v -0.061640 8.408262 -1.679844
v -0.058882 8.413803 -1.671351
v -0.058882 8.413803 -1.671351
v -0.056578 8.421168 -1.664260
v -0.054844 8.429987 -1.658923
v -0.053766 8.439819 -1.655611
v -0.055941 8.408262 -1.682746
v -0.050694 8.413803 -1.675523
v -0.050694 8.413803 -1.675523
v -0.046310 8.421168 -1.669491
v -0.043015 8.429987 -1.664950
v -0.040966 8.439819 -1.662134
v -0.051418 8.408262 -1.687268
v -0.044197 8.413803 -1.682019
v -0.044197 8.413803 -1.682019
v -0.038164 8.421168 -1.677637
v -0.033623 8.429987 -1.674339
v -0.030807 8.439819 -1.672293
v -0.048519 8.408262 -1.692967
v -0.040024 8.413803 -1.690208
v -0.040024 8.413803 -1.690208
v -0.032934 8.421168 -1.687903
v -0.027597 8.429987 -1.686170
v -0.024284 8.439819 -1.685093
v -0.047516 8.408262 -1.699284
v -0.038588 8.413803 -1.699284
v -0.038588 8.413803 -1.699284
v -0.031132 8.421168 -1.699284
v -0.025520 8.429987 -1.699284
v -0.022038 8.439819 -1.699284
v -0.048519 8.408262 -1.705599
v -0.040024 8.413803 -1.708358
v -0.040024 8.413803 -1.708358
v -0.032934 8.421168 -1.710664
v -0.027597 8.429987 -1.712398
v -0.024284 8.439819 -1.713473
v -0.051418 8.408262 -1.711298
v -0.044197 8.413803 -1.716549
v -0.044197 8.413803 -1.716549
v -0.038164 8.421168 -1.720929
v -0.033623 8.429987 -1.724227
v -0.030807 8.439819 -1.726274
v -0.055941 8.408262 -1.715820
v -0.050694 8.413803 -1.723043
v -0.050694 8.413803 -1.723043
v -0.046310 8.421168 -1.729075
v -0.043015 8.429987 -1.733616
v -0.040966 8.439819 -1.736433
v -0.061640 8.408262 -1.718722
v -0.058882 8.413803 -1.727215
v -0.058882 8.413803 -1.727215
v -0.056578 8.421168 -1.734306
v -0.054844 8.429987 -1.739643
v -0.053766 8.439819 -1.742956
v -0.067955 8.408262 -1.719723
v -0.067955 8.413803 -1.728652
v -0.067955 8.413803 -1.728652
v -0.067955 8.421168 -1.736110
v -0.067955 8.429987 -1.741720
v -0.067955 8.439819 -1.745204
v -0.074272 8.408262 -1.718722
v -0.077030 8.413803 -1.727215
v -0.077030 8.413803 -1.727215
v -0.079338 8.421168 -1.734306
v -0.081072 8.429987 -1.739643
v -0.082146 8.439819 -1.742956
v -0.079971 8.408262 -1.715820
v -0.085220 8.413803 -1.723043
v -0.085220 8.413803 -1.723043
v -0.089602 8.421168 -1.729075
v -0.092901 8.429987 -1.733616
v -0.094948 8.439819 -1.736433
v -0.084494 8.408262 -1.711298
v -0.091719 8.413803 -1.716549
v -0.091719 8.413803 -1.716549
v -0.097750 8.421168 -1.720929
v -0.102289 8.429987 -1.724227
v -0.105106 8.439819 -1.726274
v -0.087397 8.408262 -1.705599
v -0.095888 8.413803 -1.708358
v -0.095888 8.413803 -1.708358
v -0.102982 8.421168 -1.710664
v -0.108318 8.429987 -1.712398
v -0.111629 8.439819 -1.713473
v -0.088396 8.408262 -1.699284
v -0.097324 8.413803 -1.699284
v -0.097324 8.413803 -1.699284
v -0.104784 8.421168 -1.699284
v -0.110394 8.429987 -1.699284
v -0.113878 8.439819 -1.699284
v -0.095888 8.413803 -1.690208
v -0.102982 8.421168 -1.687903
v -0.108318 8.429987 -1.686170
v -0.111629 8.439819 -1.685093
v 0.081579 8.450170 -1.885221
v 0.088266 8.450170 -1.872090
v 0.088266 8.984969 -1.872090
v 0.081579 8.984969 -1.885221
v 0.098688 8.450170 -1.861670
v 0.098688 8.984969 -1.861670
v 0.111818 8.450170 -1.854980
v 0.111818 8.984969 -1.854980
v 0.126373 8.450170 -1.852674
v 0.126373 8.984969 -1.852674
v 0.140926 8.450170 -1.854980
v 0.140926 8.984969 -1.854980
v 0.154058 8.450170 -1.861670
v 0.154058 8.984969 -1.861670
v 0.164478 8.450170 -1.872090
v 0.164478 8.984969 -1.872090
v 0.171169 8.450170 -1.885221
v 0.171169 8.984969 -1.885221
v 0.173473 8.450170 -1.899775
v 0.173473 8.984969 -1.899775
v 0.171169 8.450170 -1.914330
v 0.171169 8.984969 -1.914330
v 0.164478 8.450170 -1.927460
v 0.164478 8.984969 -1.927460
v 0.154058 8.450170 -1.937881
v 0.154058 8.984969 -1.937881
v 0.140926 8.450170 -1.944570
v 0.140926 8.984969 -1.944570
v 0.126373 8.450170 -1.946876
v 0.126373 8.984969 -1.946876
v 0.111818 8.450170 -1.944570
v 0.111818 8.984969 -1.944570
v 0.098688 8.450170 -1.937881
v 0.098688 8.984969 -1.937881
v 0.088266 8.450170 -1.927460
v 0.088266 8.984969 -1.927460
v 0.081579 8.450170 -1.914330
v 0.081579 8.984969 -1.914330
v 0.079271 8.450170 -1.899775
v 0.079271 8.984969 -1.899775
v 0.081579 8.450170 -1.885221
v 0.081579 8.984969 -1.885221
v 0.106934 8.408262 -1.893459
v 0.109837 8.408262 -1.887760
v 0.098442 8.413803 -1.890700
v 0.102612 8.413803 -1.882511
v 0.091349 8.421168 -1.888395
v 0.098442 8.413803 -1.890700
v 0.102612 8.413803 -1.882511
v 0.096579 8.421168 -1.878129
v 0.086012 8.429987 -1.886662
v 0.092041 8.429987 -1.874831
v 0.082699 8.439819 -1.885585
v 0.089222 8.439819 -1.872785
v 0.114359 8.408262 -1.883238
v 0.109108 8.413803 -1.876015
v 0.109108 8.413803 -1.876015
v 0.104727 8.421168 -1.869983
v 0.101429 8.429987 -1.865442
v 0.099380 8.439819 -1.862625
v 0.120058 8.408262 -1.880336
v 0.117300 8.413803 -1.871843
v 0.117300 8.413803 -1.871843
v 0.114992 8.421168 -1.864752
v 0.113258 8.429987 -1.859415
v 0.112183 8.439819 -1.856102
v 0.126373 8.408262 -1.879335
v 0.126373 8.413803 -1.870406
v 0.126373 8.413803 -1.870406
v 0.126373 8.421168 -1.862948
v 0.126373 8.429987 -1.857338
v 0.126373 8.439819 -1.853854
v 0.132689 8.408262 -1.880336
v 0.135448 8.413803 -1.871843
v 0.135448 8.413803 -1.871843
v 0.137753 8.421168 -1.864752
v 0.139486 8.429987 -1.859415
v 0.140564 8.439819 -1.856102
v 0.138388 8.408262 -1.883238
v 0.143635 8.413803 -1.876015
v 0.143635 8.413803 -1.876015
v 0.148020 8.421168 -1.869983
v 0.151316 8.429987 -1.865442
v 0.153362 8.439819 -1.862625
v 0.142910 8.408262 -1.887760
v 0.150133 8.413803 -1.882511
v 0.150133 8.413803 -1.882511
v 0.156164 8.421168 -1.878129
v 0.160707 8.429987 -1.874831
v 0.163521 8.439819 -1.872785
v 0.145811 8.408262 -1.893459
v 0.154305 8.413803 -1.890700
v 0.154305 8.413803 -1.890700
v 0.161396 8.421168 -1.888395
v 0.166733 8.429987 -1.886662
v 0.170044 8.439819 -1.885585
v 0.146812 8.408262 -1.899775
v 0.155743 8.413803 -1.899775
v 0.155743 8.413803 -1.899775
v 0.163198 8.421168 -1.899775
v 0.168808 8.429987 -1.899775
v 0.172293 8.439819 -1.899775
v 0.145811 8.408262 -1.906091
v 0.154305 8.413803 -1.908850
v 0.154305 8.413803 -1.908850
v 0.161396 8.421168 -1.911155
v 0.166733 8.429987 -1.912889
v 0.170044 8.439819 -1.913965
v 0.142910 8.408262 -1.911790
v 0.150133 8.413803 -1.917040
v 0.150133 8.413803 -1.917040
v 0.156164 8.421168 -1.921421
v 0.160707 8.429987 -1.924719
v 0.163521 8.439819 -1.926765
v 0.138388 8.408262 -1.916312
v 0.143635 8.413803 -1.923535
v 0.143635 8.413803 -1.923535
v 0.148020 8.421168 -1.929567
v 0.151316 8.429987 -1.934108
v 0.153362 8.439819 -1.936925
v 0.132689 8.408262 -1.919214
v 0.135448 8.413803 -1.927707
v 0.135448 8.413803 -1.927707
v 0.137753 8.421168 -1.934798
v 0.139486 8.429987 -1.940135
v 0.140564 8.439819 -1.943448
v 0.126373 8.408262 -1.920215
v 0.126373 8.413803 -1.929144
v 0.126373 8.413803 -1.929144
v 0.126373 8.421168 -1.936602
v 0.126373 8.429987 -1.942211
v 0.126373 8.439819 -1.945696
v 0.120058 8.408262 -1.919214
v 0.117300 8.413803 -1.927707
v 0.117300 8.413803 -1.927707
v 0.114992 8.421168 -1.934798
v 0.113258 8.429987 -1.940135
v 0.112183 8.439819 -1.943448
v 0.114359 8.408262 -1.916312
v 0.109108 8.413803 -1.923535
v 0.109108 8.413803 -1.923535
v 0.104727 8.421168 -1.929567
v 0.101429 8.429987 -1.934108
v 0.099380 8.439819 -1.936925
v 0.109837 8.408262 -1.911790
v 0.102612 8.413803 -1.917040
v 0.102612 8.413803 -1.917040
v 0.096579 8.421168 -1.921421
v 0.092041 8.429987 -1.924719
v 0.089222 8.439819 -1.926765
v 0.106934 8.408262 -1.906091
v 0.098442 8.413803 -1.908850
v 0.098442 8.413803 -1.908850
v 0.091349 8.421168 -1.911155
v 0.086012 8.429987 -1.912889
v 0.082699 8.439819 -1.913965
v 0.105934 8.408262 -1.899775
v 0.097004 8.413803 -1.899775
v 0.097004 8.413803 -1.899775
v 0.089546 8.421168 -1.899775
v 0.083935 8.429987 -1.899775
v 0.080452 8.439819 -1.899775
v 0.098442 8.413803 -1.890700
v 0.091349 8.421168 -1.888395
v 0.086012 8.429987 -1.886662
v 0.082699 8.439819 -1.885585
v -0.112751 8.446263 -2.680771
v -0.106060 8.446689 -2.667647
v -0.106060 8.981209 -2.684946
v -0.112751 8.980783 -2.698070
v -0.095640 8.447025 -2.657231
v -0.095640 8.981544 -2.674530
v -0.082508 8.447243 -2.650545
v -0.082508 8.981762 -2.667844
v -0.067955 8.447317 -2.648241
v -0.067955 8.981836 -2.665540
v -0.053400 8.447243 -2.650545
v -0.053400 8.981762 -2.667844
v -0.040272 8.447025 -2.657231
v -0.040272 8.981544 -2.674530
v -0.029848 8.446689 -2.667647
v -0.029848 8.981209 -2.684946
v -0.023161 8.446263 -2.680771
v -0.023161 8.980783 -2.698070
v -0.020853 8.445792 -2.695317
v -0.020853 8.980312 -2.712616
v -0.023161 8.445323 -2.709867
v -0.023161 8.979842 -2.727165
v -0.029848 8.444898 -2.722987
v -0.029848 8.979417 -2.740285
v -0.040272 8.444559 -2.733403
v -0.040272 8.979079 -2.750701
v -0.053400 8.444344 -2.740089
v -0.053400 8.978864 -2.757387
v -0.067955 8.444269 -2.742393
v -0.067955 8.978789 -2.759691
v -0.082508 8.444344 -2.740089
v -0.082508 8.978864 -2.757387
v -0.095640 8.444559 -2.733403
v -0.095640 8.979079 -2.750701
v -0.106060 8.444898 -2.722987
v -0.106060 8.979417 -2.740285
v -0.112751 8.445323 -2.709867
v -0.112751 8.979842 -2.727165
v -0.115055 8.445792 -2.695317
v -0.115055 8.980312 -2.712616
v -0.112751 8.446263 -2.680771
v -0.112751 8.980783 -2.698070
v -0.087393 8.404111 -2.687649
v -0.084494 8.404295 -2.681952
v -0.095888 8.409737 -2.685071
v -0.091715 8.410003 -2.676887
v -0.102978 8.417175 -2.683004
v -0.095888 8.409737 -2.685071
v -0.091715 8.410003 -2.676887
v -0.097746 8.417506 -2.672744
v -0.108315 8.426044 -2.681556
v -0.102289 8.426427 -2.669732
v -0.111628 8.435907 -2.680799
v -0.105104 8.436320 -2.668005
v -0.079971 8.404442 -2.677432
v -0.085218 8.410213 -2.670393
v -0.085218 8.410213 -2.670393
v -0.089602 8.417769 -2.664602
v -0.092897 8.426730 -2.660348
v -0.094946 8.436648 -2.657851
v -0.074272 8.404535 -2.674532
v -0.077030 8.410349 -2.666224
v -0.077030 8.410349 -2.666224
v -0.079334 8.417939 -2.659372
v -0.081068 8.426925 -2.654325
v -0.082146 8.436861 -2.651331
v -0.067955 8.404569 -2.673532
v -0.067955 8.410395 -2.664788
v -0.067955 8.410395 -2.664788
v -0.067955 8.417997 -2.657571
v -0.067955 8.426992 -2.652249
v -0.067955 8.436934 -2.649085
v -0.061640 8.404535 -2.674532
v -0.058882 8.410349 -2.666224
v -0.058882 8.410349 -2.666224
v -0.056574 8.417939 -2.659372
v -0.054840 8.426925 -2.654325
v -0.053766 8.436861 -2.651331
v -0.055941 8.404442 -2.677432
v -0.050690 8.410213 -2.670393
v -0.050690 8.410213 -2.670393
v -0.046310 8.417769 -2.664602
v -0.043011 8.426730 -2.660348
v -0.040964 8.436648 -2.657851
v -0.051418 8.404295 -2.681952
v -0.044193 8.410003 -2.676887
v -0.044193 8.410003 -2.676887
v -0.038162 8.417506 -2.672744
v -0.033623 8.426427 -2.669732
v -0.030806 8.436320 -2.668005
v -0.048515 8.404111 -2.687649
v -0.040024 8.409737 -2.685071
v -0.040024 8.409737 -2.685071
v -0.032930 8.417175 -2.683004
v -0.027594 8.426044 -2.681556
v -0.024282 8.435907 -2.680799
v -0.047516 8.403906 -2.693961
v -0.038588 8.409444 -2.694140
v -0.038588 8.409444 -2.694140
v -0.031128 8.416805 -2.694378
v -0.025518 8.425620 -2.694663
v -0.022034 8.435447 -2.694981
v -0.048515 8.403702 -2.700274
v -0.040024 8.409150 -2.703210
v -0.040024 8.409150 -2.703210
v -0.032930 8.416438 -2.705753
v -0.027594 8.425196 -2.707770
v -0.024282 8.434989 -2.709165
v -0.051418 8.403517 -2.705969
v -0.044193 8.408885 -2.711397
v -0.044193 8.408885 -2.711397
v -0.038162 8.416105 -2.716012
v -0.033623 8.424813 -2.719594
v -0.030806 8.434575 -2.721958
v -0.055941 8.403372 -2.710489
v -0.050690 8.408675 -2.717890
v -0.050690 8.408675 -2.717890
v -0.046310 8.415843 -2.724155
v -0.043011 8.424509 -2.728978
v -0.040964 8.434246 -2.732111
v -0.061640 8.403278 -2.713390
v -0.058882 8.408541 -2.722057
v -0.058882 8.408541 -2.722057
v -0.056574 8.415673 -2.729383
v -0.054840 8.424314 -2.735002
v -0.053766 8.434034 -2.738630
v -0.067955 8.403245 -2.714391
v -0.067955 8.408494 -2.723495
v -0.067955 8.408494 -2.723495
v -0.067955 8.415614 -2.731186
v -0.067955 8.424247 -2.737078
v -0.067955 8.433962 -2.740879
v -0.074272 8.403278 -2.713390
v -0.077030 8.408541 -2.722057
v -0.077030 8.408541 -2.722057
v -0.079334 8.415673 -2.729383
v -0.081068 8.424314 -2.735002
v -0.082146 8.434034 -2.738630
v -0.079971 8.403372 -2.710489
v -0.085218 8.408675 -2.717890
v -0.085218 8.408675 -2.717890
v -0.089602 8.415843 -2.724155
v -0.092897 8.424509 -2.728978
v -0.094946 8.434246 -2.732111
v -0.084494 8.403517 -2.705969
v -0.091715 8.408885 -2.711397
v -0.091715 8.408885 -2.711397
v -0.097746 8.416105 -2.716012
v -0.102289 8.424813 -2.719594
v -0.105104 8.434575 -2.721958
v -0.087393 8.403702 -2.700274
v -0.095888 8.409150 -2.703210
v -0.095888 8.409150 -2.703210
v -0.102978 8.416438 -2.705753
v -0.108315 8.425196 -2.707770
v -0.111628 8.434989 -2.709165
v -0.088396 8.403906 -2.693961
v -0.097324 8.409444 -2.694140
v -0.097324 8.409444 -2.694140
v -0.104780 8.416805 -2.694378
v -0.110392 8.425620 -2.694663
v -0.113874 8.435447 -2.694981
v -0.095888 8.409737 -2.685071
v -0.102978 8.417175 -2.683004
v -0.108315 8.426044 -2.681556
v -0.111628 8.435907 -2.680799
vn -0.0000 1.0000 -0.0000
vn 0.1983 0.9736 -0.1128
vn 0.2078 0.9737 -0.0938
vn 0.1686 0.9736 -0.1536
vn 0.1129 0.9736 -0.1981
vn 0.0462 0.9736 -0.2234
vn -0.0251 0.9736 -0.2267
vn -0.0940 0.9736 -0.2078
vn -0.1536 0.9737 -0.1686
vn -0.1982 0.9736 -0.1130
vn -0.2234 0.9736 -0.0461
vn -0.2268 0.9736 0.0252
vn -0.2079 0.9736 0.0938
vn -0.1686 0.9737 0.1534
vn -0.1130 0.9736 0.1981
vn -0.0462 0.9736 0.2233
vn 0.0251 0.9736 0.2267
vn 0.0938 0.9736 0.2079
vn 0.1536 0.9736 0.1686
vn 0.1982 0.9736 0.1129
vn 0.2233 0.9736 0.0462
vn 0.0048 1.0000 -0.0033
vn 0.0048 1.0000 -0.0034
vn 0.0049 1.0000 -0.0034
vn 0.0049 1.0000 -0.0033
vn 0.2006 0.9723 -0.1201
vn 0.2108 0.9723 -0.1015
vn 0.1704 0.9723 -0.1599
vn 0.1138 0.9724 -0.2037
vn 0.0464 0.9726 -0.2277
vn -0.0247 0.9730 -0.2296
vn -0.0930 0.9734 -0.2094
vn -0.1520 0.9738 -0.1689
vn -0.1957 0.9742 -0.1124
vn -0.2197 0.9745 -0.0450
vn -0.2214 0.9748 0.0263
vn -0.2012 0.9750 0.0944
vn -0.1609 0.9749 0.1537
vn -0.1043 0.9748 0.1972
vn -0.0373 0.9746 0.2208
vn 0.0342 0.9742 0.2229
vn 0.1031 0.9738 0.2027
vn 0.1614 0.9734 0.1626
vn 0.2049 0.9730 0.1059
vn 0.2291 0.9726 0.0383
vn 0.1982 0.9736 -0.1129
vn 0.2078 0.9737 -0.0939
vn 0.1687 0.9737 -0.1535
vn 0.1130 0.9736 -0.1981
vn -0.0940 0.9736 -0.2079
vn -0.1536 0.9736 -0.1686
vn -0.1982 0.9736 -0.1129
vn -0.2234 0.9736 -0.0462
vn -0.2079 0.9736 0.0939
vn -0.1687 0.9736 0.1536
vn -0.0462 0.9736 0.2234
vn 0.0252 0.9736 0.2267
vn 0.0939 0.9736 0.2079
vn 0.1535 0.9736 0.1687
vn 0.1981 0.9736 0.1130
vn 0.2235 0.9736 0.0461
vn 0.2078 0.9736 -0.0939
vn -0.1130 0.9736 0.1982
vn 0.0252 0.9736 0.2268
vn 0.1983 0.9736 -0.1129
vn 0.2079 0.9736 -0.0941
vn 0.1686 0.9736 -0.1537
vn -0.1981 0.9736 -0.1130
vn -0.2268 0.9736 0.0251
vn -0.1687 0.9737 0.1534
vn -0.1130 0.9737 0.1980
vn 0.1536 0.9736 0.1687
vn 0.1984 0.9736 0.1129
vn 0.2236 0.9736 0.0460
vn 0.0057 1.0000 0.0012
vn 0.0056 1.0000 0.0011
vn 0.0057 1.0000 0.0011
vn 0.0056 1.0000 0.0012
vn 0.2041 0.9726 -0.1110
vn 0.2138 0.9726 -0.0917
vn 0.1749 0.9729 -0.1515
vn 0.1193 0.9732 -0.1967
vn 0.0525 0.9736 -0.2222
vn -0.0187 0.9740 -0.2257
vn -0.0877 0.9744 -0.2072
vn -0.1473 0.9747 -0.1683
vn -0.1919 0.9749 -0.1129
vn -0.2177 0.9749 -0.0459
vn -0.2214 0.9749 0.0253
vn -0.2026 0.9748 0.0939
vn -0.1637 0.9745 0.1537
vn -0.1085 0.9741 0.1985
vn -0.0417 0.9736 0.2242
vn 0.0295 0.9732 0.2280
vn 0.0983 0.9729 0.2094
vn 0.1583 0.9726 0.1705
vn 0.2031 0.9724 0.1149
vn 0.2287 0.9723 0.0481
vn 0.0231 0.9997 -0.0000
vn 0.2206 0.9688 -0.1130
vn 0.2304 0.9685 -0.0942
vn 0.1911 0.9695 -0.1534
vn 0.1353 0.9708 -0.1980
vn 0.0685 0.9723 -0.2234
vn -0.0027 0.9740 -0.2266
vn -0.0713 0.9756 -0.2079
vn -0.1310 0.9769 -0.1686
vn -0.1756 0.9780 -0.1128
vn -0.2007 0.9786 -0.0462
vn -0.2040 0.9787 0.0248
vn -0.1851 0.9782 0.0937
vn -0.1460 0.9773 0.1537
vn -0.0904 0.9760 0.1982
vn -0.0237 0.9745 0.2233
vn 0.0477 0.9728 0.2267
vn 0.1166 0.9712 0.2077
vn 0.1762 0.9698 0.1685
vn 0.2206 0.9688 0.1130
vn 0.2459 0.9682 0.0460
vn 0.1130 0.9737 -0.1981
vn -0.1981 0.9736 -0.1129
vn -0.2267 0.9736 0.0251
vn 0.1984 0.9736 0.1128
vn 0.2236 0.9736 0.0461
vn 0.0009 0.9998 -0.0206
vn 0.0009 0.9998 -0.0205
vn 0.0010 0.9998 -0.0205
vn 0.0010 0.9998 -0.0206
vn 0.0010 0.9998 -0.0204
vn 0.0009 0.9998 -0.0204
vn 0.1980 0.9709 -0.1347
vn 0.2080 0.9712 -0.1159
vn 0.1683 0.9701 -0.1747
vn 0.1122 0.9693 -0.2188
vn 0.0451 0.9688 -0.2438
vn -0.0262 0.9688 -0.2464
vn -0.0948 0.9693 -0.2269
vn -0.1541 0.9702 -0.1872
vn -0.1983 0.9713 -0.1312
vn -0.2227 0.9728 -0.0643
vn -0.2257 0.9742 0.0072
vn -0.2061 0.9756 0.0759
vn -0.1664 0.9768 0.1348
vn -0.1104 0.9777 0.1788
vn -0.0434 0.9781 0.2036
vn 0.0280 0.9781 0.2064
vn 0.0966 0.9776 0.1870
vn 0.1558 0.9767 0.1474
vn 0.2000 0.9755 0.0914
vn 0.2249 0.9741 0.0242
vn 0.2233 0.9737 0.0462
vn -0.0251 0.9736 -0.2268
vn -0.1686 0.9736 0.1536
vn -0.0000 0.9995 -0.0324
vn -0.0000 0.9995 -0.0323
vn 0.1982 0.9695 -0.1443
vn 0.2079 0.9700 -0.1257
vn 0.1686 0.9682 -0.1851
vn 0.1130 0.9667 -0.2295
vn 0.0462 0.9659 -0.2549
vn -0.0253 0.9658 -0.2582
vn -0.0938 0.9664 -0.2394
vn -0.1536 0.9677 -0.2001
vn -0.1982 0.9695 -0.1443
vn -0.2235 0.9716 -0.0776
vn -0.2270 0.9739 -0.0062
vn -0.2079 0.9761 0.0627
vn -0.1685 0.9781 0.1223
vn -0.1131 0.9795 0.1665
vn -0.0461 0.9804 0.1918
vn 0.0253 0.9804 0.1952
vn 0.0939 0.9798 0.1764
vn 0.1536 0.9786 0.1370
vn 0.1980 0.9768 0.0814
vn 0.2233 0.9746 0.0147
vn -0.9510 -0.0021 0.3091
vn -0.8090 -0.0021 0.5878
vn -0.8090 -0.0000 0.5878
vn -0.9510 -0.0000 0.3091
vn -0.5877 -0.0021 0.8091
vn -0.5878 -0.0000 0.8090
vn -0.3090 -0.0021 0.9511
vn -0.3090 -0.0000 0.9510
vn -0.0000 -0.0021 1.0000
vn -0.0000 -0.0000 1.0000
vn 0.3090 -0.0021 0.9511
vn 0.3090 -0.0000 0.9511
vn 0.5878 -0.0021 0.8090
vn 0.5878 -0.0000 0.8090
vn 0.8090 -0.0021 0.5878
vn 0.8090 -0.0000 0.5878
vn 0.9511 -0.0021 0.3090
vn 0.9511 -0.0000 0.3090
vn 1.0000 -0.0021 -0.0000
vn 1.0000 -0.0000 -0.0000
vn 0.9511 -0.0021 -0.3090
vn 0.9511 -0.0000 -0.3090
vn 0.8090 -0.0021 -0.5878
vn 0.8090 -0.0000 -0.5878
vn 0.5878 -0.0021 -0.8090
vn 0.5878 -0.0000 -0.8090
vn 0.3090 -0.0021 -0.9511
vn 0.3090 -0.0000 -0.9511
vn -0.0000 -0.0021 -1.0000
vn -0.0000 -0.0000 -1.0000
vn -0.3090 -0.0021 -0.9510
vn -0.3090 -0.0000 -0.9511
vn -0.5877 -0.0021 -0.8090
vn -0.5877 -0.0000 -0.8091
vn -0.8090 -0.0021 -0.5878
vn -0.8090 -0.0000 -0.5878
vn -0.9511 -0.0021 -0.3090
vn -0.9511 -0.0000 -0.3090
vn -1.0000 -0.0022 -0.0000
vn -1.0000 -0.0000 -0.0000
vn -0.9511 -0.0021 0.3089
vn -0.9511 -0.0000 0.3089
vn 0.3968 0.9078 -0.1355
vn 0.3654 0.8999 -0.2382
vn 0.3948 0.9098 -0.1283
vn 0.3357 0.9098 -0.2439
vn -0.7500 -0.6148 0.2438
vn -0.6066 -0.7702 0.1971
vn -0.5160 -0.7702 0.3749
vn -0.6380 -0.6148 0.4636
vn -0.8594 -0.4282 0.2794
vn -0.7311 -0.4282 0.5312
vn -0.9278 -0.2198 0.3016
vn -0.7892 -0.2198 0.5734
vn 0.2738 0.8998 -0.3396
vn 0.2439 0.9098 -0.3358
vn -0.3748 -0.7702 0.5160
vn -0.4636 -0.6148 0.6380
vn -0.5312 -0.4282 0.7311
vn -0.5734 -0.2197 0.7892
vn 0.1555 0.8998 -0.4076
vn 0.1282 0.9098 -0.3947
vn -0.1970 -0.7703 0.6065
vn -0.2437 -0.6148 0.7501
vn -0.2792 -0.4282 0.8595
vn -0.3014 -0.2198 0.9278
vn 0.0220 0.8998 -0.4357
vn -0.0000 0.9099 -0.4149
vn -0.0000 -0.7702 0.6377
vn -0.0000 -0.6148 0.7887
vn -0.0000 -0.4283 0.9036
vn -0.0000 -0.2199 0.9755
vn -0.1136 0.8998 -0.4212
vn -0.1282 0.9098 -0.3947
vn 0.1971 -0.7702 0.6066
vn 0.2437 -0.6148 0.7501
vn 0.2792 -0.4283 0.8594
vn 0.3015 -0.2198 0.9278
vn -0.2382 0.8998 -0.3654
vn -0.2440 0.9098 -0.3359
vn 0.3748 -0.7702 0.5160
vn 0.4636 -0.6148 0.6381
vn 0.5311 -0.4283 0.7311
vn 0.5734 -0.2198 0.7892
vn -0.3397 0.8998 -0.2738
vn -0.3357 0.9098 -0.2439
vn 0.5160 -0.7702 0.3749
vn 0.6380 -0.6148 0.4635
vn 0.7311 -0.4282 0.5311
vn 0.7892 -0.2197 0.5734
vn -0.4075 0.8999 -0.1556
vn -0.3945 0.9099 -0.1282
vn 0.6066 -0.7702 0.1971
vn 0.7501 -0.6148 0.2437
vn 0.8594 -0.4283 0.2792
vn 0.9278 -0.2198 0.3014
vn -0.4357 0.8998 -0.0220
vn -0.4150 0.9098 -0.0000
vn 0.6378 -0.7702 -0.0000
vn 0.7887 -0.6148 -0.0000
vn 0.9036 -0.4283 -0.0000
vn 0.9756 -0.2198 -0.0000
vn -0.4211 0.8999 0.1136
vn -0.3945 0.9099 0.1282
vn 0.6066 -0.7702 -0.1971
vn 0.7501 -0.6148 -0.2437
vn 0.8594 -0.4283 -0.2792
vn 0.9278 -0.2199 -0.3014
vn -0.3654 0.8999 0.2381
vn -0.3358 0.9098 0.2439
vn 0.5160 -0.7702 -0.3749
vn 0.6381 -0.6148 -0.4636
vn 0.7311 -0.4282 -0.5312
vn 0.7892 -0.2199 -0.5734
vn -0.2739 0.8998 0.3396
vn -0.2439 0.9098 0.3358
vn 0.3749 -0.7702 -0.5160
vn 0.4636 -0.6148 -0.6381
vn 0.5311 -0.4282 -0.7311
vn 0.5734 -0.2198 -0.7892
vn -0.1556 0.8998 0.4075
vn -0.1282 0.9098 0.3946
vn 0.1971 -0.7702 -0.6066
vn 0.2437 -0.6148 -0.7501
vn 0.2793 -0.4282 -0.8594
vn 0.3015 -0.2198 -0.9278
vn -0.0220 0.8998 0.4357
vn -0.0000 0.9098 0.4150
vn -0.0000 -0.7702 -0.6377
vn -0.0000 -0.6148 -0.7887
vn -0.0000 -0.4283 -0.9036
vn -0.0000 -0.2198 -0.9756
vn 0.1136 0.8998 0.4212
vn 0.1282 0.9098 0.3947
vn -0.1970 -0.7702 -0.6066
vn -0.2437 -0.6148 -0.7501
vn -0.2792 -0.4282 -0.8594
vn -0.3014 -0.2198 -0.9278
vn 0.2382 0.8998 0.3654
vn 0.2438 0.9099 0.3357
vn -0.3748 -0.7702 -0.5160
vn -0.4636 -0.6148 -0.6380
vn -0.5312 -0.4282 -0.7311
vn -0.5734 -0.2199 -0.7892
vn 0.3394 0.8999 0.2739
vn 0.3356 0.9099 0.2439
vn -0.5160 -0.7702 -0.3749
vn -0.6380 -0.6148 -0.4636
vn -0.7311 -0.4282 -0.5312
vn -0.7892 -0.2198 -0.5734
vn 0.4075 0.8999 0.1555
vn 0.3948 0.9098 0.1283
vn -0.6065 -0.7703 -0.1970
vn -0.7501 -0.6148 -0.2437
vn -0.8594 -0.4282 -0.2793
vn -0.9278 -0.2198 -0.3015
vn 0.4357 0.8998 0.0220
vn 0.4151 0.9098 -0.0000
vn -0.6377 -0.7703 -0.0000
vn -0.7887 -0.6148 -0.0000
vn -0.9037 -0.4282 -0.0000
vn -0.9756 -0.2197 -0.0000
vn -0.6066 -0.7702 0.1969
vn -0.7501 -0.6148 0.2436
vn -0.8595 -0.4282 0.2791
vn -0.9278 -0.2198 0.3014
vn -0.9449 0.0035 0.3274
vn -0.7975 0.0038 0.6033
vn -0.7975 0.0059 0.6033
vn -0.9449 0.0057 0.3274
vn -0.5720 0.0034 0.8202
vn -0.5720 0.0056 0.8202
vn -0.2905 0.0025 0.9569
vn -0.2906 0.0046 0.9568
vn 0.0194 0.0011 0.9998
vn 0.0193 0.0033 0.9998
vn 0.3273 -0.0005 0.9449
vn 0.3273 0.0016 0.9449
vn 0.6033 -0.0024 0.7975
vn 0.6033 -0.0002 0.7975
vn 0.8202 -0.0042 0.5720
vn 0.8202 -0.0021 0.5720
vn 0.9568 -0.0058 0.2906
vn 0.9568 -0.0037 0.2906
vn 0.9998 -0.0070 -0.0193
vn 0.9998 -0.0049 -0.0193
vn 0.9449 -0.0078 -0.3274
vn 0.9449 -0.0057 -0.3274
vn 0.7975 -0.0081 -0.6033
vn 0.7975 -0.0059 -0.6033
vn 0.5720 -0.0077 -0.8202
vn 0.5720 -0.0055 -0.8202
vn 0.2906 -0.0068 -0.9568
vn 0.2906 -0.0046 -0.9568
vn -0.0194 -0.0054 -0.9998
vn -0.0193 -0.0033 -0.9998
vn -0.3274 -0.0037 -0.9449
vn -0.3274 -0.0016 -0.9449
vn -0.6033 -0.0019 -0.7975
vn -0.6033 0.0002 -0.7975
vn -0.8202 -0.0001 -0.5720
vn -0.8203 0.0020 -0.5720
vn -0.9568 0.0015 -0.2906
vn -0.9568 0.0037 -0.2906
vn -0.9998 0.0028 0.0193
vn -0.9998 0.0049 0.0193
vn -0.9450 0.0035 0.3272
vn -0.9450 0.0057 0.3272
vn 0.3986 0.9054 -0.1463
vn 0.3651 0.8973 -0.2483
vn 0.3963 0.9076 -0.1388
vn 0.3351 0.9075 -0.2532
vn -0.7481 -0.6103 0.2604
vn -0.6064 -0.7665 0.2115
vn -0.5124 -0.7664 0.3873
vn -0.6320 -0.6101 0.4779
vn -0.8559 -0.4231 0.2974
vn -0.7227 -0.4229 0.5466
vn -0.9228 -0.2141 0.3202
vn -0.7791 -0.2140 0.5893
vn 0.2715 0.8974 -0.3479
vn 0.2416 0.9076 -0.3433
vn -0.3685 -0.7667 0.5258
vn -0.4541 -0.6105 0.6489
vn -0.5190 -0.4232 0.7426
vn -0.5591 -0.2143 0.8009
vn 0.1519 0.8977 -0.4136
vn 0.1249 0.9080 -0.3999
vn -0.1890 -0.7673 0.6128
vn -0.2321 -0.6111 0.7567
vn -0.2646 -0.4241 0.8661
vn -0.2845 -0.2153 0.9342
vn 0.0180 0.8983 -0.4389
vn -0.0036 0.9085 -0.4179
vn 0.0086 -0.7682 0.6402
vn 0.0123 -0.6122 0.7906
vn 0.0154 -0.4253 0.9049
vn 0.0178 -0.2167 0.9761
vn -0.1173 0.8990 -0.4219
vn -0.1314 0.9092 -0.3952
vn 0.2050 -0.7692 0.6052
vn 0.2552 -0.6135 0.7473
vn 0.2937 -0.4268 0.8553
vn 0.3183 -0.2182 0.9225
vn -0.2407 0.8998 -0.3638
vn -0.2457 0.9100 -0.3339
vn 0.3810 -0.7703 0.5113
vn 0.4728 -0.6150 0.6311
vn 0.5431 -0.4285 0.7221
vn 0.5875 -0.2201 0.7787
vn -0.3405 0.9006 -0.2702
vn -0.3358 0.9108 -0.2403
vn 0.5195 -0.7715 0.3674
vn 0.6440 -0.6163 0.4532
vn 0.7391 -0.4301 0.5184
vn 0.7991 -0.2218 0.5588
vn -0.4062 0.9013 -0.1506
vn -0.3923 0.9115 -0.1236
vn 0.6065 -0.7725 0.1879
vn 0.7517 -0.6176 0.2313
vn 0.8626 -0.4315 0.2641
vn 0.9323 -0.2234 0.2842
vn -0.4316 0.9019 -0.0167
vn -0.4103 0.9120 0.0049
vn 0.6339 -0.7733 -0.0097
vn 0.7856 -0.6186 -0.0132
vn 0.9014 -0.4327 -0.0160
vn 0.9743 -0.2246 -0.0181
vn -0.4144 0.9023 0.1186
vn -0.3878 0.9121 0.1328
vn 0.5989 -0.7738 -0.2062
vn 0.7422 -0.6193 -0.2561
vn 0.8518 -0.4334 -0.2943
vn 0.9207 -0.2254 -0.3186
vn -0.3563 0.9024 0.2424
vn -0.3266 0.9122 0.2473
vn 0.5049 -0.7739 -0.3822
vn 0.6260 -0.6194 -0.4738
vn 0.7186 -0.4336 -0.5437
vn 0.7769 -0.2256 -0.5878
vn -0.2628 0.9023 0.3418
vn -0.2329 0.9122 0.3372
vn 0.3611 -0.7737 -0.5205
vn 0.4481 -0.6192 -0.6448
vn 0.5149 -0.4332 -0.7397
vn 0.5570 -0.2252 -0.7994
vn -0.1433 0.9020 0.4073
vn -0.1162 0.9117 0.3940
vn 0.1816 -0.7731 -0.6077
vn 0.2262 -0.6185 -0.7525
vn 0.2605 -0.4325 -0.8632
vn 0.2824 -0.2243 -0.9327
vn -0.0093 0.9014 0.4330
vn 0.0124 0.9111 0.4121
vn -0.0161 -0.7723 -0.6351
vn -0.0183 -0.6174 -0.7864
vn -0.0195 -0.4312 -0.9020
vn -0.0200 -0.2230 -0.9746
vn 0.1263 0.9006 0.4158
vn 0.1403 0.9104 0.3891
vn -0.2125 -0.7712 -0.6000
vn -0.2611 -0.6161 -0.7431
vn -0.2979 -0.4296 -0.8524
vn -0.3204 -0.2214 -0.9210
vn 0.2496 0.8999 0.3577
vn 0.2548 0.9097 0.3280
vn -0.3885 -0.7701 -0.5061
vn -0.4788 -0.6146 -0.6269
vn -0.5473 -0.4280 -0.7192
vn -0.5896 -0.2195 -0.7773
vn 0.3491 0.8991 0.2643
vn 0.3448 0.9089 0.2344
vn -0.5269 -0.7689 -0.3623
vn -0.6498 -0.6132 -0.4491
vn -0.7433 -0.4264 -0.5155
vn -0.8012 -0.2178 -0.5574
vn 0.4150 0.8983 0.1445
vn 0.4015 0.9083 0.1176
vn -0.6140 -0.7679 -0.1827
vn -0.7576 -0.6119 -0.2271
vn -0.8668 -0.4249 -0.2611
vn -0.9345 -0.2161 -0.2827
vn 0.4405 0.8977 0.0103
vn 0.4192 0.9078 -0.0111
vn -0.6413 -0.7671 0.0150
vn -0.7915 -0.6109 0.0173
vn -0.9056 -0.4238 0.0189
vn -0.9764 -0.2149 0.0196
vn -0.6065 -0.7665 0.2113
vn -0.7482 -0.6104 0.2601
vn -0.8560 -0.4231 0.2971
vn -0.9229 -0.2141 0.3199
vn -0.9510 -0.0022 0.3092
vn -0.8090 -0.0021 0.5877
vn -0.8091 -0.0000 0.5877
vn -0.5877 -0.0021 0.8090
vn -0.3090 -0.0000 0.9511
vn 0.9510 -0.0021 0.3090
vn -0.3090 -0.0022 -0.9511
vn -0.5877 -0.0021 -0.8091
vn -0.8090 -0.0000 -0.5877
vn -1.0000 -0.0021 -0.0000
vn -0.9511 -0.0022 0.3089
vn 0.3968 0.9078 -0.1356
vn 0.3654 0.8998 -0.2383
vn -0.6065 -0.7702 0.1971
vn -0.5160 -0.7702 0.3748
vn -0.6381 -0.6148 0.4636
vn -0.8594 -0.4283 0.2794
vn -0.7310 -0.4283 0.5312
vn -0.9278 -0.2197 0.3016
vn 0.2439 0.9098 -0.3357
vn -0.3748 -0.7703 0.5160
vn -0.5312 -0.4283 0.7311
vn -0.5734 -0.2199 0.7892
vn 0.1283 0.9098 -0.3948
vn -0.2792 -0.4283 0.8594
vn -0.3015 -0.2198 0.9278
vn -0.0000 0.9098 -0.4150
vn -0.0000 -0.4283 0.9037
vn -0.0000 -0.2198 0.9755
vn -0.1136 0.8998 -0.4211
vn 0.2792 -0.4282 0.8594
vn -0.2383 0.8998 -0.3655
vn -0.2439 0.9098 -0.3358
vn 0.4636 -0.6148 0.6380
vn 0.5312 -0.4282 0.7311
vn -0.3396 0.8998 -0.2738
vn 0.6380 -0.6149 0.4635
vn 0.7892 -0.2198 0.5734
vn -0.4075 0.8998 -0.1556
vn -0.3946 0.9098 -0.1283
vn 0.8595 -0.4282 0.2792
vn 0.9278 -0.2198 0.3015
vn -0.4356 0.8999 -0.0221
vn -0.4149 0.9099 -0.0000
vn 0.9755 -0.2200 -0.0000
vn -0.3946 0.9098 0.1282
vn 0.8595 -0.4282 -0.2792
vn 0.9278 -0.2199 -0.3015
vn -0.3654 0.8999 0.2382
vn -0.3357 0.9098 0.2439
vn 0.5160 -0.7702 -0.3748
vn 0.6381 -0.6148 -0.4635
vn 0.7892 -0.2198 -0.5735
vn 0.3748 -0.7702 -0.5160
vn 0.5312 -0.4282 -0.7311
vn -0.1555 0.8998 0.4076
vn -0.1282 0.9099 0.3946
vn -0.0000 0.9099 0.4149
vn -0.0000 -0.7702 -0.6378
vn 0.1137 0.8998 0.4212
vn -0.2792 -0.4282 -0.8595
vn -0.3015 -0.2198 -0.9278
vn 0.2439 0.9099 0.3357
vn -0.4635 -0.6148 -0.6381
vn -0.5311 -0.4283 -0.7311
vn -0.5734 -0.2198 -0.7892
vn 0.3395 0.8999 0.2738
vn 0.3357 0.9099 0.2438
vn -0.5160 -0.7703 -0.3748
vn -0.6381 -0.6148 -0.4636
vn 0.4076 0.8998 0.1555
vn -0.7500 -0.6149 -0.2437
vn -0.8594 -0.4283 -0.2793
vn 0.4356 0.8998 0.0220
vn 0.4150 0.9098 -0.0000
vn -0.7886 -0.6148 -0.0000
vn -0.9036 -0.4283 -0.0000
vn -0.6066 -0.7702 0.1970
vn -0.8595 -0.4283 0.2791
vn -0.9279 -0.2197 0.3013
vn 0.3357 0.9099 -0.2439
vn -0.6065 -0.7702 0.1972
vn -0.7311 -0.4283 0.5312
vn -0.5734 -0.2198 0.7892
vn -0.2793 -0.4282 0.8594
vn -0.2382 0.8998 -0.3655
vn 0.3749 -0.7702 0.5160
vn -0.3396 0.8998 -0.2739
vn 0.7892 -0.2199 0.5734
vn 0.9278 -0.2199 0.3015
vn 0.9755 -0.2198 -0.0000
vn 0.9278 -0.2198 -0.3015
vn -0.2738 0.8998 0.3397
vn 0.4636 -0.6148 -0.6380
vn -0.0000 -0.4282 -0.9037
vn -0.0000 -0.2198 -0.9755
vn 0.1136 0.8998 0.4211
vn -0.5311 -0.4282 -0.7311
vn -0.5160 -0.7702 -0.3748
vn -0.9278 -0.2197 -0.3015
vn -0.9510 -0.0000 0.3092
vn -0.5878 -0.0022 0.8090
vn 0.9511 -0.0022 -0.3090
vn 0.8090 -0.0022 -0.5878
vn 0.5877 -0.0000 -0.8090
vn -0.5878 -0.0021 -0.8090
vn -0.5878 -0.0000 -0.8090
vn -0.9510 -0.0021 -0.3091
vn -0.9510 -0.0000 -0.3091
vn 0.3969 0.9078 -0.1356
vn 0.3947 0.9098 -0.1282
vn 0.3356 0.9099 -0.2438
vn -0.7500 -0.6148 0.2439
vn -0.7892 -0.2199 0.5734
vn 0.2439 0.9099 -0.3357
vn -0.3748 -0.7703 0.5159
vn -0.2792 -0.4282 0.8594
vn -0.0000 0.9098 -0.4151
vn -0.0000 -0.7703 0.6377
vn -0.0000 -0.4282 0.9037
vn -0.1137 0.8998 -0.4211
vn -0.1283 0.9098 -0.3948
vn 0.1971 -0.7702 0.6065
vn 0.2793 -0.4282 0.8594
vn 0.4635 -0.6148 0.6380
vn 0.5311 -0.4282 0.7311
vn 0.5734 -0.2197 0.7892
vn -0.3358 0.9098 -0.2440
vn 0.7311 -0.4282 0.5312
vn -0.3946 0.9099 -0.1282
vn 0.8594 -0.4282 0.2792
vn 0.9037 -0.4283 -0.0000
vn -0.4211 0.8999 0.1135
vn -0.3947 0.9098 0.1282
vn 0.8594 -0.4282 -0.2792
vn 0.9278 -0.2200 -0.3014
vn -0.3358 0.9098 0.2440
vn 0.7892 -0.2198 -0.5734
vn -0.2738 0.8998 0.3396
vn 0.4635 -0.6148 -0.6381
vn -0.1283 0.9098 0.3947
vn 0.1971 -0.7702 -0.6065
vn 0.2793 -0.4283 -0.8594
vn 0.3015 -0.2197 -0.9278
vn -0.0000 0.9098 0.4151
vn -0.0000 -0.7703 -0.6377
vn -0.0000 -0.4283 -0.9037
vn 0.1137 0.8998 0.4211
vn -0.1971 -0.7703 -0.6065
vn 0.2382 0.8999 0.3654
vn 0.2438 0.9099 0.3356
vn -0.5734 -0.2197 -0.7892
vn 0.3355 0.9099 0.2438
vn -0.7892 -0.2197 -0.5734
vn 0.4075 0.8998 0.1556
vn -0.9755 -0.2198 -0.0000
vn -0.8595 -0.4282 0.2792
vn -0.9524 0.0029 0.3048
vn -0.8117 0.0018 0.5841
vn -0.8117 0.0039 0.5841
vn -0.9524 0.0050 0.3049
vn -0.5915 0.0003 0.8063
vn -0.5914 0.0024 0.8064
vn -0.3133 -0.0015 0.9496
vn -0.3133 0.0007 0.9496
vn -0.0045 -0.0033 1.0000
vn -0.0046 -0.0011 1.0000
vn 0.3047 -0.0049 0.9524
vn 0.3047 -0.0028 0.9524
vn 0.5841 -0.0063 0.8117
vn 0.5841 -0.0042 0.8117
vn 0.8063 -0.0074 0.5914
vn 0.8063 -0.0052 0.5914
vn 0.9496 -0.0078 0.3133
vn 0.9496 -0.0057 0.3133
vn 1.0000 -0.0078 0.0045
vn 1.0000 -0.0056 0.0045
vn 0.9524 -0.0072 -0.3048
vn 0.9524 -0.0050 -0.3047
vn 0.8117 -0.0061 -0.5841
vn 0.8117 -0.0039 -0.5841
vn 0.5914 -0.0046 -0.8063
vn 0.5914 -0.0024 -0.8063
vn 0.3133 -0.0028 -0.9496
vn 0.3133 -0.0007 -0.9497
vn 0.0045 -0.0010 -1.0000
vn 0.0045 0.0011 -1.0000
vn -0.3048 0.0007 -0.9524
vn -0.3047 0.0028 -0.9524
vn -0.5841 0.0021 -0.8117
vn -0.5841 0.0042 -0.8117
vn -0.8063 0.0031 -0.5915
vn -0.8063 0.0052 -0.5915
vn -0.9496 0.0036 -0.3133
vn -0.9496 0.0057 -0.3134
vn -1.0000 0.0035 -0.0045
vn -1.0000 0.0056 -0.0045
vn -0.9525 0.0029 0.3046
vn -0.9525 0.0050 0.3046
vn 0.4026 0.9057 -0.1327
vn 0.3715 0.8980 -0.2355
vn 0.4006 0.9076 -0.1255
vn 0.3418 0.9083 -0.2412
vn -0.7546 -0.6108 0.2397
vn -0.6118 -0.7670 0.1935
vn -0.5220 -0.7677 0.3716
vn -0.6436 -0.6117 0.4600
vn -0.8631 -0.4237 0.2750
vn -0.7359 -0.4247 0.5273
vn -0.9303 -0.2148 0.2972
vn -0.7931 -0.2160 0.5696
vn 0.2804 0.8986 -0.3374
vn 0.2505 0.9089 -0.3335
vn -0.3815 -0.7686 0.5134
vn -0.4699 -0.6128 0.6353
vn -0.5369 -0.4260 0.7282
vn -0.5782 -0.2174 0.7864
vn 0.1625 0.8994 -0.4058
vn 0.1351 0.9096 -0.3929
vn -0.2042 -0.7698 0.6047
vn -0.2507 -0.6142 0.7483
vn -0.2856 -0.4276 0.8577
vn -0.3069 -0.2191 0.9262
vn 0.0291 0.9002 -0.4345
vn 0.0070 0.9103 -0.4140
vn -0.0072 -0.7709 0.6369
vn -0.0071 -0.6156 0.7880
vn -0.0065 -0.4293 0.9031
vn -0.0057 -0.2208 0.9753
vn -0.1066 0.9010 -0.4206
vn -0.1213 0.9110 -0.3941
vn 0.1900 -0.7720 0.6065
vn 0.2368 -0.6170 0.7505
vn 0.2729 -0.4308 0.8602
vn 0.2960 -0.2225 0.9289
vn -0.2314 0.9016 -0.3654
vn -0.2373 0.9115 -0.3359
vn 0.3682 -0.7729 0.5168
vn 0.4572 -0.6181 0.6395
vn 0.5254 -0.4320 0.7330
vn 0.5686 -0.2240 0.7915
vn -0.3331 0.9021 -0.2744
vn -0.3294 0.9120 -0.2444
vn 0.5099 -0.7735 0.3764
vn 0.6325 -0.6189 0.4658
vn 0.7263 -0.4329 0.5340
vn 0.7854 -0.2249 0.5767
vn -0.4018 0.9023 -0.1564
vn -0.3889 0.9122 -0.1290
vn 0.6013 -0.7738 0.1989
vn 0.7456 -0.6192 0.2464
vn 0.8557 -0.4334 0.2826
vn 0.9252 -0.2254 0.3054
vn -0.4305 0.9023 -0.0229
vn -0.4097 0.9122 -0.0009
vn 0.6335 -0.7737 0.0020
vn 0.7853 -0.6192 0.0029
vn 0.9012 -0.4334 0.0036
vn 0.9743 -0.2254 0.0042
vn -0.4165 0.9021 0.1128
vn -0.3902 0.9118 0.1276
vn 0.6032 -0.7734 -0.1953
vn 0.7477 -0.6187 -0.2410
vn 0.8582 -0.4329 -0.2758
vn 0.9279 -0.2247 -0.2975
vn -0.3614 0.9016 0.2377
vn -0.3317 0.9114 0.2435
vn 0.5134 -0.7726 -0.3735
vn 0.6367 -0.6178 -0.4614
vn 0.7311 -0.4317 -0.5283
vn 0.7906 -0.2237 -0.5701
vn -0.2702 0.9010 0.3394
vn -0.2404 0.9108 0.3357
vn 0.3728 -0.7717 -0.5152
vn 0.4630 -0.6167 -0.6366
vn 0.5321 -0.4304 -0.7292
vn 0.5758 -0.2221 -0.7869
vn -0.1522 0.9002 0.4080
vn -0.1249 0.9101 0.3952
vn 0.1955 -0.7707 -0.6065
vn 0.2436 -0.6153 -0.7497
vn 0.2807 -0.4288 -0.8586
vn 0.3044 -0.2204 -0.9267
vn -0.0187 0.8994 0.4366
vn 0.0033 0.9094 0.4160
vn -0.0015 -0.7695 -0.6386
vn 0.0001 -0.6139 -0.7894
vn 0.0017 -0.4273 -0.9041
vn 0.0032 -0.2187 -0.9758
vn 0.1167 0.8987 0.4227
vn 0.1315 0.9086 0.3964
vn -0.1986 -0.7684 -0.6083
vn -0.2437 -0.6126 -0.7519
vn -0.2777 -0.4257 -0.8612
vn -0.2985 -0.2171 -0.9294
vn 0.2417 0.8980 0.3676
vn 0.2475 0.9081 0.3379
vn -0.3768 -0.7675 -0.5186
vn -0.4641 -0.6115 -0.6409
vn -0.5302 -0.4244 -0.7340
vn -0.5711 -0.2156 -0.7921
vn 0.3432 0.8976 0.2765
vn 0.3396 0.9077 0.2464
vn -0.5187 -0.7668 -0.3781
vn -0.6395 -0.6106 -0.4671
vn -0.7311 -0.4235 -0.5349
vn -0.7878 -0.2146 -0.5773
vn 0.4118 0.8974 0.1585
vn 0.3994 0.9073 0.1312
vn -0.6100 -0.7665 -0.2007
vn -0.7524 -0.6103 -0.2478
vn -0.8605 -0.4231 -0.2837
vn -0.9276 -0.2142 -0.3060
vn 0.4405 0.8974 0.0251
vn 0.4203 0.9074 0.0029
vn -0.6421 -0.7666 -0.0037
vn -0.7921 -0.6103 -0.0043
vn -0.9060 -0.4232 -0.0046
vn -0.9768 -0.2142 -0.0046
vn -0.6119 -0.7670 0.1933
vn -0.7547 -0.6108 0.2395
vn -0.8631 -0.4237 0.2748
vn -0.9304 -0.2148 0.2969
vn -0.9508 0.0198 0.3091
vn -0.8089 0.0166 0.5877
vn -0.8088 0.0187 0.5877
vn -0.9508 0.0220 0.3091
vn -0.5877 0.0114 0.8090
vn -0.5876 0.0136 0.8090
vn -0.3090 0.0050 0.9511
vn -0.3089 0.0071 0.9511
vn 0.3089 -0.0093 0.9511
vn 0.3089 -0.0071 0.9511
vn 0.5875 -0.0157 0.8090
vn 0.5876 -0.0136 0.8090
vn 0.8087 -0.0208 0.5878
vn 0.8088 -0.0187 0.5878
vn 0.9508 -0.0241 0.3090
vn 0.9508 -0.0220 0.3090
vn 0.9997 -0.0253 -0.0000
vn 0.9997 -0.0231 -0.0000
vn 0.9507 -0.0241 -0.3090
vn 0.9508 -0.0220 -0.3090
vn 0.8087 -0.0208 -0.5879
vn 0.8088 -0.0187 -0.5878
vn 0.5875 -0.0157 -0.8090
vn 0.5876 -0.0136 -0.8090
vn 0.3089 -0.0093 -0.9510
vn 0.3089 -0.0071 -0.9511
vn -0.0001 -0.0021 -1.0000
vn -0.3090 0.0050 -0.9511
vn -0.3089 0.0071 -0.9511
vn -0.5877 0.0115 -0.8090
vn -0.5876 0.0136 -0.8090
vn -0.8089 0.0165 -0.5878
vn -0.8088 0.0187 -0.5878
vn -0.9508 0.0198 -0.3090
vn -0.9508 0.0220 -0.3090
vn -0.9998 0.0210 -0.0000
vn -0.9997 0.0231 -0.0000
vn -0.9509 0.0198 0.3088
vn -0.9509 0.0220 0.3089
vn 0.4176 0.8985 -0.1357
vn 0.3861 0.8912 -0.2381
vn 0.4156 0.9005 -0.1283
vn 0.3566 0.9018 -0.2439
vn -0.7640 -0.5973 0.2439
vn -0.6242 -0.7560 0.1972
vn -0.5336 -0.7581 0.3749
vn -0.6521 -0.5999 0.4636
vn -0.8691 -0.4083 0.2794
vn -0.7408 -0.4112 0.5312
vn -0.9326 -0.1982 0.3016
vn -0.7941 -0.2016 0.5734
vn 0.2946 0.8934 -0.3392
vn 0.2650 0.9039 -0.3358
vn -0.3926 -0.7614 0.5160
vn -0.4777 -0.6039 0.6381
vn -0.5409 -0.4158 0.7311
vn -0.5784 -0.2065 0.7892
vn 0.1762 0.8960 -0.4076
vn 0.1493 0.9066 -0.3948
vn -0.2148 -0.7655 0.6065
vn -0.2578 -0.6090 0.7501
vn -0.2891 -0.4217 0.8594
vn -0.3065 -0.2129 0.9278
vn 0.0428 0.8991 -0.4356
vn 0.0210 0.9096 -0.4150
vn -0.0178 -0.7700 0.6378
vn -0.0142 -0.6146 0.7887
vn -0.0099 -0.4281 0.9037
vn -0.0051 -0.2197 0.9755
vn -0.0929 0.9022 -0.4211
vn -0.1072 0.9125 -0.3948
vn 0.1792 -0.7746 0.6065
vn 0.2294 -0.6203 0.7501
vn 0.2693 -0.4346 0.8594
vn 0.2963 -0.2267 0.9278
vn -0.2173 0.9051 -0.3654
vn -0.2227 0.9153 -0.3356
vn 0.3569 -0.7787 0.5160
vn 0.4492 -0.6253 0.6381
vn 0.5211 -0.4404 0.7311
vn 0.5682 -0.2329 0.7892
vn -0.3185 0.9075 -0.2739
vn -0.3147 0.9173 -0.2440
vn 0.4981 -0.7819 0.3749
vn 0.6237 -0.6294 0.4636
vn 0.7210 -0.4451 0.5311
vn 0.7839 -0.2380 0.5734
vn -0.3866 0.9090 -0.1556
vn -0.3736 0.9187 -0.1283
vn 0.5886 -0.7840 0.1971
vn 0.7357 -0.6320 0.2437
vn 0.8493 -0.4480 0.2792
vn 0.9225 -0.2412 0.3015
vn -0.4148 0.9097 -0.0220
vn -0.3939 0.9192 -0.0000
vn 0.6198 -0.7847 -0.0000
vn 0.7743 -0.6328 -0.0000
vn 0.8935 -0.4491 -0.0000
vn 0.9702 -0.2424 -0.0000
vn -0.4002 0.9094 0.1137
vn -0.3736 0.9187 0.1283
vn 0.5886 -0.7840 -0.1971
vn 0.7357 -0.6320 -0.2437
vn 0.8493 -0.4480 -0.2793
vn 0.9225 -0.2412 -0.3015
vn -0.3445 0.9081 0.2383
vn -0.3146 0.9174 0.2440
vn 0.4980 -0.7819 -0.3749
vn 0.6237 -0.6294 -0.4636
vn 0.7210 -0.4450 -0.5311
vn 0.7839 -0.2379 -0.5734
vn -0.2529 0.9060 0.3394
vn -0.2227 0.9153 0.3356
vn 0.3569 -0.7787 -0.5160
vn 0.4492 -0.6253 -0.6381
vn 0.5211 -0.4404 -0.7311
vn 0.5682 -0.2330 -0.7892
vn -0.1348 0.9032 0.4075
vn -0.1072 0.9125 0.3948
vn 0.1792 -0.7746 -0.6065
vn 0.2295 -0.6203 -0.7501
vn 0.2693 -0.4347 -0.8594
vn 0.2963 -0.2267 -0.9278
vn -0.0013 0.9001 0.4356
vn 0.0210 0.9096 0.4150
vn -0.0178 -0.7700 -0.6377
vn -0.0142 -0.6146 -0.7887
vn -0.0099 -0.4281 -0.9037
vn -0.0051 -0.2197 -0.9756
vn 0.1343 0.8971 0.4210
vn 0.1492 0.9066 0.3947
vn -0.2148 -0.7655 -0.6065
vn -0.2579 -0.6090 -0.7501
vn -0.2891 -0.4217 -0.8594
vn -0.3064 -0.2129 -0.9278
vn 0.2591 0.8941 0.3653
vn 0.2649 0.9040 0.3357
vn -0.3925 -0.7614 -0.5160
vn -0.4777 -0.6039 -0.6381
vn -0.5409 -0.4159 -0.7311
vn -0.5783 -0.2066 -0.7892
vn 0.3601 0.8918 0.2739
vn 0.3565 0.9019 0.2438
vn -0.5336 -0.7581 -0.3749
vn -0.6521 -0.5999 -0.4636
vn -0.7408 -0.4112 -0.5312
vn -0.7941 -0.2015 -0.5734
vn 0.4280 0.8903 0.1557
vn 0.4157 0.9004 0.1283
vn -0.6242 -0.7560 -0.1971
vn -0.7641 -0.5973 -0.2437
vn -0.8691 -0.4082 -0.2793
vn -0.9326 -0.1982 -0.3015
vn 0.4564 0.8895 0.0220
vn 0.4361 0.8999 -0.0000
vn -0.6554 -0.7552 -0.0000
vn -0.8027 -0.5964 -0.0000
vn -0.9133 -0.4073 -0.0000
vn -0.9804 -0.1972 -0.0000
vn -0.6243 -0.7560 0.1970
vn -0.7641 -0.5973 0.2436
vn -0.8691 -0.4082 0.2791
vn -0.9327 -0.1982 0.3014
vn -0.3090 -0.0021 0.9510
vn -0.9511 -0.0022 0.3090
vn 0.3653 0.8999 -0.2383
vn -0.9277 -0.2198 0.3016
vn 0.2738 0.8999 -0.3396
vn -0.4635 -0.6148 0.6380
vn -0.1971 -0.7702 0.6065
vn -0.1283 0.9098 -0.3947
vn 0.2793 -0.4283 0.8594
vn 0.9037 -0.4282 -0.0000
vn 0.6066 -0.7702 -0.1970
vn 0.9278 -0.2198 -0.3014
vn -0.3359 0.9098 0.2440
vn 0.7311 -0.4283 -0.5311
vn 0.7892 -0.2197 -0.5734
vn -0.1282 0.9098 0.3947
vn -0.0000 -0.2199 -0.9755
vn 0.1136 0.8999 0.4211
vn -0.1970 -0.7703 -0.6065
vn -0.2792 -0.4283 -0.8594
vn -0.3014 -0.2199 -0.9278
vn 0.3356 0.9099 0.2438
vn 0.3948 0.9098 0.1282
vn -0.9037 -0.4283 -0.0000
vn -0.9484 0.0053 0.3171
vn -0.8041 0.0108 0.5944
vn -0.8040 0.0130 0.5944
vn -0.9484 0.0074 0.3171
vn -0.5809 0.0151 0.8138
vn -0.5809 0.0173 0.8138
vn -0.3010 0.0177 0.9535
vn -0.3010 0.0199 0.9534
vn 0.0084 0.0184 0.9998
vn 0.0085 0.0205 0.9998
vn 0.3170 0.0170 0.9483
vn 0.3170 0.0192 0.9482
vn 0.5945 0.0138 0.8040
vn 0.5945 0.0159 0.8039
vn 0.8139 0.0090 0.5809
vn 0.8140 0.0112 0.5808
vn 0.9537 0.0031 0.3009
vn 0.9536 0.0053 0.3009
vn 1.0000 -0.0032 -0.0083
vn 1.0000 -0.0011 -0.0084
vn 0.9484 -0.0095 -0.3168
vn 0.9484 -0.0074 -0.3169
vn 0.8040 -0.0151 -0.5944
vn 0.8040 -0.0130 -0.5945
vn 0.5809 -0.0194 -0.8137
vn 0.5809 -0.0173 -0.8138
vn 0.3010 -0.0220 -0.9534
vn 0.3010 -0.0199 -0.9534
vn -0.0084 -0.0227 -0.9997
vn -0.0085 -0.0205 -0.9998
vn -0.3170 -0.0213 -0.9482
vn -0.3170 -0.0192 -0.9482
vn -0.5946 -0.0181 -0.8038
vn -0.5945 -0.0159 -0.8039
vn -0.8139 -0.0133 -0.5808
vn -0.8139 -0.0112 -0.5809
vn -0.9536 -0.0074 -0.3010
vn -0.9536 -0.0053 -0.3010
vn -1.0000 -0.0010 0.0085
vn -1.0000 0.0011 0.0084
vn -0.9485 0.0052 0.3169
vn -0.9484 0.0074 0.3168
vn 0.3965 0.9044 -0.1575
vn 0.3642 0.8945 -0.2594
vn 0.3946 0.9065 -0.1503
vn 0.3346 0.9042 -0.2653
vn -0.7485 -0.6089 0.2628
vn -0.6055 -0.7654 0.2180
vn -0.5135 -0.7618 0.3949
vn -0.6348 -0.6044 0.4815
vn -0.8574 -0.4215 0.2954
vn -0.7270 -0.4164 0.5460
vn -0.9254 -0.2125 0.3139
vn -0.7846 -0.2071 0.5844
vn 0.2718 0.8924 -0.3602
vn 0.2420 0.9024 -0.3566
vn -0.3712 -0.7591 0.5348
vn -0.4588 -0.6010 0.6545
vn -0.5254 -0.4126 0.7441
vn -0.5670 -0.2029 0.7984
vn 0.1528 0.8911 -0.4274
vn 0.1258 0.9013 -0.4145
vn -0.1926 -0.7574 0.6239
vn -0.2380 -0.5989 0.7646
vn -0.2724 -0.4102 0.8704
vn -0.2938 -0.2004 0.9346
vn 0.0194 0.8907 -0.4542
vn -0.0026 0.9010 -0.4338
vn 0.0046 -0.7570 0.6534
vn 0.0061 -0.5985 0.8011
vn 0.0072 -0.4097 0.9122
vn 0.0080 -0.1998 0.9798
vn -0.1162 0.8912 -0.4385
vn -0.1308 0.9015 -0.4126
vn 0.2014 -0.7578 0.6206
vn 0.2494 -0.5995 0.7605
vn 0.2860 -0.4109 0.8657
vn 0.3090 -0.2010 0.9296
vn -0.2406 0.8924 -0.3817
vn -0.2459 0.9030 -0.3523
vn 0.3785 -0.7598 0.5286
vn 0.4683 -0.6021 0.6467
vn 0.5369 -0.4138 0.7352
vn 0.5798 -0.2042 0.7887
vn -0.3410 0.8944 -0.2893
vn -0.3368 0.9051 -0.2596
vn 0.5185 -0.7629 0.3863
vn 0.6414 -0.6058 0.4708
vn 0.7351 -0.4181 0.5337
vn 0.7938 -0.2089 0.5712
vn -0.4079 0.8970 -0.1706
vn -0.3948 0.9075 -0.1436
vn 0.6075 -0.7667 0.2077
vn 0.7515 -0.6105 0.2500
vn 0.8614 -0.4234 0.2807
vn 0.9301 -0.2147 0.2981
vn -0.4349 0.8997 -0.0367
vn -0.4142 0.9101 -0.0151
vn 0.6370 -0.7708 0.0104
vn 0.7881 -0.6155 0.0059
vn 0.9032 -0.4292 0.0012
vn 0.9753 -0.2209 -0.0037
vn -0.4193 0.9025 0.0987
vn -0.3926 0.9127 0.1128
vn 0.6042 -0.7748 -0.1863
vn 0.7474 -0.6205 -0.2373
vn 0.8566 -0.4349 -0.2776
vn 0.9250 -0.2271 -0.3046
vn -0.3625 0.9050 0.2226
vn -0.3328 0.9150 0.2279
vn 0.5122 -0.7783 -0.3632
vn 0.6336 -0.6249 -0.4562
vn 0.7262 -0.4399 -0.5284
vn 0.7841 -0.2325 -0.5754
vn -0.2702 0.9070 0.3231
vn -0.2403 0.9167 0.3192
vn 0.3698 -0.7811 -0.5032
vn 0.4577 -0.6282 -0.6292
vn 0.5246 -0.4437 -0.7266
vn 0.5665 -0.2367 -0.7893
vn -0.1512 0.9081 0.3904
vn -0.1241 0.9177 0.3774
vn 0.1911 -0.7827 -0.5923
vn 0.2368 -0.6303 -0.7394
vn 0.2716 -0.4461 -0.8528
vn 0.2935 -0.2391 -0.9256
vn -0.0175 0.9086 0.4174
vn 0.0043 0.9181 0.3964
vn -0.0061 -0.7832 -0.6218
vn -0.0072 -0.6308 -0.7759
vn -0.0080 -0.4467 -0.8947
vn -0.0084 -0.2397 -0.9708
vn 0.1180 0.9081 0.4017
vn 0.1324 0.9175 0.3752
vn -0.2028 -0.7823 -0.5890
vn -0.2506 -0.6297 -0.7353
vn -0.2869 -0.4455 -0.8481
vn -0.3095 -0.2384 -0.9205
vn 0.2421 0.9069 0.3448
vn 0.2475 0.9163 0.3150
vn -0.3799 -0.7802 -0.4970
vn -0.4695 -0.6272 -0.6214
vn -0.5377 -0.4425 -0.7177
vn -0.5803 -0.2352 -0.7797
vn 0.3428 0.9049 0.2524
vn 0.3386 0.9143 0.2222
vn -0.5199 -0.7772 -0.3546
vn -0.6425 -0.6235 -0.4455
vn -0.7359 -0.4382 -0.5161
vn -0.7942 -0.2306 -0.5622
vn 0.4096 0.9024 0.1337
vn 0.3965 0.9119 0.1062
vn -0.6089 -0.7735 -0.1761
vn -0.7526 -0.6189 -0.2248
vn -0.8622 -0.4329 -0.2632
vn -0.9305 -0.2249 -0.2891
vn 0.4366 0.8996 -0.0001
vn 0.4159 0.9091 -0.0222
vn -0.6384 -0.7694 0.0212
vn -0.7892 -0.6138 0.0193
vn -0.9040 -0.4272 0.0164
vn -0.9757 -0.2187 0.0127
vn -0.6056 -0.7654 0.2179
vn -0.7486 -0.6089 0.2626
vn -0.8575 -0.4215 0.2951
vn -0.9255 -0.2125 0.3136
vn -0.5311 -0.4283 0.7311
vn -0.3014 -0.2199 0.9278
vn 0.3015 -0.2199 0.9278
vn 0.9755 -0.2199 -0.0000
vn -0.7310 -0.4283 -0.5312
vn -0.6065 -0.7702 -0.1970
vn -0.7886 -0.6149 -0.0000
vn -0.9510 -0.0022 0.3091
vn -0.5877 -0.0000 0.8091
vn 0.5877 -0.0021 0.8090
vn 0.5877 -0.0000 0.8090
vn -0.3090 -0.0021 -0.9511
vn -0.5877 -0.0000 -0.8090
vn -0.9510 -0.0021 -0.3090
vn 0.3969 0.9078 -0.1355
vn -0.3749 -0.7702 0.5160
vn -0.4636 -0.6148 0.6381
vn -0.1970 -0.7702 0.6066
vn -0.3014 -0.2197 0.9278
vn -0.0000 -0.7702 0.6378
vn -0.3358 0.9098 -0.2439
vn 0.9278 -0.2199 0.3014
vn -0.1556 0.8998 0.4076
vn -0.2793 -0.4283 -0.8594
vn 0.2382 0.8998 0.3655
vn 0.2439 0.9098 0.3357
vn -0.5312 -0.4283 -0.7311
vn -0.9755 -0.2199 -0.0000
vn -0.7501 -0.6148 0.2435
vn 0.8090 -0.0022 0.5878
vn 0.5878 -0.0022 -0.8090
vn 0.1556 0.8998 -0.4076
vn -0.1971 -0.7702 0.6066
vn -0.1136 0.8999 -0.4211
vn 0.7887 -0.6147 -0.0000
vn 0.6380 -0.6149 -0.4635
vn 0.7311 -0.4282 -0.5311
vn 0.2792 -0.4283 -0.8594
vn 0.3357 0.9099 0.2439
vn -0.7892 -0.2199 -0.5734
vn -0.9278 -0.2197 0.3013
vn -0.9510 0.0078 0.3091
vn -0.8090 0.0169 0.5875
vn -0.8090 0.0190 0.5875
vn -0.9510 0.0100 0.3090
vn -0.5878 0.0240 0.8087
vn -0.5878 0.0262 0.8086
vn -0.3090 0.0287 0.9506
vn -0.3090 0.0308 0.9506
vn -0.0000 0.0302 0.9995
vn -0.0000 0.0323 0.9995
vn 0.3090 0.0287 0.9506
vn 0.3090 0.0308 0.9506
vn 0.5878 0.0240 0.8087
vn 0.5877 0.0262 0.8086
vn 0.8090 0.0169 0.5875
vn 0.8090 0.0190 0.5874
vn 0.9511 0.0079 0.3089
vn 0.9511 0.0100 0.3089
vn 1.0000 -0.0022 0.0001
vn 0.9510 -0.0121 -0.3088
vn 0.9510 -0.0100 -0.3089
vn 0.8090 -0.0212 -0.5874
vn 0.8090 -0.0190 -0.5875
vn 0.5877 -0.0283 -0.8086
vn 0.5878 -0.0262 -0.8086
vn 0.3090 -0.0329 -0.9505
vn 0.3090 -0.0308 -0.9506
vn -0.0000 -0.0345 -0.9994
vn -0.0000 -0.0323 -0.9995
vn -0.3090 -0.0329 -0.9505
vn -0.3090 -0.0308 -0.9506
vn -0.5878 -0.0283 -0.8085
vn -0.5878 -0.0262 -0.8086
vn -0.8090 -0.0212 -0.5874
vn -0.8090 -0.0190 -0.5875
vn -0.9510 -0.0121 -0.3088
vn -0.9510 -0.0100 -0.3089
vn -1.0000 -0.0021 0.0001
vn -0.9511 0.0078 0.3088
vn -0.9511 0.0100 0.3087
vn 0.3967 0.9030 -0.1648
vn 0.3654 0.8917 -0.2672
vn 0.3944 0.9054 -0.1575
vn 0.3358 0.9014 -0.2733
vn -0.7500 -0.6066 0.2636
vn -0.6066 -0.7634 0.2220
vn -0.5160 -0.7576 0.3996
vn -0.6380 -0.5995 0.4832
vn -0.8594 -0.4190 0.2931
vn -0.7311 -0.4109 0.5447
vn -0.9278 -0.2099 0.3085
vn -0.7892 -0.2010 0.5802
vn 0.2738 0.8883 -0.3686
vn 0.2440 0.8984 -0.3651
vn -0.3749 -0.7531 0.5407
vn -0.4635 -0.5939 0.6576
vn -0.5311 -0.4044 0.7446
vn -0.5734 -0.1941 0.7959
vn 0.1554 0.8861 -0.4366
vn 0.1283 0.8965 -0.4240
vn -0.1970 -0.7502 0.6311
vn -0.2437 -0.5903 0.7695
vn -0.2792 -0.4003 0.8728
vn -0.3015 -0.1896 0.9344
vn 0.0220 0.8853 -0.4646
vn -0.0000 0.8959 -0.4442
vn -0.0000 -0.7492 0.6623
vn -0.0000 -0.5891 0.8081
vn -0.0000 -0.3988 0.9170
vn -0.0000 -0.1881 0.9822
vn -0.1136 0.8858 -0.4500
vn -0.1283 0.8965 -0.4240
vn 0.1970 -0.7502 0.6312
vn 0.2437 -0.5903 0.7695
vn 0.2792 -0.4002 0.8728
vn 0.3014 -0.1896 0.9344
vn -0.2381 0.8875 -0.3944
vn -0.2439 0.8985 -0.3651
vn 0.3748 -0.7531 0.5407
vn 0.4635 -0.5939 0.6576
vn 0.5312 -0.4044 0.7445
vn 0.5734 -0.1941 0.7959
vn -0.3395 0.8905 -0.3029
vn -0.3357 0.9015 -0.2733
vn 0.5160 -0.7576 0.3996
vn 0.6380 -0.5995 0.4832
vn 0.7311 -0.4108 0.5447
vn 0.7892 -0.2011 0.5802
vn -0.4075 0.8944 -0.1846
vn -0.3946 0.9052 -0.1576
vn 0.6066 -0.7634 0.2219
vn 0.7501 -0.6066 0.2635
vn 0.8594 -0.4189 0.2930
vn 0.9278 -0.2099 0.3084
vn -0.4357 0.8987 -0.0511
vn -0.4151 0.9093 -0.0294
vn 0.6377 -0.7698 0.0249
vn 0.7887 -0.6145 0.0199
vn 0.9037 -0.4280 0.0139
vn 0.9756 -0.2196 0.0071
vn -0.4212 0.9030 0.0844
vn -0.3947 0.9135 0.0987
vn 0.6066 -0.7762 -0.1720
vn 0.7501 -0.6223 -0.2237
vn 0.8595 -0.4370 -0.2653
vn 0.9278 -0.2294 -0.2942
vn -0.3653 0.9071 0.2090
vn -0.3355 0.9174 0.2142
vn 0.5160 -0.7819 -0.3498
vn 0.6381 -0.6294 -0.4435
vn 0.7311 -0.4452 -0.5171
vn 0.7892 -0.2383 -0.5660
vn -0.2737 0.9104 0.3103
vn -0.2436 0.9204 0.3058
vn 0.3748 -0.7865 -0.4909
vn 0.4636 -0.6351 -0.6179
vn 0.5312 -0.4517 -0.7168
vn 0.5734 -0.2452 -0.7817
vn -0.1556 0.9125 0.3783
vn -0.1282 0.9222 0.3649
vn 0.1971 -0.7894 -0.5814
vn 0.2438 -0.6387 -0.7298
vn 0.2793 -0.4558 -0.8451
vn 0.3015 -0.2498 -0.9202
vn -0.0220 0.9135 0.4063
vn -0.0000 0.9228 0.3854
vn -0.0000 -0.7905 -0.6125
vn -0.0000 -0.6400 -0.7684
vn -0.0000 -0.4573 -0.8893
vn -0.0000 -0.2513 -0.9679
vn 0.1137 0.9130 0.3918
vn 0.1282 0.9221 0.3650
vn -0.1971 -0.7894 -0.5814
vn -0.2437 -0.6387 -0.7298
vn -0.2793 -0.4558 -0.8451
vn -0.3015 -0.2497 -0.9202
vn 0.2381 0.9112 0.3361
vn 0.2437 0.9203 0.3060
vn -0.3748 -0.7864 -0.4909
vn -0.4636 -0.6350 -0.6179
vn -0.5311 -0.4517 -0.7169
vn -0.5734 -0.2452 -0.7817
vn 0.3396 0.9082 0.2445
vn 0.3356 0.9173 0.2143
vn -0.5160 -0.7819 -0.3498
vn -0.6381 -0.6295 -0.4435
vn -0.7311 -0.4452 -0.5170
vn -0.7892 -0.2383 -0.5660
vn 0.4074 0.9045 0.1263
vn 0.3945 0.9136 0.0986
vn -0.6066 -0.7761 -0.1720
vn -0.7501 -0.6223 -0.2237
vn -0.8594 -0.4371 -0.2652
vn -0.9278 -0.2295 -0.2942
vn 0.4357 0.9001 -0.0073
vn 0.4148 0.9094 -0.0295
vn -0.6378 -0.7698 0.0249
vn -0.7887 -0.6144 0.0199
vn -0.9036 -0.4281 0.0139
vn -0.9755 -0.2197 0.0071
vn -0.6067 -0.7634 0.2218
vn -0.7501 -0.6066 0.2634
vn -0.8595 -0.4190 0.2928
vn -0.9279 -0.2099 0.3083
s 1
usemtl M_polySurface613_blinn3_0_0
f 1//1 2//1 3//1
f 2//1 4//1 3//1
f 4//1 5//1 3//1
f 5//1 6//1 3//1
f 6//1 7//1 3//1
f 7//1 8//1 3//1
f 8//1 9//1 3//1
f 9//1 10//1 3//1
f 10//1 11//1 3//1
f 11//1 12//1 3//1
f 12//1 13//1 3//1
f 13//1 14//1 3//1
f 14//1 15//1 3//1
f 15//1 16//1 3//1
f 16//1 17//1 3//1
f 17//1 18//1 3//1
f 18//1 19//1 3//1
f 19//1 20//1 3//1
f 20//1 21//1 3//1
f 21//1 1//1 3//1
f 22//2 24//3 23//1
f 24//3 25//4 23//1
f 25//4 26//5 23//1
f 26//5 27//6 23//1
f 27//6 28//7 23//1
f 28//7 29//8 23//1
f 29//8 30//9 23//1
f 30//9 31//10 23//1
f 31//10 32//11 23//1
f 32//11 33//12 23//1
f 33//12 34//13 23//1
f 34//13 35//14 23//1
f 35//14 36//15 23//1
f 36//15 37//16 23//1
f 37//16 38//17 23//1
f 38//17 39//18 23//1
f 39//18 40//19 23//1
f 40//19 41//20 23//1
f 41//20 42//21 23//1
f 23//1 42//21 22//2
f 43//22 44//23 45//23
f 44//23 46//24 45//23
f 46//24 47//22 45//23
f 47//22 48//23 45//23
f 48//23 49//24 45//23
f 49//24 50//22 45//23
f 50//22 51//25 45//23
f 51//25 52//22 45//23
f 52//22 53//24 45//23
f 53//24 54//24 45//23
f 54//24 55//22 45//23
f 55//22 56//24 45//23
f 56//24 57//24 45//23
f 57//24 58//24 45//23
f 58//24 59//22 45//23
f 59//22 60//23 45//23
f 60//23 61//23 45//23
f 61//23 62//23 45//23
f 62//23 63//22 45//23
f 63//22 43//22 45//23
f 64//26 66//27 65//23
f 66//27 67//28 65//23
f 67//28 68//29 65//23
f 68//29 69//30 65//23
f 69//30 70//31 65//23
f 70//31 71//32 65//23
f 71//32 72//33 65//23
f 72//33 73//34 65//23
f 73//34 74//35 65//23
f 74//35 75//36 65//23
f 75//36 76//37 65//23
f 76//37 77//38 65//23
f 77//38 78//39 65//23
f 78//39 79//40 65//23
f 79//40 80//41 65//23
f 80//41 81//42 65//23
f 81//42 82//43 65//23
f 82//43 83//44 65//23
f 83//44 84//45 65//23
f 65//23 84//45 64//26
f 85//1 86//1 87//1
f 86//1 88//1 87//1
f 88//1 89//1 87//1
f 89//1 90//1 87//1
f 90//1 91//1 87//1
f 91//1 92//1 87//1
f 92//1 93//1 87//1
f 93//1 94//1 87//1
f 94//1 95//1 87//1
f 95//1 96//1 87//1
f 96//1 97//1 87//1
f 97//1 98//1 87//1
f 98//1 99//1 87//1
f 99//1 100//1 87//1
f 100//1 101//1 87//1
f 101//1 102//1 87//1
f 102//1 103//1 87//1
f 103//1 104//1 87//1
f 104//1 105//1 87//1
f 105//1 85//1 87//1
f 106//46 108//47 107//1
f 108//47 109//48 107//1
f 109//48 110//49 107//1
f 110//49 111//6 107//1
f 111//6 112//7 107//1
f 112//7 113//50 107//1
f 113//50 114//51 107//1
f 114//51 115//52 107//1
f 115//52 116//53 107//1
f 116//53 117//12 107//1
f 117//12 118//54 107//1
f 118//54 119//55 107//1
f 119//55 120//15 107//1
f 120//15 121//56 107//1
f 121//56 122//57 107//1
f 122//57 123//58 107//1
f 123//58 124//59 107//1
f 124//59 125//60 107//1
f 125//60 126//61 107//1
f 107//1 126//61 106//46
f 127//1 128//1 129//1
f 128//1 130//1 129//1
f 130//1 131//1 129//1
f 131//1 132//1 129//1
f 132//1 133//1 129//1
f 133//1 134//1 129//1
f 134//1 135//1 129//1
f 135//1 136//1 129//1
f 136//1 137//1 129//1
f 137//1 138//1 129//1
f 138//1 139//1 129//1
f 139//1 140//1 129//1
f 140//1 141//1 129//1
f 141//1 142//1 129//1
f 142//1 143//1 129//1
f 143//1 144//1 129//1
f 144//1 145//1 129//1
f 145//1 146//1 129//1
f 146//1 147//1 129//1
f 147//1 127//1 129//1
f 148//46 150//62 149//1
f 150//62 151//48 149//1
f 151//48 152//49 149//1
f 152//49 153//6 149//1
f 153//6 154//7 149//1
f 154//7 155//50 149//1
f 155//50 156//51 149//1
f 156//51 157//52 149//1
f 157//52 158//53 149//1
f 158//53 159//12 149//1
f 159//12 160//54 149//1
f 160//54 161//55 149//1
f 161//55 162//63 149//1
f 162//63 163//56 149//1
f 163//56 164//64 149//1
f 164//64 165//58 149//1
f 165//58 166//59 149//1
f 166//59 167//60 149//1
f 167//60 168//61 149//1
f 149//1 168//61 148//46
f 169//1 170//1 171//1
f 170//1 172//1 171//1
f 172//1 173//1 171//1
f 173//1 174//1 171//1
f 174//1 175//1 171//1
f 175//1 176//1 171//1
f 176//1 177//1 171//1
f 177//1 178//1 171//1
f 178//1 179//1 171//1
f 179//1 180//1 171//1
f 180//1 181//1 171//1
f 181//1 182//1 171//1
f 182//1 183//1 171//1
f 183//1 184//1 171//1
f 184//1 185//1 171//1
f 185//1 186//1 171//1
f 186//1 187//1 171//1
f 187//1 188//1 171//1
f 188//1 189//1 171//1
f 189//1 169//1 171//1
f 190//65 192//66 191//1
f 192//66 193//67 191//1
f 193//67 194//49 191//1
f 194//49 195//6 191//1
f 195//6 196//7 191//1
f 196//7 197//50 191//1
f 197//50 198//51 191//1
f 198//51 199//68 191//1
f 199//68 200//11 191//1
f 200//11 201//69 191//1
f 201//69 202//13 191//1
f 202//13 203//70 191//1
f 203//70 204//71 191//1
f 204//71 205//16 191//1
f 205//16 206//17 191//1
f 206//17 207//58 191//1
f 207//58 208//72 191//1
f 208//72 209//73 191//1
f 209//73 210//74 191//1
f 191//1 210//74 190//65
f 211//75 212//76 213//76
f 212//76 214//76 213//76
f 214//76 215//77 213//76
f 215//77 216//77 213//76
f 216//77 217//75 213//76
f 217//75 218//78 213//76
f 218//78 219//78 213//76
f 219//78 220//76 213//76
f 220//76 221//76 213//76
f 221//76 222//78 213//76
f 222//78 223//76 213//76
f 223//76 224//76 213//76
f 224//76 225//75 213//76
f 225//75 226//75 213//76
f 226//75 227//77 213//76
f 227//77 228//78 213//76
f 228//78 229//78 213//76
f 229//78 230//76 213//76
f 230//76 231//76 213//76
f 231//76 211//75 213//76
f 232//79 234//80 233//76
f 234//80 235//81 233//76
f 235//81 236//82 233//76
f 236//82 237//83 233//76
f 237//83 238//84 233//76
f 238//84 239//85 233//76
f 239//85 240//86 233//76
f 240//86 241//87 233//76
f 241//87 242//88 233//76
f 242//88 243//89 233//76
f 243//89 244//90 233//76
f 244//90 245//91 233//76
f 245//91 246//92 233//76
f 246//92 247//93 233//76
f 247//93 248//94 233//76
f 248//94 249//95 233//76
f 249//95 250//96 233//76
f 250//96 251//97 233//76
f 251//97 252//98 233//76
f 233//76 252//98 232//79
f 253//99 254//99 255//99
f 254//99 256//99 255//99
f 256//99 257//99 255//99
f 257//99 258//99 255//99
f 258//99 259//99 255//99
f 259//99 260//99 255//99
f 260//99 261//99 255//99
f 261//99 262//99 255//99
f 262//99 263//99 255//99
f 263//99 264//99 255//99
f 264//99 265//99 255//99
f 265//99 266//99 255//99
f 266//99 267//99 255//99
f 267//99 268//99 255//99
f 268//99 269//99 255//99
f 269//99 270//99 255//99
f 270//99 271//99 255//99
f 271//99 272//99 255//99
f 272//99 273//99 255//99
f 273//99 253//99 255//99
f 274//100 276//101 275//99
f 276//101 277//102 275//99
f 277//102 278//103 275//99
f 278//103 279//104 275//99
f 279//104 280//105 275//99
f 280//105 281//106 275//99
f 281//106 282//107 275//99
f 282//107 283//108 275//99
f 283//108 284//109 275//99
f 284//109 285//110 275//99
f 285//110 286//111 275//99
f 286//111 287//112 275//99
f 287//112 288//113 275//99
f 288//113 289//114 275//99
f 289//114 290//115 275//99
f 290//115 291//116 275//99
f 291//116 292//117 275//99
f 292//117 293//118 275//99
f 293//118 294//119 275//99
f 275//99 294//119 274//100
f 295//1 296//1 297//1
f 296//1 298//1 297//1
f 298//1 299//1 297//1
f 299//1 300//1 297//1
f 300//1 301//1 297//1
f 301//1 302//1 297//1
f 302//1 303//1 297//1
f 303//1 304//1 297//1
f 304//1 305//1 297//1
f 305//1 306//1 297//1
f 306//1 307//1 297//1
f 307//1 308//1 297//1
f 308//1 309//1 297//1
f 309//1 310//1 297//1
f 310//1 311//1 297//1
f 311//1 312//1 297//1
f 312//1 313//1 297//1
f 313//1 314//1 297//1
f 314//1 315//1 297//1
f 315//1 295//1 297//1
f 316//46 318//66 317//1
f 318//66 319//67 317//1
f 319//67 320//120 317//1
f 320//120 321//6 317//1
f 321//6 322//7 317//1
f 322//7 323//50 317//1
f 323//50 324//51 317//1
f 324//51 325//121 317//1
f 325//121 326//11 317//1
f 326//11 327//122 317//1
f 327//122 328//13 317//1
f 328//13 329//14 317//1
f 329//14 330//71 317//1
f 330//71 331//56 317//1
f 331//56 332//17 317//1
f 332//17 333//18 317//1
f 333//18 334//72 317//1
f 334//72 335//123 317//1
f 335//123 336//124 317//1
f 317//1 336//124 316//46
f 337//125 338//125 339//126
f 338//125 340//127 339//126
f 340//127 341//126 339//126
f 341//126 342//125 339//126
f 342//125 343//126 339//126
f 343//126 344//126 339//126
f 344//126 345//128 339//126
f 345//128 346//127 339//126
f 346//127 347//129 339//126
f 347//129 348//127 339//126
f 348//127 349//127 339//126
f 349//127 350//127 339//126
f 350//127 351//126 339//126
f 351//126 352//126 339//126
f 352//126 353//126 339//126
f 353//126 354//125 339//126
f 354//125 355//127 339//126
f 355//127 356//130 339//126
f 356//130 357//126 339//126
f 357//126 337//125 339//126
f 358//131 360//132 359//126
f 360//132 361//133 359//126
f 361//133 362//134 359//126
f 362//134 363//135 359//126
f 363//135 364//136 359//126
f 364//136 365//137 359//126
f 365//137 366//138 359//126
f 366//138 367//139 359//126
f 367//139 368//140 359//126
f 368//140 369//141 359//126
f 369//141 370//142 359//126
f 370//142 371//143 359//126
f 371//143 372//144 359//126
f 372//144 373//145 359//126
f 373//145 374//146 359//126
f 374//146 375//147 359//126
f 375//147 376//148 359//126
f 376//148 377//149 359//126
f 377//149 378//150 359//126
f 359//126 378//150 358//131
f 379//1 380//1 381//1
f 380//1 382//1 381//1
f 382//1 383//1 381//1
f 383//1 384//1 381//1
f 384//1 385//1 381//1
f 385//1 386//1 381//1
f 386//1 387//1 381//1
f 387//1 388//1 381//1
f 388//1 389//1 381//1
f 389//1 390//1 381//1
f 390//1 391//1 381//1
f 391//1 392//1 381//1
f 392//1 393//1 381//1
f 393//1 394//1 381//1
f 394//1 395//1 381//1
f 395//1 396//1 381//1
f 396//1 397//1 381//1
f 397//1 398//1 381//1
f 398//1 399//1 381//1
f 399//1 379//1 381//1
f 400//46 402//3 401//1
f 402//3 403//48 401//1
f 403//48 404//49 401//1
f 404//49 405//6 401//1
f 405//6 406//7 401//1
f 406//7 407//50 401//1
f 407//50 408//51 401//1
f 408//51 409//52 401//1
f 409//52 410//53 401//1
f 410//53 411//12 401//1
f 411//12 412//54 401//1
f 412//54 413//55 401//1
f 413//55 414//63 401//1
f 414//63 415//56 401//1
f 415//56 416//64 401//1
f 416//64 417//58 401//1
f 417//58 418//59 401//1
f 418//59 419//60 401//1
f 419//60 420//61 401//1
f 401//1 420//61 400//46
f 421//1 422//1 423//1
f 422//1 424//1 423//1
f 424//1 425//1 423//1
f 425//1 426//1 423//1
f 426//1 427//1 423//1
f 427//1 428//1 423//1
f 428//1 429//1 423//1
f 429//1 430//1 423//1
f 430//1 431//1 423//1
f 431//1 432//1 423//1
f 432//1 433//1 423//1
f 433//1 434//1 423//1
f 434//1 435//1 423//1
f 435//1 436//1 423//1
f 436//1 437//1 423//1
f 437//1 438//1 423//1
f 438//1 439//1 423//1
f 439//1 440//1 423//1
f 440//1 441//1 423//1
f 441//1 421//1 423//1
f 442//2 444//3 443//1
f 444//3 445//4 443//1
f 445//4 446//120 443//1
f 446//120 447//6 443//1
f 447//6 448//7 443//1
f 448//7 449//8 443//1
f 449//8 450//9 443//1
f 450//9 451//10 443//1
f 451//10 452//11 443//1
f 452//11 453//12 443//1
f 453//12 454//13 443//1
f 454//13 455//14 443//1
f 455//14 456//15 443//1
f 456//15 457//56 443//1
f 457//56 458//17 443//1
f 458//17 459//18 443//1
f 459//18 460//19 443//1
f 460//19 461//20 443//1
f 461//20 462//151 443//1
f 443//1 462//151 442//2
f 463//1 464//1 465//1
f 464//1 466//1 465//1
f 466//1 467//1 465//1
f 467//1 468//1 465//1
f 468//1 469//1 465//1
f 469//1 470//1 465//1
f 470//1 471//1 465//1
f 471//1 472//1 465//1
f 472//1 473//1 465//1
f 473//1 474//1 465//1
f 474//1 475//1 465//1
f 475//1 476//1 465//1
f 476//1 477//1 465//1
f 477//1 478//1 465//1
f 478//1 479//1 465//1
f 479//1 480//1 465//1
f 480//1 481//1 465//1
f 481//1 482//1 465//1
f 482//1 483//1 465//1
f 483//1 463//1 465//1
f 484//46 486//62 485//1
f 486//62 487//48 485//1
f 487//48 488//49 485//1
f 488//49 489//6 485//1
f 489//6 490//152 485//1
f 490//152 491//50 485//1
f 491//50 492//51 485//1
f 492//51 493//52 485//1
f 493//52 494//53 485//1
f 494//53 495//12 485//1
f 495//12 496//54 485//1
f 496//54 497//153 485//1
f 497//153 498//15 485//1
f 498//15 499//56 485//1
f 499//56 500//64 485//1
f 500//64 501//58 485//1
f 501//58 502//72 485//1
f 502//72 503//60 485//1
f 503//60 504//61 485//1
f 485//1 504//61 484//46
f 505//154 506//154 507//155
f 506//154 508//155 507//155
f 508//155 509//155 507//155
f 509//155 510//155 507//155
f 510//155 511//154 507//155
f 511//154 512//154 507//155
f 512//154 513//155 507//155
f 513//155 514//154 507//155
f 514//154 515//155 507//155
f 515//155 516//154 507//155
f 516//154 517//154 507//155
f 517//154 518//155 507//155
f 518//155 519//155 507//155
f 519//155 520//155 507//155
f 520//155 521//155 507//155
f 521//155 522//155 507//155
f 522//155 523//154 507//155
f 523//154 524//155 507//155
f 524//155 525//155 507//155
f 525//155 505//154 507//155
f 526//156 528//157 527//154
f 528//157 529//158 527//154
f 529//158 530//159 527//154
f 530//159 531//160 527//154
f 531//160 532//161 527//154
f 532//161 533//162 527//154
f 533//162 534//163 527//154
f 534//163 535//164 527//154
f 535//164 536//165 527//154
f 536//165 537//166 527//154
f 537//166 538//167 527//154
f 538//167 539//168 527//154
f 539//168 540//169 527//154
f 540//169 541//170 527//154
f 541//170 542//171 527//154
f 542//171 543//172 527//154
f 543//172 544//173 527//154
f 544//173 545//174 527//154
f 545//174 546//175 527//154
f 527//154 546//175 526//156
f 547//176 548//177 549//178
f 547//176 549//178 550//179
f 548//177 551//180 552//181
f 548//177 552//181 549//178
f 551//180 553//182 554//183
f 551//180 554//183 552//181
f 553//182 555//184 556//185
f 553//182 556//185 554//183
f 555//184 557//186 558//187
f 555//184 558//187 556//185
f 557//186 559//188 560//189
f 557//186 560//189 558//187
f 559//188 561//190 562//191
f 559//188 562//191 560//189
f 561//190 563//192 564//193
f 561//190 564//193 562//191
f 563//192 565//194 566//195
f 563//192 566//195 564//193
f 565//194 567//196 568//197
f 565//194 568//197 566//195
f 567//196 569//198 570//199
f 567//196 570//199 568//197
f 569//198 571//200 572//201
f 569//198 572//201 570//199
f 571//200 573//202 574//203
f 571//200 574//203 572//201
f 573//202 575//204 576//205
f 573//202 576//205 574//203
f 575//204 577//206 578//207
f 575//204 578//207 576//205
f 577//206 579//208 580//209
f 577//206 580//209 578//207
f 579//208 581//210 582//211
f 579//208 582//211 580//209
f 581//210 583//212 584//213
f 581//210 584//213 582//211
f 583//212 585//214 586//215
f 583//212 586//215 584//213
f 585//214 587//216 588//217
f 585//214 588//217 586//215
f 589//218 24//3 22//2
f 589//218 590//219 24//3
f 591//220 590//219 589//218
f 591//220 592//221 590//219
f 593//222 594//223 595//224
f 593//222 595//224 596//225
f 597//226 593//222 596//225
f 597//226 596//225 598//227
f 547//176 599//228 600//229
f 547//176 600//229 548//177
f 599//228 597//226 598//227
f 599//228 598//227 600//229
f 590//219 25//4 24//3
f 590//219 601//230 25//4
f 592//221 601//230 590//219
f 592//221 602//231 601//230
f 596//225 595//224 603//232
f 596//225 603//232 604//233
f 598//227 596//225 604//233
f 598//227 604//233 605//234
f 548//177 600//229 606//235
f 548//177 606//235 551//180
f 600//229 598//227 605//234
f 600//229 605//234 606//235
f 601//230 26//5 25//4
f 601//230 607//236 26//5
f 602//231 607//236 601//230
f 602//231 608//237 607//236
f 604//233 603//232 609//238
f 604//233 609//238 610//239
f 605//234 604//233 610//239
f 605//234 610//239 611//240
f 551//180 606//235 612//241
f 551//180 612//241 553//182
f 606//235 605//234 611//240
f 606//235 611//240 612//241
f 607//236 27//6 26//5
f 607//236 613//242 27//6
f 608//237 613//242 607//236
f 608//237 614//243 613//242
f 610//239 609//238 615//244
f 610//239 615//244 616//245
f 611//240 610//239 616//245
f 611//240 616//245 617//246
f 553//182 612//241 618//247
f 553//182 618//247 555//184
f 612//241 611//240 617//246
f 612//241 617//246 618//247
f 613//242 28//7 27//6
f 613//242 619//248 28//7
f 614//243 619//248 613//242
f 614//243 620//249 619//248
f 616//245 615//244 621//250
f 616//245 621//250 622//251
f 617//246 616//245 622//251
f 617//246 622//251 623//252
f 555//184 618//247 624//253
f 555//184 624//253 557//186
f 618//247 617//246 623//252
f 618//247 623//252 624//253
f 619//248 29//8 28//7
f 619//248 625//254 29//8
f 620//249 625//254 619//248
f 620//249 626//255 625//254
f 622//251 621//250 627//256
f 622//251 627//256 628//257
f 623//252 622//251 628//257
f 623//252 628//257 629//258
f 557//186 624//253 630//259
f 557//186 630//259 559//188
f 624//253 623//252 629//258
f 624//253 629//258 630//259
f 625//254 30//9 29//8
f 625//254 631//260 30//9
f 626//255 631//260 625//254
f 626//255 632//261 631//260
f 628//257 627//256 633//262
f 628//257 633//262 634//263
f 629//258 628//257 634//263
f 629//258 634//263 635//264
f 559//188 630//259 636//265
f 559//188 636//265 561//190
f 630//259 629//258 635//264
f 630//259 635//264 636//265
f 631//260 31//10 30//9
f 631//260 637//266 31//10
f 632//261 637//266 631//260
f 632//261 638//267 637//266
f 634//263 633//262 639//268
f 634//263 639//268 640//269
f 635//264 634//263 640//269
f 635//264 640//269 641//270
f 561//190 636//265 642//271
f 561//190 642//271 563//192
f 636//265 635//264 641//270
f 636//265 641//270 642//271
f 637//266 32//11 31//10
f 637//266 643//272 32//11
f 638//267 643//272 637//266
f 638//267 644//273 643//272
f 640//269 639//268 645//274
f 640//269 645//274 646//275
f 641//270 640//269 646//275
f 641//270 646//275 647//276
f 563//192 642//271 648//277
f 563//192 648//277 565//194
f 642//271 641//270 647//276
f 642//271 647//276 648//277
f 643//272 33//12 32//11
f 643//272 649//278 33//12
f 644//273 649//278 643//272
f 644//273 650//279 649//278
f 646//275 645//274 651//280
f 646//275 651//280 652//281
f 647//276 646//275 652//281
f 647//276 652//281 653//282
f 565//194 648//277 654//283
f 565//194 654//283 567//196
f 648//277 647//276 653//282
f 648//277 653//282 654//283
f 649//278 34//13 33//12
f 649//278 655//284 34//13
f 650//279 655//284 649//278
f 650//279 656//285 655//284
f 652//281 651//280 657//286
f 652//281 657//286 658//287
f 653//282 652//281 658//287
f 653//282 658//287 659//288
f 567//196 654//283 660//289
f 567//196 660//289 569//198
f 654//283 653//282 659//288
f 654//283 659//288 660//289
f 655//284 35//14 34//13
f 655//284 661//290 35//14
f 656//285 661//290 655//284
f 656//285 662//291 661//290
f 658//287 657//286 663//292
f 658//287 663//292 664//293
f 659//288 658//287 664//293
f 659//288 664//293 665//294
f 569//198 660//289 666//295
f 569//198 666//295 571//200
f 660//289 659//288 665//294
f 660//289 665//294 666//295
f 661//290 36//15 35//14
f 661//290 667//296 36//15
f 662//291 667//296 661//290
f 662//291 668//297 667//296
f 664//293 663//292 669//298
f 664//293 669//298 670//299
f 665//294 664//293 670//299
f 665//294 670//299 671//300
f 571//200 666//295 672//301
f 571//200 672//301 573//202
f 666//295 665//294 671//300
f 666//295 671//300 672//301
f 667//296 37//16 36//15
f 667//296 673//302 37//16
f 668//297 673//302 667//296
f 668//297 674//303 673//302
f 670//299 669//298 675//304
f 670//299 675//304 676//305
f 671//300 670//299 676//305
f 671//300 676//305 677//306
f 573//202 672//301 678//307
f 573//202 678//307 575//204
f 672//301 671//300 677//306
f 672//301 677//306 678//307
f 673//302 38//17 37//16
f 673//302 679//308 38//17
f 674//303 679//308 673//302
f 674//303 680//309 679//308
f 676//305 675//304 681//310
f 676//305 681//310 682//311
f 677//306 676//305 682//311
f 677//306 682//311 683//312
f 575//204 678//307 684//313
f 575//204 684//313 577//206
f 678//307 677//306 683//312
f 678//307 683//312 684//313
f 679//308 39//18 38//17
f 679//308 685//314 39//18
f 680//309 685//314 679//308
f 680//309 686//315 685//314
f 682//311 681//310 687//316
f 682//311 687//316 688//317
f 683//312 682//311 688//317
f 683//312 688//317 689//318
f 577//206 684//313 690//319
f 577//206 690//319 579//208
f 684//313 683//312 689//318
f 684//313 689//318 690//319
f 685//314 40//19 39//18
f 685//314 691//320 40//19
f 686//315 691//320 685//314
f 686//315 692//321 691//320
f 688//317 687//316 693//322
f 688//317 693//322 694//323
f 689//318 688//317 694//323
f 689//318 694//323 695//324
f 579//208 690//319 696//325
f 579//208 696//325 581//210
f 690//319 689//318 695//324
f 690//319 695//324 696//325
f 691//320 41//20 40//19
f 691//320 697//326 41//20
f 692//321 697//326 691//320
f 692//321 698//327 697//326
f 694//323 693//322 699//328
f 694//323 699//328 700//329
f 695//324 694//323 700//329
f 695//324 700//329 701//330
f 581//210 696//325 702//331
f 581//210 702//331 583//212
f 696//325 695//324 701//330
f 696//325 701//330 702//331
f 697//326 42//21 41//20
f 697//326 703//332 42//21
f 698//327 703//332 697//326
f 698//327 704//333 703//332
f 700//329 699//328 705//334
f 700//329 705//334 706//335
f 701//330 700//329 706//335
f 701//330 706//335 707//336
f 583//212 702//331 708//337
f 583//212 708//337 585//214
f 702//331 701//330 707//336
f 702//331 707//336 708//337
f 22//2 703//332 589//218
f 22//2 42//21 703//332
f 589//218 704//333 591//220
f 589//218 703//332 704//333
f 709//338 710//339 706//335
f 709//338 706//335 705//334
f 710//339 711//340 707//336
f 710//339 707//336 706//335
f 711//340 712//341 708//337
f 711//340 708//337 707//336
f 712//341 587//216 585//214
f 712//341 585//214 708//337
f 713//342 714//343 715//344
f 713//342 715//344 716//345
f 714//343 717//346 718//347
f 714//343 718//347 715//344
f 717//346 719//348 720//349
f 717//346 720//349 718//347
f 719//348 721//350 722//351
f 719//348 722//351 720//349
f 721//350 723//352 724//353
f 721//350 724//353 722//351
f 723//352 725//354 726//355
f 723//352 726//355 724//353
f 725//354 727//356 728//357
f 725//354 728//357 726//355
f 727//356 729//358 730//359
f 727//356 730//359 728//357
f 729//358 731//360 732//361
f 729//358 732//361 730//359
f 731//360 733//362 734//363
f 731//360 734//363 732//361
f 733//362 735//364 736//365
f 733//362 736//365 734//363
f 735//364 737//366 738//367
f 735//364 738//367 736//365
f 737//366 739//368 740//369
f 737//366 740//369 738//367
f 739//368 741//370 742//371
f 739//368 742//371 740//369
f 741//370 743//372 744//373
f 741//370 744//373 742//371
f 743//372 745//374 746//375
f 743//372 746//375 744//373
f 745//374 747//376 748//377
f 745//374 748//377 746//375
f 747//376 749//378 750//379
f 747//376 750//379 748//377
f 749//378 751//380 752//381
f 749//378 752//381 750//379
f 751//380 753//382 754//383
f 751//380 754//383 752//381
f 755//384 66//27 64//26
f 755//384 756//385 66//27
f 757//386 756//385 755//384
f 757//386 758//387 756//385
f 759//388 760//389 761//390
f 759//388 761//390 762//391
f 763//392 759//388 762//391
f 763//392 762//391 764//393
f 713//342 765//394 766//395
f 713//342 766//395 714//343
f 765//394 763//392 764//393
f 765//394 764//393 766//395
f 756//385 67//28 66//27
f 756//385 767//396 67//28
f 758//387 767//396 756//385
f 758//387 768//397 767//396
f 762//391 761//390 769//398
f 762//391 769//398 770//399
f 764//393 762//391 770//399
f 764//393 770//399 771//400
f 714//343 766//395 772//401
f 714//343 772//401 717//346
f 766//395 764//393 771//400
f 766//395 771//400 772//401
f 767//396 68//29 67//28
f 767//396 773//402 68//29
f 768//397 773//402 767//396
f 768//397 774//403 773//402
f 770//399 769//398 775//404
f 770//399 775//404 776//405
f 771//400 770//399 776//405
f 771//400 776//405 777//406
f 717//346 772//401 778//407
f 717//346 778//407 719//348
f 772//401 771//400 777//406
f 772//401 777//406 778//407
f 773//402 69//30 68//29
f 773//402 779//408 69//30
f 774//403 779//408 773//402
f 774//403 780//409 779//408
f 776//405 775//404 781//410
f 776//405 781//410 782//411
f 777//406 776//405 782//411
f 777//406 782//411 783//412
f 719//348 778//407 784//413
f 719//348 784//413 721//350
f 778//407 777//406 783//412
f 778//407 783//412 784//413
f 779//408 70//31 69//30
f 779//408 785//414 70//31
f 780//409 785//414 779//408
f 780//409 786//415 785//414
f 782//411 781//410 787//416
f 782//411 787//416 788//417
f 783//412 782//411 788//417
f 783//412 788//417 789//418
f 721//350 784//413 790//419
f 721//350 790//419 723//352
f 784//413 783//412 789//418
f 784//413 789//418 790//419
f 785//414 71//32 70//31
f 785//414 791//420 71//32
f 786//415 791//420 785//414
f 786//415 792//421 791//420
f 788//417 787//416 793//422
f 788//417 793//422 794//423
f 789//418 788//417 794//423
f 789//418 794//423 795//424
f 723//352 790//419 796//425
f 723//352 796//425 725//354
f 790//419 789//418 795//424
f 790//419 795//424 796//425
f 791//420 72//33 71//32
f 791//420 797//426 72//33
f 792//421 797//426 791//420
f 792//421 798//427 797//426
f 794//423 793//422 799//428
f 794//423 799//428 800//429
f 795//424 794//423 800//429
f 795//424 800//429 801//430
f 725//354 796//425 802//431
f 725//354 802//431 727//356
f 796//425 795//424 801//430
f 796//425 801//430 802//431
f 797//426 73//34 72//33
f 797//426 803//432 73//34
f 798//427 803//432 797//426
f 798//427 804//433 803//432
f 800//429 799//428 805//434
f 800//429 805//434 806//435
f 801//430 800//429 806//435
f 801//430 806//435 807//436
f 727//356 802//431 808//437
f 727//356 808//437 729//358
f 802//431 801//430 807//436
f 802//431 807//436 808//437
f 803//432 74//35 73//34
f 803//432 809//438 74//35
f 804//433 809//438 803//432
f 804//433 810//439 809//438
f 806//435 805//434 811//440
f 806//435 811//440 812//441
f 807//436 806//435 812//441
f 807//436 812//441 813//442
f 729//358 808//437 814//443
f 729//358 814//443 731//360
f 808//437 807//436 813//442
f 808//437 813//442 814//443
f 809//438 75//36 74//35
f 809//438 815//444 75//36
f 810//439 815//444 809//438
f 810//439 816//445 815//444
f 812//441 811//440 817//446
f 812//441 817//446 818//447
f 813//442 812//441 818//447
f 813//442 818//447 819//448
f 731//360 814//443 820//449
f 731//360 820//449 733//362
f 814//443 813//442 819//448
f 814//443 819//448 820//449
f 815//444 76//37 75//36
f 815//444 821//450 76//37
f 816//445 821//450 815//444
f 816//445 822//451 821//450
f 818//447 817//446 823//452
f 818//447 823//452 824//453
f 819//448 818//447 824//453
f 819//448 824//453 825//454
f 733//362 820//449 826//455
f 733//362 826//455 735//364
f 820//449 819//448 825//454
f 820//449 825//454 826//455
f 821//450 77//38 76//37
f 821//450 827//456 77//38
f 822//451 827//456 821//450
f 822//451 828//457 827//456
f 824//453 823//452 829//458
f 824//453 829//458 830//459
f 825//454 824//453 830//459
f 825//454 830//459 831//460
f 735//364 826//455 832//461
f 735//364 832//461 737//366
f 826//455 825//454 831//460
f 826//455 831//460 832//461
f 827//456 78//39 77//38
f 827//456 833//462 78//39
f 828//457 833//462 827//456
f 828//457 834//463 833//462
f 830//459 829//458 835//464
f 830//459 835//464 836//465
f 831//460 830//459 836//465
f 831//460 836//465 837//466
f 737//366 832//461 838//467
f 737//366 838//467 739//368
f 832//461 831//460 837//466
f 832//461 837//466 838//467
f 833//462 79//40 78//39
f 833//462 839//468 79//40
f 834//463 839//468 833//462
f 834//463 840//469 839//468
f 836//465 835//464 841//470
f 836//465 841//470 842//471
f 837//466 836//465 842//471
f 837//466 842//471 843//472
f 739//368 838//467 844//473
f 739//368 844//473 741//370
f 838//467 837//466 843//472
f 838//467 843//472 844//473
f 839//468 80//41 79//40
f 839//468 845//474 80//41
f 840//469 845//474 839//468
f 840//469 846//475 845//474
f 842//471 841//470 847//476
f 842//471 847//476 848//477
f 843//472 842//471 848//477
f 843//472 848//477 849//478
f 741//370 844//473 850//479
f 741//370 850//479 743//372
f 844//473 843//472 849//478
f 844//473 849//478 850//479
f 845//474 81//42 80//41
f 845//474 851//480 81//42
f 846//475 851//480 845//474
f 846//475 852//481 851//480
f 848//477 847//476 853//482
f 848//477 853//482 854//483
f 849//478 848//477 854//483
f 849//478 854//483 855//484
f 743//372 850//479 856//485
f 743//372 856//485 745//374
f 850//479 849//478 855//484
f 850//479 855//484 856//485
f 851//480 82//43 81//42
f 851//480 857//486 82//43
f 852//481 857//486 851//480
f 852//481 858//487 857//486
f 854//483 853//482 859//488
f 854//483 859//488 860//489
f 855//484 854//483 860//489
f 855//484 860//489 861//490
f 745//374 856//485 862//491
f 745//374 862//491 747//376
f 856//485 855//484 861//490
f 856//485 861//490 862//491
f 857//486 83//44 82//43
f 857//486 863//492 83//44
f 858//487 863//492 857//486
f 858//487 864//493 863//492
f 860//489 859//488 865//494
f 860//489 865//494 866//495
f 861//490 860//489 866//495
f 861//490 866//495 867//496
f 747//376 862//491 868//497
f 747//376 868//497 749//378
f 862//491 861//490 867//496
f 862//491 867//496 868//497
f 863//492 84//45 83//44
f 863//492 869//498 84//45
f 864//493 869//498 863//492
f 864//493 870//499 869//498
f 866//495 865//494 871//500
f 866//495 871//500 872//501
f 867//496 866//495 872//501
f 867//496 872//501 873//502
f 749//378 868//497 874//503
f 749//378 874//503 751//380
f 868//497 867//496 873//502
f 868//497 873//502 874//503
f 64//26 869//498 755//384
f 64//26 84//45 869//498
f 755//384 870//499 757//386
f 755//384 869//498 870//499
f 875//504 876//505 872//501
f 875//504 872//501 871//500
f 876//505 877//506 873//502
f 876//505 873//502 872//501
f 877//506 878//507 874//503
f 877//506 874//503 873//502
f 878//507 753//382 751//380
f 878//507 751//380 874//503
f 879//508 880//509 881//510
f 879//508 881//510 882//179
f 880//509 883//511 884//181
f 880//509 884//181 881//510
f 883//511 885//182 886//512
f 883//511 886//512 884//181
f 885//182 887//184 888//185
f 885//182 888//185 886//512
f 887//184 889//186 890//187
f 887//184 890//187 888//185
f 889//186 891//188 892//189
f 889//186 892//189 890//187
f 891//188 893//190 894//191
f 891//188 894//191 892//189
f 893//190 895//513 896//193
f 893//190 896//193 894//191
f 895//513 897//194 898//195
f 895//513 898//195 896//193
f 897//194 899//196 900//197
f 897//194 900//197 898//195
f 899//196 901//198 902//199
f 899//196 902//199 900//197
f 901//198 903//200 904//201
f 901//198 904//201 902//199
f 903//200 905//202 906//203
f 903//200 906//203 904//201
f 905//202 907//204 908//205
f 905//202 908//205 906//203
f 907//204 909//514 910//207
f 907//204 910//207 908//205
f 909//514 911//515 912//209
f 909//514 912//209 910//207
f 911//515 913//210 914//516
f 911//515 914//516 912//209
f 913//210 915//212 916//213
f 913//210 916//213 914//516
f 915//212 917//517 918//215
f 915//212 918//215 916//213
f 917//517 919//518 920//217
f 917//517 920//217 918//215
f 921//519 108//47 106//46
f 921//519 922//520 108//47
f 923//220 922//520 921//519
f 923//220 924//221 922//520
f 925//222 926//521 927//522
f 925//222 927//522 928//523
f 929//524 925//222 928//523
f 929//524 928//523 930//525
f 879//508 931//526 932//229
f 879//508 932//229 880//509
f 931//526 929//524 930//525
f 931//526 930//525 932//229
f 922//520 109//48 108//47
f 922//520 933//230 109//48
f 924//221 933//230 922//520
f 924//221 934//527 933//230
f 928//523 927//522 935//528
f 928//523 935//528 936//233
f 930//525 928//523 936//233
f 930//525 936//233 937//529
f 880//509 932//229 938//530
f 880//509 938//530 883//511
f 932//229 930//525 937//529
f 932//229 937//529 938//530
f 933//230 110//49 109//48
f 933//230 939//236 110//49
f 934//527 939//236 933//230
f 934//527 940//531 939//236
f 936//233 935//528 941//238
f 936//233 941//238 942//239
f 937//529 936//233 942//239
f 937//529 942//239 943//532
f 883//511 938//530 944//533
f 883//511 944//533 885//182
f 938//530 937//529 943//532
f 938//530 943//532 944//533
f 939//236 111//6 110//49
f 939//236 945//242 111//6
f 940//531 945//242 939//236
f 940//531 946//534 945//242
f 942//239 941//238 947//244
f 942//239 947//244 948//245
f 943//532 942//239 948//245
f 943//532 948//245 949//535
f 885//182 944//533 950//536
f 885//182 950//536 887//184
f 944//533 943//532 949//535
f 944//533 949//535 950//536
f 945//242 112//7 111//6
f 945//242 951//537 112//7
f 946//534 951//537 945//242
f 946//534 952//249 951//537
f 948//245 947//244 953//250
f 948//245 953//250 954//251
f 949//535 948//245 954//251
f 949//535 954//251 955//538
f 887//184 950//536 956//253
f 887//184 956//253 889//186
f 950//536 949//535 955//538
f 950//536 955//538 956//253
f 951//537 113//50 112//7
f 951//537 957//539 113//50
f 952//249 957//539 951//537
f 952//249 958//540 957//539
f 954//251 953//250 959//256
f 954//251 959//256 960//541
f 955//538 954//251 960//541
f 955//538 960//541 961//542
f 889//186 956//253 962//259
f 889//186 962//259 891//188
f 956//253 955//538 961//542
f 956//253 961//542 962//259
f 957//539 114//51 113//50
f 957//539 963//543 114//51
f 958//540 963//543 957//539
f 958//540 964//261 963//543
f 960//541 959//256 965//262
f 960//541 965//262 966//544
f 961//542 960//541 966//544
f 961//542 966//544 967//264
f 891//188 962//259 968//545
f 891//188 968//545 893//190
f 962//259 961//542 967//264
f 962//259 967//264 968//545
f 963//543 115//52 114//51
f 963//543 969//546 115//52
f 964//261 969//546 963//543
f 964//261 970//547 969//546
f 966//544 965//262 971//268
f 966//544 971//268 972//269
f 967//264 966//544 972//269
f 967//264 972//269 973//548
f 893//190 968//545 974//549
f 893//190 974//549 895//513
f 968//545 967//264 973//548
f 968//545 973//548 974//549
f 969//546 116//53 115//52
f 969//546 975//550 116//53
f 970//547 975//550 969//546
f 970//547 976//551 975//550
f 972//269 971//268 977//274
f 972//269 977//274 978//275
f 973//548 972//269 978//275
f 973//548 978//275 979//276
f 895//513 974//549 980//552
f 895//513 980//552 897//194
f 974//549 973//548 979//276
f 974//549 979//276 980//552
f 975//550 117//12 116//53
f 975//550 981//278 117//12
f 976//551 981//278 975//550
f 976//551 982//553 981//278
f 978//275 977//274 983//280
f 978//275 983//280 984//281
f 979//276 978//275 984//281
f 979//276 984//281 985//554
f 897//194 980//552 986//555
f 897//194 986//555 899//196
f 980//552 979//276 985//554
f 980//552 985//554 986//555
f 981//278 118//54 117//12
f 981//278 987//556 118//54
f 982//553 987//556 981//278
f 982//553 988//557 987//556
f 984//281 983//280 989//558
f 984//281 989//558 990//559
f 985//554 984//281 990//559
f 985//554 990//559 991//288
f 899//196 986//555 992//560
f 899//196 992//560 901//198
f 986//555 985//554 991//288
f 986//555 991//288 992//560
f 987//556 119//55 118//54
f 987//556 993//290 119//55
f 988//557 993//290 987//556
f 988//557 994//291 993//290
f 990//559 989//558 995//561
f 990//559 995//561 996//293
f 991//288 990//559 996//293
f 991//288 996//293 997//562
f 901//198 992//560 998//295
f 901//198 998//295 903//200
f 992//560 991//288 997//562
f 992//560 997//562 998//295
f 993//290 120//15 119//55
f 993//290 999//563 120//15
f 994//291 999//563 993//290
f 994//291 1000//564 999//563
f 996//293 995//561 1001//298
f 996//293 1001//298 1002//299
f 997//562 996//293 1002//299
f 997//562 1002//299 1003//300
f 903//200 998//295 1004//301
f 903//200 1004//301 905//202
f 998//295 997//562 1003//300
f 998//295 1003//300 1004//301
f 999//563 121//56 120//15
f 999//563 1005//302 121//56
f 1000//564 1005//302 999//563
f 1000//564 1006//565 1005//302
f 1002//299 1001//298 1007//566
f 1002//299 1007//566 1008//305
f 1003//300 1002//299 1008//305
f 1003//300 1008//305 1009//306
f 905//202 1004//301 1010//307
f 905//202 1010//307 907//204
f 1004//301 1003//300 1009//306
f 1004//301 1009//306 1010//307
f 1005//302 122//57 121//56
f 1005//302 1011//567 122//57
f 1006//565 1011//567 1005//302
f 1006//565 1012//309 1011//567
f 1008//305 1007//566 1013//310
f 1008//305 1013//310 1014//311
f 1009//306 1008//305 1014//311
f 1009//306 1014//311 1015//568
f 907//204 1010//307 1016//569
f 907//204 1016//569 909//514
f 1010//307 1009//306 1015//568
f 1010//307 1015//568 1016//569
f 1011//567 123//58 122//57
f 1011//567 1017//314 123//58
f 1012//309 1017//314 1011//567
f 1012//309 1018//570 1017//314
f 1014//311 1013//310 1019//316
f 1014//311 1019//316 1020//571
f 1015//568 1014//311 1020//571
f 1015//568 1020//571 1021//572
f 909//514 1016//569 1022//573
f 909//514 1022//573 911//515
f 1016//569 1015//568 1021//572
f 1016//569 1021//572 1022//573
f 1017//314 124//59 123//58
f 1017//314 1023//574 124//59
f 1018//570 1023//574 1017//314
f 1018//570 1024//575 1023//574
f 1020//571 1019//316 1025//576
f 1020//571 1025//576 1026//577
f 1021//572 1020//571 1026//577
f 1021//572 1026//577 1027//324
f 911//515 1022//573 1028//325
f 911//515 1028//325 913//210
f 1022//573 1021//572 1027//324
f 1022//573 1027//324 1028//325
f 1023//574 125//60 124//59
f 1023//574 1029//578 125//60
f 1024//575 1029//578 1023//574
f 1024//575 1030//327 1029//578
f 1026//577 1025//576 1031//328
f 1026//577 1031//328 1032//579
f 1027//324 1026//577 1032//579
f 1027//324 1032//579 1033//580
f 913//210 1028//325 1034//331
f 913//210 1034//331 915//212
f 1028//325 1027//324 1033//580
f 1028//325 1033//580 1034//331
f 1029//578 126//61 125//60
f 1029//578 1035//581 126//61
f 1030//327 1035//581 1029//578
f 1030//327 1036//582 1035//581
f 1032//579 1031//328 1037//334
f 1032//579 1037//334 1038//583
f 1033//580 1032//579 1038//583
f 1033//580 1038//583 1039//584
f 915//212 1034//331 1040//337
f 915//212 1040//337 917//517
f 1034//331 1033//580 1039//584
f 1034//331 1039//584 1040//337
f 106//46 1035//581 921//519
f 106//46 126//61 1035//581
f 921//519 1036//582 923//220
f 921//519 1035//581 1036//582
f 1041//585 1042//339 1038//583
f 1041//585 1038//583 1037//334
f 1042//339 1043//586 1039//584
f 1042//339 1039//584 1038//583
f 1043//586 1044//587 1040//337
f 1043//586 1040//337 1039//584
f 1044//587 919//518 917//517
f 1044//587 917//517 1040//337
f 1045//176 1046//509 1047//510
f 1045//176 1047//510 1048//179
f 1046//509 1049//511 1050//181
f 1046//509 1050//181 1047//510
f 1049//511 1051//182 1052//512
f 1049//511 1052//512 1050//181
f 1051//182 1053//184 1054//185
f 1051//182 1054//185 1052//512
f 1053//184 1055//186 1056//187
f 1053//184 1056//187 1054//185
f 1055//186 1057//188 1058//189
f 1055//186 1058//189 1056//187
f 1057//188 1059//190 1060//191
f 1057//188 1060//191 1058//189
f 1059//190 1061//513 1062//193
f 1059//190 1062//193 1060//191
f 1061//513 1063//194 1064//195
f 1061//513 1064//195 1062//193
f 1063//194 1065//196 1066//197
f 1063//194 1066//197 1064//195
f 1065//196 1067//198 1068//199
f 1065//196 1068//199 1066//197
f 1067//198 1069//200 1070//201
f 1067//198 1070//201 1068//199
f 1069//200 1071//202 1072//203
f 1069//200 1072//203 1070//201
f 1071//202 1073//204 1074//205
f 1071//202 1074//205 1072//203
f 1073//204 1075//514 1076//207
f 1073//204 1076//207 1074//205
f 1075//514 1077//515 1078//209
f 1075//514 1078//209 1076//207
f 1077//515 1079//210 1080//516
f 1077//515 1080//516 1078//209
f 1079//210 1081//212 1082//213
f 1079//210 1082//213 1080//516
f 1081//212 1083//517 1084//215
f 1081//212 1084//215 1082//213
f 1083//517 1085//518 1086//217
f 1083//517 1086//217 1084//215
f 1087//519 150//62 148//46
f 1087//519 1088//520 150//62
f 1089//220 1088//520 1087//519
f 1089//220 1090//588 1088//520
f 1091//222 1092//589 1093//522
f 1091//222 1093//522 1094//523
f 1095//524 1091//222 1094//523
f 1095//524 1094//523 1096//590
f 1045//176 1097//526 1098//229
f 1045//176 1098//229 1046//509
f 1097//526 1095//524 1096//590
f 1097//526 1096//590 1098//229
f 1088//520 151//48 150//62
f 1088//520 1099//230 151//48
f 1090//588 1099//230 1088//520
f 1090//588 1100//527 1099//230
f 1094//523 1093//522 1101//232
f 1094//523 1101//232 1102//233
f 1096//590 1094//523 1102//233
f 1096//590 1102//233 1103//234
f 1046//509 1098//229 1104//591
f 1046//509 1104//591 1049//511
f 1098//229 1096//590 1103//234
f 1098//229 1103//234 1104//591
f 1099//230 152//49 151//48
f 1099//230 1105//236 152//49
f 1100//527 1105//236 1099//230
f 1100//527 1106//531 1105//236
f 1102//233 1101//232 1107//238
f 1102//233 1107//238 1108//239
f 1103//234 1102//233 1108//239
f 1103//234 1108//239 1109//592
f 1049//511 1104//591 1110//533
f 1049//511 1110//533 1051//182
f 1104//591 1103//234 1109//592
f 1104//591 1109//592 1110//533
f 1105//236 153//6 152//49
f 1105//236 1111//242 153//6
f 1106//531 1111//242 1105//236
f 1106//531 1112//534 1111//242
f 1108//239 1107//238 1113//244
f 1108//239 1113//244 1114//245
f 1109//592 1108//239 1114//245
f 1109//592 1114//245 1115//535
f 1051//182 1110//533 1116//536
f 1051//182 1116//536 1053//184
f 1110//533 1109//592 1115//535
f 1110//533 1115//535 1116//536
f 1111//242 154//7 153//6
f 1111//242 1117//537 154//7
f 1112//534 1117//537 1111//242
f 1112//534 1118//249 1117//537
f 1114//245 1113//244 1119//250
f 1114//245 1119//250 1120//251
f 1115//535 1114//245 1120//251
f 1115//535 1120//251 1121//252
f 1053//184 1116//536 1122//253
f 1053//184 1122//253 1055//186
f 1116//536 1115//535 1121//252
f 1116//536 1121//252 1122//253
f 1117//537 155//50 154//7
f 1117//537 1123//593 155//50
f 1118//249 1123//593 1117//537
f 1118//249 1124//540 1123//593
f 1120//251 1119//250 1125//594
f 1120//251 1125//594 1126//541
f 1121//252 1120//251 1126//541
f 1121//252 1126//541 1127//542
f 1055//186 1122//253 1128//259
f 1055//186 1128//259 1057//188
f 1122//253 1121//252 1127//542
f 1122//253 1127//542 1128//259
f 1123//593 156//51 155//50
f 1123//593 1129//595 156//51
f 1124//540 1129//595 1123//593
f 1124//540 1130//261 1129//595
f 1126//541 1125//594 1131//262
f 1126//541 1131//262 1132//544
f 1127//542 1126//541 1132//544
f 1127//542 1132//544 1133//264
f 1057//188 1128//259 1134//596
f 1057//188 1134//596 1059//190
f 1128//259 1127//542 1133//264
f 1128//259 1133//264 1134//596
f 1129//595 157//52 156//51
f 1129//595 1135//266 157//52
f 1130//261 1135//266 1129//595
f 1130//261 1136//547 1135//266
f 1132//544 1131//262 1137//268
f 1132//544 1137//268 1138//269
f 1133//264 1132//544 1138//269
f 1133//264 1138//269 1139//548
f 1059//190 1134//596 1140//597
f 1059//190 1140//597 1061//513
f 1134//596 1133//264 1139//548
f 1134//596 1139//548 1140//597
f 1135//266 158//53 157//52
f 1135//266 1141//550 158//53
f 1136//547 1141//550 1135//266
f 1136//547 1142//551 1141//550
f 1138//269 1137//268 1143//274
f 1138//269 1143//274 1144//275
f 1139//548 1138//269 1144//275
f 1139//548 1144//275 1145//276
f 1061//513 1140//597 1146//598
f 1061//513 1146//598 1063//194
f 1140//597 1139//548 1145//276
f 1140//597 1145//276 1146//598
f 1141//550 159//12 158//53
f 1141//550 1147//278 159//12
f 1142//551 1147//278 1141//550
f 1142//551 1148//553 1147//278
f 1144//275 1143//274 1149//280
f 1144//275 1149//280 1150//281
f 1145//276 1144//275 1150//281
f 1145//276 1150//281 1151//554
f 1063//194 1146//598 1152//599
f 1063//194 1152//599 1065//196
f 1146//598 1145//276 1151//554
f 1146//598 1151//554 1152//599
f 1147//278 160//54 159//12
f 1147//278 1153//284 160//54
f 1148//553 1153//284 1147//278
f 1148//553 1154//285 1153//284
f 1150//281 1149//280 1155//558
f 1150//281 1155//558 1156//559
f 1151//554 1150//281 1156//559
f 1151//554 1156//559 1157//288
f 1065//196 1152//599 1158//560
f 1065//196 1158//560 1067//198
f 1152//599 1151//554 1157//288
f 1152//599 1157//288 1158//560
f 1153//284 161//55 160//54
f 1153//284 1159//600 161//55
f 1154//285 1159//600 1153//284
f 1154//285 1160//291 1159//600
f 1156//559 1155//558 1161//561
f 1156//559 1161//561 1162//601
f 1157//288 1156//559 1162//601
f 1157//288 1162//601 1163//562
f 1067//198 1158//560 1164//295
f 1067//198 1164//295 1069//200
f 1158//560 1157//288 1163//562
f 1158//560 1163//562 1164//295
f 1159//600 162//63 161//55
f 1159//600 1165//563 162//63
f 1160//291 1165//563 1159//600
f 1160//291 1166//564 1165//563
f 1162//601 1161//561 1167//298
f 1162//601 1167//298 1168//299
f 1163//562 1162//601 1168//299
f 1163//562 1168//299 1169//300
f 1069//200 1164//295 1170//301
f 1069//200 1170//301 1071//202
f 1164//295 1163//562 1169//300
f 1164//295 1169//300 1170//301
f 1165//563 163//56 162//63
f 1165//563 1171//302 163//56
f 1166//564 1171//302 1165//563
f 1166//564 1172//565 1171//302
f 1168//299 1167//298 1173//566
f 1168//299 1173//566 1174//305
f 1169//300 1168//299 1174//305
f 1169//300 1174//305 1175//602
f 1071//202 1170//301 1176//603
f 1071//202 1176//603 1073//204
f 1170//301 1169//300 1175//602
f 1170//301 1175//602 1176//603
f 1171//302 164//64 163//56
f 1171//302 1177//604 164//64
f 1172//565 1177//604 1171//302
f 1172//565 1178//309 1177//604
f 1174//305 1173//566 1179//310
f 1174//305 1179//310 1180//311
f 1175//602 1174//305 1180//311
f 1175//602 1180//311 1181//568
f 1073//204 1176//603 1182//569
f 1073//204 1182//569 1075//514
f 1176//603 1175//602 1181//568
f 1176//603 1181//568 1182//569
f 1177//604 165//58 164//64
f 1177//604 1183//314 165//58
f 1178//309 1183//314 1177//604
f 1178//309 1184//570 1183//314
f 1180//311 1179//310 1185//316
f 1180//311 1185//316 1186//571
f 1181//568 1180//311 1186//571
f 1181//568 1186//571 1187//605
f 1075//514 1182//569 1188//573
f 1075//514 1188//573 1077//515
f 1182//569 1181//568 1187//605
f 1182//569 1187//605 1188//573
f 1183//314 166//59 165//58
f 1183//314 1189//574 166//59
f 1184//570 1189//574 1183//314
f 1184//570 1190//575 1189//574
f 1186//571 1185//316 1191//606
f 1186//571 1191//606 1192//577
f 1187//605 1186//571 1192//577
f 1187//605 1192//577 1193//324
f 1077//515 1188//573 1194//325
f 1077//515 1194//325 1079//210
f 1188//573 1187//605 1193//324
f 1188//573 1193//324 1194//325
f 1189//574 167//60 166//59
f 1189//574 1195//578 167//60
f 1190//575 1195//578 1189//574
f 1190//575 1196//327 1195//578
f 1192//577 1191//606 1197//328
f 1192//577 1197//328 1198//329
f 1193//324 1192//577 1198//329
f 1193//324 1198//329 1199//580
f 1079//210 1194//325 1200//607
f 1079//210 1200//607 1081//212
f 1194//325 1193//324 1199//580
f 1194//325 1199//580 1200//607
f 1195//578 168//61 167//60
f 1195//578 1201//332 168//61
f 1196//327 1201//332 1195//578
f 1196//327 1202//582 1201//332
f 1198//329 1197//328 1203//334
f 1198//329 1203//334 1204//583
f 1199//580 1198//329 1204//583
f 1199//580 1204//583 1205//584
f 1081//212 1200//607 1206//337
f 1081//212 1206//337 1083//517
f 1200//607 1199//580 1205//584
f 1200//607 1205//584 1206//337
f 148//46 1201//332 1087//519
f 148//46 168//61 1201//332
f 1087//519 1202//582 1089//220
f 1087//519 1201//332 1202//582
f 1207//585 1208//339 1204//583
f 1207//585 1204//583 1203//334
f 1208//339 1209//586 1205//584
f 1208//339 1205//584 1204//583
f 1209//586 1210//587 1206//337
f 1209//586 1206//337 1205//584
f 1210//587 1085//518 1083//517
f 1210//587 1083//517 1206//337
f 1211//508 1212//177 1213//178
f 1211//508 1213//178 1214//608
f 1212//177 1215//609 1216//181
f 1212//177 1216//181 1213//178
f 1215//609 1217//182 1218//183
f 1215//609 1218//183 1216//181
f 1217//182 1219//184 1220//185
f 1217//182 1220//185 1218//183
f 1219//184 1221//186 1222//187
f 1219//184 1222//187 1220//185
f 1221//186 1223//188 1224//189
f 1221//186 1224//189 1222//187
f 1223//188 1225//190 1226//191
f 1223//188 1226//191 1224//189
f 1225//190 1227//192 1228//193
f 1225//190 1228//193 1226//191
f 1227//192 1229//194 1230//195
f 1227//192 1230//195 1228//193
f 1229//194 1231//610 1232//197
f 1229//194 1232//197 1230//195
f 1231//610 1233//611 1234//199
f 1231//610 1234//199 1232//197
f 1233//611 1235//200 1236//612
f 1233//611 1236//612 1234//199
f 1235//200 1237//202 1238//203
f 1235//200 1238//203 1236//612
f 1237//202 1239//204 1240//205
f 1237//202 1240//205 1238//203
f 1239//204 1241//206 1242//207
f 1239//204 1242//207 1240//205
f 1241//206 1243//613 1244//614
f 1241//206 1244//614 1242//207
f 1243//613 1245//210 1246//211
f 1243//613 1246//211 1244//614
f 1245//210 1247//615 1248//616
f 1245//210 1248//616 1246//211
f 1247//615 1249//517 1250//215
f 1247//615 1250//215 1248//616
f 1249//517 1251//216 1252//217
f 1249//517 1252//217 1250//215
f 1253//617 192//66 190//65
f 1253//617 1254//219 192//66
f 1255//618 1254//219 1253//617
f 1255//618 1256//619 1254//219
f 1257//620 1258//521 1259//522
f 1257//620 1259//522 1260//225
f 1261//226 1257//620 1260//225
f 1261//226 1260//225 1262//227
f 1211//508 1263//228 1264//621
f 1211//508 1264//621 1212//177
f 1263//228 1261//226 1262//227
f 1263//228 1262//227 1264//621
f 1254//219 193//67 192//66
f 1254//219 1265//230 193//67
f 1256//619 1265//230 1254//219
f 1256//619 1266//622 1265//230
f 1260//225 1259//522 1267//623
f 1260//225 1267//623 1268//233
f 1262//227 1260//225 1268//233
f 1262//227 1268//233 1269//234
f 1212//177 1264//621 1270//591
f 1212//177 1270//591 1215//609
f 1264//621 1262//227 1269//234
f 1264//621 1269//234 1270//591
f 1265//230 194//49 193//67
f 1265//230 1271//236 194//49
f 1266//622 1271//236 1265//230
f 1266//622 1272//237 1271//236
f 1268//233 1267//623 1273//238
f 1268//233 1273//238 1274//239
f 1269//234 1268//233 1274//239
f 1269//234 1274//239 1275//624
f 1215//609 1270//591 1276//241
f 1215//609 1276//241 1217//182
f 1270//591 1269//234 1275//624
f 1270//591 1275//624 1276//241
f 1271//236 195//6 194//49
f 1271//236 1277//242 195//6
f 1272//237 1277//242 1271//236
f 1272//237 1278//625 1277//242
f 1274//239 1273//238 1279//626
f 1274//239 1279//626 1280//245
f 1275//624 1274//239 1280//245
f 1275//624 1280//245 1281//627
f 1217//182 1276//241 1282//536
f 1217//182 1282//536 1219//184
f 1276//241 1275//624 1281//627
f 1276//241 1281//627 1282//536
f 1277//242 196//7 195//6
f 1277//242 1283//628 196//7
f 1278//625 1283//628 1277//242
f 1278//625 1284//629 1283//628
f 1280//245 1279//626 1285//630
f 1280//245 1285//630 1286//251
f 1281//627 1280//245 1286//251
f 1281//627 1286//251 1287//631
f 1219//184 1282//536 1288//253
f 1219//184 1288//253 1221//186
f 1282//536 1281//627 1287//631
f 1282//536 1287//631 1288//253
f 1283//628 197//50 196//7
f 1283//628 1289//254 197//50
f 1284//629 1289//254 1283//628
f 1284//629 1290//540 1289//254
f 1286//251 1285//630 1291//594
f 1286//251 1291//594 1292//632
f 1287//631 1286//251 1292//632
f 1287//631 1292//632 1293//633
f 1221//186 1288//253 1294//634
f 1221//186 1294//634 1223//188
f 1288//253 1287//631 1293//633
f 1288//253 1293//633 1294//634
f 1289//254 198//51 197//50
f 1289//254 1295//543 198//51
f 1290//540 1295//543 1289//254
f 1290//540 1296//635 1295//543
f 1292//632 1291//594 1297//262
f 1292//632 1297//262 1298//263
f 1293//633 1292//632 1298//263
f 1293//633 1298//263 1299//636
f 1223//188 1294//634 1300//545
f 1223//188 1300//545 1225//190
f 1294//634 1293//633 1299//636
f 1294//634 1299//636 1300//545
f 1295//543 199//68 198//51
f 1295//543 1301//266 199//68
f 1296//635 1301//266 1295//543
f 1296//635 1302//637 1301//266
f 1298//263 1297//262 1303//268
f 1298//263 1303//268 1304//269
f 1299//636 1298//263 1304//269
f 1299//636 1304//269 1305//638
f 1225//190 1300//545 1306//271
f 1225//190 1306//271 1227//192
f 1300//545 1299//636 1305//638
f 1300//545 1305//638 1306//271
f 1301//266 200//11 199//68
f 1301//266 1307//272 200//11
f 1302//637 1307//272 1301//266
f 1302//637 1308//273 1307//272
f 1304//269 1303//268 1309//274
f 1304//269 1309//274 1310//275
f 1305//638 1304//269 1310//275
f 1305//638 1310//275 1311//639
f 1227//192 1306//271 1312//277
f 1227//192 1312//277 1229//194
f 1306//271 1305//638 1311//639
f 1306//271 1311//639 1312//277
f 1307//272 201//69 200//11
f 1307//272 1313//640 201//69
f 1308//273 1313//640 1307//272
f 1308//273 1314//641 1313//640
f 1310//275 1309//274 1315//280
f 1310//275 1315//280 1316//281
f 1311//639 1310//275 1316//281
f 1311//639 1316//281 1317//642
f 1229//194 1312//277 1318//643
f 1229//194 1318//643 1231//610
f 1312//277 1311//639 1317//642
f 1312//277 1317//642 1318//643
f 1313//640 202//13 201//69
f 1313//640 1319//284 202//13
f 1314//641 1319//284 1313//640
f 1314//641 1320//644 1319//284
f 1316//281 1315//280 1321//286
f 1316//281 1321//286 1322//559
f 1317//642 1316//281 1322//559
f 1317//642 1322//559 1323//288
f 1231//610 1318//643 1324//645
f 1231//610 1324//645 1233//611
f 1318//643 1317//642 1323//288
f 1318//643 1323//288 1324//645
f 1319//284 203//70 202//13
f 1319//284 1325//646 203//70
f 1320//644 1325//646 1319//284
f 1320//644 1326//291 1325//646
f 1322//559 1321//286 1327//561
f 1322//559 1327//561 1328//647
f 1323//288 1322//559 1328//647
f 1323//288 1328//647 1329//294
f 1233//611 1324//645 1330//295
f 1233//611 1330//295 1235//200
f 1324//645 1323//288 1329//294
f 1324//645 1329//294 1330//295
f 1325//646 204//71 203//70
f 1325//646 1331//563 204//71
f 1326//291 1331//563 1325//646
f 1326//291 1332//648 1331//563
f 1328//647 1327//561 1333//649
f 1328//647 1333//649 1334//299
f 1329//294 1328//647 1334//299
f 1329//294 1334//299 1335//650
f 1235//200 1330//295 1336//651
f 1235//200 1336//651 1237//202
f 1330//295 1329//294 1335//650
f 1330//295 1335//650 1336//651
f 1331//563 205//16 204//71
f 1331//563 1337//302 205//16
f 1332//648 1337//302 1331//563
f 1332//648 1338//652 1337//302
f 1334//299 1333//649 1339//653
f 1334//299 1339//653 1340//305
f 1335//650 1334//299 1340//305
f 1335//650 1340//305 1341//654
f 1237//202 1336//651 1342//603
f 1237//202 1342//603 1239//204
f 1336//651 1335//650 1341//654
f 1336//651 1341//654 1342//603
f 1337//302 206//17 205//16
f 1337//302 1343//655 206//17
f 1338//652 1343//655 1337//302
f 1338//652 1344//309 1343//655
f 1340//305 1339//653 1345//656
f 1340//305 1345//656 1346//311
f 1341//654 1340//305 1346//311
f 1341//654 1346//311 1347//312
f 1239//204 1342//603 1348//313
f 1239//204 1348//313 1241//206
f 1342//603 1341//654 1347//312
f 1342//603 1347//312 1348//313
f 1343//655 207//58 206//17
f 1343//655 1349//657 207//58
f 1344//309 1349//657 1343//655
f 1344//309 1350//658 1349//657
f 1346//311 1345//656 1351//316
f 1346//311 1351//316 1352//571
f 1347//312 1346//311 1352//571
f 1347//312 1352//571 1353//318
f 1241//206 1348//313 1354//659
f 1241//206 1354//659 1243//613
f 1348//313 1347//312 1353//318
f 1348//313 1353//318 1354//659
f 1349//657 208//72 207//58
f 1349//657 1355//320 208//72
f 1350//658 1355//320 1349//657
f 1350//658 1356//660 1355//320
f 1352//571 1351//316 1357//322
f 1352//571 1357//322 1358//577
f 1353//318 1352//571 1358//577
f 1353//318 1358//577 1359//324
f 1243//613 1354//659 1360//661
f 1243//613 1360//661 1245//210
f 1354//659 1353//318 1359//324
f 1354//659 1359//324 1360//661
f 1355//320 209//73 208//72
f 1355//320 1361//662 209//73
f 1356//660 1361//662 1355//320
f 1356//660 1362//327 1361//662
f 1358//577 1357//322 1363//328
f 1358//577 1363//328 1364//329
f 1359//324 1358//577 1364//329
f 1359//324 1364//329 1365//580
f 1245//210 1360//661 1366//331
f 1245//210 1366//331 1247//615
f 1360//661 1359//324 1365//580
f 1360//661 1365//580 1366//331
f 1361//662 210//74 209//73
f 1361//662 1367//332 210//74
f 1362//327 1367//332 1361//662
f 1362//327 1368//333 1367//332
f 1364//329 1363//328 1369//334
f 1364//329 1369//334 1370//335
f 1365//580 1364//329 1370//335
f 1365//580 1370//335 1371//336
f 1247//615 1366//331 1372//663
f 1247//615 1372//663 1249//517
f 1366//331 1365//580 1371//336
f 1366//331 1371//336 1372//663
f 190//65 1367//332 1253//617
f 190//65 210//74 1367//332
f 1253//617 1368//333 1255//618
f 1253//617 1367//332 1368//333
f 1373//585 1374//339 1370//335
f 1373//585 1370//335 1369//334
f 1374//339 1375//664 1371//336
f 1374//339 1371//336 1370//335
f 1375//664 1376//341 1372//663
f 1375//664 1372//663 1371//336
f 1376//341 1251//216 1249//517
f 1376//341 1249//517 1372//663
f 1377//665 1378//666 1379//667
f 1377//665 1379//667 1380//668
f 1378//666 1381//669 1382//670
f 1378//666 1382//670 1379//667
f 1381//669 1383//671 1384//672
f 1381//669 1384//672 1382//670
f 1383//671 1385//673 1386//674
f 1383//671 1386//674 1384//672
f 1385//673 1387//675 1388//676
f 1385//673 1388//676 1386//674
f 1387//675 1389//677 1390//678
f 1387//675 1390//678 1388//676
f 1389//677 1391//679 1392//680
f 1389//677 1392//680 1390//678
f 1391//679 1393//681 1394//682
f 1391//679 1394//682 1392//680
f 1393//681 1395//683 1396//684
f 1393//681 1396//684 1394//682
f 1395//683 1397//685 1398//686
f 1395//683 1398//686 1396//684
f 1397//685 1399//687 1400//688
f 1397//685 1400//688 1398//686
f 1399//687 1401//689 1402//690
f 1399//687 1402//690 1400//688
f 1401//689 1403//691 1404//692
f 1401//689 1404//692 1402//690
f 1403//691 1405//693 1406//694
f 1403//691 1406//694 1404//692
f 1405//693 1407//695 1408//696
f 1405//693 1408//696 1406//694
f 1407//695 1409//697 1410//698
f 1407//695 1410//698 1408//696
f 1409//697 1411//699 1412//700
f 1409//697 1412//700 1410//698
f 1411//699 1413//701 1414//702
f 1411//699 1414//702 1412//700
f 1413//701 1415//703 1416//704
f 1413//701 1416//704 1414//702
f 1415//703 1417//705 1418//706
f 1415//703 1418//706 1416//704
f 1419//707 234//80 232//79
f 1419//707 1420//708 234//80
f 1421//709 1420//708 1419//707
f 1421//709 1422//710 1420//708
f 1423//711 1424//712 1425//713
f 1423//711 1425//713 1426//714
f 1427//715 1423//711 1426//714
f 1427//715 1426//714 1428//716
f 1377//665 1429//717 1430//718
f 1377//665 1430//718 1378//666
f 1429//717 1427//715 1428//716
f 1429//717 1428//716 1430//718
f 1420//708 235//81 234//80
f 1420//708 1431//719 235//81
f 1422//710 1431//719 1420//708
f 1422//710 1432//720 1431//719
f 1426//714 1425//713 1433//721
f 1426//714 1433//721 1434//722
f 1428//716 1426//714 1434//722
f 1428//716 1434//722 1435//723
f 1378//666 1430//718 1436//724
f 1378//666 1436//724 1381//669
f 1430//718 1428//716 1435//723
f 1430//718 1435//723 1436//724
f 1431//719 236//82 235//81
f 1431//719 1437//725 236//82
f 1432//720 1437//725 1431//719
f 1432//720 1438//726 1437//725
f 1434//722 1433//721 1439//727
f 1434//722 1439//727 1440//728
f 1435//723 1434//722 1440//728
f 1435//723 1440//728 1441//729
f 1381//669 1436//724 1442//730
f 1381//669 1442//730 1383//671
f 1436//724 1435//723 1441//729
f 1436//724 1441//729 1442//730
f 1437//725 237//83 236//82
f 1437//725 1443//731 237//83
f 1438//726 1443//731 1437//725
f 1438//726 1444//732 1443//731
f 1440//728 1439//727 1445//733
f 1440//728 1445//733 1446//734
f 1441//729 1440//728 1446//734
f 1441//729 1446//734 1447//735
f 1383//671 1442//730 1448//736
f 1383//671 1448//736 1385//673
f 1442//730 1441//729 1447//735
f 1442//730 1447//735 1448//736
f 1443//731 238//84 237//83
f 1443//731 1449//737 238//84
f 1444//732 1449//737 1443//731
f 1444//732 1450//738 1449//737
f 1446//734 1445//733 1451//739
f 1446//734 1451//739 1452//740
f 1447//735 1446//734 1452//740
f 1447//735 1452//740 1453//741
f 1385//673 1448//736 1454//742
f 1385//673 1454//742 1387//675
f 1448//736 1447//735 1453//741
f 1448//736 1453//741 1454//742
f 1449//737 239//85 238//84
f 1449//737 1455//743 239//85
f 1450//738 1455//743 1449//737
f 1450//738 1456//744 1455//743
f 1452//740 1451//739 1457//745
f 1452//740 1457//745 1458//746
f 1453//741 1452//740 1458//746
f 1453//741 1458//746 1459//747
f 1387//675 1454//742 1460//748
f 1387//675 1460//748 1389//677
f 1454//742 1453//741 1459//747
f 1454//742 1459//747 1460//748
f 1455//743 240//86 239//85
f 1455//743 1461//749 240//86
f 1456//744 1461//749 1455//743
f 1456//744 1462//750 1461//749
f 1458//746 1457//745 1463//751
f 1458//746 1463//751 1464//752
f 1459//747 1458//746 1464//752
f 1459//747 1464//752 1465//753
f 1389//677 1460//748 1466//754
f 1389//677 1466//754 1391//679
f 1460//748 1459//747 1465//753
f 1460//748 1465//753 1466//754
f 1461//749 241//87 240//86
f 1461//749 1467//755 241//87
f 1462//750 1467//755 1461//749
f 1462//750 1468//756 1467//755
f 1464//752 1463//751 1469//757
f 1464//752 1469//757 1470//758
f 1465//753 1464//752 1470//758
f 1465//753 1470//758 1471//759
f 1391//679 1466//754 1472//760
f 1391//679 1472//760 1393//681
f 1466//754 1465//753 1471//759
f 1466//754 1471//759 1472//760
f 1467//755 242//88 241//87
f 1467//755 1473//761 242//88
f 1468//756 1473//761 1467//755
f 1468//756 1474//762 1473//761
f 1470//758 1469//757 1475//763
f 1470//758 1475//763 1476//764
f 1471//759 1470//758 1476//764
f 1471//759 1476//764 1477//765
f 1393//681 1472//760 1478//766
f 1393//681 1478//766 1395//683
f 1472//760 1471//759 1477//765
f 1472//760 1477//765 1478//766
f 1473//761 243//89 242//88
f 1473//761 1479//767 243//89
f 1474//762 1479//767 1473//761
f 1474//762 1480//768 1479//767
f 1476//764 1475//763 1481//769
f 1476//764 1481//769 1482//770
f 1477//765 1476//764 1482//770
f 1477//765 1482//770 1483//771
f 1395//683 1478//766 1484//772
f 1395//683 1484//772 1397//685
f 1478//766 1477//765 1483//771
f 1478//766 1483//771 1484//772
f 1479//767 244//90 243//89
f 1479//767 1485//773 244//90
f 1480//768 1485//773 1479//767
f 1480//768 1486//774 1485//773
f 1482//770 1481//769 1487//775
f 1482//770 1487//775 1488//776
f 1483//771 1482//770 1488//776
f 1483//771 1488//776 1489//777
f 1397//685 1484//772 1490//778
f 1397//685 1490//778 1399//687
f 1484//772 1483//771 1489//777
f 1484//772 1489//777 1490//778
f 1485//773 245//91 244//90
f 1485//773 1491//779 245//91
f 1486//774 1491//779 1485//773
f 1486//774 1492//780 1491//779
f 1488//776 1487//775 1493//781
f 1488//776 1493//781 1494//782
f 1489//777 1488//776 1494//782
f 1489//777 1494//782 1495//783
f 1399//687 1490//778 1496//784
f 1399//687 1496//784 1401//689
f 1490//778 1489//777 1495//783
f 1490//778 1495//783 1496//784
f 1491//779 246//92 245//91
f 1491//779 1497//785 246//92
f 1492//780 1497//785 1491//779
f 1492//780 1498//786 1497//785
f 1494//782 1493//781 1499//787
f 1494//782 1499//787 1500//788
f 1495//783 1494//782 1500//788
f 1495//783 1500//788 1501//789
f 1401//689 1496//784 1502//790
f 1401//689 1502//790 1403//691
f 1496//784 1495//783 1501//789
f 1496//784 1501//789 1502//790
f 1497//785 247//93 246//92
f 1497//785 1503//791 247//93
f 1498//786 1503//791 1497//785
f 1498//786 1504//792 1503//791
f 1500//788 1499//787 1505//793
f 1500//788 1505//793 1506//794
f 1501//789 1500//788 1506//794
f 1501//789 1506//794 1507//795
f 1403//691 1502//790 1508//796
f 1403//691 1508//796 1405//693
f 1502//790 1501//789 1507//795
f 1502//790 1507//795 1508//796
f 1503//791 248//94 247//93
f 1503//791 1509//797 248//94
f 1504//792 1509//797 1503//791
f 1504//792 1510//798 1509//797
f 1506//794 1505//793 1511//799
f 1506//794 1511//799 1512//800
f 1507//795 1506//794 1512//800
f 1507//795 1512//800 1513//801
f 1405//693 1508//796 1514//802
f 1405//693 1514//802 1407//695
f 1508//796 1507//795 1513//801
f 1508//796 1513//801 1514//802
f 1509//797 249//95 248//94
f 1509//797 1515//803 249//95
f 1510//798 1515//803 1509//797
f 1510//798 1516//804 1515//803
f 1512//800 1511//799 1517//805
f 1512//800 1517//805 1518//806
f 1513//801 1512//800 1518//806
f 1513//801 1518//806 1519//807
f 1407//695 1514//802 1520//808
f 1407//695 1520//808 1409//697
f 1514//802 1513//801 1519//807
f 1514//802 1519//807 1520//808
f 1515//803 250//96 249//95
f 1515//803 1521//809 250//96
f 1516//804 1521//809 1515//803
f 1516//804 1522//810 1521//809
f 1518//806 1517//805 1523//811
f 1518//806 1523//811 1524//812
f 1519//807 1518//806 1524//812
f 1519//807 1524//812 1525//813
f 1409//697 1520//808 1526//814
f 1409//697 1526//814 1411//699
f 1520//808 1519//807 1525//813
f 1520//808 1525//813 1526//814
f 1521//809 251//97 250//96
f 1521//809 1527//815 251//97
f 1522//810 1527//815 1521//809
f 1522//810 1528//816 1527//815
f 1524//812 1523//811 1529//817
f 1524//812 1529//817 1530//818
f 1525//813 1524//812 1530//818
f 1525//813 1530//818 1531//819
f 1411//699 1526//814 1532//820
f 1411//699 1532//820 1413//701
f 1526//814 1525//813 1531//819
f 1526//814 1531//819 1532//820
f 1527//815 252//98 251//97
f 1527//815 1533//821 252//98
f 1528//816 1533//821 1527//815
f 1528//816 1534//822 1533//821
f 1530//818 1529//817 1535//823
f 1530//818 1535//823 1536//824
f 1531//819 1530//818 1536//824
f 1531//819 1536//824 1537//825
f 1413//701 1532//820 1538//826
f 1413//701 1538//826 1415//703
f 1532//820 1531//819 1537//825
f 1532//820 1537//825 1538//826
f 232//79 1533//821 1419//707
f 232//79 252//98 1533//821
f 1419//707 1534//822 1421//709
f 1419//707 1533//821 1534//822
f 1539//827 1540//828 1536//824
f 1539//827 1536//824 1535//823
f 1540//828 1541//829 1537//825
f 1540//828 1537//825 1536//824
f 1541//829 1542//830 1538//826
f 1541//829 1538//826 1537//825
f 1542//830 1417//705 1415//703
f 1542//830 1415//703 1538//826
f 1543//831 1544//832 1545//833
f 1543//831 1545//833 1546//834
f 1544//832 1547//835 1548//836
f 1544//832 1548//836 1545//833
f 1547//835 1549//837 1550//838
f 1547//835 1550//838 1548//836
f 1549//837 1551//184 1552//185
f 1549//837 1552//185 1550//838
f 1551//184 1553//839 1554//840
f 1551//184 1554//840 1552//185
f 1553//839 1555//841 1556//842
f 1553//839 1556//842 1554//840
f 1555//841 1557//843 1558//844
f 1555//841 1558//844 1556//842
f 1557//843 1559//845 1560//846
f 1557//843 1560//846 1558//844
f 1559//845 1561//847 1562//848
f 1559//845 1562//848 1560//846
f 1561//847 1563//849 1564//850
f 1561//847 1564//850 1562//848
f 1563//849 1565//851 1566//852
f 1563//849 1566//852 1564//850
f 1565//851 1567//853 1568//854
f 1565//851 1568//854 1566//852
f 1567//853 1569//855 1570//856
f 1567//853 1570//856 1568//854
f 1569//855 1571//857 1572//205
f 1569//855 1572//205 1570//856
f 1571//857 1573//858 1574//859
f 1571//857 1574//859 1572//205
f 1573//858 1575//860 1576//861
f 1573//858 1576//861 1574//859
f 1575//860 1577//862 1578//863
f 1575//860 1578//863 1576//861
f 1577//862 1579//864 1580//865
f 1577//862 1580//865 1578//863
f 1579//864 1581//866 1582//867
f 1579//864 1582//867 1580//865
f 1581//866 1583//868 1584//869
f 1581//866 1584//869 1582//867
f 1585//870 276//101 274//100
f 1585//870 1586//871 276//101
f 1587//872 1586//871 1585//870
f 1587//872 1588//873 1586//871
f 1589//874 1590//875 1591//876
f 1589//874 1591//876 1592//877
f 1593//878 1589//874 1592//877
f 1593//878 1592//877 1594//879
f 1543//831 1595//880 1596//881
f 1543//831 1596//881 1544//832
f 1595//880 1593//878 1594//879
f 1595//880 1594//879 1596//881
f 1586//871 277//102 276//101
f 1586//871 1597//882 277//102
f 1588//873 1597//882 1586//871
f 1588//873 1598//883 1597//882
f 1592//877 1591//876 1599//884
f 1592//877 1599//884 1600//885
f 1594//879 1592//877 1600//885
f 1594//879 1600//885 1601//886
f 1544//832 1596//881 1602//887
f 1544//832 1602//887 1547//835
f 1596//881 1594//879 1601//886
f 1596//881 1601//886 1602//887
f 1597//882 278//103 277//102
f 1597//882 1603//888 278//103
f 1598//883 1603//888 1597//882
f 1598//883 1604//889 1603//888
f 1600//885 1599//884 1605//890
f 1600//885 1605//890 1606//891
f 1601//886 1600//885 1606//891
f 1601//886 1606//891 1607//892
f 1547//835 1602//887 1608//893
f 1547//835 1608//893 1549//837
f 1602//887 1601//886 1607//892
f 1602//887 1607//892 1608//893
f 1603//888 279//104 278//103
f 1603//888 1609//894 279//104
f 1604//889 1609//894 1603//888
f 1604//889 1610//895 1609//894
f 1606//891 1605//890 1611//896
f 1606//891 1611//896 1612//897
f 1607//892 1606//891 1612//897
f 1607//892 1612//897 1613//898
f 1549//837 1608//893 1614//899
f 1549//837 1614//899 1551//184
f 1608//893 1607//892 1613//898
f 1608//893 1613//898 1614//899
f 1609//894 280//105 279//104
f 1609//894 1615//900 280//105
f 1610//895 1615//900 1609//894
f 1610//895 1616//901 1615//900
f 1612//897 1611//896 1617//902
f 1612//897 1617//902 1618//903
f 1613//898 1612//897 1618//903
f 1613//898 1618//903 1619//904
f 1551//184 1614//899 1620//905
f 1551//184 1620//905 1553//839
f 1614//899 1613//898 1619//904
f 1614//899 1619//904 1620//905
f 1615//900 281//106 280//105
f 1615//900 1621//906 281//106
f 1616//901 1621//906 1615//900
f 1616//901 1622//907 1621//906
f 1618//903 1617//902 1623//908
f 1618//903 1623//908 1624//909
f 1619//904 1618//903 1624//909
f 1619//904 1624//909 1625//910
f 1553//839 1620//905 1626//911
f 1553//839 1626//911 1555//841
f 1620//905 1619//904 1625//910
f 1620//905 1625//910 1626//911
f 1621//906 282//107 281//106
f 1621//906 1627//912 282//107
f 1622//907 1627//912 1621//906
f 1622//907 1628//913 1627//912
f 1624//909 1623//908 1629//914
f 1624//909 1629//914 1630//915
f 1625//910 1624//909 1630//915
f 1625//910 1630//915 1631//916
f 1555//841 1626//911 1632//917
f 1555//841 1632//917 1557//843
f 1626//911 1625//910 1631//916
f 1626//911 1631//916 1632//917
f 1627//912 283//108 282//107
f 1627//912 1633//918 283//108
f 1628//913 1633//918 1627//912
f 1628//913 1634//919 1633//918
f 1630//915 1629//914 1635//920
f 1630//915 1635//920 1636//921
f 1631//916 1630//915 1636//921
f 1631//916 1636//921 1637//922
f 1557//843 1632//917 1638//923
f 1557//843 1638//923 1559//845
f 1632//917 1631//916 1637//922
f 1632//917 1637//922 1638//923
f 1633//918 284//109 283//108
f 1633//918 1639//924 284//109
f 1634//919 1639//924 1633//918
f 1634//919 1640//925 1639//924
f 1636//921 1635//920 1641//926
f 1636//921 1641//926 1642//927
f 1637//922 1636//921 1642//927
f 1637//922 1642//927 1643//928
f 1559//845 1638//923 1644//929
f 1559//845 1644//929 1561//847
f 1638//923 1637//922 1643//928
f 1638//923 1643//928 1644//929
f 1639//924 285//110 284//109
f 1639//924 1645//930 285//110
f 1640//925 1645//930 1639//924
f 1640//925 1646//931 1645//930
f 1642//927 1641//926 1647//932
f 1642//927 1647//932 1648//933
f 1643//928 1642//927 1648//933
f 1643//928 1648//933 1649//934
f 1561//847 1644//929 1650//935
f 1561//847 1650//935 1563//849
f 1644//929 1643//928 1649//934
f 1644//929 1649//934 1650//935
f 1645//930 286//111 285//110
f 1645//930 1651//936 286//111
f 1646//931 1651//936 1645//930
f 1646//931 1652//937 1651//936
f 1648//933 1647//932 1653//938
f 1648//933 1653//938 1654//939
f 1649//934 1648//933 1654//939
f 1649//934 1654//939 1655//940
f 1563//849 1650//935 1656//941
f 1563//849 1656//941 1565//851
f 1650//935 1649//934 1655//940
f 1650//935 1655//940 1656//941
f 1651//936 287//112 286//111
f 1651//936 1657//942 287//112
f 1652//937 1657//942 1651//936
f 1652//937 1658//943 1657//942
f 1654//939 1653//938 1659//944
f 1654//939 1659//944 1660//945
f 1655//940 1654//939 1660//945
f 1655//940 1660//945 1661//946
f 1565//851 1656//941 1662//947
f 1565//851 1662//947 1567//853
f 1656//941 1655//940 1661//946
f 1656//941 1661//946 1662//947
f 1657//942 288//113 287//112
f 1657//942 1663//948 288//113
f 1658//943 1663//948 1657//942
f 1658//943 1664//949 1663//948
f 1660//945 1659//944 1665//950
f 1660//945 1665//950 1666//951
f 1661//946 1660//945 1666//951
f 1661//946 1666//951 1667//952
f 1567//853 1662//947 1668//953
f 1567//853 1668//953 1569//855
f 1662//947 1661//946 1667//952
f 1662//947 1667//952 1668//953
f 1663//948 289//114 288//113
f 1663//948 1669//954 289//114
f 1664//949 1669//954 1663//948
f 1664//949 1670//955 1669//954
f 1666//951 1665//950 1671//956
f 1666//951 1671//956 1672//957
f 1667//952 1666//951 1672//957
f 1667//952 1672//957 1673//958
f 1569//855 1668//953 1674//959
f 1569//855 1674//959 1571//857
f 1668//953 1667//952 1673//958
f 1668//953 1673//958 1674//959
f 1669//954 290//115 289//114
f 1669//954 1675//960 290//115
f 1670//955 1675//960 1669//954
f 1670//955 1676//961 1675//960
f 1672//957 1671//956 1677//962
f 1672//957 1677//962 1678//963
f 1673//958 1672//957 1678//963
f 1673//958 1678//963 1679//964
f 1571//857 1674//959 1680//965
f 1571//857 1680//965 1573//858
f 1674//959 1673//958 1679//964
f 1674//959 1679//964 1680//965
f 1675//960 291//116 290//115
f 1675//960 1681//966 291//116
f 1676//961 1681//966 1675//960
f 1676//961 1682//967 1681//966
f 1678//963 1677//962 1683//968
f 1678//963 1683//968 1684//969
f 1679//964 1678//963 1684//969
f 1679//964 1684//969 1685//970
f 1573//858 1680//965 1686//971
f 1573//858 1686//971 1575//860
f 1680//965 1679//964 1685//970
f 1680//965 1685//970 1686//971
f 1681//966 292//117 291//116
f 1681//966 1687//972 292//117
f 1682//967 1687//972 1681//966
f 1682//967 1688//973 1687//972
f 1684//969 1683//968 1689//974
f 1684//969 1689//974 1690//975
f 1685//970 1684//969 1690//975
f 1685//970 1690//975 1691//976
f 1575//860 1686//971 1692//977
f 1575//860 1692//977 1577//862
f 1686//971 1685//970 1691//976
f 1686//971 1691//976 1692//977
f 1687//972 293//118 292//117
f 1687//972 1693//978 293//118
f 1688//973 1693//978 1687//972
f 1688//973 1694//979 1693//978
f 1690//975 1689//974 1695//980
f 1690//975 1695//980 1696//981
f 1691//976 1690//975 1696//981
f 1691//976 1696//981 1697//982
f 1577//862 1692//977 1698//983
f 1577//862 1698//983 1579//864
f 1692//977 1691//976 1697//982
f 1692//977 1697//982 1698//983
f 1693//978 294//119 293//118
f 1693//978 1699//984 294//119
f 1694//979 1699//984 1693//978
f 1694//979 1700//985 1699//984
f 1696//981 1695//980 1701//986
f 1696//981 1701//986 1702//987
f 1697//982 1696//981 1702//987
f 1697//982 1702//987 1703//988
f 1579//864 1698//983 1704//989
f 1579//864 1704//989 1581//866
f 1698//983 1697//982 1703//988
f 1698//983 1703//988 1704//989
f 274//100 1699//984 1585//870
f 274//100 294//119 1699//984
f 1585//870 1700//985 1587//872
f 1585//870 1699//984 1700//985
f 1705//990 1706//991 1702//987
f 1705//990 1702//987 1701//986
f 1706//991 1707//992 1703//988
f 1706//991 1703//988 1702//987
f 1707//992 1708//993 1704//989
f 1707//992 1704//989 1703//988
f 1708//993 1583//868 1581//866
f 1708//993 1581//866 1704//989
f 1709//508 1710//177 1711//178
f 1709//508 1711//178 1712//608
f 1710//177 1713//609 1714//181
f 1710//177 1714//181 1711//178
f 1713//609 1715//994 1716//512
f 1713//609 1716//512 1714//181
f 1715//994 1717//184 1718//185
f 1715//994 1718//185 1716//512
f 1717//184 1719//186 1720//187
f 1717//184 1720//187 1718//185
f 1719//186 1721//188 1722//189
f 1719//186 1722//189 1720//187
f 1721//188 1723//190 1724//191
f 1721//188 1724//191 1722//189
f 1723//190 1725//192 1726//193
f 1723//190 1726//193 1724//191
f 1725//192 1727//194 1728//195
f 1725//192 1728//195 1726//193
f 1727//194 1729//610 1730//197
f 1727//194 1730//197 1728//195
f 1729//610 1731//198 1732//199
f 1729//610 1732//199 1730//197
f 1731//198 1733//200 1734//201
f 1731//198 1734//201 1732//199
f 1733//200 1735//202 1736//203
f 1733//200 1736//203 1734//201
f 1735//202 1737//204 1738//205
f 1735//202 1738//205 1736//203
f 1737//204 1739//206 1740//207
f 1737//204 1740//207 1738//205
f 1739//206 1741//613 1742//614
f 1739//206 1742//614 1740//207
f 1741//613 1743//210 1744//211
f 1741//613 1744//211 1742//614
f 1743//210 1745//615 1746//616
f 1743//210 1746//616 1744//211
f 1745//615 1747//214 1748//215
f 1745//615 1748//215 1746//616
f 1747//214 1749//995 1750//217
f 1747//214 1750//217 1748//215
f 1751//617 318//66 316//46
f 1751//617 1752//996 318//66
f 1753//618 1752//996 1751//617
f 1753//618 1754//619 1752//996
f 1755//222 1756//521 1757//522
f 1755//222 1757//522 1758//523
f 1759//226 1755//222 1758//523
f 1759//226 1758//523 1760//227
f 1709//508 1761//997 1762//621
f 1709//508 1762//621 1710//177
f 1761//997 1759//226 1760//227
f 1761//997 1760//227 1762//621
f 1752//996 319//67 318//66
f 1752//996 1763//998 319//67
f 1754//619 1763//998 1752//996
f 1754//619 1764//622 1763//998
f 1758//523 1757//522 1765//232
f 1758//523 1765//232 1766//999
f 1760//227 1758//523 1766//999
f 1760//227 1766//999 1767//234
f 1710//177 1762//621 1768//591
f 1710//177 1768//591 1713//609
f 1762//621 1760//227 1767//234
f 1762//621 1767//234 1768//591
f 1763//998 320//120 319//67
f 1763//998 1769//236 320//120
f 1764//622 1769//236 1763//998
f 1764//622 1770//237 1769//236
f 1766//999 1765//232 1771//1000
f 1766//999 1771//1000 1772//239
f 1767//234 1766//999 1772//239
f 1767//234 1772//239 1773//592
f 1713//609 1768//591 1774//241
f 1713//609 1774//241 1715//994
f 1768//591 1767//234 1773//592
f 1768//591 1773//592 1774//241
f 1769//236 321//6 320//120
f 1769//236 1775//242 321//6
f 1770//237 1775//242 1769//236
f 1770//237 1776//625 1775//242
f 1772//239 1771//1000 1777//626
f 1772//239 1777//626 1778//245
f 1773//592 1772//239 1778//245
f 1773//592 1778//245 1779//535
f 1715//994 1774//241 1780//536
f 1715//994 1780//536 1717//184
f 1774//241 1773//592 1779//535
f 1774//241 1779//535 1780//536
f 1775//242 322//7 321//6
f 1775//242 1781//628 322//7
f 1776//625 1781//628 1775//242
f 1776//625 1782//1001 1781//628
f 1778//245 1777//626 1783//250
f 1778//245 1783//250 1784//251
f 1779//535 1778//245 1784//251
f 1779//535 1784//251 1785//1002
f 1717//184 1780//536 1786//253
f 1717//184 1786//253 1719//186
f 1780//536 1779//535 1785//1002
f 1780//536 1785//1002 1786//253
f 1781//628 323//50 322//7
f 1781//628 1787//254 323//50
f 1782//1001 1787//254 1781//628
f 1782//1001 1788//540 1787//254
f 1784//251 1783//250 1789//256
f 1784//251 1789//256 1790//257
f 1785//1002 1784//251 1790//257
f 1785//1002 1790//257 1791//542
f 1719//186 1786//253 1792//259
f 1719//186 1792//259 1721//188
f 1786//253 1785//1002 1791//542
f 1786//253 1791//542 1792//259
f 1787//254 324//51 323//50
f 1787//254 1793//543 324//51
f 1788//540 1793//543 1787//254
f 1788//540 1794//635 1793//543
f 1790//257 1789//256 1795//262
f 1790//257 1795//262 1796//263
f 1791//542 1790//257 1796//263
f 1791//542 1796//263 1797//636
f 1721//188 1792//259 1798//596
f 1721//188 1798//596 1723//190
f 1792//259 1791//542 1797//636
f 1792//259 1797//636 1798//596
f 1793//543 325//121 324//51
f 1793//543 1799//266 325//121
f 1794//635 1799//266 1793//543
f 1794//635 1800//637 1799//266
f 1796//263 1795//262 1801//268
f 1796//263 1801//268 1802//269
f 1797//636 1796//263 1802//269
f 1797//636 1802//269 1803//638
f 1723//190 1798//596 1804//549
f 1723//190 1804//549 1725//192
f 1798//596 1797//636 1803//638
f 1798//596 1803//638 1804//549
f 1799//266 326//11 325//121
f 1799//266 1805//272 326//11
f 1800//637 1805//272 1799//266
f 1800//637 1806//273 1805//272
f 1802//269 1801//268 1807//274
f 1802//269 1807//274 1808//275
f 1803//638 1802//269 1808//275
f 1803//638 1808//275 1809//1003
f 1725//192 1804//549 1810//552
f 1725//192 1810//552 1727//194
f 1804//549 1803//638 1809//1003
f 1804//549 1809//1003 1810//552
f 1805//272 327//122 326//11
f 1805//272 1811//640 327//122
f 1806//273 1811//640 1805//272
f 1806//273 1812//641 1811//640
f 1808//275 1807//274 1813//1004
f 1808//275 1813//1004 1814//281
f 1809//1003 1808//275 1814//281
f 1809//1003 1814//281 1815//554
f 1727//194 1810//552 1816//1005
f 1727//194 1816//1005 1729//610
f 1810//552 1809//1003 1815//554
f 1810//552 1815//554 1816//1005
f 1811//640 328//13 327//122
f 1811//640 1817//284 328//13
f 1812//641 1817//284 1811//640
f 1812//641 1818//1006 1817//284
f 1814//281 1813//1004 1819//286
f 1814//281 1819//286 1820//559
f 1815//554 1814//281 1820//559
f 1815//554 1820//559 1821//1007
f 1729//610 1816//1005 1822//1008
f 1729//610 1822//1008 1731//198
f 1816//1005 1815//554 1821//1007
f 1816//1005 1821//1007 1822//1008
f 1817//284 329//14 328//13
f 1817//284 1823//646 329//14
f 1818//1006 1823//646 1817//284
f 1818//1006 1824//291 1823//646
f 1820//559 1819//286 1825//561
f 1820//559 1825//561 1826//647
f 1821//1007 1820//559 1826//647
f 1821//1007 1826//647 1827//294
f 1731//198 1822//1008 1828//295
f 1731//198 1828//295 1733//200
f 1822//1008 1821//1007 1827//294
f 1822//1008 1827//294 1828//295
f 1823//646 330//71 329//14
f 1823//646 1829//563 330//71
f 1824//291 1829//563 1823//646
f 1824//291 1830//1009 1829//563
f 1826//647 1825//561 1831//649
f 1826//647 1831//649 1832//299
f 1827//294 1826//647 1832//299
f 1827//294 1832//299 1833//650
f 1733//200 1828//295 1834//301
f 1733//200 1834//301 1735//202
f 1828//295 1827//294 1833//650
f 1828//295 1833//650 1834//301
f 1829//563 331//56 330//71
f 1829//563 1835//302 331//56
f 1830//1009 1835//302 1829//563
f 1830//1009 1836//652 1835//302
f 1832//299 1831//649 1837//653
f 1832//299 1837//653 1838//305
f 1833//650 1832//299 1838//305
f 1833//650 1838//305 1839//654
f 1735//202 1834//301 1840//1010
f 1735//202 1840//1010 1737//204
f 1834//301 1833//650 1839//654
f 1834//301 1839//654 1840//1010
f 1835//302 332//17 331//56
f 1835//302 1841//1011 332//17
f 1836//652 1841//1011 1835//302
f 1836//652 1842//309 1841//1011
f 1838//305 1837//653 1843//1012
f 1838//305 1843//1012 1844//311
f 1839//654 1838//305 1844//311
f 1839//654 1844//311 1845//1013
f 1737//204 1840//1010 1846//1014
f 1737//204 1846//1014 1739//206
f 1840//1010 1839//654 1845//1013
f 1840//1010 1845//1013 1846//1014
f 1841//1011 333//18 332//17
f 1841//1011 1847//657 333//18
f 1842//309 1847//657 1841//1011
f 1842//309 1848//658 1847//657
f 1844//311 1843//1012 1849//316
f 1844//311 1849//316 1850//571
f 1845//1013 1844//311 1850//571
f 1845//1013 1850//571 1851//318
f 1739//206 1846//1014 1852//573
f 1739//206 1852//573 1741//613
f 1846//1014 1845//1013 1851//318
f 1846//1014 1851//318 1852//573
f 1847//657 334//72 333//18
f 1847//657 1853//320 334//72
f 1848//658 1853//320 1847//657
f 1848//658 1854//1015 1853//320
f 1850//571 1849//316 1855//322
f 1850//571 1855//322 1856//577
f 1851//318 1850//571 1856//577
f 1851//318 1856//577 1857//324
f 1741//613 1852//573 1858//325
f 1741//613 1858//325 1743//210
f 1852//573 1851//318 1857//324
f 1852//573 1857//324 1858//325
f 1853//320 335//123 334//72
f 1853//320 1859//662 335//123
f 1854//1015 1859//662 1853//320
f 1854//1015 1860//1016 1859//662
f 1856//577 1855//322 1861//328
f 1856//577 1861//328 1862//329
f 1857//324 1856//577 1862//329
f 1857//324 1862//329 1863//330
f 1743//210 1858//325 1864//331
f 1743//210 1864//331 1745//615
f 1858//325 1857//324 1863//330
f 1858//325 1863//330 1864//331
f 1859//662 336//124 335//123
f 1859//662 1865//332 336//124
f 1860//1016 1865//332 1859//662
f 1860//1016 1866//333 1865//332
f 1862//329 1861//328 1867//334
f 1862//329 1867//334 1868//335
f 1863//330 1862//329 1868//335
f 1863//330 1868//335 1869//1017
f 1745//615 1864//331 1870//663
f 1745//615 1870//663 1747//214
f 1864//331 1863//330 1869//1017
f 1864//331 1869//1017 1870//663
f 316//46 1865//332 1751//617
f 316//46 336//124 1865//332
f 1751//617 1866//333 1753//618
f 1751//617 1865//332 1866//333
f 1871//338 1872//339 1868//335
f 1871//338 1868//335 1867//334
f 1872//339 1873//664 1869//1017
f 1872//339 1869//1017 1868//335
f 1873//664 1874//341 1870//663
f 1873//664 1870//663 1869//1017
f 1874//341 1749//995 1747//214
f 1874//341 1747//214 1870//663
f 1875//1018 1876//1019 1877//1020
f 1875//1018 1877//1020 1878//1021
f 1876//1019 1879//1022 1880//1023
f 1876//1019 1880//1023 1877//1020
f 1879//1022 1881//1024 1882//1025
f 1879//1022 1882//1025 1880//1023
f 1881//1024 1883//1026 1884//1027
f 1881//1024 1884//1027 1882//1025
f 1883//1026 1885//1028 1886//1029
f 1883//1026 1886//1029 1884//1027
f 1885//1028 1887//1030 1888//1031
f 1885//1028 1888//1031 1886//1029
f 1887//1030 1889//1032 1890//1033
f 1887//1030 1890//1033 1888//1031
f 1889//1032 1891//1034 1892//1035
f 1889//1032 1892//1035 1890//1033
f 1891//1034 1893//1036 1894//1037
f 1891//1034 1894//1037 1892//1035
f 1893//1036 1895//1038 1896//1039
f 1893//1036 1896//1039 1894//1037
f 1895//1038 1897//1040 1898//1041
f 1895//1038 1898//1041 1896//1039
f 1897//1040 1899//1042 1900//1043
f 1897//1040 1900//1043 1898//1041
f 1899//1042 1901//1044 1902//1045
f 1899//1042 1902//1045 1900//1043
f 1901//1044 1903//1046 1904//1047
f 1901//1044 1904//1047 1902//1045
f 1903//1046 1905//1048 1906//1049
f 1903//1046 1906//1049 1904//1047
f 1905//1048 1907//1050 1908//1051
f 1905//1048 1908//1051 1906//1049
f 1907//1050 1909//1052 1910//1053
f 1907//1050 1910//1053 1908//1051
f 1909//1052 1911//1054 1912//1055
f 1909//1052 1912//1055 1910//1053
f 1911//1054 1913//1056 1914//1057
f 1911//1054 1914//1057 1912//1055
f 1913//1056 1915//1058 1916//1059
f 1913//1056 1916//1059 1914//1057
f 1917//1060 360//132 358//131
f 1917//1060 1918//1061 360//132
f 1919//1062 1918//1061 1917//1060
f 1919//1062 1920//1063 1918//1061
f 1921//1064 1922//1065 1923//1066
f 1921//1064 1923//1066 1924//1067
f 1925//1068 1921//1064 1924//1067
f 1925//1068 1924//1067 1926//1069
f 1875//1018 1927//1070 1928//1071
f 1875//1018 1928//1071 1876//1019
f 1927//1070 1925//1068 1926//1069
f 1927//1070 1926//1069 1928//1071
f 1918//1061 361//133 360//132
f 1918//1061 1929//1072 361//133
f 1920//1063 1929//1072 1918//1061
f 1920//1063 1930//1073 1929//1072
f 1924//1067 1923//1066 1931//1074
f 1924//1067 1931//1074 1932//1075
f 1926//1069 1924//1067 1932//1075
f 1926//1069 1932//1075 1933//1076
f 1876//1019 1928//1071 1934//1077
f 1876//1019 1934//1077 1879//1022
f 1928//1071 1926//1069 1933//1076
f 1928//1071 1933//1076 1934//1077
f 1929//1072 362//134 361//133
f 1929//1072 1935//1078 362//134
f 1930//1073 1935//1078 1929//1072
f 1930//1073 1936//1079 1935//1078
f 1932//1075 1931//1074 1937//1080
f 1932//1075 1937//1080 1938//1081
f 1933//1076 1932//1075 1938//1081
f 1933//1076 1938//1081 1939//1082
f 1879//1022 1934//1077 1940//1083
f 1879//1022 1940//1083 1881//1024
f 1934//1077 1933//1076 1939//1082
f 1934//1077 1939//1082 1940//1083
f 1935//1078 363//135 362//134
f 1935//1078 1941//1084 363//135
f 1936//1079 1941//1084 1935//1078
f 1936//1079 1942//1085 1941//1084
f 1938//1081 1937//1080 1943//1086
f 1938//1081 1943//1086 1944//1087
f 1939//1082 1938//1081 1944//1087
f 1939//1082 1944//1087 1945//1088
f 1881//1024 1940//1083 1946//1089
f 1881//1024 1946//1089 1883//1026
f 1940//1083 1939//1082 1945//1088
f 1940//1083 1945//1088 1946//1089
f 1941//1084 364//136 363//135
f 1941//1084 1947//1090 364//136
f 1942//1085 1947//1090 1941//1084
f 1942//1085 1948//1091 1947//1090
f 1944//1087 1943//1086 1949//1092
f 1944//1087 1949//1092 1950//1093
f 1945//1088 1944//1087 1950//1093
f 1945//1088 1950//1093 1951//1094
f 1883//1026 1946//1089 1952//1095
f 1883//1026 1952//1095 1885//1028
f 1946//1089 1945//1088 1951//1094
f 1946//1089 1951//1094 1952//1095
f 1947//1090 365//137 364//136
f 1947//1090 1953//1096 365//137
f 1948//1091 1953//1096 1947//1090
f 1948//1091 1954//1097 1953//1096
f 1950//1093 1949//1092 1955//1098
f 1950//1093 1955//1098 1956//1099
f 1951//1094 1950//1093 1956//1099
f 1951//1094 1956//1099 1957//1100
f 1885//1028 1952//1095 1958//1101
f 1885//1028 1958//1101 1887//1030
f 1952//1095 1951//1094 1957//1100
f 1952//1095 1957//1100 1958//1101
f 1953//1096 366//138 365//137
f 1953//1096 1959//1102 366//138
f 1954//1097 1959//1102 1953//1096
f 1954//1097 1960//1103 1959//1102
f 1956//1099 1955//1098 1961//1104
f 1956//1099 1961//1104 1962//1105
f 1957//1100 1956//1099 1962//1105
f 1957//1100 1962//1105 1963//1106
f 1887//1030 1958//1101 1964//1107
f 1887//1030 1964//1107 1889//1032
f 1958//1101 1957//1100 1963//1106
f 1958//1101 1963//1106 1964//1107
f 1959//1102 367//139 366//138
f 1959//1102 1965//1108 367//139
f 1960//1103 1965//1108 1959//1102
f 1960//1103 1966//1109 1965//1108
f 1962//1105 1961//1104 1967//1110
f 1962//1105 1967//1110 1968//1111
f 1963//1106 1962//1105 1968//1111
f 1963//1106 1968//1111 1969//1112
f 1889//1032 1964//1107 1970//1113
f 1889//1032 1970//1113 1891//1034
f 1964//1107 1963//1106 1969//1112
f 1964//1107 1969//1112 1970//1113
f 1965//1108 368//140 367//139
f 1965//1108 1971//1114 368//140
f 1966//1109 1971//1114 1965//1108
f 1966//1109 1972//1115 1971//1114
f 1968//1111 1967//1110 1973//1116
f 1968//1111 1973//1116 1974//1117
f 1969//1112 1968//1111 1974//1117
f 1969//1112 1974//1117 1975//1118
f 1891//1034 1970//1113 1976//1119
f 1891//1034 1976//1119 1893//1036
f 1970//1113 1969//1112 1975//1118
f 1970//1113 1975//1118 1976//1119
f 1971//1114 369//141 368//140
f 1971//1114 1977//1120 369//141
f 1972//1115 1977//1120 1971//1114
f 1972//1115 1978//1121 1977//1120
f 1974//1117 1973//1116 1979//1122
f 1974//1117 1979//1122 1980//1123
f 1975//1118 1974//1117 1980//1123
f 1975//1118 1980//1123 1981//1124
f 1893//1036 1976//1119 1982//1125
f 1893//1036 1982//1125 1895//1038
f 1976//1119 1975//1118 1981//1124
f 1976//1119 1981//1124 1982//1125
f 1977//1120 370//142 369//141
f 1977//1120 1983//1126 370//142
f 1978//1121 1983//1126 1977//1120
f 1978//1121 1984//1127 1983//1126
f 1980//1123 1979//1122 1985//1128
f 1980//1123 1985//1128 1986//1129
f 1981//1124 1980//1123 1986//1129
f 1981//1124 1986//1129 1987//1130
f 1895//1038 1982//1125 1988//1131
f 1895//1038 1988//1131 1897//1040
f 1982//1125 1981//1124 1987//1130
f 1982//1125 1987//1130 1988//1131
f 1983//1126 371//143 370//142
f 1983//1126 1989//1132 371//143
f 1984//1127 1989//1132 1983//1126
f 1984//1127 1990//1133 1989//1132
f 1986//1129 1985//1128 1991//1134
f 1986//1129 1991//1134 1992//1135
f 1987//1130 1986//1129 1992//1135
f 1987//1130 1992//1135 1993//1136
f 1897//1040 1988//1131 1994//1137
f 1897//1040 1994//1137 1899//1042
f 1988//1131 1987//1130 1993//1136
f 1988//1131 1993//1136 1994//1137
f 1989//1132 372//144 371//143
f 1989//1132 1995//1138 372//144
f 1990//1133 1995//1138 1989//1132
f 1990//1133 1996//1139 1995//1138
f 1992//1135 1991//1134 1997//1140
f 1992//1135 1997//1140 1998//1141
f 1993//1136 1992//1135 1998//1141
f 1993//1136 1998//1141 1999//1142
f 1899//1042 1994//1137 2000//1143
f 1899//1042 2000//1143 1901//1044
f 1994//1137 1993//1136 1999//1142
f 1994//1137 1999//1142 2000//1143
f 1995//1138 373//145 372//144
f 1995//1138 2001//1144 373//145
f 1996//1139 2001//1144 1995//1138
f 1996//1139 2002//1145 2001//1144
f 1998//1141 1997//1140 2003//1146
f 1998//1141 2003//1146 2004//1147
f 1999//1142 1998//1141 2004//1147
f 1999//1142 2004//1147 2005//1148
f 1901//1044 2000//1143 2006//1149
f 1901//1044 2006//1149 1903//1046
f 2000//1143 1999//1142 2005//1148
f 2000//1143 2005//1148 2006//1149
f 2001//1144 374//146 373//145
f 2001//1144 2007//1150 374//146
f 2002//1145 2007//1150 2001//1144
f 2002//1145 2008//1151 2007//1150
f 2004//1147 2003//1146 2009//1152
f 2004//1147 2009//1152 2010//1153
f 2005//1148 2004//1147 2010//1153
f 2005//1148 2010//1153 2011//1154
f 1903//1046 2006//1149 2012//1155
f 1903//1046 2012//1155 1905//1048
f 2006//1149 2005//1148 2011//1154
f 2006//1149 2011//1154 2012//1155
f 2007//1150 375//147 374//146
f 2007//1150 2013//1156 375//147
f 2008//1151 2013//1156 2007//1150
f 2008//1151 2014//1157 2013//1156
f 2010//1153 2009//1152 2015//1158
f 2010//1153 2015//1158 2016//1159
f 2011//1154 2010//1153 2016//1159
f 2011//1154 2016//1159 2017//1160
f 1905//1048 2012//1155 2018//1161
f 1905//1048 2018//1161 1907//1050
f 2012//1155 2011//1154 2017//1160
f 2012//1155 2017//1160 2018//1161
f 2013//1156 376//148 375//147
f 2013//1156 2019//1162 376//148
f 2014//1157 2019//1162 2013//1156
f 2014//1157 2020//1163 2019//1162
f 2016//1159 2015//1158 2021//1164
f 2016//1159 2021//1164 2022//1165
f 2017//1160 2016//1159 2022//1165
f 2017//1160 2022//1165 2023//1166
f 1907//1050 2018//1161 2024//1167
f 1907//1050 2024//1167 1909//1052
f 2018//1161 2017//1160 2023//1166
f 2018//1161 2023//1166 2024//1167
f 2019//1162 377//149 376//148
f 2019//1162 2025//1168 377//149
f 2020//1163 2025//1168 2019//1162
f 2020//1163 2026//1169 2025//1168
f 2022//1165 2021//1164 2027//1170
f 2022//1165 2027//1170 2028//1171
f 2023//1166 2022//1165 2028//1171
f 2023//1166 2028//1171 2029//1172
f 1909//1052 2024//1167 2030//1173
f 1909//1052 2030//1173 1911//1054
f 2024//1167 2023//1166 2029//1172
f 2024//1167 2029//1172 2030//1173
f 2025//1168 378//150 377//149
f 2025//1168 2031//1174 378//150
f 2026//1169 2031//1174 2025//1168
f 2026//1169 2032//1175 2031//1174
f 2028//1171 2027//1170 2033//1176
f 2028//1171 2033//1176 2034//1177
f 2029//1172 2028//1171 2034//1177
f 2029//1172 2034//1177 2035//1178
f 1911//1054 2030//1173 2036//1179
f 1911//1054 2036//1179 1913//1056
f 2030//1173 2029//1172 2035//1178
f 2030//1173 2035//1178 2036//1179
f 358//131 2031//1174 1917//1060
f 358//131 378//150 2031//1174
f 1917//1060 2032//1175 1919//1062
f 1917//1060 2031//1174 2032//1175
f 2037//1180 2038//1181 2034//1177
f 2037//1180 2034//1177 2033//1176
f 2038//1181 2039//1182 2035//1178
f 2038//1181 2035//1178 2034//1177
f 2039//1182 2040//1183 2036//1179
f 2039//1182 2036//1179 2035//1178
f 2040//1183 1915//1058 1913//1056
f 2040//1183 1913//1056 2036//1179
f 2041//176 2042//509 2043//510
f 2041//176 2043//510 2044//179
f 2042//509 2045//511 2046//181
f 2042//509 2046//181 2043//510
f 2045//511 2047//182 2048//512
f 2045//511 2048//512 2046//181
f 2047//182 2049//184 2050//185
f 2047//182 2050//185 2048//512
f 2049//184 2051//186 2052//187
f 2049//184 2052//187 2050//185
f 2051//186 2053//188 2054//189
f 2051//186 2054//189 2052//187
f 2053//188 2055//190 2056//191
f 2053//188 2056//191 2054//189
f 2055//190 2057//513 2058//193
f 2055//190 2058//193 2056//191
f 2057//513 2059//194 2060//195
f 2057//513 2060//195 2058//193
f 2059//194 2061//196 2062//197
f 2059//194 2062//197 2060//195
f 2061//196 2063//198 2064//199
f 2061//196 2064//199 2062//197
f 2063//198 2065//200 2066//201
f 2063//198 2066//201 2064//199
f 2065//200 2067//202 2068//203
f 2065//200 2068//203 2066//201
f 2067//202 2069//204 2070//205
f 2067//202 2070//205 2068//203
f 2069//204 2071//514 2072//207
f 2069//204 2072//207 2070//205
f 2071//514 2073//515 2074//209
f 2071//514 2074//209 2072//207
f 2073//515 2075//210 2076//516
f 2073//515 2076//516 2074//209
f 2075//210 2077//212 2078//213
f 2075//210 2078//213 2076//516
f 2077//212 2079//517 2080//215
f 2077//212 2080//215 2078//213
f 2079//517 2081//518 2082//217
f 2079//517 2082//217 2080//215
f 2083//519 402//3 400//46
f 2083//519 2084//520 402//3
f 2085//220 2084//520 2083//519
f 2085//220 2086//588 2084//520
f 2087//222 2088//589 2089//522
f 2087//222 2089//522 2090//523
f 2091//524 2087//222 2090//523
f 2091//524 2090//523 2092//590
f 2041//176 2093//526 2094//229
f 2041//176 2094//229 2042//509
f 2093//526 2091//524 2092//590
f 2093//526 2092//590 2094//229
f 2084//520 403//48 402//3
f 2084//520 2095//230 403//48
f 2086//588 2095//230 2084//520
f 2086//588 2096//527 2095//230
f 2090//523 2089//522 2097//232
f 2090//523 2097//232 2098//233
f 2092//590 2090//523 2098//233
f 2092//590 2098//233 2099//1184
f 2042//509 2094//229 2100//591
f 2042//509 2100//591 2045//511
f 2094//229 2092//590 2099//1184
f 2094//229 2099//1184 2100//591
f 2095//230 404//49 403//48
f 2095//230 2101//236 404//49
f 2096//527 2101//236 2095//230
f 2096//527 2102//531 2101//236
f 2098//233 2097//232 2103//238
f 2098//233 2103//238 2104//239
f 2099//1184 2098//233 2104//239
f 2099//1184 2104//239 2105//532
f 2045//511 2100//591 2106//1185
f 2045//511 2106//1185 2047//182
f 2100//591 2099//1184 2105//532
f 2100//591 2105//532 2106//1185
f 2101//236 405//6 404//49
f 2101//236 2107//242 405//6
f 2102//531 2107//242 2101//236
f 2102//531 2108//534 2107//242
f 2104//239 2103//238 2109//244
f 2104//239 2109//244 2110//245
f 2105//532 2104//239 2110//245
f 2105//532 2110//245 2111//535
f 2047//182 2106//1185 2112//536
f 2047//182 2112//536 2049//184
f 2106//1185 2105//532 2111//535
f 2106//1185 2111//535 2112//536
f 2107//242 406//7 405//6
f 2107//242 2113//537 406//7
f 2108//534 2113//537 2107//242
f 2108//534 2114//249 2113//537
f 2110//245 2109//244 2115//630
f 2110//245 2115//630 2116//251
f 2111//535 2110//245 2116//251
f 2111//535 2116//251 2117//538
f 2049//184 2112//536 2118//1186
f 2049//184 2118//1186 2051//186
f 2112//536 2111//535 2117//538
f 2112//536 2117//538 2118//1186
f 2113//537 407//50 406//7
f 2113//537 2119//593 407//50
f 2114//249 2119//593 2113//537
f 2114//249 2120//540 2119//593
f 2116//251 2115//630 2121//594
f 2116//251 2121//594 2122//541
f 2117//538 2116//251 2122//541
f 2117//538 2122//541 2123//542
f 2051//186 2118//1186 2124//634
f 2051//186 2124//634 2053//188
f 2118//1186 2117//538 2123//542
f 2118//1186 2123//542 2124//634
f 2119//593 408//51 407//50
f 2119//593 2125//543 408//51
f 2120//540 2125//543 2119//593
f 2120//540 2126//261 2125//543
f 2122//541 2121//594 2127//262
f 2122//541 2127//262 2128//544
f 2123//542 2122//541 2128//544
f 2123//542 2128//544 2129//264
f 2053//188 2124//634 2130//596
f 2053//188 2130//596 2055//190
f 2124//634 2123//542 2129//264
f 2124//634 2129//264 2130//596
f 2125//543 409//52 408//51
f 2125//543 2131//266 409//52
f 2126//261 2131//266 2125//543
f 2126//261 2132//547 2131//266
f 2128//544 2127//262 2133//268
f 2128//544 2133//268 2134//269
f 2129//264 2128//544 2134//269
f 2129//264 2134//269 2135//548
f 2055//190 2130//596 2136//597
f 2055//190 2136//597 2057//513
f 2130//596 2129//264 2135//548
f 2130//596 2135//548 2136//597
f 2131//266 410//53 409//52
f 2131//266 2137//550 410//53
f 2132//547 2137//550 2131//266
f 2132//547 2138//551 2137//550
f 2134//269 2133//268 2139//274
f 2134//269 2139//274 2140//275
f 2135//548 2134//269 2140//275
f 2135//548 2140//275 2141//1003
f 2057//513 2136//597 2142//1187
f 2057//513 2142//1187 2059//194
f 2136//597 2135//548 2141//1003
f 2136//597 2141//1003 2142//1187
f 2137//550 411//12 410//53
f 2137//550 2143//278 411//12
f 2138//551 2143//278 2137//550
f 2138//551 2144//553 2143//278
f 2140//275 2139//274 2145//280
f 2140//275 2145//280 2146//281
f 2141//1003 2140//275 2146//281
f 2141//1003 2146//281 2147//554
f 2059//194 2142//1187 2148//555
f 2059//194 2148//555 2061//196
f 2142//1187 2141//1003 2147//554
f 2142//1187 2147//554 2148//555
f 2143//278 412//54 411//12
f 2143//278 2149//556 412//54
f 2144//553 2149//556 2143//278
f 2144//553 2150//557 2149//556
f 2146//281 2145//280 2151//558
f 2146//281 2151//558 2152//559
f 2147//554 2146//281 2152//559
f 2147//554 2152//559 2153//288
f 2061//196 2148//555 2154//560
f 2061//196 2154//560 2063//198
f 2148//555 2147//554 2153//288
f 2148//555 2153//288 2154//560
f 2149//556 413//55 412//54
f 2149//556 2155//646 413//55
f 2150//557 2155//646 2149//556
f 2150//557 2156//291 2155//646
f 2152//559 2151//558 2157//561
f 2152//559 2157//561 2158//293
f 2153//288 2152//559 2158//293
f 2153//288 2158//293 2159//562
f 2063//198 2154//560 2160//295
f 2063//198 2160//295 2065//200
f 2154//560 2153//288 2159//562
f 2154//560 2159//562 2160//295
f 2155//646 414//63 413//55
f 2155//646 2161//563 414//63
f 2156//291 2161//563 2155//646
f 2156//291 2162//564 2161//563
f 2158//293 2157//561 2163//298
f 2158//293 2163//298 2164//299
f 2159//562 2158//293 2164//299
f 2159//562 2164//299 2165//300
f 2065//200 2160//295 2166//301
f 2065//200 2166//301 2067//202
f 2160//295 2159//562 2165//300
f 2160//295 2165//300 2166//301
f 2161//563 415//56 414//63
f 2161//563 2167//302 415//56
f 2162//564 2167//302 2161//563
f 2162//564 2168//565 2167//302
f 2164//299 2163//298 2169//566
f 2164//299 2169//566 2170//305
f 2165//300 2164//299 2170//305
f 2165//300 2170//305 2171//306
f 2067//202 2166//301 2172//307
f 2067//202 2172//307 2069//204
f 2166//301 2165//300 2171//306
f 2166//301 2171//306 2172//307
f 2167//302 416//64 415//56
f 2167//302 2173//308 416//64
f 2168//565 2173//308 2167//302
f 2168//565 2174//309 2173//308
f 2170//305 2169//566 2175//310
f 2170//305 2175//310 2176//311
f 2171//306 2170//305 2176//311
f 2171//306 2176//311 2177//568
f 2069//204 2172//307 2178//569
f 2069//204 2178//569 2071//514
f 2172//307 2171//306 2177//568
f 2172//307 2177//568 2178//569
f 2173//308 417//58 416//64
f 2173//308 2179//314 417//58
f 2174//309 2179//314 2173//308
f 2174//309 2180//570 2179//314
f 2176//311 2175//310 2181//316
f 2176//311 2181//316 2182//571
f 2177//568 2176//311 2182//571
f 2177//568 2182//571 2183//605
f 2071//514 2178//569 2184//573
f 2071//514 2184//573 2073//515
f 2178//569 2177//568 2183//605
f 2178//569 2183//605 2184//573
f 2179//314 418//59 417//58
f 2179//314 2185//574 418//59
f 2180//570 2185//574 2179//314
f 2180//570 2186//575 2185//574
f 2182//571 2181//316 2187//606
f 2182//571 2187//606 2188//577
f 2183//605 2182//571 2188//577
f 2183//605 2188//577 2189//1188
f 2073//515 2184//573 2190//325
f 2073//515 2190//325 2075//210
f 2184//573 2183//605 2189//1188
f 2184//573 2189//1188 2190//325
f 2185//574 419//60 418//59
f 2185//574 2191//578 419//60
f 2186//575 2191//578 2185//574
f 2186//575 2192//327 2191//578
f 2188//577 2187//606 2193//1189
f 2188//577 2193//1189 2194//329
f 2189//1188 2188//577 2194//329
f 2189//1188 2194//329 2195//580
f 2075//210 2190//325 2196//607
f 2075//210 2196//607 2077//212
f 2190//325 2189//1188 2195//580
f 2190//325 2195//580 2196//607
f 2191//578 420//61 419//60
f 2191//578 2197//581 420//61
f 2192//327 2197//581 2191//578
f 2192//327 2198//582 2197//581
f 2194//329 2193//1189 2199//334
f 2194//329 2199//334 2200//1190
f 2195//580 2194//329 2200//1190
f 2195//580 2200//1190 2201//584
f 2077//212 2196//607 2202//337
f 2077//212 2202//337 2079//517
f 2196//607 2195//580 2201//584
f 2196//607 2201//584 2202//337
f 400//46 2197//581 2083//519
f 400//46 420//61 2197//581
f 2083//519 2198//582 2085//220
f 2083//519 2197//581 2198//582
f 2203//585 2204//339 2200//1190
f 2203//585 2200//1190 2199//334
f 2204//339 2205//586 2201//584
f 2204//339 2201//584 2200//1190
f 2205//586 2206//587 2202//337
f 2205//586 2202//337 2201//584
f 2206//587 2081//518 2079//517
f 2206//587 2079//517 2202//337
f 2207//1191 2208//177 2209//178
f 2207//1191 2209//178 2210//179
f 2208//177 2211//180 2212//1192
f 2208//177 2212//1192 2209//178
f 2211//180 2213//994 2214//512
f 2211//180 2214//512 2212//1192
f 2213//994 2215//184 2216//185
f 2213//994 2216//185 2214//512
f 2215//184 2217//186 2218//187
f 2215//184 2218//187 2216//185
f 2217//186 2219//1193 2220//1194
f 2217//186 2220//1194 2218//187
f 2219//1193 2221//190 2222//191
f 2219//1193 2222//191 2220//1194
f 2221//190 2223//192 2224//193
f 2221//190 2224//193 2222//191
f 2223//192 2225//194 2226//195
f 2223//192 2226//195 2224//193
f 2225//194 2227//610 2228//197
f 2225//194 2228//197 2226//195
f 2227//610 2229//198 2230//199
f 2227//610 2230//199 2228//197
f 2229//198 2231//200 2232//201
f 2229//198 2232//201 2230//199
f 2231//200 2233//202 2234//203
f 2231//200 2234//203 2232//201
f 2233//202 2235//204 2236//205
f 2233//202 2236//205 2234//203
f 2235//204 2237//1195 2238//207
f 2235//204 2238//207 2236//205
f 2237//1195 2239//613 2240//1196
f 2237//1195 2240//1196 2238//207
f 2239//613 2241//210 2242//211
f 2239//613 2242//211 2240//1196
f 2241//210 2243//1197 2244//213
f 2241//210 2244//213 2242//211
f 2243//1197 2245//214 2246//215
f 2243//1197 2246//215 2244//213
f 2245//214 2247//216 2248//217
f 2245//214 2248//217 2246//215
f 2249//1198 444//3 442//2
f 2249//1198 2250//219 444//3
f 2251//220 2250//219 2249//1198
f 2251//220 2252//221 2250//219
f 2253//222 2254//223 2255//224
f 2253//222 2255//224 2256//523
f 2257//226 2253//222 2256//523
f 2257//226 2256//523 2258//227
f 2207//1191 2259//997 2260//621
f 2207//1191 2260//621 2208//177
f 2259//997 2257//226 2258//227
f 2259//997 2258//227 2260//621
f 2250//219 445//4 444//3
f 2250//219 2261//230 445//4
f 2252//221 2261//230 2250//219
f 2252//221 2262//231 2261//230
f 2256//523 2255//224 2263//1199
f 2256//523 2263//1199 2264//1200
f 2258//227 2256//523 2264//1200
f 2258//227 2264//1200 2265//234
f 2208//177 2260//621 2266//591
f 2208//177 2266//591 2211//180
f 2260//621 2258//227 2265//234
f 2260//621 2265//234 2266//591
f 2261//230 446//120 445//4
f 2261//230 2267//236 446//120
f 2262//231 2267//236 2261//230
f 2262//231 2268//237 2267//236
f 2264//1200 2263//1199 2269//1201
f 2264//1200 2269//1201 2270//239
f 2265//234 2264//1200 2270//239
f 2265//234 2270//239 2271//240
f 2211//180 2266//591 2272//1202
f 2211//180 2272//1202 2213//994
f 2266//591 2265//234 2271//240
f 2266//591 2271//240 2272//1202
f 2267//236 447//6 446//120
f 2267//236 2273//242 447//6
f 2268//237 2273//242 2267//236
f 2268//237 2274//243 2273//242
f 2270//239 2269//1201 2275//1203
f 2270//239 2275//1203 2276//245
f 2271//240 2270//239 2276//245
f 2271//240 2276//245 2277//627
f 2213//994 2272//1202 2278//536
f 2213//994 2278//536 2215//184
f 2272//1202 2271//240 2277//627
f 2272//1202 2277//627 2278//536
f 2273//242 448//7 447//6
f 2273//242 2279//537 448//7
f 2274//243 2279//537 2273//242
f 2274//243 2280//1001 2279//537
f 2276//245 2275//1203 2281//250
f 2276//245 2281//250 2282//251
f 2277//627 2276//245 2282//251
f 2277//627 2282//251 2283//1002
f 2215//184 2278//536 2284//253
f 2215//184 2284//253 2217//186
f 2278//536 2277//627 2283//1002
f 2278//536 2283//1002 2284//253
f 2279//537 449//8 448//7
f 2279//537 2285//254 449//8
f 2280//1001 2285//254 2279//537
f 2280//1001 2286//540 2285//254
f 2282//251 2281//250 2287//594
f 2282//251 2287//594 2288//257
f 2283//1002 2282//251 2288//257
f 2283//1002 2288//257 2289//633
f 2217//186 2284//253 2290//259
f 2217//186 2290//259 2219//1193
f 2284//253 2283//1002 2289//633
f 2284//253 2289//633 2290//259
f 2285//254 450//9 449//8
f 2285//254 2291//260 450//9
f 2286//540 2291//260 2285//254
f 2286//540 2292//1204 2291//260
f 2288//257 2287//594 2293//262
f 2288//257 2293//262 2294//263
f 2289//633 2288//257 2294//263
f 2289//633 2294//263 2295//636
f 2219//1193 2290//259 2296//596
f 2219//1193 2296//596 2221//190
f 2290//259 2289//633 2295//636
f 2290//259 2295//636 2296//596
f 2291//260 451//10 450//9
f 2291//260 2297//266 451//10
f 2292//1204 2297//266 2291//260
f 2292//1204 2298//267 2297//266
f 2294//263 2293//262 2299//268
f 2294//263 2299//268 2300//269
f 2295//636 2294//263 2300//269
f 2295//636 2300//269 2301//270
f 2221//190 2296//596 2302//1205
f 2221//190 2302//1205 2223//192
f 2296//596 2295//636 2301//270
f 2296//596 2301//270 2302//1205
f 2297//266 452//11 451//10
f 2297//266 2303//272 452//11
f 2298//267 2303//272 2297//266
f 2298//267 2304//273 2303//272
f 2300//269 2299//268 2305//274
f 2300//269 2305//274 2306//275
f 2301//270 2300//269 2306//275
f 2301//270 2306//275 2307//276
f 2223//192 2302//1205 2308//598
f 2223//192 2308//598 2225//194
f 2302//1205 2301//270 2307//276
f 2302//1205 2307//276 2308//598
f 2303//272 453//12 452//11
f 2303//272 2309//278 453//12
f 2304//273 2309//278 2303//272
f 2304//273 2310//279 2309//278
f 2306//275 2305//274 2311//280
f 2306//275 2311//280 2312//281
f 2307//276 2306//275 2312//281
f 2307//276 2312//281 2313//642
f 2225//194 2308//598 2314//599
f 2225//194 2314//599 2227//610
f 2308//598 2307//276 2313//642
f 2308//598 2313//642 2314//599
f 2309//278 454//13 453//12
f 2309//278 2315//284 454//13
f 2310//279 2315//284 2309//278
f 2310//279 2316//285 2315//284
f 2312//281 2311//280 2317//286
f 2312//281 2317//286 2318//287
f 2313//642 2312//281 2318//287
f 2313//642 2318//287 2319//1007
f 2227//610 2314//599 2320//560
f 2227//610 2320//560 2229//198
f 2314//599 2313//642 2319//1007
f 2314//599 2319//1007 2320//560
f 2315//284 455//14 454//13
f 2315//284 2321//646 455//14
f 2316//285 2321//646 2315//284
f 2316//285 2322//291 2321//646
f 2318//287 2317//286 2323//561
f 2318//287 2323//561 2324//293
f 2319//1007 2318//287 2324//293
f 2319//1007 2324//293 2325//294
f 2229//198 2320//560 2326//295
f 2229//198 2326//295 2231//200
f 2320//560 2319//1007 2325//294
f 2320//560 2325//294 2326//295
f 2321//646 456//15 455//14
f 2321//646 2327//1206 456//15
f 2322//291 2327//1206 2321//646
f 2322//291 2328//297 2327//1206
f 2324//293 2323//561 2329//298
f 2324//293 2329//298 2330//299
f 2325//294 2324//293 2330//299
f 2325//294 2330//299 2331//300
f 2231//200 2326//295 2332//651
f 2231//200 2332//651 2233//202
f 2326//295 2325//294 2331//300
f 2326//295 2331//300 2332//651
f 2327//1206 457//56 456//15
f 2327//1206 2333//302 457//56
f 2328//297 2333//302 2327//1206
f 2328//297 2334//303 2333//302
f 2330//299 2329//298 2335//566
f 2330//299 2335//566 2336//305
f 2331//300 2330//299 2336//305
f 2331//300 2336//305 2337//306
f 2233//202 2332//651 2338//1010
f 2233//202 2338//1010 2235//204
f 2332//651 2331//300 2337//306
f 2332//651 2337//306 2338//1010
f 2333//302 458//17 457//56
f 2333//302 2339//308 458//17
f 2334//303 2339//308 2333//302
f 2334//303 2340//309 2339//308
f 2336//305 2335//566 2341//310
f 2336//305 2341//310 2342//311
f 2337//306 2336//305 2342//311
f 2337//306 2342//311 2343//1207
f 2235//204 2338//1010 2344//313
f 2235//204 2344//313 2237//1195
f 2338//1010 2337//306 2343//1207
f 2338//1010 2343//1207 2344//313
f 2339//308 459//18 458//17
f 2339//308 2345//1208 459//18
f 2340//309 2345//1208 2339//308
f 2340//309 2346//1209 2345//1208
f 2342//311 2341//310 2347//316
f 2342//311 2347//316 2348//317
f 2343//1207 2342//311 2348//317
f 2343//1207 2348//317 2349//1210
f 2237//1195 2344//313 2350//573
f 2237//1195 2350//573 2239//613
f 2344//313 2343//1207 2349//1210
f 2344//313 2349//1210 2350//573
f 2345//1208 460//19 459//18
f 2345//1208 2351//574 460//19
f 2346//1209 2351//574 2345//1208
f 2346//1209 2352//321 2351//574
f 2348//317 2347//316 2353//322
f 2348//317 2353//322 2354//323
f 2349//1210 2348//317 2354//323
f 2349//1210 2354//323 2355//324
f 2239//613 2350//573 2356//325
f 2239//613 2356//325 2241//210
f 2350//573 2349//1210 2355//324
f 2350//573 2355//324 2356//325
f 2351//574 461//20 460//19
f 2351//574 2357//326 461//20
f 2352//321 2357//326 2351//574
f 2352//321 2358//327 2357//326
f 2354//323 2353//322 2359//328
f 2354//323 2359//328 2360//329
f 2355//324 2354//323 2360//329
f 2355//324 2360//329 2361//580
f 2241//210 2356//325 2362//331
f 2241//210 2362//331 2243//1197
f 2356//325 2355//324 2361//580
f 2356//325 2361//580 2362//331
f 2357//326 462//151 461//20
f 2357//326 2363//332 462//151
f 2358//327 2363//332 2357//326
f 2358//327 2364//333 2363//332
f 2360//329 2359//328 2365//334
f 2360//329 2365//334 2366//335
f 2361//580 2360//329 2366//335
f 2361//580 2366//335 2367//336
f 2243//1197 2362//331 2368//1211
f 2243//1197 2368//1211 2245//214
f 2362//331 2361//580 2367//336
f 2362//331 2367//336 2368//1211
f 442//2 2363//332 2249//1198
f 442//2 462//151 2363//332
f 2249//1198 2364//333 2251//220
f 2249//1198 2363//332 2364//333
f 2369//585 2370//1212 2366//335
f 2369//585 2366//335 2365//334
f 2370//1212 2371//340 2367//336
f 2370//1212 2367//336 2366//335
f 2371//340 2372//341 2368//1211
f 2371//340 2368//1211 2367//336
f 2372//341 2247//216 2245//214
f 2372//341 2245//214 2368//1211
f 2373//176 2374//509 2375//510
f 2373//176 2375//510 2376//179
f 2374//509 2377//511 2378//181
f 2374//509 2378//181 2375//510
f 2377//511 2379//182 2380//512
f 2377//511 2380//512 2378//181
f 2379//182 2381//184 2382//185
f 2379//182 2382//185 2380//512
f 2381//184 2383//186 2384//187
f 2381//184 2384//187 2382//185
f 2383//186 2385//188 2386//189
f 2383//186 2386//189 2384//187
f 2385//188 2387//1213 2388//191
f 2385//188 2388//191 2386//189
f 2387//1213 2389//513 2390//193
f 2387//1213 2390//193 2388//191
f 2389//513 2391//194 2392//195
f 2389//513 2392//195 2390//193
f 2391//194 2393//196 2394//197
f 2391//194 2394//197 2392//195
f 2393//196 2395//198 2396//199
f 2393//196 2396//199 2394//197
f 2395//198 2397//1214 2398//201
f 2395//198 2398//201 2396//199
f 2397//1214 2399//202 2400//203
f 2397//1214 2400//203 2398//201
f 2399//202 2401//204 2402//205
f 2399//202 2402//205 2400//203
f 2401//204 2403//1195 2404//207
f 2401//204 2404//207 2402//205
f 2403//1195 2405//515 2406//1196
f 2403//1195 2406//1196 2404//207
f 2405//515 2407//210 2408//516
f 2405//515 2408//516 2406//1196
f 2407//210 2409//212 2410//213
f 2407//210 2410//213 2408//516
f 2409//212 2411//517 2412//215
f 2409//212 2412//215 2410//213
f 2411//517 2413//518 2414//217
f 2411//517 2414//217 2412//215
f 2415//519 486//62 484//46
f 2415//519 2416//520 486//62
f 2417//220 2416//520 2415//519
f 2417//220 2418//588 2416//520
f 2419//222 2420//589 2421//522
f 2419//222 2421//522 2422//523
f 2423//524 2419//222 2422//523
f 2423//524 2422//523 2424//227
f 2373//176 2425//526 2426//229
f 2373//176 2426//229 2374//509
f 2425//526 2423//524 2424//227
f 2425//526 2424//227 2426//229
f 2416//520 487//48 486//62
f 2416//520 2427//230 487//48
f 2418//588 2427//230 2416//520
f 2418//588 2428//527 2427//230
f 2422//523 2421//522 2429//232
f 2422//523 2429//232 2430//1200
f 2424//227 2422//523 2430//1200
f 2424//227 2430//1200 2431//1184
f 2374//509 2426//229 2432//530
f 2374//509 2432//530 2377//511
f 2426//229 2424//227 2431//1184
f 2426//229 2431//1184 2432//530
f 2427//230 488//49 487//48
f 2427//230 2433//1215 488//49
f 2428//527 2433//1215 2427//230
f 2428//527 2434//237 2433//1215
f 2430//1200 2429//232 2435//1216
f 2430//1200 2435//1216 2436//239
f 2431//1184 2430//1200 2436//239
f 2431//1184 2436//239 2437//532
f 2377//511 2432//530 2438//533
f 2377//511 2438//533 2379//182
f 2432//530 2431//1184 2437//532
f 2432//530 2437//532 2438//533
f 2433//1215 489//6 488//49
f 2433//1215 2439//242 489//6
f 2434//237 2439//242 2433//1215
f 2434//237 2440//534 2439//242
f 2436//239 2435//1216 2441//1203
f 2436//239 2441//1203 2442//245
f 2437//532 2436//239 2442//245
f 2437//532 2442//245 2443//246
f 2379//182 2438//533 2444//247
f 2379//182 2444//247 2381//184
f 2438//533 2437//532 2443//246
f 2438//533 2443//246 2444//247
f 2439//242 490//152 489//6
f 2439//242 2445//1217 490//152
f 2440//534 2445//1217 2439//242
f 2440//534 2446//249 2445//1217
f 2442//245 2441//1203 2447//250
f 2442//245 2447//250 2448//251
f 2443//246 2442//245 2448//251
f 2443//246 2448//251 2449//631
f 2381//184 2444//247 2450//253
f 2381//184 2450//253 2383//186
f 2444//247 2443//246 2449//631
f 2444//247 2449//631 2450//253
f 2445//1217 491//50 490//152
f 2445//1217 2451//593 491//50
f 2446//249 2451//593 2445//1217
f 2446//249 2452//540 2451//593
f 2448//251 2447//250 2453//256
f 2448//251 2453//256 2454//541
f 2449//631 2448//251 2454//541
f 2449//631 2454//541 2455//542
f 2383//186 2450//253 2456//259
f 2383//186 2456//259 2385//188
f 2450//253 2449//631 2455//542
f 2450//253 2455//542 2456//259
f 2451//593 492//51 491//50
f 2451//593 2457//543 492//51
f 2452//540 2457//543 2451//593
f 2452//540 2458//261 2457//543
f 2454//541 2453//256 2459//262
f 2454//541 2459//262 2460//544
f 2455//542 2454//541 2460//544
f 2455//542 2460//544 2461//264
f 2385//188 2456//259 2462//545
f 2385//188 2462//545 2387//1213
f 2456//259 2455//542 2461//264
f 2456//259 2461//264 2462//545
f 2457//543 493//52 492//51
f 2457//543 2463//266 493//52
f 2458//261 2463//266 2457//543
f 2458//261 2464//547 2463//266
f 2460//544 2459//262 2465//268
f 2460//544 2465//268 2466//269
f 2461//264 2460//544 2466//269
f 2461//264 2466//269 2467//548
f 2387//1213 2462//545 2468//597
f 2387//1213 2468//597 2389//513
f 2462//545 2461//264 2467//548
f 2462//545 2467//548 2468//597
f 2463//266 494//53 493//52
f 2463//266 2469//550 494//53
f 2464//547 2469//550 2463//266
f 2464//547 2470//551 2469//550
f 2466//269 2465//268 2471//274
f 2466//269 2471//274 2472//1218
f 2467//548 2466//269 2472//1218
f 2467//548 2472//1218 2473//1003
f 2389//513 2468//597 2474//598
f 2389//513 2474//598 2391//194
f 2468//597 2467//548 2473//1003
f 2468//597 2473//1003 2474//598
f 2469//550 495//12 494//53
f 2469//550 2475//278 495//12
f 2470//551 2475//278 2469//550
f 2470//551 2476//553 2475//278
f 2472//1218 2471//274 2477//280
f 2472//1218 2477//280 2478//281
f 2473//1003 2472//1218 2478//281
f 2473//1003 2478//281 2479//554
f 2391//194 2474//598 2480//555
f 2391//194 2480//555 2393//196
f 2474//598 2473//1003 2479//554
f 2474//598 2479//554 2480//555
f 2475//278 496//54 495//12
f 2475//278 2481//556 496//54
f 2476//553 2481//556 2475//278
f 2476//553 2482//285 2481//556
f 2478//281 2477//280 2483//286
f 2478//281 2483//286 2484//1219
f 2479//554 2478//281 2484//1219
f 2479//554 2484//1219 2485//1220
f 2393//196 2480//555 2486//560
f 2393//196 2486//560 2395//198
f 2480//555 2479//554 2485//1220
f 2480//555 2485//1220 2486//560
f 2481//556 497//153 496//54
f 2481//556 2487//600 497//153
f 2482//285 2487//600 2481//556
f 2482//285 2488//291 2487//600
f 2484//1219 2483//286 2489//292
f 2484//1219 2489//292 2490//293
f 2485//1220 2484//1219 2490//293
f 2485//1220 2490//293 2491//562
f 2395//198 2486//560 2492//295
f 2395//198 2492//295 2397//1214
f 2486//560 2485//1220 2491//562
f 2486//560 2491//562 2492//295
f 2487//600 498//15 497//153
f 2487//600 2493//563 498//15
f 2488//291 2493//563 2487//600
f 2488//291 2494//564 2493//563
f 2490//293 2489//292 2495//298
f 2490//293 2495//298 2496//299
f 2491//562 2490//293 2496//299
f 2491//562 2496//299 2497//1221
f 2397//1214 2492//295 2498//301
f 2397//1214 2498//301 2399//202
f 2492//295 2491//562 2497//1221
f 2492//295 2497//1221 2498//301
f 2493//563 499//56 498//15
f 2493//563 2499//302 499//56
f 2494//564 2499//302 2493//563
f 2494//564 2500//565 2499//302
f 2496//299 2495//298 2501//566
f 2496//299 2501//566 2502//305
f 2497//1221 2496//299 2502//305
f 2497//1221 2502//305 2503//306
f 2399//202 2498//301 2504//603
f 2399//202 2504//603 2401//204
f 2498//301 2497//1221 2503//306
f 2498//301 2503//306 2504//603
f 2499//302 500//64 499//56
f 2499//302 2505//604 500//64
f 2500//565 2505//604 2499//302
f 2500//565 2506//309 2505//604
f 2502//305 2501//566 2507//310
f 2502//305 2507//310 2508//311
f 2503//306 2502//305 2508//311
f 2503//306 2508//311 2509//312
f 2401//204 2504//603 2510//1014
f 2401//204 2510//1014 2403//1195
f 2504//603 2503//306 2509//312
f 2504//603 2509//312 2510//1014
f 2505//604 501//58 500//64
f 2505//604 2511//314 501//58
f 2506//309 2511//314 2505//604
f 2506//309 2512//1209 2511//314
f 2508//311 2507//310 2513//316
f 2508//311 2513//316 2514//571
f 2509//312 2508//311 2514//571
f 2509//312 2514//571 2515//318
f 2403//1195 2510//1014 2516//659
f 2403//1195 2516//659 2405//515
f 2510//1014 2509//312 2515//318
f 2510//1014 2515//318 2516//659
f 2511//314 502//72 501//58
f 2511//314 2517//574 502//72
f 2512//1209 2517//574 2511//314
f 2512//1209 2518//1222 2517//574
f 2514//571 2513//316 2519//606
f 2514//571 2519//606 2520//577
f 2515//318 2514//571 2520//577
f 2515//318 2520//577 2521//324
f 2405//515 2516//659 2522//1223
f 2405//515 2522//1223 2407//210
f 2516//659 2515//318 2521//324
f 2516//659 2521//324 2522//1223
f 2517//574 503//60 502//72
f 2517//574 2523//578 503//60
f 2518//1222 2523//578 2517//574
f 2518//1222 2524//327 2523//578
f 2520//577 2519//606 2525//328
f 2520//577 2525//328 2526//329
f 2521//324 2520//577 2526//329
f 2521//324 2526//329 2527//580
f 2407//210 2522//1223 2528//331
f 2407//210 2528//331 2409//212
f 2522//1223 2521//324 2527//580
f 2522//1223 2527//580 2528//331
f 2523//578 504//61 503//60
f 2523//578 2529//332 504//61
f 2524//327 2529//332 2523//578
f 2524//327 2530//582 2529//332
f 2526//329 2525//328 2531//334
f 2526//329 2531//334 2532//583
f 2527//580 2526//329 2532//583
f 2527//580 2532//583 2533//584
f 2409//212 2528//331 2534//663
f 2409//212 2534//663 2411//517
f 2528//331 2527//580 2533//584
f 2528//331 2533//584 2534//663
f 484//46 2529//332 2415//519
f 484//46 504//61 2529//332
f 2415//519 2530//582 2417//220
f 2415//519 2529//332 2530//582
f 2535//585 2536//339 2532//583
f 2535//585 2532//583 2531//334
f 2536//339 2537//586 2533//584
f 2536//339 2533//584 2532//583
f 2537//586 2538//1224 2534//663
f 2537//586 2534//663 2533//584
f 2538//1224 2413//518 2411//517
f 2538//1224 2411//517 2534//663
f 2539//1225 2540//1226 2541//1227
f 2539//1225 2541//1227 2542//1228
f 2540//1226 2543//1229 2544//1230
f 2540//1226 2544//1230 2541//1227
f 2543//1229 2545//1231 2546//1232
f 2543//1229 2546//1232 2544//1230
f 2545//1231 2547//1233 2548//1234
f 2545//1231 2548//1234 2546//1232
f 2547//1233 2549//1235 2550//1236
f 2547//1233 2550//1236 2548//1234
f 2549//1235 2551//1237 2552//1238
f 2549//1235 2552//1238 2550//1236
f 2551//1237 2553//1239 2554//1240
f 2551//1237 2554//1240 2552//1238
f 2553//1239 2555//1241 2556//1242
f 2553//1239 2556//1242 2554//1240
f 2555//1241 2557//1243 2558//195
f 2555//1241 2558//195 2556//1242
f 2557//1243 2559//1244 2560//1245
f 2557//1243 2560//1245 2558//195
f 2559//1244 2561//1246 2562//1247
f 2559//1244 2562//1247 2560//1245
f 2561//1246 2563//1248 2564//1249
f 2561//1246 2564//1249 2562//1247
f 2563//1248 2565//1250 2566//1251
f 2563//1248 2566//1251 2564//1249
f 2565//1250 2567//1252 2568//1253
f 2565//1250 2568//1253 2566//1251
f 2567//1252 2569//1254 2570//1255
f 2567//1252 2570//1255 2568//1253
f 2569//1254 2571//1256 2572//1257
f 2569//1254 2572//1257 2570//1255
f 2571//1256 2573//1258 2574//1259
f 2571//1256 2574//1259 2572//1257
f 2573//1258 2575//1260 2576//1261
f 2573//1258 2576//1261 2574//1259
f 2575//1260 2577//1262 2578//215
f 2575//1260 2578//215 2576//1261
f 2577//1262 2579//1263 2580//1264
f 2577//1262 2580//1264 2578//215
f 2581//1265 528//157 526//156
f 2581//1265 2582//1266 528//157
f 2583//1267 2582//1266 2581//1265
f 2583//1267 2584//1268 2582//1266
f 2585//1269 2586//1270 2587//1271
f 2585//1269 2587//1271 2588//1272
f 2589//1273 2585//1269 2588//1272
f 2589//1273 2588//1272 2590//1274
f 2539//1225 2591//1275 2592//1276
f 2539//1225 2592//1276 2540//1226
f 2591//1275 2589//1273 2590//1274
f 2591//1275 2590//1274 2592//1276
f 2582//1266 529//158 528//157
f 2582//1266 2593//1277 529//158
f 2584//1268 2593//1277 2582//1266
f 2584//1268 2594//1278 2593//1277
f 2588//1272 2587//1271 2595//1279
f 2588//1272 2595//1279 2596//1280
f 2590//1274 2588//1272 2596//1280
f 2590//1274 2596//1280 2597//1281
f 2540//1226 2592//1276 2598//1282
f 2540//1226 2598//1282 2543//1229
f 2592//1276 2590//1274 2597//1281
f 2592//1276 2597//1281 2598//1282
f 2593//1277 530//159 529//158
f 2593//1277 2599//1283 530//159
f 2594//1278 2599//1283 2593//1277
f 2594//1278 2600//1284 2599//1283
f 2596//1280 2595//1279 2601//1285
f 2596//1280 2601//1285 2602//1286
f 2597//1281 2596//1280 2602//1286
f 2597//1281 2602//1286 2603//1287
f 2543//1229 2598//1282 2604//1288
f 2543//1229 2604//1288 2545//1231
f 2598//1282 2597//1281 2603//1287
f 2598//1282 2603//1287 2604//1288
f 2599//1283 531//160 530//159
f 2599//1283 2605//1289 531//160
f 2600//1284 2605//1289 2599//1283
f 2600//1284 2606//1290 2605//1289
f 2602//1286 2601//1285 2607//1291
f 2602//1286 2607//1291 2608//1292
f 2603//1287 2602//1286 2608//1292
f 2603//1287 2608//1292 2609//1293
f 2545//1231 2604//1288 2610//1294
f 2545//1231 2610//1294 2547//1233
f 2604//1288 2603//1287 2609//1293
f 2604//1288 2609//1293 2610//1294
f 2605//1289 532//161 531//160
f 2605//1289 2611//1295 532//161
f 2606//1290 2611//1295 2605//1289
f 2606//1290 2612//1296 2611//1295
f 2608//1292 2607//1291 2613//1297
f 2608//1292 2613//1297 2614//1298
f 2609//1293 2608//1292 2614//1298
f 2609//1293 2614//1298 2615//1299
f 2547//1233 2610//1294 2616//1300
f 2547//1233 2616//1300 2549//1235
f 2610//1294 2609//1293 2615//1299
f 2610//1294 2615//1299 2616//1300
f 2611//1295 533//162 532//161
f 2611//1295 2617//1301 533//162
f 2612//1296 2617//1301 2611//1295
f 2612//1296 2618//1302 2617//1301
f 2614//1298 2613//1297 2619//1303
f 2614//1298 2619//1303 2620//1304
f 2615//1299 2614//1298 2620//1304
f 2615//1299 2620//1304 2621//1305
f 2549//1235 2616//1300 2622//1306
f 2549//1235 2622//1306 2551//1237
f 2616//1300 2615//1299 2621//1305
f 2616//1300 2621//1305 2622//1306
f 2617//1301 534//163 533//162
f 2617//1301 2623//1307 534//163
f 2618//1302 2623//1307 2617//1301
f 2618//1302 2624//1308 2623//1307
f 2620//1304 2619//1303 2625//1309
f 2620//1304 2625//1309 2626//1310
f 2621//1305 2620//1304 2626//1310
f 2621//1305 2626//1310 2627//1311
f 2551//1237 2622//1306 2628//1312
f 2551//1237 2628//1312 2553//1239
f 2622//1306 2621//1305 2627//1311
f 2622//1306 2627//1311 2628//1312
f 2623//1307 535//164 534//163
f 2623//1307 2629//1313 535//164
f 2624//1308 2629//1313 2623//1307
f 2624//1308 2630//1314 2629//1313
f 2626//1310 2625//1309 2631//1315
f 2626//1310 2631//1315 2632//1316
f 2627//1311 2626//1310 2632//1316
f 2627//1311 2632//1316 2633//1317
f 2553//1239 2628//1312 2634//1318
f 2553//1239 2634//1318 2555//1241
f 2628//1312 2627//1311 2633//1317
f 2628//1312 2633//1317 2634//1318
f 2629//1313 536//165 535//164
f 2629//1313 2635//1319 536//165
f 2630//1314 2635//1319 2629//1313
f 2630//1314 2636//1320 2635//1319
f 2632//1316 2631//1315 2637//1321
f 2632//1316 2637//1321 2638//1322
f 2633//1317 2632//1316 2638//1322
f 2633//1317 2638//1322 2639//1323
f 2555//1241 2634//1318 2640//1324
f 2555//1241 2640//1324 2557//1243
f 2634//1318 2633//1317 2639//1323
f 2634//1318 2639//1323 2640//1324
f 2635//1319 537//166 536//165
f 2635//1319 2641//1325 537//166
f 2636//1320 2641//1325 2635//1319
f 2636//1320 2642//1326 2641//1325
f 2638//1322 2637//1321 2643//1327
f 2638//1322 2643//1327 2644//1328
f 2639//1323 2638//1322 2644//1328
f 2639//1323 2644//1328 2645//1329
f 2557//1243 2640//1324 2646//1330
f 2557//1243 2646//1330 2559//1244
f 2640//1324 2639//1323 2645//1329
f 2640//1324 2645//1329 2646//1330
f 2641//1325 538//167 537//166
f 2641//1325 2647//1331 538//167
f 2642//1326 2647//1331 2641//1325
f 2642//1326 2648//1332 2647//1331
f 2644//1328 2643//1327 2649//1333
f 2644//1328 2649//1333 2650//1334
f 2645//1329 2644//1328 2650//1334
f 2645//1329 2650//1334 2651//1335
f 2559//1244 2646//1330 2652//1336
f 2559//1244 2652//1336 2561//1246
f 2646//1330 2645//1329 2651//1335
f 2646//1330 2651//1335 2652//1336
f 2647//1331 539//168 538//167
f 2647//1331 2653//1337 539//168
f 2648//1332 2653//1337 2647//1331
f 2648//1332 2654//1338 2653//1337
f 2650//1334 2649//1333 2655//1339
f 2650//1334 2655//1339 2656//1340
f 2651//1335 2650//1334 2656//1340
f 2651//1335 2656//1340 2657//1341
f 2561//1246 2652//1336 2658//1342
f 2561//1246 2658//1342 2563//1248
f 2652//1336 2651//1335 2657//1341
f 2652//1336 2657//1341 2658//1342
f 2653//1337 540//169 539//168
f 2653//1337 2659//1343 540//169
f 2654//1338 2659//1343 2653//1337
f 2654//1338 2660//1344 2659//1343
f 2656//1340 2655//1339 2661//1345
f 2656//1340 2661//1345 2662//1346
f 2657//1341 2656//1340 2662//1346
f 2657//1341 2662//1346 2663//1347
f 2563//1248 2658//1342 2664//1348
f 2563//1248 2664//1348 2565//1250
f 2658//1342 2657//1341 2663//1347
f 2658//1342 2663//1347 2664//1348
f 2659//1343 541//170 540//169
f 2659//1343 2665//1349 541//170
f 2660//1344 2665//1349 2659//1343
f 2660//1344 2666//1350 2665//1349
f 2662//1346 2661//1345 2667//1351
f 2662//1346 2667//1351 2668//1352
f 2663//1347 2662//1346 2668//1352
f 2663//1347 2668//1352 2669//1353
f 2565//1250 2664//1348 2670//1354
f 2565//1250 2670//1354 2567//1252
f 2664//1348 2663//1347 2669//1353
f 2664//1348 2669//1353 2670//1354
f 2665//1349 542//171 541//170
f 2665//1349 2671//1355 542//171
f 2666//1350 2671//1355 2665//1349
f 2666//1350 2672//1356 2671//1355
f 2668//1352 2667//1351 2673//1357
f 2668//1352 2673//1357 2674//1358
f 2669//1353 2668//1352 2674//1358
f 2669//1353 2674//1358 2675//1359
f 2567//1252 2670//1354 2676//1360
f 2567//1252 2676//1360 2569//1254
f 2670//1354 2669//1353 2675//1359
f 2670//1354 2675//1359 2676//1360
f 2671//1355 543//172 542//171
f 2671//1355 2677//1361 543//172
f 2672//1356 2677//1361 2671//1355
f 2672//1356 2678//1362 2677//1361
f 2674//1358 2673//1357 2679//1363
f 2674//1358 2679//1363 2680//1364
f 2675//1359 2674//1358 2680//1364
f 2675//1359 2680//1364 2681//1365
f 2569//1254 2676//1360 2682//1366
f 2569//1254 2682//1366 2571//1256
f 2676//1360 2675//1359 2681//1365
f 2676//1360 2681//1365 2682//1366
f 2677//1361 544//173 543//172
f 2677//1361 2683//1367 544//173
f 2678//1362 2683//1367 2677//1361
f 2678//1362 2684//1368 2683//1367
f 2680//1364 2679//1363 2685//1369
f 2680//1364 2685//1369 2686//1370
f 2681//1365 2680//1364 2686//1370
f 2681//1365 2686//1370 2687//1371
f 2571//1256 2682//1366 2688//1372
f 2571//1256 2688//1372 2573//1258
f 2682//1366 2681//1365 2687//1371
f 2682//1366 2687//1371 2688//1372
f 2683//1367 545//174 544//173
f 2683//1367 2689//1373 545//174
f 2684//1368 2689//1373 2683//1367
f 2684//1368 2690//1374 2689//1373
f 2686//1370 2685//1369 2691//1375
f 2686//1370 2691//1375 2692//1376
f 2687//1371 2686//1370 2692//1376
f 2687//1371 2692//1376 2693//1377
f 2573//1258 2688//1372 2694//1378
f 2573//1258 2694//1378 2575//1260
f 2688//1372 2687//1371 2693//1377
f 2688//1372 2693//1377 2694//1378
f 2689//1373 546//175 545//174
f 2689//1373 2695//1379 546//175
f 2690//1374 2695//1379 2689//1373
f 2690//1374 2696//1380 2695//1379
f 2692//1376 2691//1375 2697//1381
f 2692//1376 2697//1381 2698//1382
f 2693//1377 2692//1376 2698//1382
f 2693//1377 2698//1382 2699//1383
f 2575//1260 2694//1378 2700//1384
f 2575//1260 2700//1384 2577//1262
f 2694//1378 2693//1377 2699//1383
f 2694//1378 2699//1383 2700//1384
f 526//156 2695//1379 2581//1265
f 526//156 546//175 2695//1379
f 2581//1265 2696//1380 2583//1267
f 2581//1265 2695//1379 2696//1380
f 2701//1385 2702//1386 2698//1382
f 2701//1385 2698//1382 2697//1381
f 2702//1386 2703//1387 2699//1383
f 2702//1386 2699//1383 2698//1382
f 2703//1387 2704//1388 2700//1384
f 2703//1387 2700//1384 2699//1383
f 2704//1388 2579//1263 2577//1262
f 2704//1388 2577//1262 2700//1384
