# Blender 4.4.1
# www.blender.org
mtllib SM_polySurface251_lambert1_0_0.mtl
o SM_polySurface251_lambert1_0_0
v 3.863276 7.232383 11.198864
v 3.863276 7.223969 11.215378
v 3.863276 7.280305 11.233683
v 3.863276 7.245488 11.185760
v 3.863276 7.262001 11.177347
v 3.863276 7.280305 11.174448
v 3.863276 7.298610 11.177347
v 3.863276 7.315123 11.185760
v 3.863276 7.328228 11.198864
v 3.863276 7.336641 11.215378
v 3.863276 7.339540 11.233683
v 3.863276 7.336641 11.251987
v 3.863276 7.328228 11.268501
v 3.863276 7.315123 11.281607
v 3.863276 7.298610 11.290018
v 3.863276 7.280305 11.292919
v 3.863276 7.262001 11.290018
v 3.863276 7.245488 11.281607
v 3.863276 7.232383 11.268501
v 3.863276 7.223969 11.251987
v 3.863276 7.221070 11.233683
v 4.038414 7.205235 11.209291
v 4.038414 7.221912 11.191257
v 4.038414 7.280305 11.233683
v 4.038414 7.258001 11.165037
v 4.038414 7.280305 11.154749
v 4.038414 7.302609 11.165037
v 4.038414 7.338698 11.191257
v 4.038414 7.355376 11.209291
v 4.038414 7.359239 11.233683
v 4.038414 7.355376 11.258076
v 4.038414 7.338698 11.276108
v 4.038414 7.302609 11.302328
v 4.038414 7.280305 11.312616
v 4.038414 7.258001 11.302328
v 4.038414 7.221912 11.276108
v 4.038414 7.205235 11.258076
v 4.038414 7.201372 11.233683
v 4.038414 7.255496 11.199535
v 4.038414 7.235429 11.190886
v 4.038414 7.243074 11.189114
v 4.038414 7.249424 11.184502
v 4.038414 7.253471 11.177776
v 3.923516 7.246714 11.187447
v 3.928114 7.253471 11.177776
v 3.930357 7.249408 11.184326
v 3.930357 7.242914 11.189045
v 3.928114 7.235429 11.190886
v 4.038414 7.305114 11.199535
v 4.038414 7.307139 11.177776
v 4.038414 7.311187 11.184502
v 4.038414 7.317536 11.189114
v 4.038414 7.325181 11.190886
v 3.923516 7.313897 11.187447
v 3.928114 7.325181 11.190886
v 3.930357 7.317697 11.189045
v 3.930357 7.311202 11.184326
v 3.928114 7.307139 11.177776
v 4.038414 7.305114 11.267828
v 4.038414 7.325181 11.276480
v 4.038414 7.317536 11.278252
v 4.038414 7.311187 11.282866
v 4.038414 7.307139 11.289589
v 3.923516 7.313897 11.279919
v 3.928114 7.307139 11.289589
v 3.930357 7.311202 11.283039
v 3.930357 7.317697 11.278320
v 3.928114 7.325181 11.276480
v 4.038414 7.255496 11.267828
v 4.038414 7.253471 11.289589
v 4.038414 7.249424 11.282866
v 4.038414 7.243074 11.278252
v 4.038414 7.235429 11.276480
v 3.923516 7.246714 11.279919
v 3.928114 7.235429 11.276480
v 3.930357 7.242914 11.278320
v 3.930357 7.249408 11.283039
v 3.928114 7.253471 11.289589
v 4.038848 7.252456 11.213449
v 4.038848 7.247566 11.223045
v 4.038848 7.280306 11.233683
v 4.038848 7.260071 11.205832
v 4.038848 7.269668 11.200943
v 4.038848 7.280306 11.199257
v 4.038848 7.290945 11.200943
v 4.038848 7.300541 11.205832
v 4.038848 7.308157 11.213449
v 4.038848 7.313048 11.223045
v 4.038848 7.314733 11.233683
v 4.038848 7.313048 11.244322
v 4.038848 7.308157 11.253920
v 4.038848 7.300541 11.261534
v 4.038848 7.290945 11.266424
v 4.038848 7.280306 11.268108
v 4.038848 7.269668 11.266424
v 4.038848 7.260071 11.261534
v 4.038848 7.252456 11.253920
v 4.038848 7.247566 11.244322
v 4.038848 7.245881 11.233683
v 4.052806 7.251598 11.224356
v 4.052806 7.255885 11.215940
v 4.052806 7.280306 11.233683
v 4.052806 7.262563 11.209263
v 4.052806 7.270978 11.204975
v 4.052806 7.280306 11.203497
v 4.052806 7.289635 11.204975
v 4.052806 7.298050 11.209263
v 4.052806 7.304728 11.215940
v 4.052806 7.309017 11.224356
v 4.052806 7.310493 11.233683
v 4.052806 7.309017 11.243011
v 4.052806 7.304728 11.251427
v 4.052806 7.298050 11.258106
v 4.052806 7.289635 11.262392
v 4.052806 7.280306 11.263870
v 4.052806 7.270978 11.262392
v 4.052806 7.262563 11.258106
v 4.052806 7.255885 11.251427
v 4.052806 7.251598 11.243011
v 4.052806 7.250120 11.233683
v 3.839985 5.810741 11.206773
v 3.846489 5.810741 11.219535
v 3.802945 5.810741 11.233683
v 3.829856 5.810741 11.196644
v 3.817093 5.810741 11.190140
v 3.802945 5.810741 11.187901
v 3.788796 5.810741 11.190140
v 3.776033 5.810741 11.196644
v 3.765906 5.810741 11.206773
v 3.759402 5.810741 11.219535
v 3.757161 5.810741 11.233683
v 3.759402 5.810741 11.247831
v 3.765906 5.810741 11.260595
v 3.776033 5.810741 11.270723
v 3.788796 5.810741 11.277227
v 3.802945 5.810741 11.279468
v 3.817093 5.810741 11.277227
v 3.829856 5.810741 11.270723
v 3.839985 5.810741 11.260595
v 3.846489 5.810741 11.247831
v 3.848728 5.810741 11.233683
v 3.846489 7.425751 11.247831
v 3.848728 7.425751 11.233683
v 3.802945 7.425751 11.233684
v 3.839985 7.425751 11.260595
v 3.846489 7.425751 11.247831
v 3.829856 7.425751 11.270723
v 3.839985 7.425751 11.260595
v 3.802945 7.425751 11.233684
v 3.817093 7.425751 11.277227
v 3.829856 7.425751 11.270723
v 3.802945 7.425751 11.279468
v 3.817093 7.425751 11.277227
v 3.802945 7.425751 11.233684
v 3.788796 7.425751 11.277227
v 3.802945 7.425751 11.279468
v 3.802945 7.425751 11.233684
v 3.776033 7.425751 11.270723
v 3.788796 7.425751 11.277227
v 3.802945 7.425751 11.233684
v 3.765906 7.425751 11.260595
v 3.776033 7.425751 11.270723
v 3.802945 7.425751 11.233684
v 3.759402 7.425751 11.247831
v 3.765906 7.425751 11.260595
v 3.757161 7.425751 11.233683
v 3.759402 7.425751 11.247831
v 3.759402 7.425751 11.219535
v 3.757161 7.425751 11.233683
v 3.765906 7.425751 11.206773
v 3.759402 7.425751 11.219535
v 3.776033 7.425751 11.196644
v 3.765906 7.425751 11.206773
v 3.802945 7.425751 11.233684
v 3.788796 7.425751 11.190140
v 3.776033 7.425751 11.196644
v 3.802945 7.425751 11.233684
v 3.802945 7.425751 11.187901
v 3.788796 7.425751 11.190140
v 3.802945 7.425751 11.233684
v 3.817093 7.425751 11.190140
v 3.802945 7.425751 11.187901
v 3.829856 7.425751 11.196644
v 3.817093 7.425751 11.190140
v 3.839985 7.425751 11.206773
v 3.829856 7.425751 11.196644
v 3.846489 7.425751 11.219535
v 3.839985 7.425751 11.206773
v 3.848728 7.425751 11.233683
v 3.846489 7.425751 11.219535
v 3.837566 7.464438 11.222435
v 3.832395 7.464438 11.212287
v 3.802945 7.464438 11.233683
v 3.824342 7.464438 11.204233
v 3.814194 7.464438 11.199062
v 3.802945 7.464438 11.197282
v 3.791697 7.464438 11.199062
v 3.781549 7.464438 11.204233
v 3.773496 7.464438 11.212287
v 3.768325 7.464438 11.222435
v 3.766544 7.464438 11.233683
v 3.768325 7.464438 11.244932
v 3.773496 7.464438 11.255080
v 3.781549 7.464438 11.263133
v 3.791697 7.464438 11.268304
v 3.802945 7.464438 11.270085
v 3.814194 7.464438 11.268304
v 3.824342 7.464438 11.263133
v 3.832395 7.464438 11.255080
v 3.837566 7.464438 11.244932
v 3.839348 7.464438 11.233683
v 3.841084 7.411446 11.205974
v 3.847780 7.411446 11.219116
v 3.802945 7.411446 11.233683
v 3.830655 7.411446 11.195545
v 3.817513 7.411446 11.188848
v 3.802945 7.411446 11.186543
v 3.788378 7.411446 11.188848
v 3.775236 7.411446 11.195545
v 3.764807 7.411446 11.205974
v 3.758111 7.411446 11.219116
v 3.755804 7.411446 11.233683
v 3.758111 7.411446 11.248251
v 3.764807 7.411446 11.261394
v 3.775236 7.411446 11.271822
v 3.788378 7.411446 11.278518
v 3.802945 7.411446 11.280825
v 3.817513 7.411446 11.278518
v 3.830655 7.411446 11.271822
v 3.841084 7.411446 11.261394
v 3.847780 7.411446 11.248251
v 3.850086 7.411446 11.233683
v 3.773335 8.047527 12.052888
v 3.771773 8.047527 12.043203
v 3.802945 8.047548 12.043203
v 3.777846 8.047527 12.061563
v 3.773335 8.047527 12.052888
v 3.802945 8.047548 12.043203
v 3.784789 8.047527 12.068363
v 3.777846 8.047527 12.061563
v 3.802945 8.047548 12.043203
v 3.793435 8.047527 12.072680
v 3.784789 8.047527 12.068363
v 3.802945 8.047548 12.043203
v 3.802945 8.047527 12.074152
v 3.793435 8.047527 12.072680
v 3.802945 8.047548 12.043203
v 3.812456 8.047527 12.072680
v 3.802945 8.047527 12.074152
v 3.802945 8.047548 12.043203
v 3.821103 8.047527 12.068363
v 3.812456 8.047527 12.072680
v 3.802945 8.047548 12.043203
v 3.828045 8.047527 12.061560
v 3.821103 8.047527 12.068363
v 3.802945 8.047548 12.043203
v 3.832554 8.047527 12.052889
v 3.828045 8.047527 12.061560
v 3.802945 8.047548 12.043203
v 3.834119 8.047527 12.043205
v 3.832554 8.047527 12.052889
v 3.802945 8.047548 12.043203
v 3.832554 8.047527 12.033518
v 3.834119 8.047527 12.043205
v 3.802945 8.047548 12.043203
v 3.828045 8.047527 12.024849
v 3.832554 8.047527 12.033518
v 3.802945 8.047548 12.043203
v 3.821102 8.047527 12.018044
v 3.828045 8.047527 12.024849
v 3.802945 8.047548 12.043203
v 3.812457 8.047527 12.013732
v 3.821102 8.047527 12.018044
v 3.802945 8.047548 12.043203
v 3.802945 8.047527 12.012254
v 3.812457 8.047527 12.013732
v 3.802945 8.047548 12.043203
v 3.793432 8.047527 12.013731
v 3.802945 8.047527 12.012254
v 3.802945 8.047548 12.043203
v 3.784789 8.047527 12.018044
v 3.793432 8.047527 12.013731
v 3.802945 8.047548 12.043203
v 3.777846 8.047527 12.024845
v 3.784789 8.047527 12.018044
v 3.802945 8.047548 12.043203
v 3.773335 8.047527 12.033521
v 3.777846 8.047527 12.024845
v 3.802945 8.047548 12.043203
v 3.771773 8.047527 12.043203
v 3.773335 8.047527 12.033521
v 3.802945 8.047548 12.043203
v 3.834249 8.014703 12.020460
v 3.839742 8.014703 12.031246
v 3.802946 8.014703 12.043203
v 3.825688 8.014703 12.011900
v 3.814901 8.014703 12.006407
v 3.802946 8.014703 12.043203
v 3.802946 8.014703 12.004511
v 3.802946 8.014703 12.043203
v 3.790991 8.014703 12.006407
v 3.802946 8.014703 12.043203
v 3.780203 8.014703 12.011900
v 3.802946 8.014703 12.043203
v 3.771646 8.014703 12.020460
v 3.802946 8.014703 12.043203
v 3.766150 8.014703 12.031246
v 3.764256 8.014703 12.043203
v 3.766150 8.014703 12.055159
v 3.771646 8.014703 12.065945
v 3.780203 8.014703 12.074503
v 3.802946 8.014703 12.043203
v 3.790991 8.014703 12.079998
v 3.802946 8.014703 12.043203
v 3.802946 8.014703 12.081892
v 3.802946 8.014703 12.043203
v 3.814901 8.014703 12.079998
v 3.802946 8.014703 12.043203
v 3.825688 8.014703 12.074503
v 3.802946 8.014703 12.043203
v 3.834249 8.014703 12.065945
v 3.839742 8.014703 12.055159
v 3.841638 8.014703 12.043203
v 3.839742 8.048172 12.031246
v 3.834249 8.048172 12.020460
v 3.802946 8.048172 12.043203
v 3.825688 8.048172 12.011900
v 3.814901 8.048172 12.006407
v 3.802946 8.048172 12.043203
v 3.802946 8.048172 12.004511
v 3.802946 8.048172 12.043203
v 3.790991 8.048172 12.006407
v 3.802946 8.048172 12.043203
v 3.780203 8.048172 12.011900
v 3.802946 8.048172 12.043203
v 3.771646 8.048172 12.020460
v 3.802946 8.048172 12.043203
v 3.766150 8.048172 12.031246
v 3.764256 8.048172 12.043203
v 3.766150 8.048172 12.055159
v 3.771646 8.048172 12.065945
v 3.780203 8.048172 12.074503
v 3.802946 8.048172 12.043203
v 3.790991 8.048172 12.079998
v 3.802946 8.048172 12.043203
v 3.802946 8.048172 12.081892
v 3.802946 8.048172 12.043203
v 3.814901 8.048172 12.079998
v 3.802946 8.048172 12.043203
v 3.825688 8.048172 12.074503
v 3.802946 8.048172 12.043203
v 3.834249 8.048172 12.065945
v 3.839742 8.048172 12.055159
v 3.841638 8.048172 12.043203
v 3.810291 7.883968 12.037865
v 3.811581 7.883968 12.040398
v 3.802945 7.883968 12.043203
v 3.808283 7.883968 12.035856
v 3.805751 7.883968 12.034567
v 3.802945 7.883968 12.034122
v 3.800139 7.883968 12.034567
v 3.797607 7.883968 12.035856
v 3.795599 7.883968 12.037865
v 3.794310 7.883968 12.040398
v 3.793865 7.883968 12.043203
v 3.794310 7.883968 12.046009
v 3.795599 7.883968 12.048540
v 3.797607 7.883968 12.050549
v 3.800139 7.883968 12.051838
v 3.802945 7.883968 12.052282
v 3.805751 7.883968 12.051838
v 3.808283 7.883968 12.050549
v 3.810291 7.883968 12.048540
v 3.811581 7.883968 12.046009
v 3.812025 7.883968 12.043203
v 3.824175 8.026190 12.036304
v 3.821004 8.026190 12.030083
v 3.802945 8.026190 12.043203
v 3.816066 8.026190 12.025145
v 3.809843 8.026190 12.021973
v 3.802945 8.026190 12.020882
v 3.796047 8.026190 12.021973
v 3.789824 8.026190 12.025145
v 3.784886 8.026190 12.030083
v 3.781715 8.026190 12.036304
v 3.780623 8.026190 12.043203
v 3.781715 8.026190 12.050100
v 3.784886 8.026190 12.056324
v 3.789824 8.026190 12.061262
v 3.796047 8.026190 12.064432
v 3.802945 8.026190 12.065525
v 3.809843 8.026190 12.064432
v 3.816066 8.026190 12.061262
v 3.821004 8.026190 12.056324
v 3.824175 8.026190 12.050100
v 3.825267 8.026190 12.043203
v 3.272616 6.857767 11.949718
v 3.307435 6.900107 11.927273
v 3.289130 6.850333 11.953659
v 3.259512 6.869346 11.943581
v 3.251099 6.883935 11.935846
v 3.248199 6.900107 11.927273
v 3.251099 6.916281 11.918699
v 3.259512 6.930871 11.910965
v 3.272616 6.942449 11.904827
v 3.289130 6.949883 11.900887
v 3.307435 6.952444 11.899529
v 3.325740 6.949883 11.900887
v 3.342253 6.942449 11.904827
v 3.355358 6.930871 11.910965
v 3.363770 6.916281 11.918699
v 3.366671 6.900107 11.927273
v 3.363770 6.883935 11.935846
v 3.355358 6.869346 11.943581
v 3.342253 6.857767 11.949718
v 3.325740 6.850333 11.953659
v 3.307435 6.847772 11.955017
v 3.283043 6.915811 12.117172
v 3.307435 6.982139 12.082012
v 3.265010 6.930547 12.109362
v 3.238790 6.962432 12.092459
v 3.228501 6.982139 12.082012
v 3.238790 7.001845 12.071566
v 3.265010 7.033731 12.054661
v 3.283043 7.048465 12.046850
v 3.307435 7.051879 12.045042
v 3.331827 7.048465 12.046850
v 3.349860 7.033731 12.054661
v 3.376081 7.001845 12.071566
v 3.386369 6.982139 12.082012
v 3.376081 6.962432 12.092459
v 3.349860 6.930547 12.109362
v 3.331827 6.915811 12.117172
v 3.307435 6.912398 12.118982
v 3.273287 6.960218 12.093632
v 3.262866 6.949244 12.099449
v 3.264638 6.942489 12.103031
v 3.258253 6.954854 12.096476
v 3.251529 6.958429 12.094580
v 3.261198 6.898643 11.996229
v 3.258079 6.904228 12.001011
v 3.251529 6.906768 11.997128
v 3.262797 6.898490 12.004053
v 3.264638 6.890826 12.005577
v 3.273287 7.004058 12.070393
v 3.258253 7.009423 12.067547
v 3.251529 7.005847 12.069443
v 3.262866 7.015033 12.064573
v 3.264638 7.021788 12.060993
v 3.261198 6.958002 11.964762
v 3.262797 6.964562 11.969027
v 3.264638 6.970126 11.963539
v 3.258079 6.958825 11.972069
v 3.251529 6.954185 11.971991
v 3.341579 7.004058 12.070393
v 3.352004 7.015033 12.064573
v 3.350232 7.021788 12.060993
v 3.356617 7.009423 12.067547
v 3.363340 7.005847 12.069443
v 3.353671 6.958002 11.964762
v 3.356791 6.958825 11.972069
v 3.363340 6.954185 11.971991
v 3.352072 6.964562 11.969027
v 3.350232 6.970126 11.963539
v 3.341579 6.960218 12.093632
v 3.356617 6.954854 12.096476
v 3.363340 6.958429 12.094580
v 3.352004 6.949244 12.099449
v 3.350232 6.942489 12.103031
v 3.353671 6.898643 11.996229
v 3.352072 6.898490 12.004053
v 3.350232 6.890826 12.005577
v 3.356791 6.904228 12.001011
v 3.363340 6.906768 11.997128
v 3.279811 6.756026 11.893261
v 3.307662 6.756026 11.913496
v 3.274921 6.756026 11.902859
v 3.287427 6.756026 11.885645
v 3.297024 6.756026 11.880756
v 3.307662 6.756026 11.879070
v 3.318300 6.756026 11.880756
v 3.327897 6.756026 11.885645
v 3.335513 6.756026 11.893261
v 3.340403 6.756026 11.902859
v 3.342088 6.756026 11.913496
v 3.340403 6.756026 11.924135
v 3.335513 6.756026 11.933731
v 3.327897 6.756026 11.941347
v 3.318300 6.756026 11.946238
v 3.307662 6.756026 11.947922
v 3.297024 6.756026 11.946238
v 3.287427 6.756026 11.941347
v 3.279811 6.756026 11.933731
v 3.274921 6.756026 11.924135
v 3.273236 6.756026 11.913496
v 3.274921 6.879582 11.902859
v 3.307662 6.879582 11.913496
v 3.279811 6.879582 11.893261
v 3.287427 6.879582 11.885645
v 3.297024 6.879582 11.880756
v 3.307662 6.879582 11.879070
v 3.318300 6.879582 11.880756
v 3.327897 6.879582 11.885645
v 3.335513 6.879582 11.893261
v 3.340403 6.879582 11.902859
v 3.342088 6.879582 11.913496
v 3.340403 6.879582 11.924135
v 3.335513 6.879582 11.933731
v 3.327897 6.879582 11.941347
v 3.318300 6.879582 11.946238
v 3.307662 6.879582 11.947922
v 3.297024 6.879582 11.946238
v 3.287427 6.879582 11.941347
v 3.279811 6.879582 11.933731
v 3.274921 6.879582 11.924135
v 3.273236 6.879582 11.913496
v 3.276359 6.753450 11.890755
v 3.307661 6.753450 11.913496
v 3.270865 6.753450 11.901541
v 3.284919 6.753450 11.882195
v 3.295706 6.753450 11.876699
v 3.307661 6.753450 11.913496
v 3.307661 6.753450 11.874804
v 3.307661 6.753450 11.913496
v 3.319616 6.753450 11.876699
v 3.307661 6.753450 11.913496
v 3.330404 6.753450 11.882195
v 3.307661 6.753450 11.913496
v 3.338962 6.753450 11.890755
v 3.307661 6.753450 11.913496
v 3.344457 6.753450 11.901541
v 3.346351 6.753450 11.913496
v 3.344457 6.753450 11.925451
v 3.338962 6.753450 11.936239
v 3.330404 6.753450 11.944796
v 3.307661 6.753450 11.913496
v 3.319616 6.753450 11.950293
v 3.307661 6.753450 11.913496
v 3.307661 6.753450 11.952187
v 3.307661 6.753450 11.913496
v 3.295706 6.753450 11.950293
v 3.307661 6.753450 11.913496
v 3.284919 6.753450 11.944796
v 3.307661 6.753450 11.913496
v 3.276359 6.753450 11.936239
v 3.270865 6.753450 11.925451
v 3.268970 6.753450 11.913496
v 3.270865 6.786920 11.901541
v 3.307661 6.786920 11.913496
v 3.276359 6.786920 11.890755
v 3.284919 6.786920 11.882195
v 3.307661 6.786920 11.913496
v 3.295706 6.786920 11.876699
v 3.307661 6.786920 11.913496
v 3.307661 6.786920 11.874804
v 3.307661 6.786920 11.913496
v 3.319616 6.786920 11.876699
v 3.307661 6.786920 11.913496
v 3.330404 6.786920 11.882195
v 3.307661 6.786920 11.913496
v 3.338962 6.786920 11.890755
v 3.344457 6.786920 11.901541
v 3.346351 6.786920 11.913496
v 3.344457 6.786920 11.925451
v 3.338962 6.786920 11.936239
v 3.307661 6.786920 11.913496
v 3.330404 6.786920 11.944796
v 3.307661 6.786920 11.913496
v 3.319616 6.786920 11.950293
v 3.307661 6.786920 11.913496
v 3.307661 6.786920 11.952187
v 3.307661 6.786920 11.913496
v 3.295706 6.786920 11.950293
v 3.307661 6.786920 11.913496
v 3.284919 6.786920 11.944796
v 3.276359 6.786920 11.936239
v 3.270865 6.786920 11.925451
v 3.268970 6.786920 11.913496
v 3.300316 6.622716 11.908159
v 3.307662 6.622716 11.913496
v 3.299026 6.622716 11.910690
v 3.302324 6.622716 11.906151
v 3.304856 6.622716 11.904861
v 3.307662 6.622716 11.904417
v 3.310468 6.622716 11.904861
v 3.313000 6.622716 11.906151
v 3.315008 6.622716 11.908159
v 3.316298 6.622716 11.910690
v 3.316742 6.622716 11.913496
v 3.316298 6.622716 11.916302
v 3.315008 6.622716 11.918835
v 3.313000 6.622716 11.920843
v 3.310468 6.622716 11.922132
v 3.307662 6.622716 11.922577
v 3.304856 6.622716 11.922132
v 3.302324 6.622716 11.920843
v 3.300316 6.622716 11.918833
v 3.299026 6.622716 11.916302
v 3.298582 6.622716 11.913496
v 3.286432 6.764938 11.906599
v 3.307662 6.764938 11.913496
v 3.289603 6.764938 11.900375
v 3.294541 6.764938 11.895437
v 3.300764 6.764938 11.892267
v 3.307662 6.764938 11.891174
v 3.314560 6.764938 11.892267
v 3.320783 6.764938 11.895437
v 3.325721 6.764938 11.900375
v 3.328892 6.764938 11.906599
v 3.329984 6.764938 11.913496
v 3.328892 6.764938 11.920395
v 3.325721 6.764938 11.926617
v 3.320783 6.764938 11.931555
v 3.314560 6.764938 11.934727
v 3.307662 6.764938 11.935818
v 3.300764 6.764938 11.934727
v 3.294541 6.764938 11.931555
v 3.289603 6.764938 11.926617
v 3.286432 6.764938 11.920395
v 3.285340 6.764938 11.913496
v 4.333272 6.857767 11.949718
v 4.316758 6.850333 11.953659
v 4.298453 6.900107 11.927273
v 4.346376 6.869346 11.943581
v 4.354790 6.883935 11.935846
v 4.357689 6.900107 11.927273
v 4.354790 6.916281 11.918699
v 4.346376 6.930871 11.910965
v 4.333272 6.942449 11.904827
v 4.316758 6.949883 11.900887
v 4.298453 6.952444 11.899529
v 4.280149 6.949883 11.900887
v 4.263636 6.942449 11.904827
v 4.250530 6.930871 11.910965
v 4.242118 6.916281 11.918699
v 4.239218 6.900107 11.927273
v 4.242118 6.883935 11.935846
v 4.250530 6.869346 11.943581
v 4.263636 6.857767 11.949718
v 4.280149 6.850333 11.953659
v 4.298453 6.847772 11.955017
v 4.322845 6.915811 12.117172
v 4.340878 6.930547 12.109362
v 4.298453 6.982139 12.082012
v 4.367099 6.962432 12.092459
v 4.377387 6.982139 12.082012
v 4.367099 7.001845 12.071566
v 4.340878 7.033731 12.054661
v 4.322845 7.048465 12.046850
v 4.298453 7.051879 12.045042
v 4.274061 7.048465 12.046850
v 4.256028 7.033731 12.054661
v 4.229808 7.001845 12.071566
v 4.219520 6.982139 12.082012
v 4.229808 6.962432 12.092459
v 4.256028 6.930547 12.109362
v 4.274061 6.915811 12.117172
v 4.298453 6.912398 12.118982
v 4.332602 6.960218 12.093632
v 4.341250 6.942489 12.103031
v 4.343022 6.949244 12.099449
v 4.347635 6.954854 12.096476
v 4.354360 6.958429 12.094580
v 4.344690 6.898643 11.996229
v 4.354360 6.906768 11.997128
v 4.347810 6.904228 12.001011
v 4.343091 6.898490 12.004053
v 4.341250 6.890826 12.005577
v 4.332602 7.004058 12.070393
v 4.354360 7.005847 12.069443
v 4.347635 7.009423 12.067547
v 4.343022 7.015033 12.064573
v 4.341250 7.021788 12.060993
v 4.344690 6.958002 11.964762
v 4.341250 6.970126 11.963539
v 4.343091 6.964562 11.969027
v 4.347810 6.958825 11.972069
v 4.354360 6.954185 11.971991
v 4.264309 7.004058 12.070393
v 4.255656 7.021788 12.060993
v 4.253884 7.015033 12.064573
v 4.249271 7.009423 12.067547
v 4.242548 7.005847 12.069443
v 4.252217 6.958002 11.964762
v 4.242548 6.954185 11.971991
v 4.249098 6.958825 11.972069
v 4.253817 6.964562 11.969027
v 4.255656 6.970126 11.963539
v 4.264309 6.960218 12.093632
v 4.242548 6.958429 12.094580
v 4.249271 6.954854 12.096476
v 4.253884 6.949244 12.099449
v 4.255656 6.942489 12.103031
v 4.252217 6.898643 11.996229
v 4.255656 6.890826 12.005577
v 4.253817 6.898490 12.004053
v 4.249098 6.904228 12.001011
v 4.242548 6.906768 11.997128
v 4.318687 6.957736 12.095440
v 4.309092 6.953416 12.097729
v 4.298453 6.982343 12.082394
v 4.326304 6.964464 12.091871
v 4.331194 6.972943 12.087378
v 4.332879 6.982343 12.082394
v 4.331194 6.991742 12.077412
v 4.326304 7.000220 12.072916
v 4.318687 7.006949 12.069349
v 4.309092 7.011271 12.067059
v 4.298453 7.012759 12.066271
v 4.287815 7.011271 12.067059
v 4.278216 7.006949 12.069349
v 4.270602 7.000220 12.072916
v 4.265713 6.991742 12.077412
v 4.264028 6.982343 12.082394
v 4.265713 6.972943 12.087378
v 4.270602 6.964464 12.091871
v 4.278216 6.957736 12.095440
v 4.287815 6.953416 12.097729
v 4.298453 6.951926 12.098518
v 4.307781 6.963515 12.108173
v 4.316196 6.967302 12.106165
v 4.298453 6.988879 12.094727
v 4.322874 6.973203 12.103037
v 4.327162 6.980638 12.099096
v 4.328640 6.988879 12.094727
v 4.327162 6.997122 12.090357
v 4.322874 7.004557 12.086416
v 4.316196 7.010457 12.083288
v 4.307781 7.014247 12.081280
v 4.298453 7.015552 12.080587
v 4.289125 7.014247 12.081280
v 4.280710 7.010457 12.083288
v 4.274030 7.004557 12.086416
v 4.269745 6.997122 12.090357
v 4.268267 6.988879 12.094727
v 4.269745 6.980638 12.099096
v 4.274030 6.973203 12.103037
v 4.280710 6.967302 12.106165
v 4.289125 6.963515 12.108173
v 4.298453 6.962209 12.108866
v 3.287201 6.957736 12.095440
v 3.307435 6.982343 12.082394
v 3.296797 6.953416 12.097729
v 3.279584 6.964464 12.091871
v 3.274694 6.972943 12.087378
v 3.273009 6.982343 12.082394
v 3.274694 6.991742 12.077412
v 3.279584 7.000220 12.072916
v 3.287201 7.006949 12.069349
v 3.296797 7.011271 12.067059
v 3.307435 7.012759 12.066271
v 3.318073 7.011271 12.067059
v 3.327672 7.006949 12.069349
v 3.335286 7.000220 12.072916
v 3.340176 6.991742 12.077412
v 3.341861 6.982343 12.082394
v 3.340176 6.972943 12.087378
v 3.335286 6.964464 12.091871
v 3.327672 6.957736 12.095440
v 3.318073 6.953416 12.097729
v 3.307435 6.951926 12.098518
v 3.298107 6.963515 12.108173
v 3.307435 6.988879 12.094727
v 3.289692 6.967302 12.106165
v 3.283014 6.973203 12.103037
v 3.278727 6.980638 12.099096
v 3.277248 6.988879 12.094727
v 3.278727 6.997122 12.090357
v 3.283014 7.004557 12.086416
v 3.289692 7.010457 12.083288
v 3.298107 7.014247 12.081280
v 3.307435 7.015552 12.080587
v 3.316763 7.014247 12.081280
v 3.325178 7.010457 12.083288
v 3.331859 7.004557 12.086416
v 3.336143 6.997122 12.090357
v 3.337622 6.988879 12.094727
v 3.336143 6.980638 12.099096
v 3.331859 6.973203 12.103037
v 3.325178 6.967302 12.106165
v 3.316763 6.963515 12.108173
v 3.307435 6.962209 12.108866
v 4.326077 6.756026 11.893261
v 4.330967 6.756026 11.902859
v 4.298226 6.756026 11.913496
v 4.318461 6.756026 11.885645
v 4.308865 6.756026 11.880756
v 4.298226 6.756026 11.879070
v 4.287588 6.756026 11.880756
v 4.277991 6.756026 11.885645
v 4.270375 6.756026 11.893261
v 4.265486 6.756026 11.902859
v 4.263801 6.756026 11.913496
v 4.265486 6.756026 11.924135
v 4.270375 6.756026 11.933731
v 4.277991 6.756026 11.941347
v 4.287588 6.756026 11.946238
v 4.298226 6.756026 11.947922
v 4.308865 6.756026 11.946238
v 4.318461 6.756026 11.941347
v 4.326077 6.756026 11.933731
v 4.330967 6.756026 11.924135
v 4.332652 6.756026 11.913496
v 4.330967 6.879582 11.902859
v 4.326077 6.879582 11.893261
v 4.298226 6.879582 11.913496
v 4.318461 6.879582 11.885645
v 4.308865 6.879582 11.880756
v 4.298226 6.879582 11.879070
v 4.287588 6.879582 11.880756
v 4.277991 6.879582 11.885645
v 4.270375 6.879582 11.893261
v 4.265486 6.879582 11.902859
v 4.263801 6.879582 11.913496
v 4.265486 6.879582 11.924135
v 4.270375 6.879582 11.933731
v 4.277991 6.879582 11.941347
v 4.287588 6.879582 11.946238
v 4.298226 6.879582 11.947922
v 4.308865 6.879582 11.946238
v 4.318461 6.879582 11.941347
v 4.326077 6.879582 11.933731
v 4.330967 6.879582 11.924135
v 4.332652 6.879582 11.913496
v 4.329530 6.753450 11.890755
v 4.335023 6.753450 11.901541
v 4.298227 6.753450 11.913496
v 4.320970 6.753450 11.882195
v 4.310183 6.753450 11.876699
v 4.298227 6.753450 11.913496
v 4.298227 6.753450 11.874804
v 4.298227 6.753450 11.913496
v 4.286272 6.753450 11.876699
v 4.298227 6.753450 11.913496
v 4.275484 6.753450 11.882195
v 4.298227 6.753450 11.913496
v 4.266927 6.753450 11.890755
v 4.298227 6.753450 11.913496
v 4.261432 6.753450 11.901541
v 4.259538 6.753450 11.913496
v 4.261432 6.753450 11.925451
v 4.266927 6.753450 11.936239
v 4.275484 6.753450 11.944796
v 4.298227 6.753450 11.913496
v 4.286272 6.753450 11.950293
v 4.298227 6.753450 11.913496
v 4.298227 6.753450 11.952187
v 4.298227 6.753450 11.913496
v 4.310183 6.753450 11.950293
v 4.298227 6.753450 11.913496
v 4.320970 6.753450 11.944796
v 4.298227 6.753450 11.913496
v 4.329530 6.753450 11.936239
v 4.335023 6.753450 11.925451
v 4.336919 6.753450 11.913496
v 4.335023 6.786920 11.901541
v 4.329530 6.786920 11.890755
v 4.298227 6.786920 11.913496
v 4.320970 6.786920 11.882195
v 4.310183 6.786920 11.876699
v 4.298227 6.786920 11.913496
v 4.298227 6.786920 11.874804
v 4.298227 6.786920 11.913496
v 4.286272 6.786920 11.876699
v 4.298227 6.786920 11.913496
v 4.275484 6.786920 11.882195
v 4.298227 6.786920 11.913496
v 4.266927 6.786920 11.890755
v 4.298227 6.786920 11.913496
v 4.261432 6.786920 11.901541
v 4.259538 6.786920 11.913496
v 4.261432 6.786920 11.925451
v 4.266927 6.786920 11.936239
v 4.275484 6.786920 11.944796
v 4.298227 6.786920 11.913496
v 4.286272 6.786920 11.950293
v 4.298227 6.786920 11.913496
v 4.298227 6.786920 11.952187
v 4.298227 6.786920 11.913496
v 4.310183 6.786920 11.950293
v 4.298227 6.786920 11.913496
v 4.320970 6.786920 11.944796
v 4.298227 6.786920 11.913496
v 4.329530 6.786920 11.936239
v 4.335023 6.786920 11.925451
v 4.336919 6.786920 11.913496
v 4.305573 6.622716 11.908159
v 4.306862 6.622716 11.910690
v 4.298226 6.622716 11.913496
v 4.303564 6.622716 11.906151
v 4.301032 6.622716 11.904861
v 4.298226 6.622716 11.904417
v 4.295421 6.622716 11.904861
v 4.292889 6.622716 11.906151
v 4.290880 6.622716 11.908159
v 4.289591 6.622716 11.910690
v 4.289146 6.622716 11.913496
v 4.289591 6.622716 11.916302
v 4.290880 6.622716 11.918835
v 4.292889 6.622716 11.920843
v 4.295421 6.622716 11.922132
v 4.298226 6.622716 11.922577
v 4.301032 6.622716 11.922132
v 4.303564 6.622716 11.920843
v 4.305573 6.622716 11.918833
v 4.306862 6.622716 11.916302
v 4.307306 6.622716 11.913496
v 4.319456 6.764938 11.906599
v 4.316285 6.764938 11.900375
v 4.298226 6.764938 11.913496
v 4.311347 6.764938 11.895437
v 4.305124 6.764938 11.892267
v 4.298226 6.764938 11.891174
v 4.291328 6.764938 11.892267
v 4.285106 6.764938 11.895437
v 4.280168 6.764938 11.900375
v 4.276997 6.764938 11.906599
v 4.275905 6.764938 11.913496
v 4.276997 6.764938 11.920395
v 4.280168 6.764938 11.926617
v 4.285106 6.764938 11.931555
v 4.291328 6.764938 11.934727
v 4.298226 6.764938 11.935818
v 4.305124 6.764938 11.934727
v 4.311347 6.764938 11.931555
v 4.316285 6.764938 11.926617
v 4.319456 6.764938 11.920395
v 4.320548 6.764938 11.913496
v 3.727267 5.961521 11.209097
v 3.738568 5.961521 11.186913
v 3.802942 5.961521 11.233683
v 3.756172 5.961521 11.169310
v 3.778355 5.961521 11.158008
v 3.802942 5.961521 11.154112
v 3.827531 5.961521 11.158008
v 3.849712 5.961521 11.169310
v 3.867316 5.961521 11.186913
v 3.878618 5.961521 11.209097
v 3.882513 5.961521 11.233683
v 3.878618 5.961521 11.258272
v 3.867316 5.961521 11.280453
v 3.849712 5.961521 11.298058
v 3.827531 5.961521 11.309359
v 3.802942 5.961521 11.313253
v 3.778355 5.961521 11.309359
v 3.756172 5.961521 11.298058
v 3.738568 5.961521 11.280453
v 3.727267 5.961521 11.258272
v 3.723373 5.961521 11.233683
v 3.746171 5.979230 11.192436
v 3.736204 5.979230 11.211999
v 3.802942 5.979230 11.233683
v 3.761697 5.979230 11.176911
v 3.781258 5.979230 11.166945
v 3.802942 5.979230 11.163509
v 3.824626 5.979230 11.166945
v 3.844189 5.979230 11.176911
v 3.859714 5.979230 11.192436
v 3.869683 5.979230 11.211999
v 3.873117 5.979230 11.233683
v 3.869683 5.979230 11.255367
v 3.859714 5.979230 11.274930
v 3.844189 5.979230 11.290455
v 3.824626 5.979230 11.300422
v 3.802942 5.979230 11.303856
v 3.781258 5.979230 11.300422
v 3.761697 5.979230 11.290455
v 3.746171 5.979230 11.274930
v 3.736204 5.979230 11.255367
v 3.732769 5.979230 11.233683
v 3.917995 7.205235 11.209291
v 3.922223 7.221912 11.191257
v 4.038414 7.221912 11.191257
v 4.038414 7.205235 11.209291
v 4.038414 7.235429 11.190886
v 4.038414 7.253471 11.177776
v 3.922223 7.258001 11.165037
v 4.038414 7.258001 11.165037
v 3.917995 7.280305 11.154749
v 4.038414 7.280305 11.154749
v 3.922223 7.302609 11.165037
v 4.038414 7.302609 11.165037
v 4.038414 7.307139 11.177776
v 4.038414 7.325181 11.190886
v 3.922223 7.338698 11.191257
v 4.038414 7.338698 11.191257
v 3.917995 7.355376 11.209291
v 4.038414 7.355376 11.209291
v 3.917995 7.359239 11.233683
v 4.038414 7.359239 11.233683
v 3.917995 7.355376 11.258076
v 4.038414 7.355376 11.258076
v 3.922223 7.338698 11.276108
v 4.038414 7.338698 11.276108
v 4.038414 7.325181 11.276480
v 4.038414 7.307139 11.289589
v 3.922223 7.302609 11.302328
v 4.038414 7.302609 11.302328
v 3.917995 7.280305 11.312616
v 4.038414 7.280305 11.312616
v 3.922223 7.258001 11.302328
v 4.038414 7.258001 11.302328
v 4.038414 7.253471 11.289589
v 4.038414 7.235429 11.276480
v 3.922223 7.221912 11.276108
v 4.038414 7.221912 11.276108
v 3.917995 7.205235 11.258076
v 4.038414 7.205235 11.258076
v 3.917995 7.201372 11.233683
v 4.038414 7.201372 11.233683
v 3.917995 7.205235 11.209291
v 4.038414 7.205235 11.209291
v 3.863276 7.223969 11.215378
v 3.863276 7.232383 11.198864
v 3.863276 7.262001 11.177347
v 3.863276 7.280305 11.174448
v 3.863276 7.298610 11.177347
v 3.863276 7.328228 11.198864
v 3.863276 7.336641 11.215378
v 3.863276 7.339540 11.233683
v 3.863276 7.336641 11.251987
v 3.863276 7.328228 11.268501
v 3.863276 7.298610 11.290018
v 3.863276 7.280305 11.292919
v 3.863276 7.262001 11.290018
v 3.863276 7.232383 11.268501
v 3.863276 7.223969 11.251987
v 3.863276 7.221070 11.233683
v 3.863276 7.223969 11.215378
v 4.038414 7.249424 11.184502
v 4.038414 7.243074 11.189114
v 4.038414 7.317536 11.189114
v 4.038414 7.311187 11.184502
v 4.038414 7.311187 11.282866
v 4.038414 7.317536 11.278252
v 4.038414 7.243074 11.278252
v 4.038414 7.249424 11.282866
v 4.038848 7.247566 11.223045
v 4.038848 7.252456 11.213449
v 4.048619 7.252456 11.213449
v 4.048619 7.247566 11.223045
v 4.038848 7.260071 11.205832
v 4.048619 7.260071 11.205832
v 4.038848 7.269668 11.200943
v 4.048619 7.269668 11.200943
v 4.038848 7.280306 11.199257
v 4.048619 7.280306 11.199257
v 4.038848 7.290945 11.200943
v 4.048619 7.290945 11.200943
v 4.038848 7.300541 11.205832
v 4.048619 7.300541 11.205832
v 4.038848 7.308157 11.213449
v 4.048619 7.308157 11.213449
v 4.038848 7.313048 11.223045
v 4.048619 7.313048 11.223045
v 4.038848 7.314733 11.233683
v 4.048619 7.314733 11.233683
v 4.038848 7.313048 11.244322
v 4.048619 7.313048 11.244322
v 4.038848 7.308157 11.253920
v 4.048619 7.308157 11.253920
v 4.038848 7.300541 11.261534
v 4.048619 7.300541 11.261534
v 4.038848 7.290945 11.266424
v 4.048619 7.290945 11.266424
v 4.038848 7.280306 11.268108
v 4.048619 7.280306 11.268108
v 4.038848 7.269668 11.266424
v 4.048619 7.269668 11.266424
v 4.038848 7.260071 11.261534
v 4.048619 7.260071 11.261534
v 4.038848 7.252456 11.253920
v 4.048619 7.252456 11.253920
v 4.038848 7.247566 11.244322
v 4.048619 7.247566 11.244322
v 4.038848 7.245881 11.233683
v 4.048619 7.245881 11.233683
v 4.038848 7.247566 11.223045
v 4.048619 7.247566 11.223045
v 4.051579 7.248746 11.223429
v 4.051579 7.247122 11.233683
v 4.051579 7.248746 11.223429
v 4.051579 7.247122 11.233683
v 4.051579 7.253459 11.214178
v 4.051579 7.248746 11.223429
v 4.051579 7.253459 11.214178
v 4.051579 7.260801 11.206837
v 4.051579 7.260801 11.206837
v 4.051579 7.270052 11.202124
v 4.051579 7.270052 11.202124
v 4.051579 7.280306 11.200499
v 4.051579 7.280306 11.200499
v 4.051579 7.290561 11.202124
v 4.051579 7.290561 11.202124
v 4.051579 7.299812 11.206837
v 4.051579 7.299812 11.206837
v 4.051579 7.307153 11.214178
v 4.051579 7.307153 11.214178
v 4.051579 7.311867 11.223429
v 4.051579 7.311867 11.223429
v 4.051579 7.313491 11.233683
v 4.051579 7.313491 11.233683
v 4.051579 7.311867 11.243938
v 4.051579 7.311867 11.243938
v 4.051579 7.307153 11.253189
v 4.051579 7.307153 11.253189
v 4.051579 7.299812 11.260530
v 4.051579 7.299812 11.260530
v 4.051579 7.290561 11.265244
v 4.051579 7.290561 11.265244
v 4.051579 7.280306 11.266867
v 4.051579 7.280306 11.266867
v 4.051579 7.270052 11.265244
v 4.051579 7.270052 11.265244
v 4.051579 7.260801 11.260530
v 4.051579 7.260801 11.260530
v 4.051579 7.253459 11.253189
v 4.051579 7.253459 11.253189
v 4.051579 7.248746 11.243938
v 4.051579 7.248746 11.243938
v 3.803567 6.822039 11.246727
v 3.803567 6.819973 11.233683
v 3.833306 6.819973 11.233683
v 3.833306 6.822039 11.246727
v 3.803567 6.828036 11.258495
v 3.833306 6.828036 11.258495
v 3.803567 6.837374 11.267834
v 3.833306 6.837374 11.267834
v 3.803567 6.849143 11.273830
v 3.833306 6.849143 11.273830
v 3.803567 6.862187 11.275896
v 3.833306 6.862187 11.275896
v 3.803567 6.875231 11.273830
v 3.833306 6.875231 11.273830
v 3.803567 6.887000 11.267834
v 3.833306 6.887000 11.267834
v 3.803567 6.896338 11.258495
v 3.833306 6.896338 11.258495
v 3.803567 6.902335 11.246727
v 3.833306 6.902335 11.246727
v 3.803567 6.904400 11.233683
v 3.833306 6.904400 11.233683
v 3.803567 6.902335 11.220638
v 3.833306 6.902335 11.220638
v 3.803567 6.896338 11.208872
v 3.833306 6.896338 11.208872
v 3.803567 6.887000 11.199532
v 3.833306 6.887000 11.199532
v 3.803567 6.875231 11.193535
v 3.833306 6.875231 11.193535
v 3.803567 6.862187 11.191471
v 3.833306 6.862187 11.191471
v 3.803567 6.849143 11.193535
v 3.833306 6.849143 11.193535
v 3.803567 6.837374 11.199532
v 3.833306 6.837374 11.199532
v 3.803567 6.828036 11.208872
v 3.833306 6.828036 11.208872
v 3.803567 6.822039 11.220638
v 3.833306 6.822039 11.220638
v 3.803567 6.822039 11.220638
v 3.833306 6.822039 11.220638
v 4.273414 6.896338 11.861294
v 4.264076 6.887000 11.861393
v 4.264388 6.887000 11.891129
v 4.273726 6.896338 11.891031
v 4.285183 6.902335 11.861172
v 4.285493 6.902335 11.890907
v 4.298226 6.904400 11.861034
v 4.298538 6.904400 11.890772
v 4.311269 6.902335 11.860897
v 4.311581 6.902335 11.890635
v 4.323037 6.896338 11.860775
v 4.323348 6.896338 11.890511
v 4.332376 6.887000 11.860676
v 4.332685 6.887000 11.890413
v 4.338371 6.875231 11.860613
v 4.338683 6.875231 11.890350
v 4.340436 6.862187 11.860592
v 4.340748 6.862187 11.890329
v 4.338371 6.849143 11.860613
v 4.338683 6.849143 11.890350
v 4.332376 6.837374 11.860676
v 4.332685 6.837374 11.890413
v 4.323037 6.828036 11.860775
v 4.323348 6.828036 11.890511
v 4.311269 6.822039 11.860897
v 4.311581 6.822039 11.890635
v 4.298226 6.819973 11.861034
v 4.311269 6.822039 11.860897
v 4.311581 6.822039 11.890635
v 4.298538 6.819973 11.890772
v 4.285183 6.822039 11.861172
v 4.285493 6.822039 11.890907
v 4.273414 6.828036 11.861294
v 4.273726 6.828036 11.891031
v 4.264076 6.837374 11.861393
v 4.264388 6.837374 11.891129
v 4.258080 6.849143 11.861454
v 4.258390 6.849143 11.891191
v 4.256015 6.862187 11.861477
v 4.256326 6.862187 11.891212
v 4.258080 6.875231 11.861454
v 4.258390 6.875231 11.891191
v 4.273104 6.896338 11.831558
v 4.263764 6.887000 11.831654
v 4.284871 6.902335 11.831432
v 4.297915 6.904400 11.831297
v 4.310957 6.902335 11.831161
v 4.322725 6.896338 11.831038
v 4.332064 6.887000 11.830940
v 4.338059 6.875231 11.830875
v 4.340124 6.862187 11.830856
v 4.338059 6.849143 11.830875
v 4.332064 6.837374 11.830940
v 4.322725 6.828036 11.831038
v 4.310957 6.822039 11.831161
v 4.297915 6.819973 11.831297
v 4.310957 6.822039 11.831161
v 4.284871 6.822039 11.831432
v 4.273104 6.828036 11.831558
v 4.263764 6.837374 11.831654
v 4.257768 6.849143 11.831717
v 4.255704 6.862187 11.831739
v 4.257768 6.875231 11.831717
v 4.272791 6.896338 11.801819
v 4.263453 6.887000 11.801918
v 4.284559 6.902335 11.801697
v 4.297603 6.904400 11.801559
v 4.310646 6.902335 11.801422
v 4.322413 6.896338 11.801300
v 4.331752 6.887000 11.801203
v 4.337748 6.875231 11.801140
v 4.339814 6.862187 11.801117
v 4.337748 6.849143 11.801140
v 4.331752 6.837374 11.801203
v 4.322413 6.828036 11.801300
v 4.310646 6.822039 11.801422
v 4.297603 6.819973 11.801559
v 4.310646 6.822039 11.801422
v 4.284559 6.822039 11.801697
v 4.272791 6.828036 11.801819
v 4.263453 6.837374 11.801918
v 4.257457 6.849143 11.801979
v 4.255391 6.862187 11.802002
v 4.257457 6.875231 11.801979
v 4.272480 6.896338 11.772083
v 4.263142 6.887000 11.772181
v 4.284247 6.902335 11.771959
v 4.297292 6.904400 11.771822
v 4.310334 6.902335 11.771687
v 4.322102 6.896338 11.771563
v 4.331440 6.887000 11.771465
v 4.337437 6.875231 11.771402
v 4.339502 6.862187 11.771381
v 4.337437 6.849143 11.771402
v 4.331440 6.837374 11.771465
v 4.322102 6.828036 11.771563
v 4.310334 6.822039 11.771687
v 4.297292 6.819973 11.771822
v 4.310334 6.822039 11.771687
v 4.284247 6.822039 11.771959
v 4.272480 6.828036 11.772083
v 4.263142 6.837374 11.772181
v 4.257145 6.849143 11.772243
v 4.255080 6.862187 11.772264
v 4.257145 6.875231 11.772243
v 4.272168 6.896338 11.742346
v 4.262830 6.887000 11.742443
v 4.283936 6.902335 11.742222
v 4.296981 6.904400 11.742086
v 4.310024 6.902335 11.741949
v 4.321791 6.896338 11.741825
v 4.331128 6.887000 11.741728
v 4.337125 6.875231 11.741665
v 4.339190 6.862187 11.741644
v 4.337125 6.849143 11.741665
v 4.331128 6.837374 11.741728
v 4.321791 6.828036 11.741825
v 4.310024 6.822039 11.741949
v 4.296981 6.819973 11.742086
v 4.310024 6.822039 11.741949
v 4.283936 6.822039 11.742222
v 4.272168 6.828036 11.742346
v 4.262830 6.837374 11.742443
v 4.256835 6.849143 11.742506
v 4.254768 6.862187 11.742527
v 4.256835 6.875231 11.742506
v 4.271857 6.896338 11.712608
v 4.262519 6.887000 11.712708
v 4.283626 6.902335 11.712486
v 4.296669 6.904400 11.712349
v 4.309711 6.902335 11.712212
v 4.321479 6.896338 11.712090
v 4.330818 6.887000 11.711990
v 4.336815 6.875231 11.711927
v 4.338879 6.862187 11.711906
v 4.336815 6.849143 11.711927
v 4.330818 6.837374 11.711990
v 4.321479 6.828036 11.712090
v 4.309711 6.822039 11.712212
v 4.296669 6.819973 11.712349
v 4.309711 6.822039 11.712212
v 4.283626 6.822039 11.712486
v 4.271857 6.828036 11.712608
v 4.262519 6.837374 11.712708
v 4.256522 6.849143 11.712769
v 4.254457 6.862187 11.712791
v 4.256522 6.875231 11.712769
v 4.271545 6.896338 11.682873
v 4.262207 6.887000 11.682968
v 4.283314 6.902335 11.682747
v 4.296357 6.904400 11.682611
v 4.309400 6.902335 11.682476
v 4.321169 6.896338 11.682352
v 4.330506 6.887000 11.682255
v 4.336503 6.875231 11.682190
v 4.338567 6.862187 11.682171
v 4.336503 6.849143 11.682190
v 4.330506 6.837374 11.682255
v 4.321169 6.828036 11.682352
v 4.309400 6.822039 11.682476
v 4.296357 6.819973 11.682611
v 4.309400 6.822039 11.682476
v 4.283314 6.822039 11.682747
v 4.271545 6.828036 11.682873
v 4.262207 6.837374 11.682968
v 4.256211 6.849143 11.683031
v 4.254146 6.862187 11.683054
v 4.256211 6.875231 11.683031
v 4.271234 6.896338 11.653133
v 4.261896 6.887000 11.653233
v 4.283002 6.902335 11.653011
v 4.296046 6.904400 11.652876
v 4.309089 6.902335 11.652737
v 4.320856 6.896338 11.652615
v 4.330194 6.887000 11.652517
v 4.336191 6.875231 11.652454
v 4.338256 6.862187 11.652431
v 4.336191 6.849143 11.652454
v 4.330194 6.837374 11.652517
v 4.320856 6.828036 11.652615
v 4.309089 6.822039 11.652737
v 4.296046 6.819973 11.652876
v 4.309089 6.822039 11.652737
v 4.283002 6.822039 11.653011
v 4.271234 6.828036 11.653133
v 4.261896 6.837374 11.653233
v 4.255900 6.849143 11.653296
v 4.253835 6.862187 11.653316
v 4.255900 6.875231 11.653296
v 4.270923 6.896338 11.623398
v 4.261584 6.887000 11.623495
v 4.282690 6.902335 11.623274
v 4.295734 6.904400 11.623137
v 4.308777 6.902335 11.623001
v 4.320545 6.896338 11.622879
v 4.329883 6.887000 11.622780
v 4.335879 6.875231 11.622717
v 4.337945 6.862187 11.622696
v 4.335879 6.849143 11.622717
v 4.329883 6.837374 11.622780
v 4.320545 6.828036 11.622879
v 4.308777 6.822039 11.623001
v 4.295734 6.819973 11.623137
v 4.308777 6.822039 11.623001
v 4.282690 6.822039 11.623274
v 4.270923 6.828036 11.623398
v 4.261584 6.837374 11.623495
v 4.255588 6.849143 11.623558
v 4.253523 6.862187 11.623581
v 4.255588 6.875231 11.623558
v 4.270611 6.896338 11.593660
v 4.261273 6.887000 11.593758
v 4.282379 6.902335 11.593536
v 4.295423 6.904400 11.593401
v 4.308467 6.902335 11.593264
v 4.320233 6.896338 11.593140
v 4.329572 6.887000 11.593042
v 4.335569 6.875231 11.592979
v 4.337633 6.862187 11.592958
v 4.335569 6.849143 11.592979
v 4.329572 6.837374 11.593042
v 4.320233 6.828036 11.593140
v 4.308467 6.822039 11.593264
v 4.295423 6.819973 11.593401
v 4.308467 6.822039 11.593264
v 4.282379 6.822039 11.593536
v 4.270611 6.828036 11.593660
v 4.261273 6.837374 11.593758
v 4.255277 6.849143 11.593821
v 4.253212 6.862187 11.593842
v 4.255277 6.875231 11.593821
v 4.270300 6.896338 11.563923
v 4.260962 6.887000 11.564022
v 4.282067 6.902335 11.563801
v 4.295113 6.904400 11.563663
v 4.308155 6.902335 11.563526
v 4.319923 6.896338 11.563404
v 4.329261 6.887000 11.563305
v 4.335258 6.875231 11.563242
v 4.337321 6.862187 11.563221
v 4.335258 6.849143 11.563242
v 4.329261 6.837374 11.563305
v 4.319923 6.828036 11.563404
v 4.308155 6.822039 11.563526
v 4.295113 6.819973 11.563663
v 4.308155 6.822039 11.563526
v 4.282067 6.822039 11.563801
v 4.270300 6.828036 11.563923
v 4.260962 6.837374 11.564022
v 4.254965 6.849143 11.564083
v 4.252900 6.862187 11.564106
v 4.254965 6.875231 11.564083
v 4.269988 6.896338 11.534187
v 4.260651 6.887000 11.534283
v 4.281757 6.902335 11.534063
v 4.294800 6.904400 11.533926
v 4.307843 6.902335 11.533791
v 4.319612 6.896338 11.533667
v 4.328949 6.887000 11.533569
v 4.334946 6.875231 11.533506
v 4.337010 6.862187 11.533485
v 4.334946 6.849143 11.533506
v 4.328949 6.837374 11.533569
v 4.319612 6.828036 11.533667
v 4.307843 6.822039 11.533791
v 4.294800 6.819973 11.533926
v 4.307843 6.822039 11.533791
v 4.281757 6.822039 11.534063
v 4.269988 6.828036 11.534187
v 4.260651 6.837374 11.534283
v 4.254654 6.849143 11.534346
v 4.252589 6.862187 11.534369
v 4.254654 6.875231 11.534346
v 4.269677 6.896338 11.504448
v 4.260339 6.887000 11.504547
v 4.281446 6.902335 11.504326
v 4.294489 6.904400 11.504190
v 4.307531 6.902335 11.504053
v 4.319300 6.896338 11.503929
v 4.328637 6.887000 11.503832
v 4.334634 6.875231 11.503769
v 4.336699 6.862187 11.503746
v 4.334634 6.849143 11.503769
v 4.328637 6.837374 11.503832
v 4.319300 6.828036 11.503929
v 4.307531 6.822039 11.504053
v 4.294489 6.819973 11.504190
v 4.307531 6.822039 11.504053
v 4.281446 6.822039 11.504326
v 4.269677 6.828036 11.504448
v 4.260339 6.837374 11.504547
v 4.254342 6.849143 11.504610
v 4.252277 6.862187 11.504631
v 4.254342 6.875231 11.504610
v 4.269365 6.896338 11.474712
v 4.260028 6.887000 11.474810
v 4.281133 6.902335 11.474588
v 4.294177 6.904400 11.474451
v 4.307220 6.902335 11.474316
v 4.318988 6.896338 11.474194
v 4.328326 6.887000 11.474094
v 4.334322 6.875231 11.474031
v 4.336389 6.862187 11.474010
v 4.334322 6.849143 11.474031
v 4.328326 6.837374 11.474094
v 4.318988 6.828036 11.474194
v 4.307220 6.822039 11.474316
v 4.294177 6.819973 11.474451
v 4.307220 6.822039 11.474316
v 4.281133 6.822039 11.474588
v 4.269365 6.828036 11.474712
v 4.260028 6.837374 11.474810
v 4.254031 6.849143 11.474873
v 4.251966 6.862187 11.474895
v 4.254031 6.875231 11.474873
v 4.269055 6.896338 11.444975
v 4.259716 6.887000 11.445072
v 4.280822 6.902335 11.444851
v 4.293867 6.904400 11.444715
v 4.306909 6.902335 11.444578
v 4.318676 6.896338 11.444454
v 4.328014 6.887000 11.444359
v 4.334011 6.875231 11.444294
v 4.336077 6.862187 11.444273
v 4.334011 6.849143 11.444294
v 4.328014 6.837374 11.444359
v 4.318676 6.828036 11.444454
v 4.306909 6.822039 11.444578
v 4.293867 6.819973 11.444715
v 4.306909 6.822039 11.444578
v 4.280822 6.822039 11.444851
v 4.269055 6.828036 11.444975
v 4.259716 6.837374 11.445072
v 4.253719 6.849143 11.445135
v 4.251655 6.862187 11.445156
v 4.253719 6.875231 11.445135
v 4.268706 6.896338 11.418961
v 4.259376 6.887000 11.419340
v 4.280465 6.902335 11.418484
v 4.293500 6.904400 11.417955
v 4.306532 6.902335 11.417429
v 4.318291 6.896338 11.416952
v 4.327621 6.887000 11.416573
v 4.333613 6.875231 11.416328
v 4.335676 6.862187 11.416246
v 4.333613 6.849143 11.416328
v 4.327621 6.837374 11.416573
v 4.318291 6.828036 11.416952
v 4.306532 6.822039 11.417429
v 4.293500 6.819973 11.417955
v 4.306532 6.822039 11.417429
v 4.280465 6.822039 11.418484
v 4.268706 6.828036 11.418961
v 4.259376 6.837374 11.419340
v 4.253384 6.849143 11.419584
v 4.251320 6.862187 11.419666
v 4.253384 6.875231 11.419584
v 4.267143 6.896338 11.401955
v 4.257900 6.887000 11.403282
v 4.278792 6.902335 11.400280
v 4.291704 6.904400 11.398426
v 4.304616 6.902335 11.396572
v 4.316264 6.896338 11.394897
v 4.325509 6.887000 11.393568
v 4.331444 6.875231 11.392717
v 4.333488 6.862187 11.392424
v 4.331444 6.849143 11.392717
v 4.325509 6.837374 11.393568
v 4.316264 6.828036 11.394897
v 4.304616 6.822039 11.396572
v 4.291704 6.819973 11.398426
v 4.304616 6.822039 11.396572
v 4.278792 6.822039 11.400280
v 4.267143 6.828036 11.401955
v 4.257900 6.837374 11.403282
v 4.251964 6.849143 11.404137
v 4.249920 6.862187 11.404430
v 4.251964 6.875231 11.404137
v 4.263855 6.896338 11.385195
v 4.254795 6.887000 11.387459
v 4.275271 6.902335 11.382343
v 4.287928 6.904400 11.379179
v 4.300583 6.902335 11.376017
v 4.311999 6.896338 11.373165
v 4.321059 6.887000 11.370901
v 4.326879 6.875231 11.369448
v 4.328881 6.862187 11.368946
v 4.326879 6.849143 11.369448
v 4.321059 6.837374 11.370901
v 4.311999 6.828036 11.373165
v 4.300583 6.822039 11.376017
v 4.287928 6.819973 11.379179
v 4.300583 6.822039 11.376017
v 4.275271 6.822039 11.382343
v 4.263855 6.828036 11.385195
v 4.254795 6.837374 11.387459
v 4.248977 6.849143 11.388912
v 4.246974 6.862187 11.389412
v 4.248977 6.875231 11.388912
v 4.258874 6.896338 11.368858
v 4.250092 6.887000 11.372034
v 4.269940 6.902335 11.364855
v 4.282208 6.904400 11.360418
v 4.294474 6.902335 11.355982
v 4.305541 6.896338 11.351980
v 4.314323 6.887000 11.348804
v 4.319962 6.875231 11.346766
v 4.321903 6.862187 11.346062
v 4.319962 6.849143 11.346766
v 4.314323 6.837374 11.348804
v 4.305541 6.828036 11.351980
v 4.294474 6.822039 11.355982
v 4.282208 6.819973 11.360418
v 4.294474 6.822039 11.355982
v 4.269940 6.822039 11.364855
v 4.258874 6.828036 11.368858
v 4.250092 6.837374 11.372034
v 4.244452 6.849143 11.374073
v 4.242511 6.862187 11.374777
v 4.244452 6.875231 11.374073
v 4.252253 6.896338 11.353115
v 4.243840 6.887000 11.357170
v 4.262854 6.902335 11.348003
v 4.274604 6.904400 11.342340
v 4.286354 6.902335 11.336676
v 4.296955 6.896338 11.331566
v 4.305367 6.887000 11.327511
v 4.310769 6.875231 11.324905
v 4.312629 6.862187 11.324011
v 4.310769 6.849143 11.324905
v 4.305367 6.837374 11.327511
v 4.296955 6.828036 11.331566
v 4.286354 6.822039 11.336676
v 4.274604 6.819973 11.342340
v 4.286354 6.822039 11.336676
v 4.262854 6.822039 11.348003
v 4.252253 6.828036 11.353115
v 4.243840 6.837374 11.357170
v 4.238439 6.849143 11.359776
v 4.236578 6.862187 11.360672
v 4.238439 6.875231 11.359776
v 4.244061 6.896338 11.338129
v 4.236106 6.887000 11.343021
v 4.254085 6.902335 11.331964
v 4.265197 6.904400 11.325130
v 4.276307 6.902335 11.318298
v 4.286332 6.896338 11.312132
v 4.294286 6.887000 11.307241
v 4.299395 6.875231 11.304100
v 4.301153 6.862187 11.303017
v 4.299395 6.849143 11.304100
v 4.294286 6.837374 11.307241
v 4.286332 6.828036 11.312132
v 4.276307 6.822039 11.318298
v 4.265197 6.819973 11.325130
v 4.276307 6.822039 11.318298
v 4.254085 6.822039 11.331964
v 4.244061 6.828036 11.338129
v 4.236106 6.837374 11.343021
v 4.230997 6.849143 11.346163
v 4.229239 6.862187 11.347244
v 4.230997 6.875231 11.346163
v 4.234383 6.896338 11.324057
v 4.226968 6.887000 11.329735
v 4.243726 6.902335 11.316902
v 4.254083 6.904400 11.308969
v 4.264440 6.902335 11.301039
v 4.273782 6.896338 11.293886
v 4.281196 6.887000 11.288206
v 4.285958 6.875231 11.284561
v 4.287597 6.862187 11.283306
v 4.285958 6.849143 11.284561
v 4.281196 6.837374 11.288206
v 4.273782 6.828036 11.293886
v 4.264440 6.822039 11.301039
v 4.254083 6.819973 11.308969
v 4.264440 6.822039 11.301039
v 4.243726 6.822039 11.316902
v 4.234383 6.828036 11.324057
v 4.226968 6.837374 11.329735
v 4.222207 6.849143 11.333382
v 4.220567 6.862187 11.334637
v 4.222207 6.875231 11.333382
v 4.223319 6.896338 11.311045
v 4.216523 6.887000 11.317448
v 4.231884 6.902335 11.302973
v 4.241380 6.904400 11.294029
v 4.250872 6.902335 11.285084
v 4.259437 6.896338 11.277012
v 4.266233 6.887000 11.270609
v 4.270597 6.875231 11.266497
v 4.272100 6.862187 11.265079
v 4.270597 6.849143 11.266497
v 4.266233 6.837374 11.270609
v 4.259437 6.828036 11.277012
v 4.250872 6.822039 11.285084
v 4.241380 6.819973 11.294029
v 4.250872 6.822039 11.285084
v 4.231884 6.822039 11.302973
v 4.223319 6.828036 11.311045
v 4.216523 6.837374 11.317448
v 4.212158 6.849143 11.321562
v 4.210656 6.862187 11.322979
v 4.212158 6.875231 11.321562
v 4.210987 6.896338 11.299229
v 4.204880 6.887000 11.306293
v 4.218685 6.902335 11.290327
v 4.227217 6.904400 11.280458
v 4.235748 6.902335 11.270592
v 4.243445 6.896338 11.261690
v 4.249553 6.887000 11.254625
v 4.253475 6.875231 11.250090
v 4.254827 6.862187 11.248528
v 4.253475 6.849143 11.250090
v 4.249553 6.837374 11.254625
v 4.243445 6.828036 11.261690
v 4.235748 6.822039 11.270592
v 4.227217 6.819973 11.280458
v 4.235748 6.822039 11.270592
v 4.218685 6.822039 11.290327
v 4.210987 6.828036 11.299229
v 4.204880 6.837374 11.306293
v 4.200957 6.849143 11.310829
v 4.199606 6.862187 11.312391
v 4.200957 6.875231 11.310829
v 4.197515 6.896338 11.288733
v 4.192159 6.887000 11.296383
v 4.204264 6.902335 11.279091
v 4.211745 6.904400 11.268406
v 4.219226 6.902335 11.257721
v 4.225974 6.896338 11.248079
v 4.231330 6.887000 11.240429
v 4.234769 6.875231 11.235516
v 4.235953 6.862187 11.233824
v 4.234769 6.849143 11.235516
v 4.231330 6.837374 11.240429
v 4.225974 6.828036 11.248079
v 4.219226 6.822039 11.257721
v 4.211745 6.819973 11.268406
v 4.219226 6.822039 11.257721
v 4.204264 6.822039 11.279091
v 4.197515 6.828036 11.288733
v 4.192159 6.837374 11.296383
v 4.188720 6.849143 11.301296
v 4.187535 6.862187 11.302988
v 4.188720 6.875231 11.301296
v 4.183042 6.896338 11.279665
v 4.178493 6.887000 11.287821
v 4.188773 6.902335 11.269386
v 4.195125 6.904400 11.257992
v 4.201476 6.902335 11.246599
v 4.207207 6.896338 11.236320
v 4.211755 6.887000 11.228165
v 4.214675 6.875231 11.222927
v 4.215680 6.862187 11.221123
v 4.214675 6.849143 11.222927
v 4.211755 6.837374 11.228165
v 4.207207 6.828036 11.236320
v 4.201476 6.822039 11.246599
v 4.195125 6.819973 11.257992
v 4.201476 6.822039 11.246599
v 4.188773 6.822039 11.269386
v 4.183042 6.828036 11.279665
v 4.178493 6.837374 11.287821
v 4.175574 6.849143 11.293058
v 4.174568 6.862187 11.294863
v 4.175574 6.875231 11.293058
v 4.167720 6.896338 11.272121
v 4.164027 6.887000 11.280697
v 4.172372 6.902335 11.261311
v 4.177528 6.904400 11.249329
v 4.182685 6.902335 11.237349
v 4.187338 6.896338 11.226538
v 4.191030 6.887000 11.217960
v 4.193400 6.875231 11.212452
v 4.194217 6.862187 11.210554
v 4.193400 6.849143 11.212452
v 4.191030 6.837374 11.217960
v 4.187338 6.828036 11.226538
v 4.182685 6.822039 11.237349
v 4.177528 6.819973 11.249329
v 4.182685 6.822039 11.237349
v 4.172372 6.822039 11.261311
v 4.167720 6.828036 11.272121
v 4.164027 6.837374 11.280697
v 4.161656 6.849143 11.286207
v 4.160840 6.862187 11.288103
v 4.161656 6.875231 11.286207
v 4.151707 6.896338 11.266178
v 4.148909 6.887000 11.275087
v 4.155232 6.902335 11.254951
v 4.159141 6.904400 11.242504
v 4.163049 6.902335 11.230061
v 4.166574 6.896338 11.218834
v 4.169373 6.887000 11.209923
v 4.171169 6.875231 11.204201
v 4.171788 6.862187 11.202230
v 4.171169 6.849143 11.204201
v 4.169373 6.837374 11.209923
v 4.166574 6.828036 11.218834
v 4.163049 6.822039 11.230061
v 4.159141 6.819973 11.242504
v 4.163049 6.822039 11.230061
v 4.155232 6.822039 11.254951
v 4.151707 6.828036 11.266178
v 4.148909 6.837374 11.275087
v 4.147113 6.849143 11.280809
v 4.146494 6.862187 11.282778
v 4.147113 6.875231 11.280809
v 4.135172 6.896338 11.261900
v 4.133298 6.887000 11.271049
v 4.137535 6.902335 11.250370
v 4.140153 6.904400 11.237591
v 4.142773 6.902335 11.224813
v 4.145134 6.896338 11.213285
v 4.147009 6.887000 11.204136
v 4.148212 6.875231 11.198261
v 4.148627 6.862187 11.196238
v 4.148212 6.849143 11.198261
v 4.147009 6.837374 11.204136
v 4.145134 6.828036 11.213285
v 4.142773 6.822039 11.224813
v 4.140153 6.819973 11.237591
v 4.142773 6.822039 11.224813
v 4.137535 6.822039 11.250370
v 4.135172 6.828036 11.261900
v 4.133298 6.837374 11.271049
v 4.132094 6.849143 11.276922
v 4.131680 6.862187 11.278946
v 4.132094 6.875231 11.276922
v 4.118288 6.896338 11.259329
v 4.117356 6.887000 11.268621
v 4.119462 6.902335 11.247620
v 4.120765 6.904400 11.234642
v 4.122065 6.902335 11.221663
v 4.123240 6.896338 11.209951
v 4.124171 6.887000 11.200661
v 4.124769 6.875231 11.194695
v 4.124975 6.862187 11.192638
v 4.124769 6.849143 11.194695
v 4.124171 6.837374 11.200661
v 4.123240 6.828036 11.209951
v 4.122065 6.822039 11.221663
v 4.120765 6.819973 11.234642
v 4.122065 6.822039 11.221663
v 4.119462 6.822039 11.247620
v 4.118288 6.828036 11.259329
v 4.117356 6.837374 11.268621
v 4.116757 6.849143 11.274590
v 4.116551 6.862187 11.276644
v 4.116757 6.875231 11.274590
v 4.100954 6.896338 11.258495
v 4.100954 6.887000 11.267834
v 4.100954 6.902335 11.246727
v 4.100954 6.904400 11.233683
v 4.100954 6.902335 11.220638
v 4.100954 6.896338 11.208872
v 4.100954 6.887000 11.199532
v 4.100954 6.875231 11.193535
v 4.100954 6.862187 11.191471
v 4.100954 6.849143 11.193535
v 4.100954 6.837374 11.199532
v 4.100954 6.828036 11.208872
v 4.100954 6.822039 11.220638
v 4.100954 6.819973 11.233683
v 4.100954 6.822039 11.220638
v 4.100954 6.822039 11.246727
v 4.100954 6.828036 11.258495
v 4.100954 6.837374 11.267834
v 4.100954 6.849143 11.273830
v 4.100954 6.862187 11.275896
v 4.100954 6.875231 11.273830
v 4.071216 6.896338 11.258495
v 4.071216 6.887000 11.267834
v 4.071216 6.902335 11.246727
v 4.071216 6.904400 11.233683
v 4.071216 6.902335 11.220638
v 4.071216 6.896338 11.208872
v 4.071216 6.887000 11.199532
v 4.071216 6.875231 11.193535
v 4.071216 6.862187 11.191471
v 4.071216 6.849143 11.193535
v 4.071216 6.837374 11.199532
v 4.071216 6.828036 11.208872
v 4.071216 6.822039 11.220638
v 4.071216 6.819973 11.233683
v 4.071216 6.822039 11.220638
v 4.071216 6.822039 11.246727
v 4.071216 6.828036 11.258495
v 4.071216 6.837374 11.267834
v 4.071216 6.849143 11.273830
v 4.071216 6.862187 11.275896
v 4.071216 6.875231 11.273830
v 4.041476 6.896338 11.258495
v 4.041476 6.887000 11.267834
v 4.041476 6.902335 11.246727
v 4.041476 6.904400 11.233683
v 4.041476 6.902335 11.220638
v 4.041476 6.896338 11.208872
v 4.041476 6.887000 11.199532
v 4.041476 6.875231 11.193535
v 4.041476 6.862187 11.191471
v 4.041476 6.849143 11.193535
v 4.041476 6.837374 11.199532
v 4.041476 6.828036 11.208872
v 4.041476 6.822039 11.220638
v 4.041476 6.819973 11.233683
v 4.041476 6.822039 11.220638
v 4.041476 6.822039 11.246727
v 4.041476 6.828036 11.258495
v 4.041476 6.837374 11.267834
v 4.041476 6.849143 11.273830
v 4.041476 6.862187 11.275896
v 4.041476 6.875231 11.273830
v 4.011738 6.896338 11.258495
v 4.011738 6.887000 11.267834
v 4.011738 6.902335 11.246727
v 4.011738 6.904400 11.233683
v 4.011738 6.902335 11.220638
v 4.011738 6.896338 11.208872
v 4.011738 6.887000 11.199532
v 4.011738 6.875231 11.193535
v 4.011738 6.862187 11.191471
v 4.011738 6.849143 11.193535
v 4.011738 6.837374 11.199532
v 4.011738 6.828036 11.208872
v 4.011738 6.822039 11.220638
v 4.011738 6.819973 11.233683
v 4.011738 6.822039 11.220638
v 4.011738 6.822039 11.246727
v 4.011738 6.828036 11.258495
v 4.011738 6.837374 11.267834
v 4.011738 6.849143 11.273830
v 4.011738 6.862187 11.275896
v 4.011738 6.875231 11.273830
v 3.981999 6.896338 11.258495
v 3.981999 6.887000 11.267834
v 3.981999 6.902335 11.246727
v 3.981999 6.904400 11.233683
v 3.981999 6.902335 11.220638
v 3.981999 6.896338 11.208872
v 3.981999 6.887000 11.199532
v 3.981999 6.875231 11.193535
v 3.981999 6.862187 11.191471
v 3.981999 6.849143 11.193535
v 3.981999 6.837374 11.199532
v 3.981999 6.828036 11.208872
v 3.981999 6.822039 11.220638
v 3.981999 6.819973 11.233683
v 3.981999 6.822039 11.220638
v 3.981999 6.822039 11.246727
v 3.981999 6.828036 11.258495
v 3.981999 6.837374 11.267834
v 3.981999 6.849143 11.273830
v 3.981999 6.862187 11.275896
v 3.981999 6.875231 11.273830
v 3.952260 6.896338 11.258495
v 3.952260 6.887000 11.267834
v 3.952260 6.902335 11.246727
v 3.952260 6.904400 11.233683
v 3.952260 6.902335 11.220638
v 3.952260 6.896338 11.208872
v 3.952260 6.887000 11.199532
v 3.952260 6.875231 11.193535
v 3.952260 6.862187 11.191471
v 3.952260 6.849143 11.193535
v 3.952260 6.837374 11.199532
v 3.952260 6.828036 11.208872
v 3.952260 6.822039 11.220638
v 3.952260 6.819973 11.233683
v 3.952260 6.822039 11.220638
v 3.952260 6.822039 11.246727
v 3.952260 6.828036 11.258495
v 3.952260 6.837374 11.267834
v 3.952260 6.849143 11.273830
v 3.952260 6.862187 11.275896
v 3.952260 6.875231 11.273830
v 3.922522 6.896338 11.258495
v 3.922522 6.887000 11.267834
v 3.922522 6.902335 11.246727
v 3.922522 6.904400 11.233683
v 3.922522 6.902335 11.220638
v 3.922522 6.896338 11.208872
v 3.922522 6.887000 11.199532
v 3.922522 6.875231 11.193535
v 3.922522 6.862187 11.191471
v 3.922522 6.849143 11.193535
v 3.922522 6.837374 11.199532
v 3.922522 6.828036 11.208872
v 3.922522 6.822039 11.220638
v 3.922522 6.819973 11.233683
v 3.922522 6.822039 11.220638
v 3.922522 6.822039 11.246727
v 3.922522 6.828036 11.258495
v 3.922522 6.837374 11.267834
v 3.922522 6.849143 11.273830
v 3.922522 6.862187 11.275896
v 3.922522 6.875231 11.273830
v 3.892783 6.896338 11.258495
v 3.892783 6.887000 11.267834
v 3.892783 6.902335 11.246727
v 3.892783 6.904400 11.233683
v 3.892783 6.902335 11.220638
v 3.892783 6.896338 11.208872
v 3.892783 6.887000 11.199532
v 3.892783 6.875231 11.193535
v 3.892783 6.862187 11.191471
v 3.892783 6.849143 11.193535
v 3.892783 6.837374 11.199532
v 3.892783 6.828036 11.208872
v 3.892783 6.822039 11.220638
v 3.892783 6.819973 11.233683
v 3.892783 6.822039 11.220638
v 3.892783 6.822039 11.246727
v 3.892783 6.828036 11.258495
v 3.892783 6.837374 11.267834
v 3.892783 6.849143 11.273830
v 3.892783 6.862187 11.275896
v 3.892783 6.875231 11.273830
v 3.863046 6.896338 11.258495
v 3.863046 6.887000 11.267834
v 3.863046 6.902335 11.246727
v 3.863046 6.904400 11.233683
v 3.863046 6.902335 11.220638
v 3.863046 6.896338 11.208872
v 3.863046 6.887000 11.199532
v 3.863046 6.875231 11.193535
v 3.863046 6.862187 11.191471
v 3.863046 6.849143 11.193535
v 3.863046 6.837374 11.199532
v 3.863046 6.828036 11.208872
v 3.863046 6.822039 11.220638
v 3.863046 6.819973 11.233683
v 3.863046 6.822039 11.220638
v 3.863046 6.822039 11.246727
v 3.863046 6.828036 11.258495
v 3.863046 6.837374 11.267834
v 3.863046 6.849143 11.273830
v 3.863046 6.862187 11.275896
v 3.863046 6.875231 11.273830
v 4.285493 6.822039 11.890907
v 4.298538 6.819973 11.890772
v 4.298538 6.862676 11.946312
v 4.287407 6.864293 11.945601
v 4.298538 6.819973 11.890772
v 4.311581 6.822039 11.890635
v 4.309667 6.864185 11.945393
v 4.298538 6.862676 11.946312
v 4.311581 6.822039 11.890635
v 4.323348 6.828036 11.890511
v 4.319709 6.868674 11.942934
v 4.309667 6.864185 11.945393
v 4.323348 6.828036 11.890511
v 4.332685 6.837374 11.890413
v 4.327677 6.875701 11.939177
v 4.319709 6.868674 11.942934
v 4.332685 6.837374 11.890413
v 4.338683 6.849143 11.890350
v 4.332794 6.884582 11.934486
v 4.327677 6.875701 11.939177
v 4.338683 6.849143 11.890350
v 4.340748 6.862187 11.890329
v 4.334557 6.894444 11.929325
v 4.332794 6.884582 11.934486
v 4.340748 6.862187 11.890329
v 4.338683 6.875231 11.890350
v 4.332794 6.904322 11.924196
v 4.334557 6.894444 11.929325
v 4.338683 6.875231 11.890350
v 4.332685 6.887000 11.890413
v 4.327677 6.913252 11.919601
v 4.332794 6.904322 11.924196
v 4.332685 6.887000 11.890413
v 4.323348 6.896338 11.890511
v 4.319709 6.920357 11.915991
v 4.327677 6.913252 11.919601
v 4.323348 6.896338 11.890511
v 4.311581 6.902335 11.890635
v 4.309667 6.924943 11.913719
v 4.319709 6.920357 11.915991
v 4.311581 6.902335 11.890635
v 4.298538 6.904400 11.890772
v 4.298538 6.926559 11.913010
v 4.309667 6.924943 11.913719
v 4.298538 6.904400 11.890772
v 4.285493 6.902335 11.890907
v 4.287407 6.925051 11.913927
v 4.298538 6.926559 11.913010
v 4.285493 6.902335 11.890907
v 4.273726 6.896338 11.891031
v 4.277365 6.920562 11.916386
v 4.287407 6.925051 11.913927
v 4.273726 6.896338 11.891031
v 4.264388 6.887000 11.891129
v 4.269397 6.913534 11.920143
v 4.277365 6.920562 11.916386
v 4.264388 6.887000 11.891129
v 4.258390 6.875231 11.891191
v 4.264279 6.904654 11.924831
v 4.269397 6.913534 11.920143
v 4.258390 6.875231 11.891191
v 4.256326 6.862187 11.891212
v 4.262517 6.894792 11.929995
v 4.264279 6.904654 11.924831
v 4.256326 6.862187 11.891212
v 4.258390 6.849143 11.891191
v 4.264279 6.884913 11.935123
v 4.262517 6.894792 11.929995
v 4.258390 6.849143 11.891191
v 4.264388 6.837374 11.891129
v 4.269397 6.875983 11.939716
v 4.264279 6.884913 11.935123
v 4.264388 6.837374 11.891129
v 4.273726 6.828036 11.891031
v 4.277365 6.868879 11.943329
v 4.269397 6.875983 11.939716
v 4.273726 6.828036 11.891031
v 4.285493 6.822039 11.890907
v 4.287407 6.864293 11.945601
v 4.277365 6.868879 11.943329
v 3.846489 5.810741 11.219535
v 3.839985 5.810741 11.206773
v 3.839985 5.896912 11.206773
v 3.846489 5.896912 11.219535
v 3.829856 5.810741 11.196644
v 3.829856 5.896912 11.196644
v 3.817093 5.810741 11.190140
v 3.817093 5.896912 11.190140
v 3.802945 5.810741 11.187901
v 3.802945 5.896912 11.187901
v 3.788796 5.810741 11.190140
v 3.788796 5.896912 11.190140
v 3.776033 5.810741 11.196644
v 3.776033 5.896912 11.196644
v 3.765906 5.810741 11.206773
v 3.765906 5.896912 11.206773
v 3.759402 5.810741 11.219535
v 3.759402 5.896912 11.219535
v 3.757161 5.810741 11.233683
v 3.757161 5.896912 11.233683
v 3.759402 5.810741 11.247831
v 3.759402 5.896912 11.247831
v 3.765906 5.810741 11.260595
v 3.765906 5.896912 11.260595
v 3.776033 5.810741 11.270723
v 3.776033 5.896912 11.270723
v 3.788796 5.810741 11.277227
v 3.788796 5.896912 11.277227
v 3.802945 5.810741 11.279468
v 3.802945 5.896912 11.279468
v 3.817093 5.810741 11.277227
v 3.817093 5.896912 11.277227
v 3.829856 5.810741 11.270723
v 3.829856 5.896912 11.270723
v 3.839985 5.810741 11.260595
v 3.839985 5.896912 11.260595
v 3.846489 5.810741 11.247831
v 3.846489 5.896912 11.247831
v 3.848728 5.810741 11.233683
v 3.848728 5.896912 11.233683
v 3.846489 5.810741 11.219535
v 3.846489 5.896912 11.219535
v 3.846489 7.275644 11.247831
v 3.848728 7.275644 11.233683
v 3.848728 7.425751 11.233683
v 3.846489 7.425751 11.247831
v 3.839985 7.275644 11.260595
v 3.839985 7.425751 11.260595
v 3.829856 7.275644 11.270723
v 3.829856 7.425751 11.270723
v 3.817093 7.275644 11.277227
v 3.817093 7.425751 11.277227
v 3.802945 7.275644 11.279468
v 3.802945 7.425751 11.279468
v 3.788796 7.275644 11.277227
v 3.788796 7.425751 11.277227
v 3.776033 7.275644 11.270723
v 3.776033 7.425751 11.270723
v 3.765906 7.275644 11.260595
v 3.765906 7.425751 11.260595
v 3.759402 7.275644 11.247831
v 3.759402 7.425751 11.247831
v 3.757161 7.275644 11.233683
v 3.757161 7.425751 11.233683
v 3.759402 7.275644 11.219535
v 3.759402 7.425751 11.219535
v 3.765906 7.275644 11.206773
v 3.765906 7.425751 11.206773
v 3.776033 7.275644 11.196644
v 3.776033 7.425751 11.196644
v 3.788796 7.275644 11.190140
v 3.788796 7.425751 11.190140
v 3.802945 7.275644 11.187901
v 3.802945 7.425751 11.187901
v 3.817093 7.275644 11.190140
v 3.817093 7.425751 11.190140
v 3.829856 7.275644 11.196644
v 3.829856 7.425751 11.196644
v 3.839985 7.275644 11.206773
v 3.839985 7.425751 11.206773
v 3.846489 7.275644 11.219535
v 3.846489 7.425751 11.219535
v 3.846489 7.275644 11.219535
v 3.846489 7.425751 11.219535
v 3.846489 7.189473 11.247831
v 3.848728 7.189473 11.233683
v 3.839985 7.189473 11.260595
v 3.829856 7.189473 11.270723
v 3.817093 7.189473 11.277227
v 3.802945 7.189473 11.279468
v 3.788796 7.189473 11.277227
v 3.776033 7.189473 11.270723
v 3.765906 7.189473 11.260595
v 3.759402 7.189473 11.247831
v 3.757161 7.189473 11.233683
v 3.759402 7.189473 11.219535
v 3.765906 7.189473 11.206773
v 3.776033 7.189473 11.196644
v 3.788796 7.189473 11.190140
v 3.802945 7.189473 11.187901
v 3.817093 7.189473 11.190140
v 3.829856 7.189473 11.196644
v 3.839985 7.189473 11.206773
v 3.846489 7.189473 11.219535
v 3.846489 7.189473 11.219535
v 3.846489 7.103302 11.247831
v 3.848728 7.103302 11.233683
v 3.839985 7.103302 11.260595
v 3.829856 7.103302 11.270723
v 3.817093 7.103302 11.277227
v 3.802945 7.103302 11.279468
v 3.788796 7.103302 11.277227
v 3.776033 7.103302 11.270723
v 3.765906 7.103302 11.260595
v 3.759402 7.103302 11.247831
v 3.757161 7.103302 11.233683
v 3.759402 7.103302 11.219535
v 3.765906 7.103302 11.206773
v 3.776033 7.103302 11.196644
v 3.788796 7.103302 11.190140
v 3.802945 7.103302 11.187901
v 3.817093 7.103302 11.190140
v 3.829856 7.103302 11.196644
v 3.839985 7.103302 11.206773
v 3.846489 7.103302 11.219535
v 3.846489 7.103302 11.219535
v 3.846489 7.017131 11.247831
v 3.848728 7.017131 11.233683
v 3.839985 7.017131 11.260595
v 3.829856 7.017131 11.270723
v 3.817093 7.017131 11.277227
v 3.802945 7.017131 11.279468
v 3.788796 7.017131 11.277227
v 3.776033 7.017131 11.270723
v 3.765906 7.017131 11.260595
v 3.759402 7.017131 11.247831
v 3.757161 7.017131 11.233683
v 3.759402 7.017131 11.219535
v 3.765906 7.017131 11.206773
v 3.776033 7.017131 11.196644
v 3.788796 7.017131 11.190140
v 3.802945 7.017131 11.187901
v 3.817093 7.017131 11.190140
v 3.829856 7.017131 11.196644
v 3.839985 7.017131 11.206773
v 3.846489 7.017131 11.219535
v 3.846489 7.017131 11.219535
v 3.846489 6.930961 11.247831
v 3.848728 6.930961 11.233683
v 3.839985 6.930961 11.260595
v 3.829856 6.930961 11.270723
v 3.817093 6.930961 11.277227
v 3.802945 6.930961 11.279468
v 3.788796 6.930961 11.277227
v 3.776033 6.930961 11.270723
v 3.765906 6.930961 11.260595
v 3.759402 6.930961 11.247831
v 3.757161 6.930961 11.233683
v 3.759402 6.930961 11.219535
v 3.765906 6.930961 11.206773
v 3.776033 6.930961 11.196644
v 3.788796 6.930961 11.190140
v 3.802945 6.930961 11.187901
v 3.817093 6.930961 11.190140
v 3.829856 6.930961 11.196644
v 3.839985 6.930961 11.206773
v 3.846489 6.930961 11.219535
v 3.846489 6.930961 11.219535
v 3.846489 6.844790 11.247831
v 3.848728 6.844790 11.233683
v 3.839985 6.844790 11.260595
v 3.829856 6.844790 11.270723
v 3.817093 6.844790 11.277227
v 3.802945 6.844790 11.279468
v 3.788796 6.844790 11.277227
v 3.776033 6.844790 11.270723
v 3.765906 6.844790 11.260595
v 3.759402 6.844790 11.247831
v 3.757161 6.844790 11.233683
v 3.759402 6.844790 11.219535
v 3.765906 6.844790 11.206773
v 3.776033 6.844790 11.196644
v 3.788796 6.844790 11.190140
v 3.802945 6.844790 11.187901
v 3.817093 6.844790 11.190140
v 3.829856 6.844790 11.196644
v 3.839985 6.844790 11.206773
v 3.846489 6.844790 11.219535
v 3.846489 6.844790 11.219535
v 3.846489 6.758619 11.247831
v 3.848728 6.758619 11.233683
v 3.839985 6.758619 11.260595
v 3.829856 6.758619 11.270723
v 3.817093 6.758619 11.277227
v 3.802945 6.758619 11.279468
v 3.788796 6.758619 11.277227
v 3.776033 6.758619 11.270723
v 3.765906 6.758619 11.260595
v 3.759402 6.758619 11.247831
v 3.757161 6.758619 11.233683
v 3.759402 6.758619 11.219535
v 3.765906 6.758619 11.206773
v 3.776033 6.758619 11.196644
v 3.788796 6.758619 11.190140
v 3.802945 6.758619 11.187901
v 3.817093 6.758619 11.190140
v 3.829856 6.758619 11.196644
v 3.839985 6.758619 11.206773
v 3.846489 6.758619 11.219535
v 3.846489 6.758619 11.219535
v 3.846489 6.672449 11.247831
v 3.848728 6.672449 11.233683
v 3.839985 6.672449 11.260595
v 3.829856 6.672449 11.270723
v 3.817093 6.672449 11.277227
v 3.802945 6.672449 11.279468
v 3.788796 6.672449 11.277227
v 3.776033 6.672449 11.270723
v 3.765906 6.672449 11.260595
v 3.759402 6.672449 11.247831
v 3.757161 6.672449 11.233683
v 3.759402 6.672449 11.219535
v 3.765906 6.672449 11.206773
v 3.776033 6.672449 11.196644
v 3.788796 6.672449 11.190140
v 3.802945 6.672449 11.187901
v 3.817093 6.672449 11.190140
v 3.829856 6.672449 11.196644
v 3.839985 6.672449 11.206773
v 3.846489 6.672449 11.219535
v 3.846489 6.672449 11.219535
v 3.846489 6.586277 11.247831
v 3.848728 6.586277 11.233683
v 3.839985 6.586277 11.260595
v 3.829856 6.586277 11.270723
v 3.817093 6.586277 11.277227
v 3.802945 6.586277 11.279468
v 3.788796 6.586277 11.277227
v 3.776033 6.586277 11.270723
v 3.765906 6.586277 11.260595
v 3.759402 6.586277 11.247831
v 3.757161 6.586277 11.233683
v 3.759402 6.586277 11.219535
v 3.765906 6.586277 11.206773
v 3.776033 6.586277 11.196644
v 3.788796 6.586277 11.190140
v 3.802945 6.586277 11.187901
v 3.817093 6.586277 11.190140
v 3.829856 6.586277 11.196644
v 3.839985 6.586277 11.206773
v 3.846489 6.586277 11.219535
v 3.846489 6.586277 11.219535
v 3.846489 6.500107 11.247831
v 3.848728 6.500107 11.233683
v 3.839985 6.500107 11.260595
v 3.829856 6.500107 11.270723
v 3.817093 6.500107 11.277227
v 3.802945 6.500107 11.279468
v 3.788796 6.500107 11.277227
v 3.776033 6.500107 11.270723
v 3.765906 6.500107 11.260595
v 3.759402 6.500107 11.247831
v 3.757161 6.500107 11.233683
v 3.759402 6.500107 11.219535
v 3.765906 6.500107 11.206773
v 3.776033 6.500107 11.196644
v 3.788796 6.500107 11.190140
v 3.802945 6.500107 11.187901
v 3.817093 6.500107 11.190140
v 3.829856 6.500107 11.196644
v 3.839985 6.500107 11.206773
v 3.846489 6.500107 11.219535
v 3.846489 6.500107 11.219535
v 3.846489 6.413936 11.247831
v 3.848728 6.413936 11.233683
v 3.839985 6.413936 11.260595
v 3.829856 6.413936 11.270723
v 3.817093 6.413936 11.277227
v 3.802945 6.413936 11.279468
v 3.788796 6.413936 11.277227
v 3.776033 6.413936 11.270723
v 3.765906 6.413936 11.260595
v 3.759402 6.413936 11.247831
v 3.757161 6.413936 11.233683
v 3.759402 6.413936 11.219535
v 3.765906 6.413936 11.206773
v 3.776033 6.413936 11.196644
v 3.788796 6.413936 11.190140
v 3.802945 6.413936 11.187901
v 3.817093 6.413936 11.190140
v 3.829856 6.413936 11.196644
v 3.839985 6.413936 11.206773
v 3.846489 6.413936 11.219535
v 3.846489 6.413936 11.219535
v 3.846489 6.327765 11.247831
v 3.848728 6.327765 11.233683
v 3.839985 6.327765 11.260595
v 3.829856 6.327765 11.270723
v 3.817093 6.327765 11.277227
v 3.802945 6.327765 11.279468
v 3.788796 6.327765 11.277227
v 3.776033 6.327765 11.270723
v 3.765906 6.327765 11.260595
v 3.759402 6.327765 11.247831
v 3.757161 6.327765 11.233683
v 3.759402 6.327765 11.219535
v 3.765906 6.327765 11.206773
v 3.776033 6.327765 11.196644
v 3.788796 6.327765 11.190140
v 3.802945 6.327765 11.187901
v 3.817093 6.327765 11.190140
v 3.829856 6.327765 11.196644
v 3.839985 6.327765 11.206773
v 3.846489 6.327765 11.219535
v 3.846489 6.327765 11.219535
v 3.846489 6.241594 11.247831
v 3.848728 6.241594 11.233683
v 3.839985 6.241594 11.260595
v 3.829856 6.241594 11.270723
v 3.817093 6.241594 11.277227
v 3.802945 6.241594 11.279468
v 3.788796 6.241594 11.277227
v 3.776033 6.241594 11.270723
v 3.765906 6.241594 11.260595
v 3.759402 6.241594 11.247831
v 3.757161 6.241594 11.233683
v 3.759402 6.241594 11.219535
v 3.765906 6.241594 11.206773
v 3.776033 6.241594 11.196644
v 3.788796 6.241594 11.190140
v 3.802945 6.241594 11.187901
v 3.817093 6.241594 11.190140
v 3.829856 6.241594 11.196644
v 3.839985 6.241594 11.206773
v 3.846489 6.241594 11.219535
v 3.846489 6.241594 11.219535
v 3.846489 6.155424 11.247831
v 3.848728 6.155424 11.233683
v 3.839985 6.155424 11.260595
v 3.829856 6.155424 11.270723
v 3.817093 6.155424 11.277227
v 3.802945 6.155424 11.279468
v 3.788796 6.155424 11.277227
v 3.776033 6.155424 11.270723
v 3.765906 6.155424 11.260595
v 3.759402 6.155424 11.247831
v 3.757161 6.155424 11.233683
v 3.759402 6.155424 11.219535
v 3.765906 6.155424 11.206773
v 3.776033 6.155424 11.196644
v 3.788796 6.155424 11.190140
v 3.802945 6.155424 11.187901
v 3.817093 6.155424 11.190140
v 3.829856 6.155424 11.196644
v 3.839985 6.155424 11.206773
v 3.846489 6.155424 11.219535
v 3.846489 6.155424 11.219535
v 3.846489 6.069253 11.247831
v 3.848728 6.069253 11.233683
v 3.839985 6.069253 11.260595
v 3.829856 6.069253 11.270723
v 3.817093 6.069253 11.277227
v 3.802945 6.069253 11.279468
v 3.788796 6.069253 11.277227
v 3.776033 6.069253 11.270723
v 3.765906 6.069253 11.260595
v 3.759402 6.069253 11.247831
v 3.757161 6.069253 11.233683
v 3.759402 6.069253 11.219535
v 3.765906 6.069253 11.206773
v 3.776033 6.069253 11.196644
v 3.788796 6.069253 11.190140
v 3.802945 6.069253 11.187901
v 3.817093 6.069253 11.190140
v 3.829856 6.069253 11.196644
v 3.839985 6.069253 11.206773
v 3.846489 6.069253 11.219535
v 3.846489 6.069253 11.219535
v 3.846489 5.983082 11.247831
v 3.848728 5.983082 11.233683
v 3.839985 5.983082 11.260595
v 3.829856 5.983082 11.270723
v 3.817093 5.983082 11.277227
v 3.802945 5.983082 11.279468
v 3.788796 5.983082 11.277227
v 3.776033 5.983082 11.270723
v 3.765906 5.983082 11.260595
v 3.759402 5.983082 11.247831
v 3.757161 5.983082 11.233683
v 3.759402 5.983082 11.219535
v 3.765906 5.983082 11.206773
v 3.776033 5.983082 11.196644
v 3.788796 5.983082 11.190140
v 3.802945 5.983082 11.187901
v 3.817093 5.983082 11.190140
v 3.829856 5.983082 11.196644
v 3.839985 5.983082 11.206773
v 3.846489 5.983082 11.219535
v 3.846489 5.983082 11.219535
v 3.802321 6.822039 11.246727
v 3.772582 6.822039 11.246727
v 3.772582 6.819973 11.233683
v 3.802321 6.819973 11.233683
v 3.802321 6.828036 11.258495
v 3.772582 6.828036 11.258495
v 3.802321 6.837374 11.267834
v 3.772582 6.837374 11.267834
v 3.802321 6.849143 11.273830
v 3.772582 6.849143 11.273830
v 3.802321 6.862187 11.275896
v 3.772582 6.862187 11.275896
v 3.802321 6.875231 11.273830
v 3.772582 6.875231 11.273830
v 3.802321 6.887000 11.267834
v 3.772582 6.887000 11.267834
v 3.802321 6.896338 11.258495
v 3.772582 6.896338 11.258495
v 3.802321 6.902335 11.246727
v 3.772582 6.902335 11.246727
v 3.802321 6.904400 11.233683
v 3.772582 6.904400 11.233683
v 3.802321 6.902335 11.220638
v 3.772582 6.902335 11.220638
v 3.802321 6.896338 11.208872
v 3.772582 6.896338 11.208872
v 3.802321 6.887000 11.199532
v 3.772582 6.887000 11.199532
v 3.802321 6.875231 11.193535
v 3.772582 6.875231 11.193535
v 3.802321 6.862187 11.191471
v 3.772582 6.862187 11.191471
v 3.802321 6.849143 11.193535
v 3.772582 6.849143 11.193535
v 3.802321 6.837374 11.199532
v 3.772582 6.837374 11.199532
v 3.802321 6.828036 11.208872
v 3.772582 6.828036 11.208872
v 3.802321 6.822039 11.220638
v 3.772582 6.822039 11.220638
v 3.772582 6.822039 11.220638
v 3.802321 6.822039 11.220638
v 3.332475 6.896338 11.861294
v 3.332163 6.896338 11.891031
v 3.341500 6.887000 11.891129
v 3.341812 6.887000 11.861393
v 3.320705 6.902335 11.861172
v 3.320395 6.902335 11.890907
v 3.307662 6.904400 11.861034
v 3.307350 6.904400 11.890772
v 3.294620 6.902335 11.860897
v 3.294308 6.902335 11.890635
v 3.282851 6.896338 11.860775
v 3.282540 6.896338 11.890511
v 3.273513 6.887000 11.860676
v 3.273203 6.887000 11.890413
v 3.267517 6.875231 11.860613
v 3.267205 6.875231 11.890350
v 3.265452 6.862187 11.860592
v 3.265141 6.862187 11.890329
v 3.267517 6.849143 11.860613
v 3.267205 6.849143 11.890350
v 3.273513 6.837374 11.860676
v 3.273203 6.837374 11.890413
v 3.282851 6.828036 11.860775
v 3.282540 6.828036 11.890511
v 3.294620 6.822039 11.860897
v 3.294308 6.822039 11.890635
v 3.307662 6.819973 11.861034
v 3.307350 6.819973 11.890772
v 3.294308 6.822039 11.890635
v 3.294620 6.822039 11.860897
v 3.320705 6.822039 11.861172
v 3.320395 6.822039 11.890907
v 3.332475 6.828036 11.861294
v 3.332163 6.828036 11.891031
v 3.341812 6.837374 11.861393
v 3.341500 6.837374 11.891129
v 3.347809 6.849143 11.861454
v 3.347498 6.849143 11.891191
v 3.349874 6.862187 11.861477
v 3.349563 6.862187 11.891212
v 3.347809 6.875231 11.861454
v 3.347498 6.875231 11.891191
v 3.332785 6.896338 11.831558
v 3.342124 6.887000 11.831654
v 3.321017 6.902335 11.831432
v 3.307974 6.904400 11.831297
v 3.294931 6.902335 11.831161
v 3.283163 6.896338 11.831038
v 3.273825 6.887000 11.830940
v 3.267829 6.875231 11.830875
v 3.265764 6.862187 11.830856
v 3.267829 6.849143 11.830875
v 3.273825 6.837374 11.830940
v 3.283163 6.828036 11.831038
v 3.294931 6.822039 11.831161
v 3.307974 6.819973 11.831297
v 3.294931 6.822039 11.831161
v 3.321017 6.822039 11.831432
v 3.332785 6.828036 11.831558
v 3.342124 6.837374 11.831654
v 3.348121 6.849143 11.831717
v 3.350184 6.862187 11.831739
v 3.348121 6.875231 11.831717
v 3.333097 6.896338 11.801819
v 3.342435 6.887000 11.801918
v 3.321329 6.902335 11.801697
v 3.308286 6.904400 11.801559
v 3.295242 6.902335 11.801422
v 3.283475 6.896338 11.801300
v 3.274137 6.887000 11.801203
v 3.268141 6.875231 11.801140
v 3.266074 6.862187 11.801117
v 3.268141 6.849143 11.801140
v 3.274137 6.837374 11.801203
v 3.283475 6.828036 11.801300
v 3.295242 6.822039 11.801422
v 3.308286 6.819973 11.801559
v 3.295242 6.822039 11.801422
v 3.321329 6.822039 11.801697
v 3.333097 6.828036 11.801819
v 3.342435 6.837374 11.801918
v 3.348432 6.849143 11.801979
v 3.350497 6.862187 11.802002
v 3.348432 6.875231 11.801979
v 3.333408 6.896338 11.772083
v 3.342747 6.887000 11.772181
v 3.321641 6.902335 11.771959
v 3.308597 6.904400 11.771822
v 3.295554 6.902335 11.771687
v 3.283787 6.896338 11.771563
v 3.274448 6.887000 11.771465
v 3.268452 6.875231 11.771402
v 3.266386 6.862187 11.771381
v 3.268452 6.849143 11.771402
v 3.274448 6.837374 11.771465
v 3.283787 6.828036 11.771563
v 3.295554 6.822039 11.771687
v 3.308597 6.819973 11.771822
v 3.295554 6.822039 11.771687
v 3.321641 6.822039 11.771959
v 3.333408 6.828036 11.772083
v 3.342747 6.837374 11.772181
v 3.348743 6.849143 11.772243
v 3.350808 6.862187 11.772264
v 3.348743 6.875231 11.772243
v 3.333720 6.896338 11.742346
v 3.343059 6.887000 11.742443
v 3.321953 6.902335 11.742222
v 3.308908 6.904400 11.742086
v 3.295864 6.902335 11.741949
v 3.284098 6.896338 11.741825
v 3.274760 6.887000 11.741728
v 3.268764 6.875231 11.741665
v 3.266698 6.862187 11.741644
v 3.268764 6.849143 11.741665
v 3.274760 6.837374 11.741728
v 3.284098 6.828036 11.741825
v 3.295864 6.822039 11.741949
v 3.308908 6.819973 11.742086
v 3.295864 6.822039 11.741949
v 3.321953 6.822039 11.742222
v 3.333720 6.828036 11.742346
v 3.343059 6.837374 11.742443
v 3.349053 6.849143 11.742506
v 3.351120 6.862187 11.742527
v 3.349053 6.875231 11.742506
v 3.334031 6.896338 11.712608
v 3.343369 6.887000 11.712708
v 3.322263 6.902335 11.712486
v 3.309219 6.904400 11.712349
v 3.296177 6.902335 11.712212
v 3.284410 6.896338 11.712090
v 3.275070 6.887000 11.711990
v 3.269073 6.875231 11.711927
v 3.267010 6.862187 11.711906
v 3.269073 6.849143 11.711927
v 3.275070 6.837374 11.711990
v 3.284410 6.828036 11.712090
v 3.296177 6.822039 11.712212
v 3.309219 6.819973 11.712349
v 3.296177 6.822039 11.712212
v 3.322263 6.822039 11.712486
v 3.334031 6.828036 11.712608
v 3.343369 6.837374 11.712708
v 3.349366 6.849143 11.712769
v 3.351431 6.862187 11.712791
v 3.349366 6.875231 11.712769
v 3.334343 6.896338 11.682873
v 3.343681 6.887000 11.682968
v 3.322575 6.902335 11.682747
v 3.309531 6.904400 11.682611
v 3.296489 6.902335 11.682476
v 3.284719 6.896338 11.682352
v 3.275382 6.887000 11.682255
v 3.269385 6.875231 11.682190
v 3.267322 6.862187 11.682171
v 3.269385 6.849143 11.682190
v 3.275382 6.837374 11.682255
v 3.284719 6.828036 11.682352
v 3.296489 6.822039 11.682476
v 3.309531 6.819973 11.682611
v 3.296489 6.822039 11.682476
v 3.322575 6.822039 11.682747
v 3.334343 6.828036 11.682873
v 3.343681 6.837374 11.682968
v 3.349677 6.849143 11.683031
v 3.351743 6.862187 11.683054
v 3.349677 6.875231 11.683031
v 3.334655 6.896338 11.653133
v 3.343992 6.887000 11.653233
v 3.322886 6.902335 11.653011
v 3.309842 6.904400 11.652876
v 3.296800 6.902335 11.652737
v 3.285032 6.896338 11.652615
v 3.275694 6.887000 11.652517
v 3.269697 6.875231 11.652454
v 3.267632 6.862187 11.652431
v 3.269697 6.849143 11.652454
v 3.275694 6.837374 11.652517
v 3.285032 6.828036 11.652615
v 3.296800 6.822039 11.652737
v 3.309842 6.819973 11.652876
v 3.296800 6.822039 11.652737
v 3.322886 6.822039 11.653011
v 3.334655 6.828036 11.653133
v 3.343992 6.837374 11.653233
v 3.349988 6.849143 11.653296
v 3.352054 6.862187 11.653316
v 3.349988 6.875231 11.653296
v 3.334966 6.896338 11.623398
v 3.344304 6.887000 11.623495
v 3.323198 6.902335 11.623274
v 3.310154 6.904400 11.623137
v 3.297112 6.902335 11.623001
v 3.285343 6.896338 11.622879
v 3.276006 6.887000 11.622780
v 3.270009 6.875231 11.622717
v 3.267943 6.862187 11.622696
v 3.270009 6.849143 11.622717
v 3.276006 6.837374 11.622780
v 3.285343 6.828036 11.622879
v 3.297112 6.822039 11.623001
v 3.310154 6.819973 11.623137
v 3.297112 6.822039 11.623001
v 3.323198 6.822039 11.623274
v 3.334966 6.828036 11.623398
v 3.344304 6.837374 11.623495
v 3.350301 6.849143 11.623558
v 3.352365 6.862187 11.623581
v 3.350301 6.875231 11.623558
v 3.335278 6.896338 11.593660
v 3.344615 6.887000 11.593758
v 3.323509 6.902335 11.593536
v 3.310466 6.904400 11.593401
v 3.297421 6.902335 11.593264
v 3.285655 6.896338 11.593140
v 3.276317 6.887000 11.593042
v 3.270319 6.875231 11.592979
v 3.268255 6.862187 11.592958
v 3.270319 6.849143 11.592979
v 3.276317 6.837374 11.593042
v 3.285655 6.828036 11.593140
v 3.297421 6.822039 11.593264
v 3.310466 6.819973 11.593401
v 3.297421 6.822039 11.593264
v 3.323509 6.822039 11.593536
v 3.335278 6.828036 11.593660
v 3.344615 6.837374 11.593758
v 3.350612 6.849143 11.593821
v 3.352676 6.862187 11.593842
v 3.350612 6.875231 11.593821
v 3.335588 6.896338 11.563923
v 3.344927 6.887000 11.564022
v 3.323821 6.902335 11.563801
v 3.310776 6.904400 11.563663
v 3.297733 6.902335 11.563526
v 3.285965 6.896338 11.563404
v 3.276628 6.887000 11.563305
v 3.270631 6.875231 11.563242
v 3.268567 6.862187 11.563221
v 3.270631 6.849143 11.563242
v 3.276628 6.837374 11.563305
v 3.285965 6.828036 11.563404
v 3.297733 6.822039 11.563526
v 3.310776 6.819973 11.563663
v 3.297733 6.822039 11.563526
v 3.323821 6.822039 11.563801
v 3.335588 6.828036 11.563923
v 3.344927 6.837374 11.564022
v 3.350924 6.849143 11.564083
v 3.352988 6.862187 11.564106
v 3.350924 6.875231 11.564083
v 3.335900 6.896338 11.534187
v 3.345238 6.887000 11.534283
v 3.324131 6.902335 11.534063
v 3.311089 6.904400 11.533926
v 3.298045 6.902335 11.533791
v 3.286277 6.896338 11.533667
v 3.276939 6.887000 11.533569
v 3.270943 6.875231 11.533506
v 3.268878 6.862187 11.533485
v 3.270943 6.849143 11.533506
v 3.276939 6.837374 11.533569
v 3.286277 6.828036 11.533667
v 3.298045 6.822039 11.533791
v 3.311089 6.819973 11.533926
v 3.298045 6.822039 11.533791
v 3.324131 6.822039 11.534063
v 3.335900 6.828036 11.534187
v 3.345238 6.837374 11.534283
v 3.351234 6.849143 11.534346
v 3.353299 6.862187 11.534369
v 3.351234 6.875231 11.534346
v 3.336211 6.896338 11.504448
v 3.345550 6.887000 11.504547
v 3.324443 6.902335 11.504326
v 3.311399 6.904400 11.504190
v 3.298357 6.902335 11.504053
v 3.286589 6.896338 11.503929
v 3.277251 6.887000 11.503832
v 3.271255 6.875231 11.503769
v 3.269190 6.862187 11.503746
v 3.271255 6.849143 11.503769
v 3.277251 6.837374 11.503832
v 3.286589 6.828036 11.503929
v 3.298357 6.822039 11.504053
v 3.311399 6.819973 11.504190
v 3.298357 6.822039 11.504053
v 3.324443 6.822039 11.504326
v 3.336211 6.828036 11.504448
v 3.345550 6.837374 11.504547
v 3.351546 6.849143 11.504610
v 3.353611 6.862187 11.504631
v 3.351546 6.875231 11.504610
v 3.336523 6.896338 11.474712
v 3.345860 6.887000 11.474810
v 3.324756 6.902335 11.474588
v 3.311711 6.904400 11.474451
v 3.298668 6.902335 11.474316
v 3.286901 6.896338 11.474194
v 3.277562 6.887000 11.474094
v 3.271566 6.875231 11.474031
v 3.269500 6.862187 11.474010
v 3.271566 6.849143 11.474031
v 3.277562 6.837374 11.474094
v 3.286901 6.828036 11.474194
v 3.298668 6.822039 11.474316
v 3.311711 6.819973 11.474451
v 3.298668 6.822039 11.474316
v 3.324756 6.822039 11.474588
v 3.336523 6.828036 11.474712
v 3.345860 6.837374 11.474810
v 3.351857 6.849143 11.474873
v 3.353923 6.862187 11.474895
v 3.351857 6.875231 11.474873
v 3.336833 6.896338 11.444975
v 3.346172 6.887000 11.445072
v 3.325067 6.902335 11.444851
v 3.312021 6.904400 11.444715
v 3.298980 6.902335 11.444578
v 3.287212 6.896338 11.444454
v 3.277874 6.887000 11.444359
v 3.271877 6.875231 11.444294
v 3.269812 6.862187 11.444273
v 3.271877 6.849143 11.444294
v 3.277874 6.837374 11.444359
v 3.287212 6.828036 11.444454
v 3.298980 6.822039 11.444578
v 3.312021 6.819973 11.444715
v 3.298980 6.822039 11.444578
v 3.325067 6.822039 11.444851
v 3.336833 6.828036 11.444975
v 3.346172 6.837374 11.445072
v 3.352169 6.849143 11.445135
v 3.354234 6.862187 11.445156
v 3.352169 6.875231 11.445135
v 3.337182 6.896338 11.418961
v 3.346513 6.887000 11.419340
v 3.325423 6.902335 11.418484
v 3.312388 6.904400 11.417955
v 3.299356 6.902335 11.417429
v 3.287598 6.896338 11.416952
v 3.278267 6.887000 11.416573
v 3.272275 6.875231 11.416328
v 3.270212 6.862187 11.416246
v 3.272275 6.849143 11.416328
v 3.278267 6.837374 11.416573
v 3.287598 6.828036 11.416952
v 3.299356 6.822039 11.417429
v 3.312388 6.819973 11.417955
v 3.299356 6.822039 11.417429
v 3.325423 6.822039 11.418484
v 3.337182 6.828036 11.418961
v 3.346513 6.837374 11.419340
v 3.352505 6.849143 11.419584
v 3.354568 6.862187 11.419666
v 3.352505 6.875231 11.419584
v 3.338745 6.896338 11.401955
v 3.347988 6.887000 11.403282
v 3.327096 6.902335 11.400280
v 3.314184 6.904400 11.398426
v 3.301272 6.902335 11.396572
v 3.289624 6.896338 11.394897
v 3.280379 6.887000 11.393568
v 3.274445 6.875231 11.392717
v 3.272401 6.862187 11.392424
v 3.274445 6.849143 11.392717
v 3.280379 6.837374 11.393568
v 3.289624 6.828036 11.394897
v 3.301272 6.822039 11.396572
v 3.314184 6.819973 11.398426
v 3.301272 6.822039 11.396572
v 3.327096 6.822039 11.400280
v 3.338745 6.828036 11.401955
v 3.347988 6.837374 11.403282
v 3.353925 6.849143 11.404137
v 3.355968 6.862187 11.404430
v 3.353925 6.875231 11.404137
v 3.342033 6.896338 11.385195
v 3.351093 6.887000 11.387459
v 3.330617 6.902335 11.382343
v 3.317961 6.904400 11.379179
v 3.305305 6.902335 11.376017
v 3.293889 6.896338 11.373165
v 3.284829 6.887000 11.370901
v 3.279010 6.875231 11.369448
v 3.277007 6.862187 11.368946
v 3.279010 6.849143 11.369448
v 3.284829 6.837374 11.370901
v 3.293889 6.828036 11.373165
v 3.305305 6.822039 11.376017
v 3.317961 6.819973 11.379179
v 3.305305 6.822039 11.376017
v 3.330617 6.822039 11.382343
v 3.342033 6.828036 11.385195
v 3.351093 6.837374 11.387459
v 3.356912 6.849143 11.388912
v 3.358914 6.862187 11.389412
v 3.356912 6.875231 11.388912
v 3.347014 6.896338 11.368858
v 3.355797 6.887000 11.372034
v 3.335948 6.902335 11.364855
v 3.323680 6.904400 11.360418
v 3.311415 6.902335 11.355982
v 3.300347 6.896338 11.351980
v 3.291565 6.887000 11.348804
v 3.285927 6.875231 11.346766
v 3.283985 6.862187 11.346062
v 3.285927 6.849143 11.346766
v 3.291565 6.837374 11.348804
v 3.300347 6.828036 11.351980
v 3.311415 6.822039 11.355982
v 3.323680 6.819973 11.360418
v 3.311415 6.822039 11.355982
v 3.335948 6.822039 11.364855
v 3.347014 6.828036 11.368858
v 3.355797 6.837374 11.372034
v 3.361436 6.849143 11.374073
v 3.363378 6.862187 11.374777
v 3.361436 6.875231 11.374073
v 3.353636 6.896338 11.353115
v 3.362048 6.887000 11.357170
v 3.343035 6.902335 11.348003
v 3.331285 6.904400 11.342340
v 3.319534 6.902335 11.336676
v 3.308933 6.896338 11.331566
v 3.300521 6.887000 11.327511
v 3.295119 6.875231 11.324905
v 3.293260 6.862187 11.324011
v 3.295119 6.849143 11.324905
v 3.300521 6.837374 11.327511
v 3.308933 6.828036 11.331566
v 3.319534 6.822039 11.336676
v 3.331285 6.819973 11.342340
v 3.319534 6.822039 11.336676
v 3.343035 6.822039 11.348003
v 3.353636 6.828036 11.353115
v 3.362048 6.837374 11.357170
v 3.367450 6.849143 11.359776
v 3.369310 6.862187 11.360672
v 3.367450 6.875231 11.359776
v 3.361828 6.896338 11.338129
v 3.369782 6.887000 11.343021
v 3.351804 6.902335 11.331964
v 3.340692 6.904400 11.325130
v 3.329581 6.902335 11.318298
v 3.319556 6.896338 11.312132
v 3.311603 6.887000 11.307241
v 3.306494 6.875231 11.304100
v 3.304735 6.862187 11.303017
v 3.306494 6.849143 11.304100
v 3.311603 6.837374 11.307241
v 3.319556 6.828036 11.312132
v 3.329581 6.822039 11.318298
v 3.340692 6.819973 11.325130
v 3.329581 6.822039 11.318298
v 3.351804 6.822039 11.331964
v 3.361828 6.828036 11.338129
v 3.369782 6.837374 11.343021
v 3.374891 6.849143 11.346163
v 3.376650 6.862187 11.347244
v 3.374891 6.875231 11.346163
v 3.371506 6.896338 11.324057
v 3.378921 6.887000 11.329735
v 3.362163 6.902335 11.316902
v 3.351806 6.904400 11.308969
v 3.341449 6.902335 11.301039
v 3.332107 6.896338 11.293886
v 3.324693 6.887000 11.288206
v 3.319930 6.875231 11.284561
v 3.318292 6.862187 11.283306
v 3.319930 6.849143 11.284561
v 3.324693 6.837374 11.288206
v 3.332107 6.828036 11.293886
v 3.341449 6.822039 11.301039
v 3.351806 6.819973 11.308969
v 3.341449 6.822039 11.301039
v 3.362163 6.822039 11.316902
v 3.371506 6.828036 11.324057
v 3.378921 6.837374 11.329735
v 3.383681 6.849143 11.333382
v 3.385322 6.862187 11.334637
v 3.383681 6.875231 11.333382
v 3.382569 6.896338 11.311045
v 3.389365 6.887000 11.317448
v 3.374004 6.902335 11.302973
v 3.364509 6.904400 11.294029
v 3.355017 6.902335 11.285084
v 3.346452 6.896338 11.277012
v 3.339655 6.887000 11.270609
v 3.335291 6.875231 11.266497
v 3.333788 6.862187 11.265079
v 3.335291 6.849143 11.266497
v 3.339655 6.837374 11.270609
v 3.346452 6.828036 11.277012
v 3.355017 6.822039 11.285084
v 3.364509 6.819973 11.294029
v 3.355017 6.822039 11.285084
v 3.374004 6.822039 11.302973
v 3.382569 6.828036 11.311045
v 3.389365 6.837374 11.317448
v 3.393730 6.849143 11.321562
v 3.395232 6.862187 11.322979
v 3.393730 6.875231 11.321562
v 3.394901 6.896338 11.299229
v 3.401009 6.887000 11.306293
v 3.387203 6.902335 11.290327
v 3.378672 6.904400 11.280458
v 3.370140 6.902335 11.270592
v 3.362443 6.896338 11.261690
v 3.356336 6.887000 11.254625
v 3.352413 6.875231 11.250090
v 3.351062 6.862187 11.248528
v 3.352413 6.849143 11.250090
v 3.356336 6.837374 11.254625
v 3.362443 6.828036 11.261690
v 3.370140 6.822039 11.270592
v 3.378672 6.819973 11.280458
v 3.370140 6.822039 11.270592
v 3.387203 6.822039 11.290327
v 3.394901 6.828036 11.299229
v 3.401009 6.837374 11.306293
v 3.404931 6.849143 11.310829
v 3.406282 6.862187 11.312391
v 3.404931 6.875231 11.310829
v 3.408374 6.896338 11.288733
v 3.413730 6.887000 11.296383
v 3.401625 6.902335 11.279091
v 3.394143 6.904400 11.268406
v 3.386662 6.902335 11.257721
v 3.379914 6.896338 11.248079
v 3.374558 6.887000 11.240429
v 3.371119 6.875231 11.235516
v 3.369935 6.862187 11.233824
v 3.371119 6.849143 11.235516
v 3.374558 6.837374 11.240429
v 3.379914 6.828036 11.248079
v 3.386662 6.822039 11.257721
v 3.394143 6.819973 11.268406
v 3.386662 6.822039 11.257721
v 3.401625 6.822039 11.279091
v 3.408374 6.828036 11.288733
v 3.413730 6.837374 11.296383
v 3.417169 6.849143 11.301296
v 3.418353 6.862187 11.302988
v 3.417169 6.875231 11.301296
v 3.422847 6.896338 11.279665
v 3.427395 6.887000 11.287821
v 3.417115 6.902335 11.269386
v 3.410764 6.904400 11.257992
v 3.404412 6.902335 11.246599
v 3.398682 6.896338 11.236320
v 3.394134 6.887000 11.228165
v 3.391213 6.875231 11.222927
v 3.390208 6.862187 11.221123
v 3.391213 6.849143 11.222927
v 3.394134 6.837374 11.228165
v 3.398682 6.828036 11.236320
v 3.404412 6.822039 11.246599
v 3.410764 6.819973 11.257992
v 3.404412 6.822039 11.246599
v 3.417115 6.822039 11.269386
v 3.422847 6.828036 11.279665
v 3.427395 6.837374 11.287821
v 3.430314 6.849143 11.293058
v 3.431320 6.862187 11.294863
v 3.430314 6.875231 11.293058
v 3.438169 6.896338 11.272121
v 3.441861 6.887000 11.280697
v 3.433517 6.902335 11.261311
v 3.428360 6.904400 11.249329
v 3.423203 6.902335 11.237349
v 3.418550 6.896338 11.226538
v 3.414859 6.887000 11.217960
v 3.412488 6.875231 11.212452
v 3.411672 6.862187 11.210554
v 3.412488 6.849143 11.212452
v 3.414859 6.837374 11.217960
v 3.418550 6.828036 11.226538
v 3.423203 6.822039 11.237349
v 3.428360 6.819973 11.249329
v 3.423203 6.822039 11.237349
v 3.433517 6.822039 11.261311
v 3.438169 6.828036 11.272121
v 3.441861 6.837374 11.280697
v 3.444232 6.849143 11.286207
v 3.445048 6.862187 11.288103
v 3.444232 6.875231 11.286207
v 3.454182 6.896338 11.266178
v 3.456980 6.887000 11.275087
v 3.450656 6.902335 11.254951
v 3.446748 6.904400 11.242504
v 3.442840 6.902335 11.230061
v 3.439314 6.896338 11.218834
v 3.436516 6.887000 11.209923
v 3.434719 6.875231 11.204201
v 3.434100 6.862187 11.202230
v 3.434719 6.849143 11.204201
v 3.436516 6.837374 11.209923
v 3.439314 6.828036 11.218834
v 3.442840 6.822039 11.230061
v 3.446748 6.819973 11.242504
v 3.442840 6.822039 11.230061
v 3.450656 6.822039 11.254951
v 3.454182 6.828036 11.266178
v 3.456980 6.837374 11.275087
v 3.458776 6.849143 11.280809
v 3.459394 6.862187 11.282778
v 3.458776 6.875231 11.280809
v 3.470716 6.896338 11.261900
v 3.472590 6.887000 11.271049
v 3.468353 6.902335 11.250370
v 3.465735 6.904400 11.237591
v 3.463116 6.902335 11.224813
v 3.460754 6.896338 11.213285
v 3.458879 6.887000 11.204136
v 3.457676 6.875231 11.198261
v 3.457261 6.862187 11.196238
v 3.457676 6.849143 11.198261
v 3.458879 6.837374 11.204136
v 3.460754 6.828036 11.213285
v 3.463116 6.822039 11.224813
v 3.465735 6.819973 11.237591
v 3.463116 6.822039 11.224813
v 3.468353 6.822039 11.250370
v 3.470716 6.828036 11.261900
v 3.472590 6.837374 11.271049
v 3.473794 6.849143 11.276922
v 3.474209 6.862187 11.278946
v 3.473794 6.875231 11.276922
v 3.487600 6.896338 11.259329
v 3.488532 6.887000 11.268621
v 3.486426 6.902335 11.247620
v 3.485124 6.904400 11.234642
v 3.483824 6.902335 11.221663
v 3.482649 6.896338 11.209951
v 3.481717 6.887000 11.200661
v 3.481119 6.875231 11.194695
v 3.480913 6.862187 11.192638
v 3.481119 6.849143 11.194695
v 3.481717 6.837374 11.200661
v 3.482649 6.828036 11.209951
v 3.483824 6.822039 11.221663
v 3.485124 6.819973 11.234642
v 3.483824 6.822039 11.221663
v 3.486426 6.822039 11.247620
v 3.487600 6.828036 11.259329
v 3.488532 6.837374 11.268621
v 3.489131 6.849143 11.274590
v 3.489337 6.862187 11.276644
v 3.489131 6.875231 11.274590
v 3.504934 6.896338 11.258495
v 3.504934 6.887000 11.267834
v 3.504934 6.902335 11.246727
v 3.504934 6.904400 11.233683
v 3.504934 6.902335 11.220638
v 3.504934 6.896338 11.208872
v 3.504934 6.887000 11.199532
v 3.504934 6.875231 11.193535
v 3.504934 6.862187 11.191471
v 3.504934 6.849143 11.193535
v 3.504934 6.837374 11.199532
v 3.504934 6.828036 11.208872
v 3.504934 6.822039 11.220638
v 3.504934 6.819973 11.233683
v 3.504934 6.822039 11.220638
v 3.504934 6.822039 11.246727
v 3.504934 6.828036 11.258495
v 3.504934 6.837374 11.267834
v 3.504934 6.849143 11.273830
v 3.504934 6.862187 11.275896
v 3.504934 6.875231 11.273830
v 3.534673 6.896338 11.258495
v 3.534673 6.887000 11.267834
v 3.534673 6.902335 11.246727
v 3.534673 6.904400 11.233683
v 3.534673 6.902335 11.220638
v 3.534673 6.896338 11.208872
v 3.534673 6.887000 11.199532
v 3.534673 6.875231 11.193535
v 3.534673 6.862187 11.191471
v 3.534673 6.849143 11.193535
v 3.534673 6.837374 11.199532
v 3.534673 6.828036 11.208872
v 3.534673 6.822039 11.220638
v 3.534673 6.819973 11.233683
v 3.534673 6.822039 11.220638
v 3.534673 6.822039 11.246727
v 3.534673 6.828036 11.258495
v 3.534673 6.837374 11.267834
v 3.534673 6.849143 11.273830
v 3.534673 6.862187 11.275896
v 3.534673 6.875231 11.273830
v 3.564412 6.896338 11.258495
v 3.564412 6.887000 11.267834
v 3.564412 6.902335 11.246727
v 3.564412 6.904400 11.233683
v 3.564412 6.902335 11.220638
v 3.564412 6.896338 11.208872
v 3.564412 6.887000 11.199532
v 3.564412 6.875231 11.193535
v 3.564412 6.862187 11.191471
v 3.564412 6.849143 11.193535
v 3.564412 6.837374 11.199532
v 3.564412 6.828036 11.208872
v 3.564412 6.822039 11.220638
v 3.564412 6.819973 11.233683
v 3.564412 6.822039 11.220638
v 3.564412 6.822039 11.246727
v 3.564412 6.828036 11.258495
v 3.564412 6.837374 11.267834
v 3.564412 6.849143 11.273830
v 3.564412 6.862187 11.275896
v 3.564412 6.875231 11.273830
v 3.594151 6.896338 11.258495
v 3.594151 6.887000 11.267834
v 3.594151 6.902335 11.246727
v 3.594151 6.904400 11.233683
v 3.594151 6.902335 11.220638
v 3.594151 6.896338 11.208872
v 3.594151 6.887000 11.199532
v 3.594151 6.875231 11.193535
v 3.594151 6.862187 11.191471
v 3.594151 6.849143 11.193535
v 3.594151 6.837374 11.199532
v 3.594151 6.828036 11.208872
v 3.594151 6.822039 11.220638
v 3.594151 6.819973 11.233683
v 3.594151 6.822039 11.220638
v 3.594151 6.822039 11.246727
v 3.594151 6.828036 11.258495
v 3.594151 6.837374 11.267834
v 3.594151 6.849143 11.273830
v 3.594151 6.862187 11.275896
v 3.594151 6.875231 11.273830
v 3.623889 6.896338 11.258495
v 3.623889 6.887000 11.267834
v 3.623889 6.902335 11.246727
v 3.623889 6.904400 11.233683
v 3.623889 6.902335 11.220638
v 3.623889 6.896338 11.208872
v 3.623889 6.887000 11.199532
v 3.623889 6.875231 11.193535
v 3.623889 6.862187 11.191471
v 3.623889 6.849143 11.193535
v 3.623889 6.837374 11.199532
v 3.623889 6.828036 11.208872
v 3.623889 6.822039 11.220638
v 3.623889 6.819973 11.233683
v 3.623889 6.822039 11.220638
v 3.623889 6.822039 11.246727
v 3.623889 6.828036 11.258495
v 3.623889 6.837374 11.267834
v 3.623889 6.849143 11.273830
v 3.623889 6.862187 11.275896
v 3.623889 6.875231 11.273830
v 3.653628 6.896338 11.258495
v 3.653628 6.887000 11.267834
v 3.653628 6.902335 11.246727
v 3.653628 6.904400 11.233683
v 3.653628 6.902335 11.220638
v 3.653628 6.896338 11.208872
v 3.653628 6.887000 11.199532
v 3.653628 6.875231 11.193535
v 3.653628 6.862187 11.191471
v 3.653628 6.849143 11.193535
v 3.653628 6.837374 11.199532
v 3.653628 6.828036 11.208872
v 3.653628 6.822039 11.220638
v 3.653628 6.819973 11.233683
v 3.653628 6.822039 11.220638
v 3.653628 6.822039 11.246727
v 3.653628 6.828036 11.258495
v 3.653628 6.837374 11.267834
v 3.653628 6.849143 11.273830
v 3.653628 6.862187 11.275896
v 3.653628 6.875231 11.273830
v 3.683367 6.896338 11.258495
v 3.683367 6.887000 11.267834
v 3.683367 6.902335 11.246727
v 3.683367 6.904400 11.233683
v 3.683367 6.902335 11.220638
v 3.683367 6.896338 11.208872
v 3.683367 6.887000 11.199532
v 3.683367 6.875231 11.193535
v 3.683367 6.862187 11.191471
v 3.683367 6.849143 11.193535
v 3.683367 6.837374 11.199532
v 3.683367 6.828036 11.208872
v 3.683367 6.822039 11.220638
v 3.683367 6.819973 11.233683
v 3.683367 6.822039 11.220638
v 3.683367 6.822039 11.246727
v 3.683367 6.828036 11.258495
v 3.683367 6.837374 11.267834
v 3.683367 6.849143 11.273830
v 3.683367 6.862187 11.275896
v 3.683367 6.875231 11.273830
v 3.713105 6.896338 11.258495
v 3.713105 6.887000 11.267834
v 3.713105 6.902335 11.246727
v 3.713105 6.904400 11.233683
v 3.713105 6.902335 11.220638
v 3.713105 6.896338 11.208872
v 3.713105 6.887000 11.199532
v 3.713105 6.875231 11.193535
v 3.713105 6.862187 11.191471
v 3.713105 6.849143 11.193535
v 3.713105 6.837374 11.199532
v 3.713105 6.828036 11.208872
v 3.713105 6.822039 11.220638
v 3.713105 6.819973 11.233683
v 3.713105 6.822039 11.220638
v 3.713105 6.822039 11.246727
v 3.713105 6.828036 11.258495
v 3.713105 6.837374 11.267834
v 3.713105 6.849143 11.273830
v 3.713105 6.862187 11.275896
v 3.713105 6.875231 11.273830
v 3.742843 6.896338 11.258495
v 3.742843 6.887000 11.267834
v 3.742843 6.902335 11.246727
v 3.742843 6.904400 11.233683
v 3.742843 6.902335 11.220638
v 3.742843 6.896338 11.208872
v 3.742843 6.887000 11.199532
v 3.742843 6.875231 11.193535
v 3.742843 6.862187 11.191471
v 3.742843 6.849143 11.193535
v 3.742843 6.837374 11.199532
v 3.742843 6.828036 11.208872
v 3.742843 6.822039 11.220638
v 3.742843 6.819973 11.233683
v 3.742843 6.822039 11.220638
v 3.742843 6.822039 11.246727
v 3.742843 6.828036 11.258495
v 3.742843 6.837374 11.267834
v 3.742843 6.849143 11.273830
v 3.742843 6.862187 11.275896
v 3.742843 6.875231 11.273830
v 3.320395 6.822039 11.890907
v 3.318481 6.864293 11.945601
v 3.307350 6.862676 11.946312
v 3.307350 6.819973 11.890772
v 3.307350 6.819973 11.890772
v 3.307350 6.862676 11.946312
v 3.296222 6.864185 11.945393
v 3.294308 6.822039 11.890635
v 3.294308 6.822039 11.890635
v 3.296222 6.864185 11.945393
v 3.286180 6.868674 11.942934
v 3.282540 6.828036 11.890511
v 3.282540 6.828036 11.890511
v 3.286180 6.868674 11.942934
v 3.278212 6.875701 11.939177
v 3.273203 6.837374 11.890413
v 3.273203 6.837374 11.890413
v 3.278212 6.875701 11.939177
v 3.273094 6.884582 11.934486
v 3.267205 6.849143 11.890350
v 3.267205 6.849143 11.890350
v 3.273094 6.884582 11.934486
v 3.271332 6.894444 11.929325
v 3.265141 6.862187 11.890329
v 3.265141 6.862187 11.890329
v 3.271332 6.894444 11.929325
v 3.273094 6.904322 11.924196
v 3.267205 6.875231 11.890350
v 3.267205 6.875231 11.890350
v 3.273094 6.904322 11.924196
v 3.278212 6.913252 11.919601
v 3.273203 6.887000 11.890413
v 3.273203 6.887000 11.890413
v 3.278212 6.913252 11.919601
v 3.286180 6.920357 11.915991
v 3.282540 6.896338 11.890511
v 3.282540 6.896338 11.890511
v 3.286180 6.920357 11.915991
v 3.296222 6.924943 11.913719
v 3.294308 6.902335 11.890635
v 3.294308 6.902335 11.890635
v 3.296222 6.924943 11.913719
v 3.307350 6.926559 11.913010
v 3.307350 6.904400 11.890772
v 3.307350 6.904400 11.890772
v 3.307350 6.926559 11.913010
v 3.318481 6.925051 11.913927
v 3.320395 6.902335 11.890907
v 3.320395 6.902335 11.890907
v 3.318481 6.925051 11.913927
v 3.328524 6.920562 11.916386
v 3.332163 6.896338 11.891031
v 3.332163 6.896338 11.891031
v 3.328524 6.920562 11.916386
v 3.336492 6.913534 11.920143
v 3.341500 6.887000 11.891129
v 3.341500 6.887000 11.891129
v 3.336492 6.913534 11.920143
v 3.341609 6.904654 11.924831
v 3.347498 6.875231 11.891191
v 3.347498 6.875231 11.891191
v 3.341609 6.904654 11.924831
v 3.343371 6.894792 11.929995
v 3.349563 6.862187 11.891212
v 3.349563 6.862187 11.891212
v 3.343371 6.894792 11.929995
v 3.341609 6.884913 11.935123
v 3.347498 6.849143 11.891191
v 3.347498 6.849143 11.891191
v 3.341609 6.884913 11.935123
v 3.336492 6.875983 11.939716
v 3.341500 6.837374 11.891129
v 3.341500 6.837374 11.891129
v 3.336492 6.875983 11.939716
v 3.328524 6.868879 11.943329
v 3.332163 6.828036 11.891031
v 3.332163 6.828036 11.891031
v 3.328524 6.868879 11.943329
v 3.318481 6.864293 11.945601
v 3.320395 6.822039 11.890907
v 3.851519 7.415329 11.217901
v 3.844264 7.415329 11.203664
v 3.844264 7.448051 11.203664
v 3.851519 7.448051 11.217901
v 3.832966 7.415329 11.192365
v 3.832966 7.448051 11.192365
v 3.818728 7.415329 11.185110
v 3.818728 7.448051 11.185110
v 3.802945 7.415329 11.182611
v 3.802945 7.448051 11.182611
v 3.787163 7.415329 11.185110
v 3.787163 7.448051 11.185110
v 3.772926 7.415329 11.192365
v 3.772926 7.448051 11.192365
v 3.761626 7.415329 11.203664
v 3.761626 7.448051 11.203664
v 3.754372 7.415329 11.217901
v 3.754372 7.448051 11.217901
v 3.751872 7.415329 11.233683
v 3.751872 7.448051 11.233683
v 3.754372 7.415329 11.249466
v 3.754372 7.448051 11.249466
v 3.761626 7.415329 11.263704
v 3.761626 7.448051 11.263704
v 3.772926 7.415329 11.275002
v 3.772926 7.448051 11.275002
v 3.787163 7.415329 11.282257
v 3.787163 7.448051 11.282257
v 3.802945 7.415329 11.284757
v 3.802945 7.448051 11.284757
v 3.818728 7.415329 11.282257
v 3.818728 7.448051 11.282257
v 3.832966 7.415329 11.275002
v 3.832966 7.448051 11.275002
v 3.844264 7.415329 11.263704
v 3.844264 7.448051 11.263704
v 3.851519 7.415329 11.249466
v 3.851519 7.448051 11.249466
v 3.854019 7.415329 11.233683
v 3.854019 7.448051 11.233683
v 3.851519 7.415329 11.217901
v 3.851519 7.448051 11.217901
v 3.850424 7.412584 11.218256
v 3.843333 7.412584 11.204339
v 3.850424 7.412584 11.218256
v 3.843333 7.412584 11.204339
v 3.832289 7.412584 11.193296
v 3.832289 7.412584 11.193296
v 3.818372 7.412584 11.186205
v 3.818372 7.412584 11.186205
v 3.802945 7.412584 11.183763
v 3.802945 7.412584 11.183763
v 3.787519 7.412584 11.186205
v 3.787519 7.412584 11.186205
v 3.773601 7.412584 11.193296
v 3.773601 7.412584 11.193296
v 3.762558 7.412584 11.204339
v 3.762558 7.412584 11.204339
v 3.755467 7.412584 11.218256
v 3.755467 7.412584 11.218256
v 3.753024 7.412584 11.233683
v 3.753024 7.412584 11.233683
v 3.755467 7.412584 11.249109
v 3.755467 7.412584 11.249109
v 3.762558 7.412584 11.263027
v 3.762558 7.412584 11.263027
v 3.773601 7.412584 11.274071
v 3.773601 7.412584 11.274071
v 3.787519 7.412584 11.281161
v 3.787519 7.412584 11.281161
v 3.802945 7.412584 11.283604
v 3.802945 7.412584 11.283604
v 3.818372 7.412584 11.281161
v 3.818372 7.412584 11.281161
v 3.832289 7.412584 11.274071
v 3.832289 7.412584 11.274071
v 3.843333 7.412584 11.263027
v 3.843333 7.412584 11.263027
v 3.850424 7.412584 11.249109
v 3.850424 7.412584 11.249109
v 3.852866 7.412584 11.233683
v 3.852866 7.412584 11.233683
v 3.850424 7.412584 11.218256
v 3.839886 7.458169 11.206844
v 3.846373 7.458169 11.219573
v 3.846373 7.458169 11.219573
v 3.848608 7.458169 11.233683
v 3.846373 7.458169 11.247794
v 3.839886 7.458169 11.260524
v 3.829786 7.458169 11.270624
v 3.817056 7.458169 11.277111
v 3.802945 7.458169 11.279346
v 3.788835 7.458169 11.277111
v 3.776106 7.458169 11.270624
v 3.766004 7.458169 11.260524
v 3.759518 7.458169 11.247794
v 3.757283 7.458169 11.233683
v 3.759518 7.458169 11.219573
v 3.766004 7.458169 11.206844
v 3.776106 7.458169 11.196742
v 3.788835 7.458169 11.190256
v 3.802945 7.458169 11.188022
v 3.817056 7.458169 11.190256
v 3.829786 7.458169 11.196742
v 3.837566 7.464438 11.222435
v 3.839348 7.464438 11.233683
v 3.837566 7.464438 11.244932
v 3.832395 7.464438 11.255080
v 3.824342 7.464438 11.263133
v 3.814194 7.464438 11.268304
v 3.802945 7.464438 11.270085
v 3.791697 7.464438 11.268304
v 3.781549 7.464438 11.263133
v 3.773496 7.464438 11.255080
v 3.768325 7.464438 11.244932
v 3.766544 7.464438 11.233683
v 3.768325 7.464438 11.222435
v 3.773496 7.464438 11.212287
v 3.781549 7.464438 11.204233
v 3.791697 7.464438 11.199062
v 3.802945 7.464438 11.197282
v 3.814194 7.464438 11.199062
v 3.824342 7.464438 11.204233
v 3.832395 7.464438 11.212287
v 3.837566 7.464438 11.222435
v 3.773257 8.135035 12.046120
v 3.771773 8.133285 12.036644
v 3.771773 8.047527 12.043203
v 3.773335 8.047527 12.052888
v 3.777603 8.136628 12.054736
v 3.777846 8.047527 12.061563
v 3.784452 8.137906 12.061654
v 3.784789 8.047527 12.068363
v 3.793189 8.138737 12.066147
v 3.793435 8.047527 12.072680
v 3.802945 8.139026 12.067707
v 3.802945 8.047527 12.074152
v 3.812701 8.138737 12.066149
v 3.812456 8.047527 12.072680
v 3.821440 8.137908 12.061651
v 3.821103 8.047527 12.068363
v 3.828288 8.136629 12.054735
v 3.828045 8.047527 12.061560
v 3.832634 8.135037 12.046123
v 3.832554 8.047527 12.052889
v 3.834119 8.133285 12.036644
v 3.834119 8.047527 12.043205
v 3.832634 8.131533 12.027164
v 3.832554 8.047527 12.033518
v 3.828288 8.129941 12.018551
v 3.828045 8.047527 12.024849
v 3.821437 8.128661 12.011632
v 3.821102 8.047527 12.018044
v 3.812699 8.127831 12.007139
v 3.812457 8.047527 12.013732
v 3.802945 8.127542 12.005579
v 3.802945 8.047527 12.012254
v 3.793189 8.127831 12.007139
v 3.793432 8.047527 12.013731
v 3.784455 8.128661 12.011631
v 3.784789 8.047527 12.018044
v 3.777603 8.129941 12.018549
v 3.777846 8.047527 12.024845
v 3.773257 8.131533 12.027166
v 3.773335 8.047527 12.033521
v 3.773257 8.131533 12.027166
v 3.773335 8.047527 12.033521
v 3.773257 8.219435 12.021009
v 3.771773 8.215721 12.012114
v 3.777603 8.222812 12.029093
v 3.784452 8.225523 12.035583
v 3.793189 8.227284 12.039802
v 3.802945 8.227896 12.041264
v 3.812701 8.227284 12.039802
v 3.821439 8.225521 12.035583
v 3.828288 8.222811 12.029093
v 3.832634 8.219435 12.021009
v 3.834119 8.215720 12.012114
v 3.832634 8.212006 12.003220
v 3.828288 8.208631 11.995136
v 3.821437 8.205917 11.988644
v 3.812699 8.204157 11.984426
v 3.802945 8.203546 11.982964
v 3.793192 8.204157 11.984426
v 3.784455 8.205916 11.988642
v 3.777605 8.208629 11.995133
v 3.773257 8.212006 12.003221
v 3.773257 8.212006 12.003221
v 3.773257 8.296624 11.978631
v 3.771773 8.291115 11.970724
v 3.777603 8.301632 11.985825
v 3.784452 8.305652 11.991592
v 3.793187 8.308267 11.995340
v 3.802945 8.309173 11.996644
v 3.812704 8.308264 11.995340
v 3.821440 8.305652 11.991594
v 3.828288 8.301632 11.985825
v 3.832634 8.296624 11.978636
v 3.834119 8.291115 11.970721
v 3.832634 8.285604 11.962814
v 3.828290 8.280596 11.955628
v 3.821437 8.276575 11.949854
v 3.812697 8.273964 11.946105
v 3.802945 8.273056 11.944804
v 3.793192 8.273964 11.946105
v 3.784455 8.276573 11.949852
v 3.777603 8.280595 11.955624
v 3.773257 8.285604 11.962814
v 3.773257 8.285604 11.962814
v 3.773257 8.363119 11.920909
v 3.771773 8.356065 11.914342
v 3.777603 8.369535 11.926880
v 3.784452 8.374681 11.931670
v 3.793187 8.378028 11.934785
v 3.802945 8.379189 11.935865
v 3.812704 8.378029 11.934785
v 3.821442 8.374681 11.931670
v 3.828288 8.369536 11.926876
v 3.832634 8.363121 11.920909
v 3.834119 8.356065 11.914342
v 3.832634 8.349008 11.907776
v 3.828288 8.342595 11.901809
v 3.821437 8.337444 11.897015
v 3.812699 8.334101 11.893899
v 3.802945 8.332940 11.892820
v 3.793189 8.334101 11.893900
v 3.784455 8.337444 11.897015
v 3.777603 8.342594 11.901806
v 3.773257 8.349010 11.907776
v 3.773257 8.349010 11.907776
v 3.773257 8.415922 11.850440
v 3.771773 8.407640 11.845513
v 3.777605 8.423454 11.854919
v 3.784452 8.429498 11.858517
v 3.793189 8.433426 11.860853
v 3.802945 8.434788 11.861664
v 3.812699 8.433426 11.860852
v 3.821439 8.429498 11.858516
v 3.828288 8.423452 11.854919
v 3.832634 8.415922 11.850441
v 3.834119 8.407639 11.845513
v 3.832634 8.399354 11.840584
v 3.828288 8.391825 11.836107
v 3.821439 8.385780 11.832509
v 3.812699 8.381852 11.830172
v 3.802945 8.380487 11.829361
v 3.793189 8.381851 11.830174
v 3.784455 8.385778 11.832509
v 3.777603 8.391823 11.836104
v 3.773257 8.399358 11.840584
v 3.773257 8.399358 11.840584
v 3.773257 8.452644 11.770409
v 3.771773 8.443508 11.767342
v 3.777605 8.460954 11.773195
v 3.784452 8.467623 11.775433
v 3.793192 8.471954 11.776883
v 3.802945 8.473458 11.777391
v 3.812699 8.471954 11.776883
v 3.821437 8.467623 11.775433
v 3.828288 8.460951 11.773195
v 3.832634 8.452647 11.770410
v 3.834118 8.443510 11.767342
v 3.832634 8.434373 11.764275
v 3.828288 8.426065 11.761487
v 3.821437 8.419395 11.759249
v 3.812699 8.415062 11.757794
v 3.802945 8.413560 11.757290
v 3.793190 8.415062 11.757795
v 3.784455 8.419395 11.759249
v 3.777605 8.426064 11.761487
v 3.773257 8.434374 11.764275
v 3.773257 8.434374 11.764275
v 3.773257 8.471634 11.684424
v 3.771773 8.462056 11.683357
v 3.777603 8.480344 11.685394
v 3.784455 8.487337 11.686172
v 3.793189 8.491877 11.686677
v 3.802945 8.493454 11.686854
v 3.812701 8.491877 11.686677
v 3.821439 8.487336 11.686172
v 3.828288 8.480345 11.685394
v 3.832634 8.471639 11.684424
v 3.834119 8.462056 11.683357
v 3.832634 8.452477 11.682289
v 3.828288 8.443769 11.681321
v 3.821437 8.436777 11.680540
v 3.812701 8.432237 11.680032
v 3.802945 8.430661 11.679860
v 3.793189 8.432237 11.680032
v 3.784455 8.436776 11.680540
v 3.777605 8.443768 11.681321
v 3.773257 8.452478 11.682289
v 3.773257 8.452478 11.682289
v 3.773257 8.472033 11.596369
v 3.771773 8.462445 11.597349
v 3.777605 8.480752 11.595477
v 3.784452 8.487749 11.594762
v 3.793189 8.492293 11.594298
v 3.802945 8.493872 11.594136
v 3.812701 8.492293 11.594296
v 3.821439 8.487747 11.594762
v 3.828288 8.480751 11.595477
v 3.832634 8.472036 11.596369
v 3.834118 8.462445 11.597349
v 3.832634 8.452856 11.598328
v 3.828288 8.444139 11.599220
v 3.821439 8.437142 11.599935
v 3.812701 8.432596 11.600401
v 3.802945 8.431019 11.600562
v 3.793187 8.432597 11.600401
v 3.784452 8.437141 11.599935
v 3.777603 8.444139 11.599220
v 3.773257 8.452859 11.598328
v 3.773257 8.452859 11.598328
v 3.773257 8.453821 11.510216
v 3.771773 8.444654 11.513202
v 3.777605 8.462155 11.507504
v 3.784452 8.468841 11.505324
v 3.793189 8.473186 11.503910
v 3.802945 8.474696 11.503420
v 3.812701 8.473187 11.503913
v 3.821439 8.468840 11.505329
v 3.828286 8.462152 11.507504
v 3.832635 8.453823 11.510216
v 3.834118 8.444654 11.513202
v 3.832634 8.435490 11.516185
v 3.828290 8.427162 11.518897
v 3.821439 8.420474 11.521075
v 3.812701 8.416126 11.522491
v 3.802945 8.414620 11.522982
v 3.793189 8.416128 11.522491
v 3.784452 8.420474 11.521075
v 3.777603 8.427161 11.518898
v 3.773257 8.435492 11.516185
v 3.773257 8.435492 11.516185
v 3.773257 8.417820 11.429856
v 3.771773 8.409492 11.434710
v 3.777605 8.425392 11.425447
v 3.784452 8.431469 11.421905
v 3.793189 8.435416 11.419600
v 3.802945 8.436789 11.418804
v 3.812699 8.435417 11.419600
v 3.821439 8.431468 11.421905
v 3.828288 8.425391 11.425447
v 3.832635 8.417823 11.429854
v 3.834119 8.409492 11.434710
v 3.832634 8.401163 11.439561
v 3.828288 8.393596 11.443971
v 3.821439 8.387518 11.447515
v 3.812701 8.383570 11.449816
v 3.802945 8.382198 11.450612
v 3.793187 8.383570 11.449816
v 3.784455 8.387518 11.447515
v 3.777603 8.393596 11.443973
v 3.773257 8.401167 11.439561
v 3.773257 8.401167 11.439561
v 3.773257 8.365657 11.358913
v 3.771773 8.358544 11.365416
v 3.777603 8.372127 11.353004
v 3.784452 8.377319 11.348258
v 3.793192 8.380692 11.345176
v 3.802945 8.381863 11.344106
v 3.812697 8.380692 11.345175
v 3.821439 8.377316 11.348258
v 3.828288 8.372124 11.353004
v 3.832634 8.365658 11.358912
v 3.834119 8.358544 11.365416
v 3.832634 8.351425 11.371920
v 3.828286 8.344959 11.377831
v 3.821437 8.339767 11.382574
v 3.812701 8.336396 11.385659
v 3.802945 8.335224 11.386729
v 3.793187 8.336395 11.385656
v 3.784455 8.339768 11.382574
v 3.777605 8.344959 11.377831
v 3.773257 8.351429 11.371919
v 3.773257 8.351429 11.371919
v 3.773257 8.299685 11.300592
v 3.771773 8.294105 11.308450
v 3.777603 8.304761 11.293447
v 3.784452 8.308833 11.287712
v 3.793192 8.311480 11.283986
v 3.802945 8.312396 11.282695
v 3.812697 8.311480 11.283987
v 3.821439 8.308830 11.287712
v 3.828288 8.304758 11.293447
v 3.832634 8.299685 11.300589
v 3.834119 8.294105 11.308450
v 3.832634 8.288523 11.316308
v 3.828288 8.283451 11.323452
v 3.821439 8.279379 11.329187
v 3.812701 8.276733 11.332912
v 3.802945 8.275814 11.334208
v 3.793189 8.276733 11.332912
v 3.784452 8.279378 11.329189
v 3.777605 8.283449 11.323455
v 3.773257 8.288525 11.316305
v 3.773257 8.288525 11.316305
v 3.773257 8.222881 11.257523
v 3.771773 8.219090 11.266381
v 3.777603 8.226333 11.249469
v 3.784452 8.229104 11.243003
v 3.793189 8.230899 11.238801
v 3.802945 8.231525 11.237343
v 3.812699 8.230900 11.238801
v 3.821439 8.229102 11.243003
v 3.828288 8.226333 11.249471
v 3.832634 8.222882 11.257521
v 3.834118 8.219088 11.266381
v 3.832634 8.215292 11.275245
v 3.828288 8.211844 11.283296
v 3.821439 8.209073 11.289761
v 3.812701 8.207274 11.293963
v 3.802945 8.206650 11.295421
v 3.793189 8.207275 11.293963
v 3.784455 8.209072 11.289761
v 3.777605 8.211843 11.283298
v 3.773257 8.215294 11.275242
v 3.773257 8.215294 11.275242
v 3.773254 8.138721 11.231661
v 3.771773 8.136876 11.241108
v 3.777596 8.140393 11.223062
v 3.784439 8.141732 11.216152
v 3.793177 8.142597 11.211658
v 3.802945 8.142900 11.210096
v 3.812712 8.142597 11.211658
v 3.821452 8.141732 11.216152
v 3.828297 8.140392 11.223063
v 3.832635 8.138721 11.231659
v 3.834118 8.136876 11.241110
v 3.832635 8.135023 11.250559
v 3.828294 8.133334 11.259151
v 3.821447 8.131975 11.266054
v 3.812710 8.131089 11.270540
v 3.802945 8.130782 11.272096
v 3.793182 8.131090 11.270540
v 3.784447 8.131976 11.266054
v 3.777598 8.133334 11.259151
v 3.773254 8.135023 11.250556
v 3.773254 8.135023 11.250556
v 3.773306 8.052208 11.224047
v 3.771780 8.051181 11.233683
v 3.777741 8.053127 11.215350
v 3.784640 8.053849 11.208465
v 3.793323 8.054310 11.204045
v 3.802945 8.054468 11.202525
v 3.812566 8.054310 11.204045
v 3.821254 8.053848 11.208465
v 3.828150 8.053125 11.215353
v 3.832585 8.052208 11.224044
v 3.834113 8.051180 11.233683
v 3.832585 8.050146 11.243321
v 3.828150 8.049210 11.252013
v 3.821254 8.048465 11.258899
v 3.812567 8.047985 11.263321
v 3.802945 8.047822 11.264843
v 3.793323 8.047985 11.263320
v 3.784637 8.048465 11.258900
v 3.777741 8.049210 11.252014
v 3.773306 8.050146 11.243320
v 3.773306 8.050146 11.243320
v 3.773307 7.965010 11.224056
v 3.771783 7.965010 11.233682
v 3.777736 7.965010 11.215363
v 3.784627 7.965010 11.208471
v 3.793313 7.965010 11.204045
v 3.802945 7.965010 11.202519
v 3.812576 7.965010 11.204045
v 3.821264 7.965010 11.208473
v 3.828157 7.965010 11.215365
v 3.832582 7.965010 11.224053
v 3.834108 7.965010 11.233682
v 3.832582 7.965010 11.243313
v 3.828156 7.965010 11.252001
v 3.821266 7.965010 11.258892
v 3.812574 7.965010 11.263324
v 3.802945 7.965010 11.264845
v 3.793317 7.965010 11.263324
v 3.784625 7.965010 11.258893
v 3.777736 7.965010 11.252004
v 3.773307 7.965010 11.243311
v 3.773307 7.965010 11.243311
v 3.773306 7.878840 11.224056
v 3.771783 7.878840 11.233682
v 3.777734 7.878840 11.215364
v 3.784627 7.878840 11.208471
v 3.793315 7.878840 11.204045
v 3.802945 7.878840 11.202519
v 3.812576 7.878840 11.204045
v 3.821264 7.878840 11.208474
v 3.828157 7.878840 11.215365
v 3.832585 7.878840 11.224053
v 3.834108 7.878840 11.233682
v 3.832582 7.878840 11.243313
v 3.828155 7.878840 11.252001
v 3.821266 7.878840 11.258893
v 3.812572 7.878840 11.263323
v 3.802945 7.878840 11.264845
v 3.793317 7.878840 11.263321
v 3.784627 7.878840 11.258893
v 3.777737 7.878840 11.252005
v 3.773306 7.878840 11.243311
v 3.773306 7.878840 11.243311
v 3.773306 7.792668 11.224056
v 3.771783 7.792668 11.233682
v 3.777734 7.792668 11.215365
v 3.784629 7.792668 11.208471
v 3.793313 7.792668 11.204045
v 3.802945 7.792668 11.202519
v 3.812576 7.792668 11.204045
v 3.821264 7.792668 11.208474
v 3.828157 7.792668 11.215365
v 3.832585 7.792668 11.224053
v 3.834108 7.792668 11.233682
v 3.832582 7.792668 11.243313
v 3.828155 7.792668 11.252001
v 3.821266 7.792668 11.258893
v 3.812574 7.792668 11.263323
v 3.802945 7.792668 11.264847
v 3.793317 7.792668 11.263323
v 3.784625 7.792668 11.258893
v 3.777736 7.792668 11.252004
v 3.773306 7.792668 11.243313
v 3.773306 7.792668 11.243313
v 3.773306 7.706497 11.224056
v 3.771783 7.706497 11.233682
v 3.777734 7.706497 11.215364
v 3.784630 7.706497 11.208471
v 3.793313 7.706497 11.204045
v 3.802945 7.706497 11.202519
v 3.812576 7.706497 11.204045
v 3.821262 7.706497 11.208471
v 3.828157 7.706497 11.215365
v 3.832585 7.706497 11.224053
v 3.834108 7.706497 11.233682
v 3.832582 7.706497 11.243313
v 3.828155 7.706497 11.252004
v 3.821266 7.706497 11.258892
v 3.812574 7.706497 11.263324
v 3.802945 7.706497 11.264845
v 3.793317 7.706497 11.263324
v 3.784625 7.706497 11.258893
v 3.777737 7.706497 11.252004
v 3.773306 7.706497 11.243313
v 3.773306 7.706497 11.243313
v 3.773306 7.620327 11.224056
v 3.771783 7.620327 11.233682
v 3.777734 7.620327 11.215364
v 3.784630 7.620327 11.208471
v 3.793313 7.620327 11.204045
v 3.802945 7.620327 11.202519
v 3.812576 7.620327 11.204045
v 3.821262 7.620327 11.208471
v 3.828157 7.620327 11.215365
v 3.832585 7.620327 11.224053
v 3.834108 7.620327 11.233682
v 3.832582 7.620327 11.243313
v 3.828155 7.620327 11.252005
v 3.821266 7.620327 11.258893
v 3.812574 7.620327 11.263324
v 3.802945 7.620327 11.264845
v 3.793317 7.620327 11.263324
v 3.784627 7.620327 11.258893
v 3.777739 7.620327 11.252005
v 3.773306 7.620327 11.243311
v 3.773306 7.620327 11.243311
v 3.773306 7.534157 11.224056
v 3.771783 7.534157 11.233682
v 3.777734 7.534157 11.215364
v 3.784629 7.534157 11.208471
v 3.793315 7.534157 11.204045
v 3.802945 7.534157 11.202519
v 3.812576 7.534157 11.204045
v 3.821264 7.534157 11.208474
v 3.828157 7.534157 11.215365
v 3.832582 7.534157 11.224053
v 3.834108 7.534157 11.233682
v 3.832582 7.534157 11.243313
v 3.828155 7.534157 11.252001
v 3.821266 7.534157 11.258893
v 3.812572 7.534157 11.263323
v 3.802945 7.534157 11.264847
v 3.793317 7.534157 11.263321
v 3.784627 7.534157 11.258893
v 3.777737 7.534157 11.252005
v 3.773306 7.534157 11.243311
v 3.773306 7.534157 11.243311
v 3.773306 7.447985 11.224056
v 3.771783 7.447985 11.233682
v 3.777736 7.447985 11.215365
v 3.784629 7.447985 11.208471
v 3.793313 7.447985 11.204045
v 3.802945 7.447985 11.202519
v 3.812576 7.447985 11.204045
v 3.821264 7.447985 11.208474
v 3.828157 7.447985 11.215365
v 3.832585 7.447985 11.224053
v 3.834108 7.447985 11.233682
v 3.832582 7.447985 11.243313
v 3.828155 7.447985 11.252001
v 3.821266 7.447985 11.258893
v 3.812574 7.447985 11.263323
v 3.802945 7.447985 11.264847
v 3.793317 7.447985 11.263323
v 3.784625 7.447985 11.258893
v 3.777736 7.447985 11.252001
v 3.773306 7.447985 11.243313
v 3.773306 7.447985 11.243313
v 3.773306 7.361814 11.224056
v 3.771783 7.361814 11.233682
v 3.777734 7.361814 11.215364
v 3.784630 7.361814 11.208471
v 3.793313 7.361814 11.204045
v 3.802945 7.361814 11.202519
v 3.812576 7.361814 11.204045
v 3.821262 7.361814 11.208471
v 3.828157 7.361814 11.215365
v 3.832585 7.361814 11.224053
v 3.834108 7.361814 11.233683
v 3.832582 7.361814 11.243313
v 3.828155 7.361814 11.252001
v 3.821267 7.361814 11.258892
v 3.812574 7.361814 11.263324
v 3.802945 7.361814 11.264845
v 3.793317 7.361814 11.263324
v 3.784624 7.361814 11.258893
v 3.777736 7.361814 11.252001
v 3.773306 7.361814 11.243313
v 3.773306 7.361814 11.243313
v 3.842965 8.018048 12.030199
v 3.836987 8.018048 12.018469
v 3.836987 8.044825 12.018469
v 3.842965 8.044825 12.030199
v 3.827679 8.018048 12.009161
v 3.827679 8.044825 12.009161
v 3.815949 8.018048 12.003183
v 3.815949 8.044825 12.003183
v 3.802946 8.018048 12.001123
v 3.802946 8.044825 12.001123
v 3.789942 8.018048 12.003183
v 3.789942 8.044825 12.003183
v 3.778214 8.018048 12.009161
v 3.778214 8.044825 12.009161
v 3.768904 8.018048 12.018469
v 3.768904 8.044825 12.018469
v 3.762926 8.018048 12.030199
v 3.762926 8.044825 12.030199
v 3.760866 8.018048 12.043203
v 3.760866 8.044825 12.043203
v 3.762926 8.018048 12.056206
v 3.762926 8.044825 12.056206
v 3.768904 8.018048 12.067936
v 3.768904 8.044825 12.067936
v 3.778214 8.018048 12.077246
v 3.778214 8.044825 12.077246
v 3.789942 8.018048 12.083221
v 3.789942 8.044825 12.083221
v 3.802946 8.018048 12.085281
v 3.802946 8.044825 12.085281
v 3.815949 8.018048 12.083221
v 3.815949 8.044825 12.083221
v 3.827679 8.018048 12.077246
v 3.827679 8.044825 12.077246
v 3.836987 8.018048 12.067936
v 3.836987 8.044825 12.067936
v 3.842965 8.018048 12.056206
v 3.842965 8.044825 12.056206
v 3.845026 8.018048 12.043203
v 3.845026 8.044825 12.043203
v 3.842965 8.018048 12.030199
v 3.842965 8.044825 12.030199
v 3.842020 8.015682 12.030506
v 3.836186 8.015682 12.019053
v 3.842020 8.015682 12.030506
v 3.836186 8.015682 12.019053
v 3.827097 8.015682 12.009962
v 3.827097 8.015682 12.009962
v 3.815642 8.015682 12.004128
v 3.815642 8.015682 12.004128
v 3.802946 8.015682 12.002117
v 3.802946 8.015682 12.002117
v 3.790250 8.015682 12.004128
v 3.790250 8.015682 12.004128
v 3.778795 8.015682 12.009962
v 3.778795 8.015682 12.009962
v 3.769708 8.015682 12.019053
v 3.769708 8.015682 12.019053
v 3.763871 8.015682 12.030506
v 3.763871 8.015682 12.030506
v 3.761859 8.015682 12.043203
v 3.761859 8.015682 12.043203
v 3.763871 8.015682 12.055899
v 3.763871 8.015682 12.055899
v 3.769708 8.015682 12.067352
v 3.769708 8.015682 12.067352
v 3.778795 8.015682 12.076441
v 3.778795 8.015682 12.076441
v 3.790250 8.015682 12.082277
v 3.790250 8.015682 12.082277
v 3.802946 8.015682 12.084290
v 3.802946 8.015682 12.084290
v 3.815642 8.015682 12.082277
v 3.815642 8.015682 12.082277
v 3.827097 8.015682 12.076441
v 3.827097 8.015682 12.076441
v 3.836186 8.015682 12.067352
v 3.836186 8.015682 12.067352
v 3.842020 8.015682 12.055899
v 3.842020 8.015682 12.055899
v 3.844032 8.015682 12.043203
v 3.844032 8.015682 12.043203
v 3.842020 8.015682 12.030506
v 3.842020 8.047191 12.030506
v 3.844032 8.047191 12.043203
v 3.842020 8.047191 12.030506
v 3.844032 8.047191 12.043203
v 3.836186 8.047191 12.019053
v 3.842020 8.047191 12.030506
v 3.836186 8.047191 12.019053
v 3.827097 8.047191 12.009962
v 3.827097 8.047191 12.009962
v 3.815642 8.047191 12.004128
v 3.815642 8.047191 12.004128
v 3.802946 8.047191 12.002117
v 3.802946 8.047191 12.002117
v 3.790250 8.047191 12.004128
v 3.790250 8.047191 12.004128
v 3.778795 8.047191 12.009962
v 3.778795 8.047191 12.009962
v 3.769708 8.047191 12.019053
v 3.769708 8.047191 12.019053
v 3.763871 8.047191 12.030506
v 3.763871 8.047191 12.030506
v 3.761859 8.047191 12.043203
v 3.761859 8.047191 12.043203
v 3.763871 8.047191 12.055899
v 3.763871 8.047191 12.055899
v 3.769708 8.047191 12.067352
v 3.769708 8.047191 12.067352
v 3.778795 8.047191 12.076441
v 3.778795 8.047191 12.076441
v 3.790250 8.047191 12.082277
v 3.790250 8.047191 12.082277
v 3.802946 8.047191 12.084290
v 3.802946 8.047191 12.084290
v 3.815642 8.047191 12.082277
v 3.815642 8.047191 12.082277
v 3.827097 8.047191 12.076441
v 3.827097 8.047191 12.076441
v 3.836186 8.047191 12.067352
v 3.836186 8.047191 12.067352
v 3.842020 8.047191 12.055899
v 3.842020 8.047191 12.055899
v 3.819452 7.972857 12.037840
v 3.816987 7.972857 12.033001
v 3.821956 7.988909 12.029390
v 3.825294 7.988909 12.035942
v 3.813147 7.972857 12.029161
v 3.816757 7.988909 12.024193
v 3.808309 7.972857 12.026695
v 3.810206 7.988909 12.020855
v 3.802945 7.972857 12.025846
v 3.802945 7.988909 12.019705
v 3.797582 7.972857 12.026695
v 3.795684 7.988909 12.020855
v 3.792744 7.972857 12.029161
v 3.789133 7.988909 12.024193
v 3.788903 7.972857 12.033001
v 3.783935 7.988909 12.029390
v 3.786438 7.972857 12.037840
v 3.780597 7.988909 12.035942
v 3.785588 7.972857 12.043203
v 3.779447 7.988909 12.043203
v 3.786438 7.972857 12.048567
v 3.780597 7.988909 12.050465
v 3.788903 7.972857 12.053404
v 3.783935 7.988909 12.057014
v 3.792744 7.972857 12.057245
v 3.789133 7.988909 12.062214
v 3.797582 7.972857 12.059710
v 3.795684 7.988909 12.065552
v 3.802945 7.972857 12.060558
v 3.802945 7.988909 12.066702
v 3.808309 7.972857 12.059710
v 3.810206 7.988909 12.065552
v 3.813147 7.972857 12.057245
v 3.816757 7.988909 12.062214
v 3.816987 7.972857 12.053404
v 3.821956 7.988909 12.057014
v 3.819452 7.972857 12.048567
v 3.825294 7.988909 12.050465
v 3.820301 7.972857 12.043203
v 3.826444 7.988909 12.043203
v 3.819452 7.972857 12.037840
v 3.825294 7.988909 12.035942
v 3.819191 7.935576 12.037924
v 3.816764 7.935576 12.033163
v 3.814308 7.937301 12.034946
v 3.816303 7.937301 12.038862
v 3.812985 7.935576 12.029385
v 3.811201 7.937301 12.031839
v 3.808224 7.935576 12.026957
v 3.807285 7.937301 12.029844
v 3.802945 7.935576 12.026121
v 3.802945 7.937301 12.029158
v 3.797667 7.935576 12.026957
v 3.798605 7.937301 12.029844
v 3.792905 7.935576 12.029385
v 3.794689 7.937301 12.031839
v 3.789126 7.935576 12.033163
v 3.791582 7.937301 12.034946
v 3.786699 7.935576 12.037924
v 3.789587 7.937301 12.038862
v 3.785864 7.935576 12.043203
v 3.788899 7.937301 12.043203
v 3.786699 7.935576 12.048481
v 3.789587 7.937301 12.047543
v 3.789126 7.935576 12.053244
v 3.791582 7.937301 12.051458
v 3.792905 7.935576 12.057022
v 3.794689 7.937301 12.054565
v 3.797667 7.935576 12.059448
v 3.798605 7.937301 12.056561
v 3.802945 7.935576 12.060284
v 3.802945 7.937301 12.057249
v 3.808224 7.935576 12.059448
v 3.807285 7.937301 12.056561
v 3.812985 7.935576 12.057022
v 3.811201 7.937301 12.054565
v 3.816764 7.935576 12.053244
v 3.814308 7.937301 12.051458
v 3.819191 7.935576 12.048481
v 3.816303 7.937301 12.047543
v 3.820026 7.935576 12.043203
v 3.816991 7.937301 12.043203
v 3.819191 7.935576 12.037924
v 3.816303 7.937301 12.038862
v 3.828583 8.006687 12.043203
v 3.827328 8.006687 12.035280
v 3.822600 8.008412 12.036816
v 3.823612 8.008412 12.043203
v 3.827328 8.006687 12.051125
v 3.822600 8.008412 12.049589
v 3.823687 8.006687 12.058271
v 3.819665 8.008412 12.055351
v 3.818014 8.006687 12.063944
v 3.815093 8.008412 12.059923
v 3.810867 8.006687 12.067585
v 3.809332 8.008412 12.062859
v 3.802945 8.006687 12.068840
v 3.802945 8.008412 12.063869
v 3.795023 8.006687 12.067585
v 3.796558 8.008412 12.062859
v 3.787876 8.006687 12.063944
v 3.790797 8.008412 12.059923
v 3.782204 8.006687 12.058271
v 3.786225 8.008412 12.055351
v 3.778563 8.006687 12.051125
v 3.783290 8.008412 12.049589
v 3.777308 8.006687 12.043203
v 3.782278 8.008412 12.043203
v 3.778563 8.006687 12.035280
v 3.783290 8.008412 12.036816
v 3.782204 8.006687 12.028133
v 3.786225 8.008412 12.031055
v 3.787876 8.006687 12.022461
v 3.790797 8.008412 12.026484
v 3.795023 8.006687 12.018820
v 3.796558 8.008412 12.023548
v 3.802945 8.006687 12.017565
v 3.802945 8.008412 12.022535
v 3.810867 8.006687 12.018820
v 3.809332 8.008412 12.023548
v 3.818014 8.006687 12.022461
v 3.815093 8.008412 12.026484
v 3.823687 8.006687 12.028133
v 3.819665 8.008412 12.031055
v 3.827328 8.006687 12.035280
v 3.822600 8.008412 12.036816
v 3.813155 7.901746 12.039885
v 3.811630 7.901746 12.036892
v 3.815034 7.917798 12.034420
v 3.817156 7.917798 12.038586
v 3.809256 7.901746 12.034517
v 3.811728 7.917798 12.031115
v 3.806263 7.901746 12.032993
v 3.807563 7.917798 12.028992
v 3.802945 7.901746 12.032467
v 3.802945 7.917798 12.028261
v 3.799627 7.901746 12.032993
v 3.798327 7.917798 12.028992
v 3.796635 7.901746 12.034517
v 3.794162 7.917798 12.031115
v 3.794260 7.901746 12.036892
v 3.790856 7.917798 12.034420
v 3.792735 7.901746 12.039885
v 3.788734 7.917798 12.038586
v 3.792210 7.901746 12.043203
v 3.788003 7.917798 12.043203
v 3.792735 7.901746 12.046520
v 3.788734 7.917798 12.047821
v 3.794260 7.901746 12.049513
v 3.790856 7.917798 12.051987
v 3.796635 7.901746 12.051888
v 3.794162 7.917798 12.055292
v 3.799627 7.901746 12.053413
v 3.798327 7.917798 12.057413
v 3.802945 7.901746 12.053938
v 3.802945 7.917798 12.058146
v 3.806263 7.901746 12.053413
v 3.807563 7.917798 12.057413
v 3.809256 7.901746 12.051888
v 3.811728 7.917798 12.055292
v 3.811630 7.901746 12.049513
v 3.815034 7.917798 12.051987
v 3.813155 7.901746 12.046520
v 3.817156 7.917798 12.047821
v 3.813681 7.901746 12.043203
v 3.817887 7.917798 12.043203
v 3.813155 7.901746 12.039885
v 3.817156 7.917798 12.038586
v 3.821225 7.953353 12.037264
v 3.822165 7.953353 12.043203
v 3.821225 7.953353 12.049143
v 3.818495 7.953353 12.054501
v 3.814242 7.953353 12.058752
v 3.808885 7.953353 12.061483
v 3.802945 7.953353 12.062424
v 3.797006 7.953353 12.061483
v 3.791648 7.953353 12.058752
v 3.787395 7.953353 12.054501
v 3.784665 7.953353 12.049143
v 3.783725 7.953353 12.043203
v 3.784665 7.953353 12.037264
v 3.787395 7.953353 12.031906
v 3.791648 7.953353 12.027653
v 3.797006 7.953353 12.024923
v 3.802945 7.953353 12.023983
v 3.808885 7.953353 12.024923
v 3.814242 7.953353 12.027653
v 3.818495 7.953353 12.031906
v 3.821225 7.953353 12.037264
v 3.823259 7.971131 12.036602
v 3.820225 7.971131 12.030647
v 3.815500 7.971131 12.025923
v 3.809546 7.971131 12.022888
v 3.802945 7.971131 12.021843
v 3.796345 7.971131 12.022888
v 3.790390 7.971131 12.025923
v 3.785666 7.971131 12.030647
v 3.782631 7.971131 12.036602
v 3.781586 7.971131 12.043203
v 3.782631 7.971131 12.049803
v 3.785666 7.971131 12.055758
v 3.790390 7.971131 12.060482
v 3.796345 7.971131 12.063517
v 3.802945 7.971131 12.064562
v 3.809546 7.971131 12.063517
v 3.815500 7.971131 12.060482
v 3.820225 7.971131 12.055758
v 3.823259 7.971131 12.049803
v 3.824305 7.971131 12.043203
v 3.823259 7.971131 12.036602
v 3.815122 7.900021 12.039246
v 3.813303 7.900021 12.035677
v 3.810471 7.900021 12.032845
v 3.806902 7.900021 12.031027
v 3.802945 7.900021 12.030399
v 3.798988 7.900021 12.031027
v 3.795420 7.900021 12.032845
v 3.792587 7.900021 12.035677
v 3.790769 7.900021 12.039246
v 3.790142 7.900021 12.043203
v 3.790769 7.900021 12.047159
v 3.792587 7.900021 12.050728
v 3.795420 7.900021 12.053560
v 3.798988 7.900021 12.055380
v 3.802945 7.900021 12.056005
v 3.806902 7.900021 12.055380
v 3.810471 7.900021 12.053560
v 3.813303 7.900021 12.050728
v 3.815122 7.900021 12.047159
v 3.815748 7.900021 12.043203
v 3.815122 7.900021 12.039246
v 3.824175 8.026190 12.036304
v 3.825267 8.026190 12.043203
v 3.824175 8.026190 12.050100
v 3.821004 8.026190 12.056324
v 3.816066 8.026190 12.061262
v 3.809843 8.026190 12.064432
v 3.802945 8.026190 12.065525
v 3.796047 8.026190 12.064432
v 3.789824 8.026190 12.061262
v 3.784886 8.026190 12.056324
v 3.781715 8.026190 12.050100
v 3.780623 8.026190 12.043203
v 3.781715 8.026190 12.036304
v 3.784886 8.026190 12.030083
v 3.789824 8.026190 12.025145
v 3.796047 8.026190 12.021973
v 3.802945 8.026190 12.020882
v 3.809843 8.026190 12.021973
v 3.816066 8.026190 12.025145
v 3.821004 8.026190 12.030083
v 3.824175 8.026190 12.036304
v 3.821026 7.990634 12.037329
v 3.821957 7.990634 12.043203
v 3.821026 7.990634 12.049078
v 3.818326 7.990634 12.054379
v 3.814120 7.990634 12.058584
v 3.808820 7.990634 12.061283
v 3.802945 7.990634 12.062214
v 3.797071 7.990634 12.061283
v 3.791770 7.990634 12.058584
v 3.787564 7.990634 12.054379
v 3.784864 7.990634 12.049078
v 3.783934 7.990634 12.043203
v 3.784864 7.990634 12.037329
v 3.787564 7.990634 12.032028
v 3.791770 7.990634 12.027822
v 3.797071 7.990634 12.025122
v 3.802945 7.990634 12.024191
v 3.808820 7.990634 12.025122
v 3.814120 7.990634 12.027822
v 3.818326 7.990634 12.032028
v 3.821026 7.990634 12.037329
v 3.817878 7.955079 12.038351
v 3.815648 7.955079 12.033974
v 3.812174 7.955079 12.030500
v 3.807797 7.955079 12.028271
v 3.802945 7.955079 12.027502
v 3.798093 7.955079 12.028271
v 3.793716 7.955079 12.030500
v 3.790242 7.955079 12.033974
v 3.788013 7.955079 12.038351
v 3.787244 7.955079 12.043203
v 3.788013 7.955079 12.048056
v 3.790242 7.955079 12.052431
v 3.793716 7.955079 12.055906
v 3.798093 7.955079 12.058136
v 3.802945 7.955079 12.058905
v 3.807797 7.955079 12.058136
v 3.812174 7.955079 12.055906
v 3.815648 7.955079 12.052431
v 3.817878 7.955079 12.048056
v 3.818646 7.955079 12.043203
v 3.817878 7.955079 12.038351
v 3.814730 7.919524 12.039373
v 3.812969 7.919524 12.035919
v 3.810228 7.919524 12.033178
v 3.806774 7.919524 12.031418
v 3.802945 7.919524 12.030811
v 3.799116 7.919524 12.031418
v 3.795662 7.919524 12.033178
v 3.792921 7.919524 12.035919
v 3.791161 7.919524 12.039373
v 3.790554 7.919524 12.043203
v 3.791161 7.919524 12.047031
v 3.792921 7.919524 12.050486
v 3.795662 7.919524 12.053226
v 3.799116 7.919524 12.054987
v 3.802945 7.919524 12.055593
v 3.806774 7.919524 12.054987
v 3.810228 7.919524 12.053226
v 3.812969 7.919524 12.050486
v 3.814730 7.919524 12.047031
v 3.815336 7.919524 12.043203
v 3.814730 7.919524 12.039373
v 3.811581 7.883968 12.040398
v 3.810291 7.883968 12.037865
v 3.808283 7.883968 12.035856
v 3.805751 7.883968 12.034567
v 3.802945 7.883968 12.034122
v 3.800139 7.883968 12.034567
v 3.797607 7.883968 12.035856
v 3.795599 7.883968 12.037865
v 3.794310 7.883968 12.040398
v 3.793865 7.883968 12.043203
v 3.794310 7.883968 12.046009
v 3.795599 7.883968 12.048540
v 3.797607 7.883968 12.050549
v 3.800139 7.883968 12.051838
v 3.802945 7.883968 12.052282
v 3.805751 7.883968 12.051838
v 3.808283 7.883968 12.050549
v 3.810291 7.883968 12.048540
v 3.811581 7.883968 12.046009
v 3.812025 7.883968 12.043203
v 3.811581 7.883968 12.040398
v 3.283043 6.859410 12.010778
v 3.283043 6.915811 12.117172
v 3.265010 6.930547 12.109362
v 3.265010 6.876125 12.006702
v 3.264638 6.942489 12.103031
v 3.251529 6.958429 12.094580
v 3.238790 6.962432 12.092459
v 3.238790 6.908010 11.989799
v 3.228501 6.982139 12.082012
v 3.228501 6.925736 11.975618
v 3.238790 7.001845 12.071566
v 3.238790 6.947424 11.968906
v 3.251529 7.005847 12.069443
v 3.264638 7.021788 12.060993
v 3.265010 7.033731 12.054661
v 3.265010 6.979310 11.952003
v 3.283043 7.048465 12.046850
v 3.283043 6.992064 11.940456
v 3.307435 7.051879 12.045042
v 3.307435 6.995477 11.938648
v 3.331827 7.048465 12.046850
v 3.331827 6.992064 11.940456
v 3.349860 7.033731 12.054661
v 3.349860 6.979310 11.952003
v 3.350232 7.021788 12.060993
v 3.363340 7.005847 12.069443
v 3.376081 7.001845 12.071566
v 3.376081 6.947424 11.968906
v 3.386369 6.982139 12.082012
v 3.386369 6.925736 11.975618
v 3.376081 6.962432 12.092459
v 3.376081 6.908010 11.989799
v 3.363340 6.958429 12.094580
v 3.350232 6.942489 12.103031
v 3.349860 6.930547 12.109362
v 3.349860 6.876125 12.006702
v 3.331827 6.915811 12.117172
v 3.331827 6.859410 12.010778
v 3.307435 6.912398 12.118982
v 3.307435 6.855996 12.012589
v 3.283043 6.915811 12.117172
v 3.283043 6.859410 12.010778
v 3.289130 6.850333 11.953659
v 3.272616 6.857767 11.949718
v 3.251099 6.883935 11.935846
v 3.248199 6.900107 11.927273
v 3.251099 6.916281 11.918699
v 3.272616 6.942449 11.904827
v 3.289130 6.949883 11.900887
v 3.307435 6.952444 11.899529
v 3.325740 6.949883 11.900887
v 3.342253 6.942449 11.904827
v 3.363770 6.916281 11.918699
v 3.366671 6.900107 11.927273
v 3.363770 6.883935 11.935846
v 3.342253 6.857767 11.949718
v 3.325740 6.850333 11.953659
v 3.307435 6.847772 11.955017
v 3.289130 6.850333 11.953659
v 3.258253 6.954854 12.096476
v 3.262866 6.949244 12.099449
v 3.262866 7.015033 12.064573
v 3.258253 7.009423 12.067547
v 3.356617 7.009423 12.067547
v 3.352004 7.015033 12.064573
v 3.352004 6.949244 12.099449
v 3.356617 6.954854 12.096476
v 3.274921 6.756026 11.902859
v 3.274921 6.879582 11.902859
v 3.279811 6.879582 11.893261
v 3.279811 6.756026 11.893261
v 3.287427 6.879582 11.885645
v 3.287427 6.756026 11.885645
v 3.297024 6.879582 11.880756
v 3.297024 6.756026 11.880756
v 3.307662 6.879582 11.879070
v 3.307662 6.756026 11.879070
v 3.318300 6.879582 11.880756
v 3.318300 6.756026 11.880756
v 3.327897 6.879582 11.885645
v 3.327897 6.756026 11.885645
v 3.335513 6.879582 11.893261
v 3.335513 6.756026 11.893261
v 3.340403 6.879582 11.902859
v 3.340403 6.756026 11.902859
v 3.342088 6.879582 11.913496
v 3.342088 6.756026 11.913496
v 3.340403 6.879582 11.924135
v 3.340403 6.756026 11.924135
v 3.335513 6.879582 11.933731
v 3.335513 6.756026 11.933731
v 3.327897 6.879582 11.941347
v 3.327897 6.756026 11.941347
v 3.318300 6.879582 11.946238
v 3.318300 6.756026 11.946238
v 3.307662 6.879582 11.947922
v 3.307662 6.756026 11.947922
v 3.297024 6.879582 11.946238
v 3.297024 6.756026 11.946238
v 3.287427 6.879582 11.941347
v 3.287427 6.756026 11.941347
v 3.279811 6.879582 11.933731
v 3.279811 6.756026 11.933731
v 3.274921 6.879582 11.924135
v 3.274921 6.756026 11.924135
v 3.273236 6.879582 11.913496
v 3.273236 6.756026 11.913496
v 3.274921 6.879582 11.902859
v 3.274921 6.756026 11.902859
v 3.267642 6.756796 11.900494
v 3.267642 6.783573 11.900494
v 3.273620 6.783573 11.888763
v 3.273620 6.756796 11.888763
v 3.282928 6.783573 11.879454
v 3.282928 6.756796 11.879454
v 3.294658 6.783573 11.873478
v 3.294658 6.756796 11.873478
v 3.307661 6.783573 11.871416
v 3.307661 6.756796 11.871416
v 3.320665 6.783573 11.873478
v 3.320665 6.756796 11.873478
v 3.332394 6.783573 11.879454
v 3.332394 6.756796 11.879454
v 3.341703 6.783573 11.888763
v 3.341703 6.756796 11.888763
v 3.347681 6.783573 11.900494
v 3.347681 6.756796 11.900494
v 3.349741 6.783573 11.913496
v 3.349741 6.756796 11.913496
v 3.347681 6.783573 11.926500
v 3.347681 6.756796 11.926500
v 3.341703 6.783573 11.938229
v 3.341703 6.756796 11.938229
v 3.332394 6.783573 11.947538
v 3.332394 6.756796 11.947538
v 3.320665 6.783573 11.953516
v 3.320665 6.756796 11.953516
v 3.307661 6.783573 11.955576
v 3.307661 6.756796 11.955576
v 3.294658 6.783573 11.953516
v 3.294658 6.756796 11.953516
v 3.282928 6.783573 11.947538
v 3.282928 6.756796 11.947538
v 3.273620 6.783573 11.938229
v 3.273620 6.756796 11.938229
v 3.267642 6.783573 11.926500
v 3.267642 6.756796 11.926500
v 3.265581 6.783573 11.913496
v 3.265581 6.756796 11.913496
v 3.267642 6.783573 11.900494
v 3.267642 6.756796 11.900494
v 3.274421 6.754430 11.889345
v 3.268587 6.754430 11.900801
v 3.268587 6.754430 11.900801
v 3.274421 6.754430 11.889345
v 3.283510 6.754430 11.880255
v 3.283510 6.754430 11.880255
v 3.294965 6.754430 11.874422
v 3.294965 6.754430 11.874422
v 3.307661 6.754430 11.872410
v 3.307661 6.754430 11.872410
v 3.320357 6.754430 11.874422
v 3.320357 6.754430 11.874422
v 3.331812 6.754430 11.880255
v 3.331812 6.754430 11.880255
v 3.340899 6.754430 11.889345
v 3.340899 6.754430 11.889345
v 3.346736 6.754430 11.900801
v 3.346736 6.754430 11.900801
v 3.348748 6.754430 11.913496
v 3.348748 6.754430 11.913496
v 3.346736 6.754430 11.926193
v 3.346736 6.754430 11.926193
v 3.340899 6.754430 11.937647
v 3.340899 6.754430 11.937647
v 3.331812 6.754430 11.946733
v 3.331812 6.754430 11.946733
v 3.320357 6.754430 11.952572
v 3.320357 6.754430 11.952572
v 3.307661 6.754430 11.954582
v 3.307661 6.754430 11.954582
v 3.294965 6.754430 11.952572
v 3.294965 6.754430 11.952572
v 3.283510 6.754430 11.946733
v 3.283510 6.754430 11.946733
v 3.274421 6.754430 11.937647
v 3.274421 6.754430 11.937647
v 3.268587 6.754430 11.926193
v 3.268587 6.754430 11.926193
v 3.266575 6.754430 11.913496
v 3.266575 6.754430 11.913496
v 3.268587 6.754430 11.900801
v 3.266575 6.785938 11.913496
v 3.268587 6.785938 11.900801
v 3.268587 6.785938 11.900801
v 3.266575 6.785938 11.913496
v 3.274421 6.785938 11.889345
v 3.268587 6.785938 11.900801
v 3.274421 6.785938 11.889345
v 3.283510 6.785938 11.880255
v 3.283510 6.785938 11.880255
v 3.294965 6.785938 11.874422
v 3.294965 6.785938 11.874422
v 3.307661 6.785938 11.872410
v 3.307661 6.785938 11.872410
v 3.320357 6.785938 11.874422
v 3.320357 6.785938 11.874422
v 3.331812 6.785938 11.880255
v 3.331812 6.785938 11.880255
v 3.340899 6.785938 11.889345
v 3.340899 6.785938 11.889345
v 3.346736 6.785938 11.900801
v 3.346736 6.785938 11.900801
v 3.348748 6.785938 11.913496
v 3.348748 6.785938 11.913496
v 3.346736 6.785938 11.926193
v 3.346736 6.785938 11.926193
v 3.340899 6.785938 11.937647
v 3.340899 6.785938 11.937647
v 3.331812 6.785938 11.946733
v 3.331812 6.785938 11.946733
v 3.320357 6.785938 11.952572
v 3.320357 6.785938 11.952572
v 3.307661 6.785938 11.954582
v 3.307661 6.785938 11.954582
v 3.294965 6.785938 11.952572
v 3.294965 6.785938 11.952572
v 3.283510 6.785938 11.946733
v 3.283510 6.785938 11.946733
v 3.274421 6.785938 11.937647
v 3.274421 6.785938 11.937647
v 3.268587 6.785938 11.926193
v 3.268587 6.785938 11.926193
v 3.291155 6.711605 11.908133
v 3.285314 6.727657 11.906235
v 3.288651 6.727657 11.899685
v 3.293620 6.711605 11.903296
v 3.293850 6.727657 11.894485
v 3.297461 6.711605 11.899454
v 3.300401 6.727657 11.891148
v 3.302299 6.711605 11.896990
v 3.307662 6.727657 11.889997
v 3.307662 6.711605 11.896139
v 3.314923 6.727657 11.891148
v 3.313025 6.711605 11.896990
v 3.321474 6.727657 11.894485
v 3.317863 6.711605 11.899454
v 3.326673 6.727657 11.899685
v 3.321704 6.711605 11.903296
v 3.330010 6.727657 11.906235
v 3.324169 6.711605 11.908133
v 3.331161 6.727657 11.913496
v 3.325019 6.711605 11.913496
v 3.330010 6.727657 11.920757
v 3.324169 6.711605 11.918859
v 3.326673 6.727657 11.927309
v 3.321704 6.711605 11.923698
v 3.321474 6.727657 11.932507
v 3.317863 6.711605 11.927538
v 3.314923 6.727657 11.935844
v 3.313025 6.711605 11.930004
v 3.307662 6.727657 11.936995
v 3.307662 6.711605 11.930853
v 3.300401 6.727657 11.935844
v 3.302299 6.711605 11.930004
v 3.293850 6.727657 11.932507
v 3.297461 6.711605 11.927538
v 3.288651 6.727657 11.927309
v 3.293620 6.711605 11.923698
v 3.285314 6.727657 11.920757
v 3.291155 6.711605 11.918859
v 3.284163 6.727657 11.913496
v 3.290306 6.711605 11.913496
v 3.285314 6.727657 11.906235
v 3.291155 6.711605 11.908133
v 3.291416 6.674324 11.908218
v 3.294304 6.676049 11.909157
v 3.296299 6.676049 11.905241
v 3.293843 6.674324 11.903456
v 3.299406 6.676049 11.902134
v 3.297622 6.674324 11.899677
v 3.303322 6.676049 11.900139
v 3.302383 6.674324 11.897251
v 3.307662 6.676049 11.899450
v 3.307662 6.674324 11.896416
v 3.312002 6.676049 11.900139
v 3.312941 6.674324 11.897251
v 3.315918 6.676049 11.902134
v 3.317702 6.674324 11.899677
v 3.319025 6.676049 11.905241
v 3.321481 6.674324 11.903456
v 3.321020 6.676049 11.909157
v 3.323908 6.674324 11.908218
v 3.321708 6.676049 11.913496
v 3.324743 6.674324 11.913496
v 3.321020 6.676049 11.917837
v 3.323908 6.674324 11.918776
v 3.319025 6.676049 11.921753
v 3.321481 6.674324 11.923536
v 3.315918 6.676049 11.924860
v 3.317702 6.674324 11.927315
v 3.312002 6.676049 11.926855
v 3.312941 6.674324 11.929743
v 3.307662 6.676049 11.927542
v 3.307662 6.674324 11.930578
v 3.303322 6.676049 11.926855
v 3.302383 6.674324 11.929743
v 3.299406 6.676049 11.924860
v 3.297622 6.674324 11.927315
v 3.296299 6.676049 11.921753
v 3.293843 6.674324 11.923536
v 3.294304 6.676049 11.917837
v 3.291416 6.674324 11.918776
v 3.293616 6.676049 11.913496
v 3.290581 6.674324 11.913496
v 3.294304 6.676049 11.909157
v 3.291416 6.674324 11.908218
v 3.282024 6.745435 11.913496
v 3.286995 6.747160 11.913496
v 3.288007 6.747160 11.907110
v 3.283279 6.745435 11.905575
v 3.283279 6.745435 11.921419
v 3.288007 6.747160 11.919884
v 3.286921 6.745435 11.928566
v 3.290942 6.747160 11.925644
v 3.292593 6.745435 11.934238
v 3.295514 6.747160 11.930216
v 3.299740 6.745435 11.937880
v 3.301275 6.747160 11.933151
v 3.307662 6.745435 11.939135
v 3.307662 6.747160 11.934164
v 3.315584 6.745435 11.937880
v 3.314049 6.747160 11.933151
v 3.322731 6.745435 11.934238
v 3.319810 6.747160 11.930216
v 3.328403 6.745435 11.928566
v 3.324382 6.747160 11.925644
v 3.332045 6.745435 11.921419
v 3.327317 6.747160 11.919884
v 3.333300 6.745435 11.913496
v 3.328329 6.747160 11.913496
v 3.332045 6.745435 11.905575
v 3.327317 6.747160 11.907110
v 3.328403 6.745435 11.898428
v 3.324382 6.747160 11.901348
v 3.322731 6.745435 11.892756
v 3.319810 6.747160 11.896776
v 3.315584 6.745435 11.889114
v 3.314049 6.747160 11.893841
v 3.307662 6.745435 11.887859
v 3.307662 6.747160 11.892830
v 3.299740 6.745435 11.889114
v 3.301275 6.747160 11.893841
v 3.292593 6.745435 11.892756
v 3.295514 6.747160 11.896776
v 3.286921 6.745435 11.898428
v 3.290942 6.747160 11.901348
v 3.283279 6.745435 11.905575
v 3.288007 6.747160 11.907110
v 3.297452 6.640494 11.910179
v 3.293451 6.656546 11.908878
v 3.295573 6.656546 11.904713
v 3.298977 6.640494 11.907187
v 3.298879 6.656546 11.901407
v 3.301352 6.640494 11.904812
v 3.303044 6.656546 11.899286
v 3.304344 6.640494 11.903286
v 3.307662 6.656546 11.898554
v 3.307662 6.640494 11.902761
v 3.312280 6.656546 11.899286
v 3.310980 6.640494 11.903286
v 3.316445 6.656546 11.901407
v 3.313972 6.640494 11.904812
v 3.319751 6.656546 11.904713
v 3.316347 6.640494 11.907187
v 3.321873 6.656546 11.908878
v 3.317872 6.640494 11.910179
v 3.322604 6.656546 11.913496
v 3.318398 6.640494 11.913496
v 3.321873 6.656546 11.918114
v 3.317872 6.640494 11.916815
v 3.319751 6.656546 11.922279
v 3.316347 6.640494 11.919807
v 3.316445 6.656546 11.925585
v 3.313972 6.640494 11.922182
v 3.312280 6.656546 11.927708
v 3.310980 6.640494 11.923706
v 3.307662 6.656546 11.928438
v 3.307662 6.640494 11.924232
v 3.303044 6.656546 11.927708
v 3.304344 6.640494 11.923706
v 3.298879 6.656546 11.925585
v 3.301352 6.640494 11.922182
v 3.295573 6.656546 11.922279
v 3.298977 6.640494 11.919807
v 3.293451 6.656546 11.918114
v 3.297452 6.640494 11.916815
v 3.292720 6.656546 11.913496
v 3.296926 6.640494 11.913496
v 3.293451 6.656546 11.908878
v 3.297452 6.640494 11.910179
v 3.288442 6.692101 11.913496
v 3.289382 6.692101 11.907557
v 3.289382 6.692101 11.919436
v 3.292112 6.692101 11.924793
v 3.296365 6.692101 11.929047
v 3.301723 6.692101 11.931776
v 3.307662 6.692101 11.932716
v 3.313601 6.692101 11.931776
v 3.318959 6.692101 11.929047
v 3.323212 6.692101 11.924793
v 3.325942 6.692101 11.919436
v 3.326882 6.692101 11.913496
v 3.325942 6.692101 11.907557
v 3.323212 6.692101 11.902199
v 3.318959 6.692101 11.897947
v 3.313601 6.692101 11.895216
v 3.307662 6.692101 11.894276
v 3.301723 6.692101 11.895216
v 3.296365 6.692101 11.897947
v 3.292112 6.692101 11.902199
v 3.289382 6.692101 11.907557
v 3.287348 6.709879 11.906897
v 3.290382 6.709879 11.900942
v 3.295107 6.709879 11.896215
v 3.301062 6.709879 11.893183
v 3.307662 6.709879 11.892138
v 3.314262 6.709879 11.893183
v 3.320217 6.709879 11.896217
v 3.324942 6.709879 11.900942
v 3.327976 6.709879 11.906897
v 3.329021 6.709879 11.913496
v 3.327976 6.709879 11.920097
v 3.324942 6.709879 11.926052
v 3.320217 6.709879 11.930777
v 3.314262 6.709879 11.933811
v 3.307662 6.709879 11.934856
v 3.301062 6.709879 11.933811
v 3.295107 6.709879 11.930777
v 3.290382 6.709879 11.926052
v 3.287348 6.709879 11.920097
v 3.286303 6.709879 11.913496
v 3.287348 6.709879 11.906897
v 3.295485 6.638769 11.909540
v 3.297304 6.638769 11.905972
v 3.300137 6.638769 11.903139
v 3.303705 6.638769 11.901320
v 3.307662 6.638769 11.900694
v 3.311619 6.638769 11.901320
v 3.315187 6.638769 11.903139
v 3.318020 6.638769 11.905972
v 3.319839 6.638769 11.909540
v 3.320465 6.638769 11.913496
v 3.319839 6.638769 11.917454
v 3.318020 6.638769 11.921022
v 3.315187 6.638769 11.923855
v 3.311619 6.638769 11.925673
v 3.307662 6.638769 11.926300
v 3.303705 6.638769 11.925673
v 3.300137 6.638769 11.923855
v 3.297304 6.638769 11.921022
v 3.295485 6.638769 11.917454
v 3.294859 6.638769 11.913496
v 3.295485 6.638769 11.909540
v 3.285340 6.764938 11.913496
v 3.286432 6.764938 11.906599
v 3.286432 6.764938 11.920395
v 3.289603 6.764938 11.926617
v 3.294541 6.764938 11.931555
v 3.300764 6.764938 11.934727
v 3.307662 6.764938 11.935818
v 3.314560 6.764938 11.934727
v 3.320783 6.764938 11.931555
v 3.325721 6.764938 11.926617
v 3.328892 6.764938 11.920395
v 3.329984 6.764938 11.913496
v 3.328892 6.764938 11.906599
v 3.325721 6.764938 11.900375
v 3.320783 6.764938 11.895437
v 3.314560 6.764938 11.892267
v 3.307662 6.764938 11.891174
v 3.300764 6.764938 11.892267
v 3.294541 6.764938 11.895437
v 3.289603 6.764938 11.900375
v 3.286432 6.764938 11.906599
v 3.288651 6.729383 11.913496
v 3.289581 6.729383 11.907621
v 3.289581 6.729383 11.919371
v 3.292281 6.729383 11.924671
v 3.296487 6.729383 11.928877
v 3.301787 6.729383 11.931578
v 3.307662 6.729383 11.932508
v 3.313537 6.729383 11.931578
v 3.318837 6.729383 11.928877
v 3.323043 6.729383 11.924671
v 3.325743 6.729383 11.919371
v 3.326674 6.729383 11.913496
v 3.325743 6.729383 11.907621
v 3.323043 6.729383 11.902321
v 3.318837 6.729383 11.898115
v 3.313537 6.729383 11.895416
v 3.307662 6.729383 11.894485
v 3.301787 6.729383 11.895416
v 3.296487 6.729383 11.898115
v 3.292281 6.729383 11.902321
v 3.289581 6.729383 11.907621
v 3.292729 6.693827 11.908644
v 3.294959 6.693827 11.904268
v 3.298433 6.693827 11.900793
v 3.302810 6.693827 11.898563
v 3.307662 6.693827 11.897795
v 3.312514 6.693827 11.898563
v 3.316891 6.693827 11.900793
v 3.320365 6.693827 11.904268
v 3.322595 6.693827 11.908644
v 3.323363 6.693827 11.913496
v 3.322595 6.693827 11.918348
v 3.320365 6.693827 11.922726
v 3.316891 6.693827 11.926199
v 3.312514 6.693827 11.928429
v 3.307662 6.693827 11.929197
v 3.302810 6.693827 11.928429
v 3.298433 6.693827 11.926199
v 3.294959 6.693827 11.922726
v 3.292729 6.693827 11.918348
v 3.291961 6.693827 11.913496
v 3.292729 6.693827 11.908644
v 3.295877 6.658272 11.909668
v 3.297638 6.658272 11.906214
v 3.300379 6.658272 11.903473
v 3.303833 6.658272 11.901712
v 3.307662 6.658272 11.901106
v 3.311491 6.658272 11.901712
v 3.314945 6.658272 11.903473
v 3.317686 6.658272 11.906214
v 3.319447 6.658272 11.909668
v 3.320053 6.658272 11.913496
v 3.319447 6.658272 11.917326
v 3.317686 6.658272 11.920780
v 3.314945 6.658272 11.923521
v 3.311491 6.658272 11.925282
v 3.307662 6.658272 11.925888
v 3.303833 6.658272 11.925282
v 3.300379 6.658272 11.923521
v 3.297638 6.658272 11.920780
v 3.295877 6.658272 11.917326
v 3.295271 6.658272 11.913496
v 3.295877 6.658272 11.909668
v 3.299026 6.622716 11.910690
v 3.300316 6.622716 11.908159
v 3.302324 6.622716 11.906151
v 3.304856 6.622716 11.904861
v 3.307662 6.622716 11.904417
v 3.310468 6.622716 11.904861
v 3.313000 6.622716 11.906151
v 3.315008 6.622716 11.908159
v 3.316298 6.622716 11.910690
v 3.316742 6.622716 11.913496
v 3.316298 6.622716 11.916302
v 3.315008 6.622716 11.918835
v 3.313000 6.622716 11.920843
v 3.310468 6.622716 11.922132
v 3.307662 6.622716 11.922577
v 3.304856 6.622716 11.922132
v 3.302324 6.622716 11.920843
v 3.300316 6.622716 11.918833
v 3.299026 6.622716 11.916302
v 3.298582 6.622716 11.913496
v 3.299026 6.622716 11.910690
v 4.322845 6.859410 12.010778
v 4.340878 6.876125 12.006702
v 4.340878 6.930547 12.109362
v 4.322845 6.915811 12.117172
v 4.341250 6.942489 12.103031
v 4.354360 6.958429 12.094580
v 4.367099 6.908010 11.989799
v 4.367099 6.962432 12.092459
v 4.377387 6.925736 11.975618
v 4.377387 6.982139 12.082012
v 4.367099 6.947424 11.968906
v 4.367099 7.001845 12.071566
v 4.354360 7.005847 12.069443
v 4.341250 7.021788 12.060993
v 4.340878 6.979310 11.952003
v 4.340878 7.033731 12.054661
v 4.322845 6.992064 11.940456
v 4.322845 7.048465 12.046850
v 4.298453 6.995477 11.938648
v 4.298453 7.051879 12.045042
v 4.274061 6.992064 11.940456
v 4.274061 7.048465 12.046850
v 4.256028 6.979310 11.952003
v 4.256028 7.033731 12.054661
v 4.255656 7.021788 12.060993
v 4.242548 7.005847 12.069443
v 4.229808 6.947424 11.968906
v 4.229808 7.001845 12.071566
v 4.219520 6.925736 11.975618
v 4.219520 6.982139 12.082012
v 4.229808 6.908010 11.989799
v 4.229808 6.962432 12.092459
v 4.242548 6.958429 12.094580
v 4.255656 6.942489 12.103031
v 4.256028 6.876125 12.006702
v 4.256028 6.930547 12.109362
v 4.274061 6.859410 12.010778
v 4.274061 6.915811 12.117172
v 4.298453 6.855996 12.012589
v 4.298453 6.912398 12.118982
v 4.322845 6.859410 12.010778
v 4.322845 6.915811 12.117172
v 4.316758 6.850333 11.953659
v 4.333272 6.857767 11.949718
v 4.354790 6.883935 11.935846
v 4.357689 6.900107 11.927273
v 4.354790 6.916281 11.918699
v 4.333272 6.942449 11.904827
v 4.316758 6.949883 11.900887
v 4.298453 6.952444 11.899529
v 4.280149 6.949883 11.900887
v 4.263636 6.942449 11.904827
v 4.242118 6.916281 11.918699
v 4.239218 6.900107 11.927273
v 4.242118 6.883935 11.935846
v 4.263636 6.857767 11.949718
v 4.280149 6.850333 11.953659
v 4.298453 6.847772 11.955017
v 4.316758 6.850333 11.953659
v 4.347635 6.954854 12.096476
v 4.343022 6.949244 12.099449
v 4.343022 7.015033 12.064573
v 4.347635 7.009423 12.067547
v 4.249271 7.009423 12.067547
v 4.253884 7.015033 12.064573
v 4.253884 6.949244 12.099449
v 4.249271 6.954854 12.096476
v 4.309092 6.953416 12.097729
v 4.318687 6.957736 12.095440
v 4.318687 6.962312 12.104073
v 4.309092 6.957992 12.106363
v 4.326304 6.964464 12.091871
v 4.326304 6.969041 12.100506
v 4.331194 6.972943 12.087378
v 4.331194 6.977520 12.096010
v 4.332879 6.982343 12.082394
v 4.332879 6.986918 12.091028
v 4.331194 6.991742 12.077412
v 4.331194 6.996318 12.086046
v 4.326304 7.000220 12.072916
v 4.326304 7.004798 12.081551
v 4.318687 7.006949 12.069349
v 4.318687 7.011526 12.077984
v 4.309092 7.011271 12.067059
v 4.309092 7.015847 12.075693
v 4.298453 7.012759 12.066271
v 4.298453 7.017336 12.074903
v 4.287815 7.011271 12.067059
v 4.287815 7.015847 12.075693
v 4.278216 7.006949 12.069349
v 4.278216 7.011526 12.077984
v 4.270602 7.000220 12.072916
v 4.270602 7.004798 12.081551
v 4.265713 6.991742 12.077412
v 4.265713 6.996318 12.086046
v 4.264028 6.982343 12.082394
v 4.264028 6.986918 12.091028
v 4.265713 6.972943 12.087378
v 4.265713 6.977520 12.096010
v 4.270602 6.964464 12.091871
v 4.270602 6.969041 12.100506
v 4.278216 6.957736 12.095440
v 4.278216 6.962312 12.104073
v 4.287815 6.953416 12.097729
v 4.287815 6.957992 12.106363
v 4.298453 6.951926 12.098518
v 4.298453 6.956504 12.107153
v 4.309092 6.953416 12.097729
v 4.309092 6.957992 12.106363
v 4.308708 6.960422 12.108425
v 4.298453 6.958987 12.109186
v 4.308708 6.960422 12.108425
v 4.298453 6.958987 12.109186
v 4.317959 6.964585 12.106218
v 4.308708 6.960422 12.108425
v 4.317959 6.964585 12.106218
v 4.325300 6.971072 12.102779
v 4.325300 6.971072 12.102779
v 4.330013 6.979245 12.098446
v 4.330013 6.979245 12.098446
v 4.331637 6.988305 12.093643
v 4.331637 6.988305 12.093643
v 4.330013 6.997366 12.088840
v 4.330013 6.997366 12.088840
v 4.325300 7.005540 12.084507
v 4.325300 7.005540 12.084507
v 4.317959 7.012026 12.081068
v 4.317959 7.012026 12.081068
v 4.308708 7.016191 12.078861
v 4.308708 7.016191 12.078861
v 4.298453 7.017625 12.078100
v 4.298453 7.017625 12.078100
v 4.288198 7.016191 12.078861
v 4.288198 7.016191 12.078861
v 4.278948 7.012026 12.081068
v 4.278948 7.012026 12.081068
v 4.271606 7.005540 12.084507
v 4.271606 7.005540 12.084507
v 4.266893 6.997366 12.088840
v 4.266893 6.997366 12.088840
v 4.265269 6.988305 12.093643
v 4.265269 6.988305 12.093643
v 4.266893 6.979245 12.098446
v 4.266893 6.979245 12.098446
v 4.271606 6.971072 12.102779
v 4.271606 6.971072 12.102779
v 4.278948 6.964585 12.106218
v 4.278948 6.964585 12.106218
v 4.288198 6.960422 12.108425
v 4.288198 6.960422 12.108425
v 3.296797 6.953416 12.097729
v 3.296797 6.957992 12.106363
v 3.287201 6.962312 12.104073
v 3.287201 6.957736 12.095440
v 3.279584 6.969041 12.100506
v 3.279584 6.964464 12.091871
v 3.274694 6.977520 12.096010
v 3.274694 6.972943 12.087378
v 3.273009 6.986918 12.091028
v 3.273009 6.982343 12.082394
v 3.274694 6.996318 12.086046
v 3.274694 6.991742 12.077412
v 3.279584 7.004798 12.081551
v 3.279584 7.000220 12.072916
v 3.287201 7.011526 12.077984
v 3.287201 7.006949 12.069349
v 3.296797 7.015847 12.075693
v 3.296797 7.011271 12.067059
v 3.307435 7.017336 12.074903
v 3.307435 7.012759 12.066271
v 3.318073 7.015847 12.075693
v 3.318073 7.011271 12.067059
v 3.327672 7.011526 12.077984
v 3.327672 7.006949 12.069349
v 3.335286 7.004798 12.081551
v 3.335286 7.000220 12.072916
v 3.340176 6.996318 12.086046
v 3.340176 6.991742 12.077412
v 3.341861 6.986918 12.091028
v 3.341861 6.982343 12.082394
v 3.340176 6.977520 12.096010
v 3.340176 6.972943 12.087378
v 3.335286 6.969041 12.100506
v 3.335286 6.964464 12.091871
v 3.327672 6.962312 12.104073
v 3.327672 6.957736 12.095440
v 3.318073 6.957992 12.106363
v 3.318073 6.953416 12.097729
v 3.307435 6.956504 12.107153
v 3.307435 6.951926 12.098518
v 3.296797 6.957992 12.106363
v 3.296797 6.953416 12.097729
v 3.307435 6.958987 12.109186
v 3.297180 6.960422 12.108425
v 3.297180 6.960422 12.108425
v 3.307435 6.958987 12.109186
v 3.287930 6.964585 12.106218
v 3.297180 6.960422 12.108425
v 3.287930 6.964585 12.106218
v 3.280588 6.971072 12.102779
v 3.280588 6.971072 12.102779
v 3.275875 6.979245 12.098446
v 3.275875 6.979245 12.098446
v 3.274251 6.988305 12.093643
v 3.274251 6.988305 12.093643
v 3.275875 6.997366 12.088840
v 3.275875 6.997366 12.088840
v 3.280588 7.005540 12.084507
v 3.280588 7.005540 12.084507
v 3.287930 7.012026 12.081068
v 3.287930 7.012026 12.081068
v 3.297180 7.016191 12.078861
v 3.297180 7.016191 12.078861
v 3.307435 7.017625 12.078100
v 3.307435 7.017625 12.078100
v 3.317690 7.016191 12.078861
v 3.317690 7.016191 12.078861
v 3.326941 7.012026 12.081068
v 3.326941 7.012026 12.081068
v 3.334282 7.005540 12.084507
v 3.334282 7.005540 12.084507
v 3.338995 6.997366 12.088840
v 3.338995 6.997366 12.088840
v 3.340619 6.988305 12.093643
v 3.340619 6.988305 12.093643
v 3.338995 6.979245 12.098446
v 3.338995 6.979245 12.098446
v 3.334282 6.971072 12.102779
v 3.334282 6.971072 12.102779
v 3.326941 6.964585 12.106218
v 3.326941 6.964585 12.106218
v 3.317690 6.960422 12.108425
v 3.317690 6.960422 12.108425
v 4.330967 6.756026 11.902859
v 4.326077 6.756026 11.893261
v 4.326077 6.879582 11.893261
v 4.330967 6.879582 11.902859
v 4.318461 6.756026 11.885645
v 4.318461 6.879582 11.885645
v 4.308865 6.756026 11.880756
v 4.308865 6.879582 11.880756
v 4.298226 6.756026 11.879070
v 4.298226 6.879582 11.879070
v 4.287588 6.756026 11.880756
v 4.287588 6.879582 11.880756
v 4.277991 6.756026 11.885645
v 4.277991 6.879582 11.885645
v 4.270375 6.756026 11.893261
v 4.270375 6.879582 11.893261
v 4.265486 6.756026 11.902859
v 4.265486 6.879582 11.902859
v 4.263801 6.756026 11.913496
v 4.263801 6.879582 11.913496
v 4.265486 6.756026 11.924135
v 4.265486 6.879582 11.924135
v 4.270375 6.756026 11.933731
v 4.270375 6.879582 11.933731
v 4.277991 6.756026 11.941347
v 4.277991 6.879582 11.941347
v 4.287588 6.756026 11.946238
v 4.287588 6.879582 11.946238
v 4.298226 6.756026 11.947922
v 4.298226 6.879582 11.947922
v 4.308865 6.756026 11.946238
v 4.308865 6.879582 11.946238
v 4.318461 6.756026 11.941347
v 4.318461 6.879582 11.941347
v 4.326077 6.756026 11.933731
v 4.326077 6.879582 11.933731
v 4.330967 6.756026 11.924135
v 4.330967 6.879582 11.924135
v 4.332652 6.756026 11.913496
v 4.332652 6.879582 11.913496
v 4.330967 6.756026 11.902859
v 4.330967 6.879582 11.902859
v 4.338246 6.756796 11.900494
v 4.332269 6.756796 11.888763
v 4.332269 6.783573 11.888763
v 4.338246 6.783573 11.900494
v 4.322960 6.756796 11.879454
v 4.322960 6.783573 11.879454
v 4.311231 6.756796 11.873478
v 4.311231 6.783573 11.873478
v 4.298227 6.756796 11.871416
v 4.298227 6.783573 11.871416
v 4.285223 6.756796 11.873478
v 4.285223 6.783573 11.873478
v 4.273495 6.756796 11.879454
v 4.273495 6.783573 11.879454
v 4.264185 6.756796 11.888763
v 4.264185 6.783573 11.888763
v 4.258207 6.756796 11.900494
v 4.258207 6.783573 11.900494
v 4.256147 6.756796 11.913496
v 4.256147 6.783573 11.913496
v 4.258207 6.756796 11.926500
v 4.258207 6.783573 11.926500
v 4.264185 6.756796 11.938229
v 4.264185 6.783573 11.938229
v 4.273495 6.756796 11.947538
v 4.273495 6.783573 11.947538
v 4.285223 6.756796 11.953516
v 4.285223 6.783573 11.953516
v 4.298227 6.756796 11.955576
v 4.298227 6.783573 11.955576
v 4.311231 6.756796 11.953516
v 4.311231 6.783573 11.953516
v 4.322960 6.756796 11.947538
v 4.322960 6.783573 11.947538
v 4.332269 6.756796 11.938229
v 4.332269 6.783573 11.938229
v 4.338246 6.756796 11.926500
v 4.338246 6.783573 11.926500
v 4.340307 6.756796 11.913496
v 4.340307 6.783573 11.913496
v 4.338246 6.756796 11.900494
v 4.338246 6.783573 11.900494
v 4.337301 6.754430 11.900801
v 4.331468 6.754430 11.889345
v 4.337301 6.754430 11.900801
v 4.331468 6.754430 11.889345
v 4.322378 6.754430 11.880255
v 4.322378 6.754430 11.880255
v 4.310924 6.754430 11.874422
v 4.310924 6.754430 11.874422
v 4.298227 6.754430 11.872410
v 4.298227 6.754430 11.872410
v 4.285531 6.754430 11.874422
v 4.285531 6.754430 11.874422
v 4.274076 6.754430 11.880255
v 4.274076 6.754430 11.880255
v 4.264989 6.754430 11.889345
v 4.264989 6.754430 11.889345
v 4.259152 6.754430 11.900801
v 4.259152 6.754430 11.900801
v 4.257140 6.754430 11.913496
v 4.257140 6.754430 11.913496
v 4.259152 6.754430 11.926193
v 4.259152 6.754430 11.926193
v 4.264989 6.754430 11.937647
v 4.264989 6.754430 11.937647
v 4.274076 6.754430 11.946733
v 4.274076 6.754430 11.946733
v 4.285531 6.754430 11.952572
v 4.285531 6.754430 11.952572
v 4.298227 6.754430 11.954582
v 4.298227 6.754430 11.954582
v 4.310924 6.754430 11.952572
v 4.310924 6.754430 11.952572
v 4.322378 6.754430 11.946733
v 4.322378 6.754430 11.946733
v 4.331468 6.754430 11.937647
v 4.331468 6.754430 11.937647
v 4.337301 6.754430 11.926193
v 4.337301 6.754430 11.926193
v 4.339314 6.754430 11.913496
v 4.339314 6.754430 11.913496
v 4.337301 6.754430 11.900801
v 4.337301 6.785938 11.900801
v 4.339314 6.785938 11.913496
v 4.337301 6.785938 11.900801
v 4.339314 6.785938 11.913496
v 4.331468 6.785938 11.889345
v 4.337301 6.785938 11.900801
v 4.331468 6.785938 11.889345
v 4.322378 6.785938 11.880255
v 4.322378 6.785938 11.880255
v 4.310924 6.785938 11.874422
v 4.310924 6.785938 11.874422
v 4.298227 6.785938 11.872410
v 4.298227 6.785938 11.872410
v 4.285531 6.785938 11.874422
v 4.285531 6.785938 11.874422
v 4.274076 6.785938 11.880255
v 4.274076 6.785938 11.880255
v 4.264989 6.785938 11.889345
v 4.264989 6.785938 11.889345
v 4.259152 6.785938 11.900801
v 4.259152 6.785938 11.900801
v 4.257140 6.785938 11.913496
v 4.257140 6.785938 11.913496
v 4.259152 6.785938 11.926193
v 4.259152 6.785938 11.926193
v 4.264989 6.785938 11.937647
v 4.264989 6.785938 11.937647
v 4.274076 6.785938 11.946733
v 4.274076 6.785938 11.946733
v 4.285531 6.785938 11.952572
v 4.285531 6.785938 11.952572
v 4.298227 6.785938 11.954582
v 4.298227 6.785938 11.954582
v 4.310924 6.785938 11.952572
v 4.310924 6.785938 11.952572
v 4.322378 6.785938 11.946733
v 4.322378 6.785938 11.946733
v 4.331468 6.785938 11.937647
v 4.331468 6.785938 11.937647
v 4.337301 6.785938 11.926193
v 4.337301 6.785938 11.926193
v 4.314734 6.711605 11.908133
v 4.312268 6.711605 11.903296
v 4.317237 6.727657 11.899685
v 4.320575 6.727657 11.906235
v 4.308428 6.711605 11.899454
v 4.312038 6.727657 11.894485
v 4.303590 6.711605 11.896990
v 4.305488 6.727657 11.891148
v 4.298226 6.711605 11.896139
v 4.298226 6.727657 11.889997
v 4.292863 6.711605 11.896990
v 4.290965 6.727657 11.891148
v 4.288025 6.711605 11.899454
v 4.284414 6.727657 11.894485
v 4.284184 6.711605 11.903296
v 4.279216 6.727657 11.899685
v 4.281719 6.711605 11.908133
v 4.275878 6.727657 11.906235
v 4.280869 6.711605 11.913496
v 4.274728 6.727657 11.913496
v 4.281719 6.711605 11.918859
v 4.275878 6.727657 11.920757
v 4.284184 6.711605 11.923698
v 4.279216 6.727657 11.927309
v 4.288025 6.711605 11.927538
v 4.284414 6.727657 11.932507
v 4.292863 6.711605 11.930004
v 4.290965 6.727657 11.935844
v 4.298226 6.711605 11.930853
v 4.298226 6.727657 11.936995
v 4.303590 6.711605 11.930004
v 4.305488 6.727657 11.935844
v 4.308428 6.711605 11.927538
v 4.312038 6.727657 11.932507
v 4.312268 6.711605 11.923698
v 4.317237 6.727657 11.927309
v 4.314734 6.711605 11.918859
v 4.320575 6.727657 11.920757
v 4.315582 6.711605 11.913496
v 4.321725 6.727657 11.913496
v 4.314734 6.711605 11.908133
v 4.320575 6.727657 11.906235
v 4.314472 6.674324 11.908218
v 4.312045 6.674324 11.903456
v 4.309589 6.676049 11.905241
v 4.311584 6.676049 11.909157
v 4.308267 6.674324 11.899677
v 4.306482 6.676049 11.902134
v 4.303505 6.674324 11.897251
v 4.302567 6.676049 11.900139
v 4.298226 6.674324 11.896416
v 4.298226 6.676049 11.899450
v 4.292948 6.674324 11.897251
v 4.293886 6.676049 11.900139
v 4.288186 6.674324 11.899677
v 4.289970 6.676049 11.902134
v 4.284408 6.674324 11.903456
v 4.286863 6.676049 11.905241
v 4.281981 6.674324 11.908218
v 4.284868 6.676049 11.909157
v 4.281145 6.674324 11.913496
v 4.284181 6.676049 11.913496
v 4.281981 6.674324 11.918776
v 4.284868 6.676049 11.917837
v 4.284408 6.674324 11.923536
v 4.286863 6.676049 11.921753
v 4.288186 6.674324 11.927315
v 4.289970 6.676049 11.924860
v 4.292948 6.674324 11.929743
v 4.293886 6.676049 11.926855
v 4.298226 6.674324 11.930578
v 4.298226 6.676049 11.927542
v 4.303505 6.674324 11.929743
v 4.302567 6.676049 11.926855
v 4.308267 6.674324 11.927315
v 4.306482 6.676049 11.924860
v 4.312045 6.674324 11.923536
v 4.309589 6.676049 11.921753
v 4.314472 6.674324 11.918776
v 4.311584 6.676049 11.917837
v 4.315308 6.674324 11.913496
v 4.312272 6.676049 11.913496
v 4.314472 6.674324 11.908218
v 4.311584 6.676049 11.909157
v 4.323864 6.745435 11.913496
v 4.322609 6.745435 11.905575
v 4.317882 6.747160 11.907110
v 4.318893 6.747160 11.913496
v 4.322609 6.745435 11.921419
v 4.317882 6.747160 11.919884
v 4.318968 6.745435 11.928566
v 4.314946 6.747160 11.925644
v 4.313295 6.745435 11.934238
v 4.310374 6.747160 11.930216
v 4.306149 6.745435 11.937880
v 4.304613 6.747160 11.933151
v 4.298226 6.745435 11.939135
v 4.298226 6.747160 11.934164
v 4.290304 6.745435 11.937880
v 4.291840 6.747160 11.933151
v 4.283157 6.745435 11.934238
v 4.286078 6.747160 11.930216
v 4.277485 6.745435 11.928566
v 4.281507 6.747160 11.925644
v 4.273844 6.745435 11.921419
v 4.278571 6.747160 11.919884
v 4.272589 6.745435 11.913496
v 4.277559 6.747160 11.913496
v 4.273844 6.745435 11.905575
v 4.278571 6.747160 11.907110
v 4.277485 6.745435 11.898428
v 4.281507 6.747160 11.901348
v 4.283157 6.745435 11.892756
v 4.286078 6.747160 11.896776
v 4.290304 6.745435 11.889114
v 4.291840 6.747160 11.893841
v 4.298226 6.745435 11.887859
v 4.298226 6.747160 11.892830
v 4.306149 6.745435 11.889114
v 4.304613 6.747160 11.893841
v 4.313295 6.745435 11.892756
v 4.310374 6.747160 11.896776
v 4.318968 6.745435 11.898428
v 4.314946 6.747160 11.901348
v 4.322609 6.745435 11.905575
v 4.317882 6.747160 11.907110
v 4.308436 6.640494 11.910179
v 4.306911 6.640494 11.907187
v 4.310315 6.656546 11.904713
v 4.312437 6.656546 11.908878
v 4.304537 6.640494 11.904812
v 4.307010 6.656546 11.901407
v 4.301544 6.640494 11.903286
v 4.302844 6.656546 11.899286
v 4.298226 6.640494 11.902761
v 4.298226 6.656546 11.898554
v 4.294909 6.640494 11.903286
v 4.293609 6.656546 11.899286
v 4.291916 6.640494 11.904812
v 4.289443 6.656546 11.901407
v 4.289541 6.640494 11.907187
v 4.286138 6.656546 11.904713
v 4.288016 6.640494 11.910179
v 4.284016 6.656546 11.908878
v 4.287491 6.640494 11.913496
v 4.283284 6.656546 11.913496
v 4.288016 6.640494 11.916815
v 4.284016 6.656546 11.918114
v 4.289541 6.640494 11.919807
v 4.286138 6.656546 11.922279
v 4.291916 6.640494 11.922182
v 4.289443 6.656546 11.925585
v 4.294909 6.640494 11.923706
v 4.293609 6.656546 11.927708
v 4.298226 6.640494 11.924232
v 4.298226 6.656546 11.928438
v 4.301544 6.640494 11.923706
v 4.302844 6.656546 11.927708
v 4.304537 6.640494 11.922182
v 4.307010 6.656546 11.925585
v 4.306911 6.640494 11.919807
v 4.310315 6.656546 11.922279
v 4.308436 6.640494 11.916815
v 4.312437 6.656546 11.918114
v 4.308962 6.640494 11.913496
v 4.313169 6.656546 11.913496
v 4.308436 6.640494 11.910179
v 4.312437 6.656546 11.908878
v 4.316506 6.692101 11.907557
v 4.317447 6.692101 11.913496
v 4.316506 6.692101 11.919436
v 4.313776 6.692101 11.924793
v 4.309524 6.692101 11.929047
v 4.304166 6.692101 11.931776
v 4.298226 6.692101 11.932716
v 4.292287 6.692101 11.931776
v 4.286929 6.692101 11.929047
v 4.282677 6.692101 11.924793
v 4.279946 6.692101 11.919436
v 4.279006 6.692101 11.913496
v 4.279946 6.692101 11.907557
v 4.282677 6.692101 11.902199
v 4.286929 6.692101 11.897947
v 4.292287 6.692101 11.895216
v 4.298226 6.692101 11.894276
v 4.304166 6.692101 11.895216
v 4.309524 6.692101 11.897947
v 4.313776 6.692101 11.902199
v 4.316506 6.692101 11.907557
v 4.318541 6.709879 11.906897
v 4.315506 6.709879 11.900942
v 4.310781 6.709879 11.896215
v 4.304827 6.709879 11.893183
v 4.298226 6.709879 11.892138
v 4.291626 6.709879 11.893183
v 4.285671 6.709879 11.896217
v 4.280947 6.709879 11.900942
v 4.277912 6.709879 11.906897
v 4.276867 6.709879 11.913496
v 4.277912 6.709879 11.920097
v 4.280947 6.709879 11.926052
v 4.285671 6.709879 11.930777
v 4.291626 6.709879 11.933811
v 4.298226 6.709879 11.934856
v 4.304827 6.709879 11.933811
v 4.310781 6.709879 11.930777
v 4.315506 6.709879 11.926052
v 4.318541 6.709879 11.920097
v 4.319586 6.709879 11.913496
v 4.318541 6.709879 11.906897
v 4.310403 6.638769 11.909540
v 4.308584 6.638769 11.905972
v 4.305752 6.638769 11.903139
v 4.302183 6.638769 11.901320
v 4.298226 6.638769 11.900694
v 4.294270 6.638769 11.901320
v 4.290701 6.638769 11.903139
v 4.287868 6.638769 11.905972
v 4.286050 6.638769 11.909540
v 4.285423 6.638769 11.913496
v 4.286050 6.638769 11.917454
v 4.287868 6.638769 11.921022
v 4.290701 6.638769 11.923855
v 4.294270 6.638769 11.925673
v 4.298226 6.638769 11.926300
v 4.302183 6.638769 11.925673
v 4.305752 6.638769 11.923855
v 4.308584 6.638769 11.921022
v 4.310403 6.638769 11.917454
v 4.311029 6.638769 11.913496
v 4.310403 6.638769 11.909540
v 4.319456 6.764938 11.906599
v 4.320548 6.764938 11.913496
v 4.319456 6.764938 11.920395
v 4.316285 6.764938 11.926617
v 4.311347 6.764938 11.931555
v 4.305124 6.764938 11.934727
v 4.298226 6.764938 11.935818
v 4.291328 6.764938 11.934727
v 4.285106 6.764938 11.931555
v 4.280168 6.764938 11.926617
v 4.276997 6.764938 11.920395
v 4.275905 6.764938 11.913496
v 4.276997 6.764938 11.906599
v 4.280168 6.764938 11.900375
v 4.285106 6.764938 11.895437
v 4.291328 6.764938 11.892267
v 4.298226 6.764938 11.891174
v 4.305124 6.764938 11.892267
v 4.311347 6.764938 11.895437
v 4.316285 6.764938 11.900375
v 4.319456 6.764938 11.906599
v 4.316307 6.729383 11.907621
v 4.317238 6.729383 11.913496
v 4.316307 6.729383 11.919371
v 4.313607 6.729383 11.924671
v 4.309402 6.729383 11.928877
v 4.304101 6.729383 11.931578
v 4.298226 6.729383 11.932508
v 4.292352 6.729383 11.931578
v 4.287051 6.729383 11.928877
v 4.282845 6.729383 11.924671
v 4.280146 6.729383 11.919371
v 4.279215 6.729383 11.913496
v 4.280146 6.729383 11.907621
v 4.282845 6.729383 11.902321
v 4.287051 6.729383 11.898115
v 4.292352 6.729383 11.895416
v 4.298226 6.729383 11.894485
v 4.304101 6.729383 11.895416
v 4.309402 6.729383 11.898115
v 4.313607 6.729383 11.902321
v 4.316307 6.729383 11.907621
v 4.313159 6.693827 11.908644
v 4.310929 6.693827 11.904268
v 4.307455 6.693827 11.900793
v 4.303079 6.693827 11.898563
v 4.298226 6.693827 11.897795
v 4.293374 6.693827 11.898563
v 4.288998 6.693827 11.900793
v 4.285523 6.693827 11.904268
v 4.283294 6.693827 11.908644
v 4.282525 6.693827 11.913496
v 4.283294 6.693827 11.918348
v 4.285523 6.693827 11.922726
v 4.288998 6.693827 11.926199
v 4.293374 6.693827 11.928429
v 4.298226 6.693827 11.929197
v 4.303079 6.693827 11.928429
v 4.307455 6.693827 11.926199
v 4.310929 6.693827 11.922726
v 4.313159 6.693827 11.918348
v 4.313928 6.693827 11.913496
v 4.313159 6.693827 11.908644
v 4.310011 6.658272 11.909668
v 4.308250 6.658272 11.906214
v 4.305510 6.658272 11.903473
v 4.302055 6.658272 11.901712
v 4.298226 6.658272 11.901106
v 4.294397 6.658272 11.901712
v 4.290943 6.658272 11.903473
v 4.288202 6.658272 11.906214
v 4.286442 6.658272 11.909668
v 4.285835 6.658272 11.913496
v 4.286442 6.658272 11.917326
v 4.288202 6.658272 11.920780
v 4.290943 6.658272 11.923521
v 4.294397 6.658272 11.925282
v 4.298226 6.658272 11.925888
v 4.302055 6.658272 11.925282
v 4.305510 6.658272 11.923521
v 4.308250 6.658272 11.920780
v 4.310011 6.658272 11.917326
v 4.310617 6.658272 11.913496
v 4.310011 6.658272 11.909668
v 4.306862 6.622716 11.910690
v 4.305573 6.622716 11.908159
v 4.303564 6.622716 11.906151
v 4.301032 6.622716 11.904861
v 4.298226 6.622716 11.904417
v 4.295421 6.622716 11.904861
v 4.292889 6.622716 11.906151
v 4.290880 6.622716 11.908159
v 4.289591 6.622716 11.910690
v 4.289146 6.622716 11.913496
v 4.289591 6.622716 11.916302
v 4.290880 6.622716 11.918835
v 4.292889 6.622716 11.920843
v 4.295421 6.622716 11.922132
v 4.298226 6.622716 11.922577
v 4.301032 6.622716 11.922132
v 4.303564 6.622716 11.920843
v 4.305573 6.622716 11.918833
v 4.306862 6.622716 11.916302
v 4.307306 6.622716 11.913496
v 4.306862 6.622716 11.910690
v 3.727267 5.970377 11.209097
v 3.736204 5.979230 11.211999
v 3.746171 5.979230 11.192436
v 3.738568 5.970377 11.186913
v 3.736204 5.979230 11.211999
v 3.727267 5.970377 11.209097
v 3.723373 5.970377 11.233683
v 3.732769 5.979230 11.233683
v 3.746171 5.979230 11.192436
v 3.761697 5.979230 11.176911
v 3.756172 5.970377 11.169310
v 3.761697 5.979230 11.176911
v 3.781258 5.979230 11.166945
v 3.778355 5.970377 11.158008
v 3.781258 5.979230 11.166945
v 3.802942 5.979230 11.163509
v 3.802942 5.970377 11.154112
v 3.802942 5.979230 11.163509
v 3.824626 5.979230 11.166945
v 3.827531 5.970377 11.158008
v 3.824626 5.979230 11.166945
v 3.844189 5.979230 11.176911
v 3.849712 5.970377 11.169310
v 3.844189 5.979230 11.176911
v 3.859714 5.979230 11.192436
v 3.867316 5.970377 11.186913
v 3.859714 5.979230 11.192436
v 3.869683 5.979230 11.211999
v 3.878618 5.970377 11.209097
v 3.869683 5.979230 11.211999
v 3.873117 5.979230 11.233683
v 3.882513 5.970377 11.233683
v 3.873117 5.979230 11.233683
v 3.869683 5.979230 11.255367
v 3.878618 5.970377 11.258272
v 3.869683 5.979230 11.255367
v 3.859714 5.979230 11.274930
v 3.867316 5.970377 11.280453
v 3.859714 5.979230 11.274930
v 3.844189 5.979230 11.290455
v 3.849712 5.970377 11.298058
v 3.844189 5.979230 11.290455
v 3.824626 5.979230 11.300422
v 3.827531 5.970377 11.309359
v 3.824626 5.979230 11.300422
v 3.802942 5.979230 11.303856
v 3.802942 5.970377 11.313253
v 3.802942 5.979230 11.303856
v 3.781258 5.979230 11.300422
v 3.778355 5.970377 11.309359
v 3.781258 5.979230 11.300422
v 3.761697 5.979230 11.290455
v 3.756172 5.970377 11.298058
v 3.761697 5.979230 11.290455
v 3.746171 5.979230 11.274930
v 3.738568 5.970377 11.280453
v 3.746171 5.979230 11.274930
v 3.736204 5.979230 11.255367
v 3.727267 5.970377 11.258272
v 3.736204 5.979230 11.255367
v 3.732769 5.979230 11.233683
v 3.727267 5.970377 11.209097
v 3.738568 5.970377 11.186913
v 3.738568 5.961521 11.186913
v 3.727267 5.961521 11.209097
v 3.756172 5.970377 11.169310
v 3.756172 5.961521 11.169310
v 3.778355 5.970377 11.158008
v 3.778355 5.961521 11.158008
v 3.802942 5.970377 11.154112
v 3.802942 5.961521 11.154112
v 3.827531 5.970377 11.158008
v 3.827531 5.961521 11.158008
v 3.849712 5.970377 11.169310
v 3.849712 5.961521 11.169310
v 3.867316 5.970377 11.186913
v 3.867316 5.961521 11.186913
v 3.878618 5.970377 11.209097
v 3.878618 5.961521 11.209097
v 3.882513 5.970377 11.233683
v 3.882513 5.961521 11.233683
v 3.878618 5.970377 11.258272
v 3.878618 5.961521 11.258272
v 3.867316 5.970377 11.280453
v 3.867316 5.961521 11.280453
v 3.849712 5.970377 11.298058
v 3.849712 5.961521 11.298058
v 3.827531 5.970377 11.309359
v 3.827531 5.961521 11.309359
v 3.802942 5.970377 11.313253
v 3.802942 5.961521 11.313253
v 3.778355 5.970377 11.309359
v 3.778355 5.961521 11.309359
v 3.756172 5.970377 11.298058
v 3.756172 5.961521 11.298058
v 3.738568 5.970377 11.280453
v 3.738568 5.961521 11.280453
v 3.727267 5.970377 11.258272
v 3.727267 5.961521 11.258272
v 3.723373 5.970377 11.233683
v 3.723373 5.961521 11.233683
v 3.727267 5.970377 11.209097
v 3.727267 5.961521 11.209097
v 3.863276 7.245488 11.185760
v 3.863276 7.315123 11.185760
v 3.863276 7.315123 11.281607
v 3.863276 7.245488 11.281607
v 4.287407 6.864293 11.945601
v 4.298538 6.862676 11.946312
v 4.309667 6.864185 11.945393
v 4.319709 6.868674 11.942934
v 4.327677 6.875701 11.939177
v 4.332794 6.884582 11.934486
v 4.334557 6.894444 11.929325
v 4.332794 6.904322 11.924196
v 4.327677 6.913252 11.919601
v 4.319709 6.920357 11.915991
v 4.309667 6.924943 11.913719
v 4.298538 6.926559 11.913010
v 4.287407 6.925051 11.913927
v 4.277365 6.920562 11.916386
v 4.269397 6.913534 11.920143
v 4.264279 6.904654 11.924831
v 4.262517 6.894792 11.929995
v 4.264279 6.884913 11.935123
v 4.269397 6.875983 11.939716
v 4.277365 6.868879 11.943329
v 3.803567 6.822039 11.246727
v 3.803567 6.828036 11.258495
v 3.803567 6.837374 11.267834
v 3.803567 6.849143 11.273830
v 3.803567 6.862187 11.275896
v 3.803567 6.875231 11.273830
v 3.803567 6.887000 11.267834
v 3.803567 6.896338 11.258495
v 3.803567 6.902335 11.246727
v 3.803567 6.904400 11.233683
v 3.803567 6.902335 11.220638
v 3.803567 6.896338 11.208872
v 3.803567 6.887000 11.199532
v 3.803567 6.875231 11.193535
v 3.803567 6.862187 11.191471
v 3.803567 6.849143 11.193535
v 3.803567 6.837374 11.199532
v 3.803567 6.828036 11.208872
v 3.803567 6.822039 11.220638
v 3.803567 6.819973 11.233683
v 3.318481 6.864293 11.945601
v 3.328524 6.868879 11.943329
v 3.336492 6.875983 11.939716
v 3.341609 6.884913 11.935123
v 3.343371 6.894792 11.929995
v 3.341609 6.904654 11.924831
v 3.336492 6.913534 11.920143
v 3.328524 6.920562 11.916386
v 3.318481 6.925051 11.913927
v 3.307350 6.926559 11.913010
v 3.296222 6.924943 11.913719
v 3.286180 6.920357 11.915991
v 3.278212 6.913252 11.919601
v 3.273094 6.904322 11.924196
v 3.271332 6.894444 11.929325
v 3.273094 6.884582 11.934486
v 3.278212 6.875701 11.939177
v 3.286180 6.868674 11.942934
v 3.296222 6.864185 11.945393
v 3.307350 6.862676 11.946312
v 3.802321 6.822039 11.246727
v 3.802321 6.819973 11.233683
v 3.802321 6.822039 11.220638
v 3.802321 6.828036 11.208872
v 3.802321 6.837374 11.199532
v 3.802321 6.849143 11.193535
v 3.802321 6.862187 11.191471
v 3.802321 6.875231 11.193535
v 3.802321 6.887000 11.199532
v 3.802321 6.896338 11.208872
v 3.802321 6.902335 11.220638
v 3.802321 6.904400 11.233683
v 3.802321 6.902335 11.246727
v 3.802321 6.896338 11.258495
v 3.802321 6.887000 11.267834
v 3.802321 6.875231 11.273830
v 3.802321 6.862187 11.275896
v 3.802321 6.849143 11.273830
v 3.802321 6.837374 11.267834
v 3.802321 6.828036 11.258495
v 3.259512 6.869346 11.943581
v 3.259512 6.930871 11.910965
v 3.355358 6.930871 11.910965
v 3.355358 6.869346 11.943581
v 4.346376 6.869346 11.943581
v 4.346376 6.930871 11.910965
v 4.250530 6.930871 11.910965
v 4.250530 6.869346 11.943581
vn 1.0000 -0.0000 -0.0000
vn 1.0000 -0.0001 -0.0000
vn -0.0575 -0.5868 -0.8077
vn -0.0239 -0.8611 -0.5078
vn 0.0011 -0.7458 -0.6661
vn 0.0011 -0.4031 -0.9152
vn -0.0239 -0.2169 -0.9759
vn 1.0000 0.0001 -0.0000
vn -0.0575 0.5868 -0.8077
vn -0.0239 0.2169 -0.9759
vn 0.0011 0.4031 -0.9152
vn 0.0011 0.7458 -0.6662
vn -0.0239 0.8611 -0.5078
vn -0.0575 0.5868 0.8077
vn -0.0239 0.8611 0.5078
vn 0.0011 0.7458 0.6662
vn 0.0011 0.4032 0.9151
vn -0.0240 0.2169 0.9759
vn -0.0576 -0.5868 0.8077
vn -0.0240 -0.2169 0.9759
vn 0.0011 -0.4032 0.9151
vn 0.0011 -0.7458 0.6662
vn -0.0239 -0.8611 0.5079
vn 0.9966 -0.0785 -0.0255
vn 0.9966 -0.0667 -0.0485
vn 0.9966 -0.0485 -0.0667
vn 0.9966 -0.0255 -0.0784
vn 0.9966 -0.0000 -0.0825
vn 0.9966 0.0255 -0.0784
vn 0.9966 0.0485 -0.0667
vn 0.9966 0.0667 -0.0485
vn 0.9966 0.0784 -0.0255
vn 0.9966 0.0825 -0.0000
vn 0.9966 0.0784 0.0255
vn 0.9966 0.0667 0.0485
vn 0.9966 0.0485 0.0667
vn 0.9966 0.0255 0.0784
vn 0.9966 -0.0000 0.0825
vn 0.9966 -0.0255 0.0784
vn 0.9966 -0.0485 0.0667
vn 0.9966 -0.0667 0.0485
vn 0.9966 -0.0784 0.0255
vn 0.9966 -0.0825 -0.0000
vn -0.0000 1.0000 -0.0000
vn -0.0000 -1.0000 -0.0000
vn -0.0000 1.0000 0.0001
vn -0.0000 1.0000 -0.0001
vn -0.1050 0.9633 0.2472
vn -0.2617 0.9633 -0.0604
vn -0.0235 0.9633 0.2675
vn 0.0603 0.9632 0.2618
vn 0.1382 0.9633 0.2302
vn 0.2027 0.9632 0.1763
vn 0.2472 0.9633 0.1050
vn 0.2676 0.9632 0.0235
vn 0.2617 0.9633 -0.0603
vn 0.2303 0.9632 -0.1383
vn 0.1762 0.9633 -0.2027
vn 0.1050 0.9632 -0.2473
vn 0.0235 0.9633 -0.2676
vn -0.0604 0.9632 -0.2618
vn -0.1383 0.9633 -0.2303
vn -0.2027 0.9632 -0.1763
vn -0.2472 0.9632 -0.1050
vn -0.2676 0.9632 -0.0235
vn -0.2618 0.9632 0.0604
vn -0.2303 0.9632 0.1383
vn 0.0007 -1.0000 -0.0002
vn 0.0006 -1.0000 -0.0004
vn 0.0005 -1.0000 -0.0005
vn 0.0003 -1.0000 -0.0006
vn 0.0001 -1.0000 -0.0007
vn -0.0001 -1.0000 -0.0007
vn -0.0003 -1.0000 -0.0006
vn 0.0005 1.0000 0.0004
vn 0.0006 1.0000 0.0003
vn -0.0007 -1.0000 -0.0001
vn -0.0007 -1.0000 0.0002
vn -0.0006 -1.0000 0.0003
vn -0.0005 -1.0000 0.0004
vn -0.0003 -1.0000 0.0006
vn 0.0001 1.0000 -0.0007
vn -0.0001 1.0000 -0.0007
vn 0.0003 -1.0000 0.0006
vn 0.0005 -1.0000 0.0005
vn 0.0006 -1.0000 0.0003
vn 0.0007 -1.0000 0.0001
vn -0.1060 0.9636 0.2454
vn -0.2606 0.9637 -0.0584
vn -0.2004 0.9401 0.2758
vn -0.1053 0.9401 0.3241
vn -0.0000 0.9400 0.3412
vn 0.1053 0.9401 0.3241
vn 0.2005 0.9400 0.2759
vn 0.2758 0.9401 0.2004
vn 0.2605 0.9637 -0.0584
vn 0.2297 0.9637 -0.1360
vn 0.1764 0.9637 -0.2003
vn 0.2758 0.9401 -0.2004
vn 0.2004 0.9401 -0.2758
vn 0.1053 0.9402 -0.3241
vn -0.0000 0.9402 -0.3407
vn -0.1053 0.9401 -0.3241
vn -0.2004 0.9400 -0.2760
vn -0.2660 0.9636 -0.0250
vn -0.2606 0.9637 0.0585
vn -0.2299 0.9636 0.1361
vn 0.0523 0.9985 -0.0170
vn 0.0446 0.9985 -0.0323
vn 0.0324 0.9985 -0.0445
vn 0.0170 0.9985 -0.0524
vn -0.0000 0.9985 -0.0550
vn -0.0170 0.9985 -0.0523
vn -0.0323 0.9985 -0.0446
vn -0.0446 0.9985 -0.0323
vn -0.0523 0.9985 -0.0169
vn -0.0550 0.9985 -0.0000
vn -0.0523 0.9985 0.0170
vn -0.0445 0.9985 0.0323
vn -0.0323 0.9985 0.0446
vn -0.0170 0.9985 0.0523
vn -0.0000 0.9985 0.0550
vn 0.0170 0.9985 0.0523
vn 0.0323 0.9985 0.0445
vn 0.0445 0.9985 0.0323
vn 0.0523 0.9985 0.0169
vn 0.0550 0.9985 -0.0000
vn -0.0000 0.4684 0.8835
vn 0.0001 0.4684 0.8835
vn -0.0001 0.4684 0.8835
vn -0.0000 0.4683 0.8835
vn -0.0000 0.4682 0.8836
vn -0.8077 -0.5454 0.2240
vn -0.6662 -0.6584 0.3503
vn -0.5078 -0.7720 0.3822
vn -0.9151 -0.3557 0.1898
vn -0.9759 -0.2028 0.0805
vn -0.0000 0.4687 0.8834
vn -0.8077 0.4916 -0.3256
vn -0.9151 0.3567 -0.1879
vn -0.9759 0.1804 -0.1227
vn -0.6662 0.6594 -0.3483
vn -0.5078 0.7497 -0.4245
vn 0.8077 0.4915 -0.3257
vn 0.6662 0.6594 -0.3484
vn 0.5078 0.7497 -0.4245
vn 0.9152 0.3567 -0.1878
vn 0.9759 0.1804 -0.1227
vn -0.0000 0.4683 0.8836
vn 0.8077 -0.5454 0.2240
vn 0.9152 -0.3556 0.1898
vn 0.9759 -0.2028 0.0805
vn 0.6662 -0.6584 0.3503
vn 0.5078 -0.7720 0.3822
vn 0.1060 0.9637 0.2451
vn 0.2606 0.9637 -0.0585
vn 0.2002 0.9403 0.2754
vn -0.0000 0.9400 0.3411
vn -0.1054 0.9400 0.3244
vn -0.2003 0.9401 0.2757
vn -0.2758 0.9401 0.2003
vn -0.2606 0.9637 -0.0585
vn -0.2297 0.9637 -0.1360
vn -0.1764 0.9637 -0.2003
vn -0.2758 0.9401 -0.2003
vn -0.2004 0.9401 -0.2758
vn -0.1053 0.9402 -0.3239
vn -0.0000 0.9401 -0.3408
vn 0.1053 0.9401 -0.3242
vn 0.2003 0.9401 -0.2757
vn 0.2660 0.9636 -0.0250
vn 0.2606 0.9637 0.0585
vn 0.2299 0.9636 0.1362
vn -0.0523 0.9985 -0.0170
vn -0.0445 0.9985 -0.0323
vn -0.0323 0.9985 -0.0445
vn 0.0170 0.9985 -0.0523
vn 0.0445 0.9985 -0.0324
vn 0.0523 0.9985 0.0170
vn 0.0324 0.9985 0.0445
vn -0.0323 0.9985 0.0445
vn 0.9151 -0.3557 0.1898
vn 0.9151 0.3567 -0.1879
vn 0.6662 0.6594 -0.3483
vn 0.5078 0.7497 -0.4244
vn -0.0000 0.4685 0.8835
vn -0.5078 0.7497 -0.4244
vn -0.6662 0.6594 -0.3484
vn -0.9152 0.3567 -0.1878
vn 0.0001 0.4683 0.8835
vn 0.0001 0.4683 0.8836
vn -0.0001 0.4683 0.8836
vn 0.0256 0.3975 0.9172
vn 0.0485 0.4079 0.9117
vn 0.0667 0.4240 0.9032
vn 0.0784 0.4442 0.8925
vn 0.0825 0.4668 0.8805
vn 0.0784 0.4893 0.8686
vn 0.0667 0.5095 0.8579
vn 0.0486 0.5256 0.8493
vn 0.0255 0.5361 0.8438
vn -0.0000 0.5396 0.8419
vn -0.0255 0.5361 0.8438
vn -0.0485 0.5257 0.8493
vn -0.0667 0.5096 0.8578
vn -0.0784 0.4892 0.8686
vn -0.0824 0.4668 0.8805
vn -0.0784 0.4443 0.8924
vn -0.0667 0.4239 0.9033
vn -0.0484 0.4079 0.9118
vn -0.0256 0.3976 0.9172
vn -0.0000 0.3939 0.9191
vn -0.0255 0.3975 0.9172
vn -0.0484 0.4079 0.9117
vn -0.0667 0.4240 0.9032
vn -0.0785 0.4443 0.8925
vn -0.0825 0.4668 0.8805
vn -0.0784 0.4893 0.8686
vn 0.0485 0.5257 0.8493
vn 0.0667 0.5096 0.8578
vn 0.0824 0.4668 0.8805
vn 0.0784 0.4443 0.8925
vn 0.0667 0.4239 0.9032
vn 0.0484 0.4079 0.9117
vn 0.0255 0.3975 0.9172
vn -0.1059 0.9637 0.2451
vn -0.2607 0.9637 -0.0585
vn -0.2002 0.9403 0.2754
vn 0.1054 0.9400 0.3244
vn 0.2003 0.9401 0.2757
vn 0.2757 0.9401 0.2003
vn 0.2606 0.9637 -0.0584
vn 0.2758 0.9401 -0.2003
vn 0.1053 0.9402 -0.3239
vn -0.1053 0.9401 -0.3243
vn -0.2003 0.9401 -0.2757
vn -0.2661 0.9636 -0.0250
vn -0.2300 0.9636 0.1362
vn 0.0445 0.9985 -0.0323
vn 0.0323 0.9985 -0.0445
vn -0.0324 0.9985 -0.0445
vn -0.0445 0.9985 -0.0324
vn -0.0324 0.9985 0.0445
vn 0.0445 0.9985 0.0324
vn -0.0977 -0.9060 -0.4118
vn -0.0593 -0.5831 -0.8102
vn -0.0000 -0.5274 -0.8496
vn -0.0000 -0.9012 -0.4335
vn 0.0002 -0.1011 -0.9949
vn 0.0005 -0.9150 -0.4035
vn -0.0592 -0.5904 -0.8050
vn -0.0000 -0.6450 -0.7642
vn -0.0969 -0.0000 -0.9953
vn -0.0000 -0.0000 -1.0000
vn -0.0593 0.5904 -0.8049
vn -0.0000 0.6451 -0.7641
vn 0.0002 0.9150 -0.4035
vn 0.0005 0.1011 -0.9949
vn -0.0593 0.5831 -0.8102
vn -0.0000 0.5274 -0.8496
vn -0.0977 0.9061 -0.4116
vn -0.0000 0.9012 -0.4333
vn -0.0995 0.9950 -0.0000
vn -0.0977 0.9061 0.4116
vn -0.0000 0.9012 0.4334
vn -0.0593 0.5831 0.8103
vn -0.0000 0.5274 0.8496
vn 0.0002 0.1010 0.9949
vn 0.0005 0.9150 0.4035
vn -0.0592 0.5904 0.8049
vn -0.0001 0.6451 0.7641
vn -0.0969 -0.0000 0.9953
vn -0.0000 -0.0000 1.0000
vn -0.0593 -0.5904 0.8049
vn -0.0000 -0.6451 0.7641
vn 0.0002 -0.9150 0.4035
vn 0.0005 -0.1010 0.9949
vn -0.0593 -0.5831 0.8103
vn -0.0000 -0.5274 0.8496
vn -0.0977 -0.9061 0.4116
vn -0.0000 -0.9012 0.4334
vn -0.0995 -0.9950 -0.0000
vn -0.0977 -0.9062 -0.4115
vn -0.0001 -0.9013 -0.4332
vn -0.3097 -0.8719 -0.3794
vn -0.1665 -0.5982 -0.7839
vn -0.1666 -0.5607 -0.8111
vn -0.2822 -0.0000 -0.9594
vn -0.1665 0.5607 -0.8111
vn -0.1666 0.5981 -0.7839
vn -0.3098 0.8719 -0.3792
vn -0.3387 0.9409 -0.0000
vn -0.3098 0.8719 0.3793
vn -0.1665 0.5982 0.7839
vn -0.1666 0.5607 0.8111
vn -0.2821 -0.0000 0.9594
vn -0.1665 -0.5607 0.8111
vn -0.1666 -0.5981 0.7839
vn -0.3098 -0.8719 0.3792
vn -0.3387 -0.9409 -0.0000
vn -0.3098 -0.8719 -0.3791
vn 0.0010 -0.7341 -0.6791
vn 0.0010 -0.4191 -0.9079
vn 0.0010 0.4191 -0.9079
vn 0.0010 0.7340 -0.6792
vn 0.0010 0.7340 0.6792
vn 0.0009 0.4192 0.9079
vn 0.0009 -0.4192 0.9079
vn 0.0009 -0.7340 0.6791
vn -0.0000 -0.9510 -0.3092
vn -0.0000 -0.8090 -0.5878
vn 0.0930 -0.8055 -0.5852
vn 0.0929 -0.9469 -0.3078
vn -0.0000 -0.5878 -0.8090
vn 0.0929 -0.5853 -0.8055
vn -0.0000 -0.3090 -0.9511
vn 0.0929 -0.3077 -0.9469
vn 0.0929 -0.0000 -0.9957
vn -0.0000 0.3090 -0.9511
vn 0.0929 0.3077 -0.9469
vn -0.0000 0.5878 -0.8090
vn 0.0929 0.5852 -0.8055
vn -0.0000 0.8090 -0.5878
vn 0.0929 0.8055 -0.5853
vn -0.0000 0.9510 -0.3091
vn 0.0929 0.9469 -0.3077
vn 0.0930 0.9957 -0.0000
vn -0.0000 0.9511 0.3090
vn 0.0929 0.9469 0.3077
vn -0.0000 0.8090 0.5879
vn 0.0929 0.8055 0.5853
vn -0.0000 0.5877 0.8091
vn 0.0929 0.5852 0.8056
vn -0.0000 0.3090 0.9511
vn 0.0929 0.3077 0.9469
vn 0.0929 -0.0000 0.9957
vn -0.0000 -0.3090 0.9511
vn 0.0929 -0.3077 0.9469
vn -0.0000 -0.5878 0.8090
vn 0.0929 -0.5852 0.8055
vn -0.0000 -0.8090 0.5878
vn 0.0929 -0.8055 0.5852
vn -0.0000 -0.9511 0.3090
vn 0.0929 -0.9470 0.3077
vn 0.0928 -0.9957 -0.0000
vn -0.0000 -0.9511 -0.3089
vn 0.0929 -0.9470 -0.3076
vn 0.3866 -0.8772 -0.2848
vn 0.3867 -0.9222 -0.0001
vn 0.9256 -0.3600 -0.1170
vn 0.9255 -0.3786 -0.0000
vn 0.9255 -0.3063 -0.2225
vn 0.3866 -0.8771 -0.2851
vn 0.3865 -0.7462 -0.5421
vn 0.9256 -0.2225 -0.3063
vn 0.3868 -0.5420 -0.7460
vn 0.9255 -0.1170 -0.3601
vn 0.3868 -0.2850 -0.8770
vn 0.9256 -0.0000 -0.3786
vn 0.3869 -0.0000 -0.9221
vn 0.9255 0.1170 -0.3601
vn 0.3869 0.2849 -0.8770
vn 0.9256 0.2226 -0.3063
vn 0.3870 0.5420 -0.7460
vn 0.9255 0.3064 -0.2226
vn 0.3866 0.7461 -0.5421
vn 0.9255 0.3602 -0.1170
vn 0.3870 0.8769 -0.2850
vn 0.9255 0.3787 -0.0000
vn 0.3869 0.9221 -0.0000
vn 0.9255 0.3602 0.1170
vn 0.3869 0.8770 0.2850
vn 0.9255 0.3063 0.2226
vn 0.3868 0.7460 0.5420
vn 0.9255 0.2225 0.3063
vn 0.3867 0.5420 0.7461
vn 0.9256 0.1170 0.3601
vn 0.3868 0.2849 0.8771
vn 0.9255 -0.0000 0.3788
vn 0.3866 -0.0000 0.9222
vn 0.9255 -0.1170 0.3602
vn 0.3868 -0.2849 0.8770
vn 0.9255 -0.2226 0.3064
vn 0.3865 -0.5421 0.7462
vn 0.9255 -0.3064 0.2226
vn 0.3868 -0.7461 0.5420
vn 0.9256 -0.3601 0.1170
vn 0.3865 -0.8771 0.2850
vn -0.0000 0.5878 0.8090
vn -0.0000 0.8090 0.5878
vn -0.0000 0.9511 -0.3090
vn -0.0000 0.3089 -0.9511
vn -0.0000 -0.3089 -0.9511
vn -0.0000 -0.5879 -0.8090
vn -0.5878 0.8090 0.0061
vn -0.8090 0.5878 0.0085
vn -0.8089 0.5878 0.0085
vn -0.5878 0.8090 0.0062
vn -0.3090 0.9511 0.0032
vn 0.3090 0.9511 -0.0032
vn 0.5877 0.8090 -0.0062
vn 0.5878 0.8090 -0.0062
vn 0.8090 0.5878 -0.0085
vn 0.9510 0.3090 -0.0100
vn 0.9999 -0.0000 -0.0105
vn 0.9510 -0.3090 -0.0100
vn 0.8090 -0.5878 -0.0085
vn 0.8089 -0.5878 -0.0084
vn 0.5877 -0.8090 -0.0062
vn 0.5878 -0.8090 -0.0061
vn 0.3091 -0.9510 -0.0032
vn 0.3089 -0.9511 -0.0032
vn -0.3090 -0.9511 0.0032
vn -0.5877 -0.8090 0.0061
vn -0.5878 -0.8090 0.0062
vn -0.8090 -0.5878 0.0085
vn -0.8089 -0.5878 0.0085
vn -0.9510 -0.3090 0.0100
vn -0.9510 -0.3090 0.0099
vn -0.9999 -0.0000 0.0105
vn -0.9510 0.3090 0.0100
vn -0.9510 0.3090 0.0099
vn -0.5877 0.8090 0.0062
vn 0.5878 -0.8090 -0.0062
vn 0.8089 0.5878 -0.0085
vn 0.8089 -0.5878 -0.0085
vn 0.3092 -0.9510 -0.0032
vn -0.5877 -0.8090 0.0062
vn 0.5878 0.8090 -0.0061
vn 0.9510 -0.3090 -0.0099
vn 0.9510 0.3090 -0.0099
vn -0.5877 0.8091 0.0070
vn -0.8089 0.5879 0.0096
vn -0.3089 0.9511 0.0037
vn 0.0002 1.0000 -0.0000
vn 0.3098 0.9508 -0.0037
vn 0.5882 0.8087 -0.0072
vn 0.8090 0.5877 -0.0100
vn 0.9510 0.3090 -0.0118
vn 0.9999 -0.0000 -0.0124
vn 0.9510 -0.3089 -0.0117
vn 0.8090 -0.5877 -0.0099
vn 0.5879 -0.8089 -0.0072
vn 0.3098 -0.9508 -0.0037
vn 0.0002 -1.0000 -0.0000
vn 0.3095 -0.9509 -0.0037
vn -0.3089 -0.9511 0.0037
vn -0.5871 -0.8095 0.0069
vn -0.8089 -0.5879 0.0096
vn -0.9510 -0.3090 0.0112
vn -0.9999 -0.0000 0.0118
vn -0.9510 0.3090 0.0112
vn -0.5827 0.8123 0.0259
vn -0.8058 0.5911 0.0351
vn -0.3026 0.9530 0.0137
vn 0.0066 1.0000 -0.0004
vn 0.3145 0.9491 -0.0151
vn 0.5912 0.8060 -0.0289
vn 0.8102 0.5848 -0.0400
vn 0.9505 0.3071 -0.0472
vn 0.9988 -0.0000 -0.0498
vn 0.9505 -0.3071 -0.0472
vn 0.8102 -0.5848 -0.0400
vn 0.5913 -0.8060 -0.0288
vn 0.3147 -0.9491 -0.0151
vn 0.0066 -1.0000 -0.0004
vn 0.3145 -0.9491 -0.0151
vn -0.3026 -0.9530 0.0137
vn -0.5827 -0.8123 0.0259
vn -0.8058 -0.5911 0.0351
vn -0.9495 -0.3111 0.0408
vn -0.9991 -0.0000 0.0427
vn -0.9495 0.3111 0.0408
vn -0.5746 0.8143 0.0826
vn -0.7968 0.5933 0.1145
vn -0.2962 0.9542 0.0426
vn 0.0102 0.9999 -0.0015
vn 0.3149 0.9480 -0.0452
vn 0.5881 0.8043 -0.0845
vn 0.8041 0.5832 -0.1155
vn 0.9423 0.3062 -0.1354
vn 0.9898 -0.0000 -0.1422
vn 0.9423 -0.3061 -0.1354
vn 0.8041 -0.5831 -0.1155
vn 0.5881 -0.8043 -0.0845
vn 0.3151 -0.9480 -0.0453
vn 0.0103 -0.9999 -0.0015
vn 0.3148 -0.9481 -0.0452
vn -0.2962 -0.9542 0.0426
vn -0.5746 -0.8142 0.0826
vn -0.7968 -0.5933 0.1145
vn -0.9403 -0.3125 0.1351
vn -0.9898 -0.0000 0.1422
vn -0.9403 0.3125 0.1351
vn -0.5632 0.8142 0.1407
vn -0.7810 0.5933 0.1951
vn -0.2903 0.9542 0.0725
vn 0.0101 0.9999 -0.0025
vn 0.3087 0.9480 -0.0771
vn 0.5764 0.8043 -0.1440
vn 0.7881 0.5832 -0.1969
vn 0.9236 0.3062 -0.2308
vn 0.9702 -0.0000 -0.2424
vn 0.9236 -0.3062 -0.2308
vn 0.7881 -0.5833 -0.1969
vn 0.5764 -0.8043 -0.1440
vn 0.3088 -0.9480 -0.0771
vn 0.0101 -0.9999 -0.0025
vn 0.3086 -0.9481 -0.0771
vn -0.2903 -0.9542 0.0725
vn -0.5631 -0.8143 0.1407
vn -0.7810 -0.5933 0.1951
vn -0.9216 -0.3123 0.2303
vn -0.9702 -0.0000 0.2424
vn -0.9216 0.3125 0.2303
vn -0.5459 0.8143 0.1974
vn -0.7570 0.5933 0.2738
vn -0.2814 0.9542 0.1018
vn 0.0098 0.9999 -0.0035
vn 0.2992 0.9480 -0.1082
vn 0.5588 0.8043 -0.2021
vn 0.7639 0.5832 -0.2763
vn 0.8952 0.3062 -0.3238
vn 0.9404 -0.0000 -0.3401
vn 0.8952 -0.3063 -0.3238
vn 0.7638 -0.5833 -0.2763
vn 0.5588 -0.8043 -0.2021
vn 0.2993 -0.9480 -0.1082
vn 0.0097 -0.9999 -0.0035
vn 0.2991 -0.9481 -0.1081
vn -0.2814 -0.9542 0.1018
vn -0.5459 -0.8143 0.1974
vn -0.7570 -0.5932 0.2738
vn -0.8933 -0.3123 0.3231
vn -0.9404 -0.0000 0.3401
vn -0.8933 0.3125 0.3231
vn -0.5228 0.8143 0.2520
vn -0.7252 0.5932 0.3496
vn -0.2695 0.9542 0.1299
vn 0.0094 0.9999 -0.0045
vn 0.2866 0.9480 -0.1382
vn 0.5352 0.8043 -0.2580
vn 0.7318 0.5832 -0.3528
vn 0.8575 0.3062 -0.4134
vn 0.9008 -0.0000 -0.4342
vn 0.8575 -0.3062 -0.4134
vn 0.7318 -0.5831 -0.3528
vn 0.5353 -0.8043 -0.2580
vn 0.2868 -0.9480 -0.1382
vn 0.0094 -0.9999 -0.0045
vn 0.2865 -0.9481 -0.1381
vn -0.2695 -0.9542 0.1299
vn -0.5229 -0.8143 0.2521
vn -0.7252 -0.5932 0.3496
vn -0.8557 -0.3124 0.4125
vn -0.9008 -0.0000 0.4343
vn -0.8557 0.3125 0.4125
vn -0.4945 0.8143 0.3041
vn -0.6857 0.5933 0.4217
vn -0.2549 0.9542 0.1567
vn 0.0089 0.9999 -0.0055
vn 0.2710 0.9481 -0.1666
vn 0.5062 0.8043 -0.3113
vn 0.6920 0.5832 -0.4255
vn 0.8108 0.3064 -0.4986
vn 0.8518 -0.0000 -0.5238
vn 0.8109 -0.3062 -0.4987
vn 0.6920 -0.5831 -0.4256
vn 0.5061 -0.8043 -0.3113
vn 0.2711 -0.9480 -0.1667
vn 0.0088 -0.9999 -0.0054
vn 0.2709 -0.9481 -0.1666
vn -0.2549 -0.9542 0.1568
vn -0.4944 -0.8143 0.3041
vn -0.6857 -0.5933 0.4217
vn -0.8092 -0.3124 0.4976
vn -0.8518 -0.0000 0.5238
vn -0.8092 0.3125 0.4976
vn -0.4608 0.8143 0.3529
vn -0.6391 0.5933 0.4894
vn -0.2376 0.9542 0.1819
vn 0.0083 0.9999 -0.0063
vn 0.2526 0.9481 -0.1934
vn 0.4718 0.8043 -0.3613
vn 0.6450 0.5832 -0.4939
vn 0.7558 0.3063 -0.5788
vn 0.7939 -0.0000 -0.6080
vn 0.7558 -0.3062 -0.5788
vn 0.6449 -0.5832 -0.4939
vn 0.4718 -0.8043 -0.3613
vn 0.2527 -0.9480 -0.1935
vn 0.0083 -0.9999 -0.0063
vn 0.2525 -0.9481 -0.1934
vn -0.2375 -0.9542 0.1819
vn -0.4609 -0.8143 0.3529
vn -0.6392 -0.5932 0.4894
vn -0.7542 -0.3125 0.5775
vn -0.7939 -0.0000 0.6080
vn -0.7542 0.3125 0.5775
vn -0.4224 0.8143 0.3981
vn -0.5859 0.5933 0.5520
vn -0.2178 0.9542 0.2052
vn 0.0076 0.9999 -0.0072
vn 0.2315 0.9481 -0.2181
vn 0.4325 0.8043 -0.4075
vn 0.5913 0.5831 -0.5571
vn 0.6928 0.3064 -0.6528
vn 0.7278 -0.0000 -0.6858
vn 0.6929 -0.3061 -0.6529
vn 0.5912 -0.5831 -0.5571
vn 0.4324 -0.8044 -0.4074
vn 0.2317 -0.9480 -0.2183
vn 0.0076 -0.9999 -0.0072
vn 0.2315 -0.9481 -0.2181
vn -0.2177 -0.9542 0.2052
vn -0.4225 -0.8143 0.3981
vn -0.5859 -0.5933 0.5521
vn -0.6914 -0.3123 0.6515
vn -0.7278 -0.0000 0.6858
vn -0.6914 0.3125 0.6514
vn -0.3796 0.8143 0.4391
vn -0.5265 0.5932 0.6090
vn -0.1957 0.9542 0.2263
vn 0.0068 0.9999 -0.0079
vn 0.2080 0.9481 -0.2406
vn 0.3887 0.8043 -0.4495
vn 0.5313 0.5833 -0.6144
vn 0.6226 0.3063 -0.7201
vn 0.6541 -0.0000 -0.7564
vn 0.6226 -0.3065 -0.7200
vn 0.5313 -0.5833 -0.6144
vn 0.3886 -0.8043 -0.4494
vn 0.2082 -0.9480 -0.2408
vn 0.0068 -0.9999 -0.0079
vn 0.2080 -0.9481 -0.2406
vn -0.1957 -0.9542 0.2264
vn -0.3796 -0.8143 0.4391
vn -0.5265 -0.5932 0.6090
vn -0.6213 -0.3125 0.7186
vn -0.6540 -0.0000 0.7565
vn -0.6213 0.3124 0.7186
vn -0.3329 0.8143 0.4755
vn -0.4617 0.5933 0.6595
vn -0.1716 0.9542 0.2451
vn 0.0060 0.9999 -0.0086
vn 0.1825 0.9480 -0.2607
vn 0.3408 0.8043 -0.4867
vn 0.4658 0.5833 -0.6654
vn 0.5459 0.3064 -0.7798
vn 0.5735 -0.0000 -0.8192
vn 0.5459 -0.3063 -0.7798
vn 0.4659 -0.5832 -0.6655
vn 0.3408 -0.8043 -0.4868
vn 0.1825 -0.9480 -0.2607
vn 0.0060 -0.9999 -0.0085
vn 0.1824 -0.9481 -0.2605
vn -0.1716 -0.9542 0.2451
vn -0.3329 -0.8143 0.4755
vn -0.4617 -0.5933 0.6595
vn -0.5448 -0.3125 0.7782
vn -0.5735 -0.0000 0.8192
vn -0.5448 0.3125 0.7782
vn -0.2827 0.8143 0.5070
vn -0.3920 0.5932 0.7031
vn -0.1457 0.9542 0.2614
vn 0.0051 0.9999 -0.0091
vn 0.1549 0.9480 -0.2779
vn 0.2893 0.8043 -0.5190
vn 0.3956 0.5832 -0.7095
vn 0.4636 0.3063 -0.8314
vn 0.4870 -0.0000 -0.8734
vn 0.4636 -0.3063 -0.8314
vn 0.3956 -0.5832 -0.7095
vn 0.2893 -0.8043 -0.5190
vn 0.1550 -0.9480 -0.2780
vn 0.0051 -0.9999 -0.0091
vn 0.1549 -0.9481 -0.2778
vn -0.1457 -0.9542 0.2614
vn -0.2827 -0.8143 0.5069
vn -0.3921 -0.5932 0.7032
vn -0.4626 -0.3125 0.8297
vn -0.4870 -0.0000 0.8734
vn -0.4626 0.3124 0.8297
vn -0.2295 0.8143 0.5332
vn -0.3182 0.5933 0.7394
vn -0.1183 0.9542 0.2748
vn 0.0041 0.9999 -0.0096
vn 0.1258 0.9480 -0.2922
vn 0.2349 0.8043 -0.5458
vn 0.3211 0.5833 -0.7461
vn 0.3764 0.3062 -0.8744
vn 0.3954 -0.0000 -0.9185
vn 0.3764 -0.3063 -0.8744
vn 0.3211 -0.5833 -0.7461
vn 0.2349 -0.8043 -0.5458
vn 0.1258 -0.9480 -0.2924
vn 0.0041 -0.9999 -0.0096
vn 0.1257 -0.9481 -0.2921
vn -0.1183 -0.9542 0.2749
vn -0.2295 -0.8143 0.5331
vn -0.3182 -0.5933 0.7394
vn -0.3755 -0.3124 0.8726
vn -0.3954 -0.0000 0.9185
vn -0.3755 0.3125 0.8725
vn -0.1739 0.8143 0.5538
vn -0.2412 0.5933 0.7680
vn -0.0896 0.9542 0.2855
vn 0.0031 0.9999 -0.0099
vn 0.0953 0.9481 -0.3034
vn 0.1780 0.8043 -0.5669
vn 0.2434 0.5832 -0.7750
vn 0.2852 0.3062 -0.9082
vn 0.2996 -0.0000 -0.9541
vn 0.2852 -0.3063 -0.9082
vn 0.2434 -0.5832 -0.7750
vn 0.1780 -0.8044 -0.5668
vn 0.0954 -0.9480 -0.3037
vn 0.0031 -0.9999 -0.0099
vn 0.0953 -0.9481 -0.3035
vn -0.0896 -0.9542 0.2855
vn -0.1739 -0.8143 0.5538
vn -0.2412 -0.5932 0.7681
vn -0.2846 -0.3125 0.9063
vn -0.2996 -0.0000 0.9541
vn -0.2846 0.3124 0.9063
vn -0.1165 0.8143 0.5686
vn -0.1616 0.5933 0.7886
vn -0.0601 0.9542 0.2931
vn 0.0021 0.9999 -0.0103
vn 0.0639 0.9480 -0.3117
vn 0.1193 0.8043 -0.5821
vn 0.1631 0.5832 -0.7958
vn 0.1911 0.3062 -0.9326
vn 0.2007 -0.0000 -0.9796
vn 0.1911 -0.3062 -0.9326
vn 0.1631 -0.5833 -0.7957
vn 0.1193 -0.8043 -0.5821
vn 0.0639 -0.9480 -0.3118
vn 0.0021 -0.9999 -0.0101
vn 0.0639 -0.9481 -0.3116
vn -0.0601 -0.9542 0.2931
vn -0.1166 -0.8143 0.5686
vn -0.1616 -0.5933 0.7886
vn -0.1907 -0.3123 0.9306
vn -0.2007 -0.0000 0.9797
vn -0.1907 0.3125 0.9306
vn -0.0575 0.8143 0.5776
vn -0.0796 0.5933 0.8010
vn -0.0297 0.9542 0.2978
vn 0.0010 0.9999 -0.0103
vn 0.0316 0.9481 -0.3165
vn 0.0591 0.8044 -0.5912
vn 0.0808 0.5832 -0.8083
vn 0.0947 0.3063 -0.9472
vn 0.0996 -0.0000 -0.9950
vn 0.0947 -0.3061 -0.9473
vn 0.0808 -0.5833 -0.8083
vn 0.0591 -0.8043 -0.5912
vn 0.0316 -0.9480 -0.3166
vn 0.0010 -0.9999 -0.0103
vn 0.0316 -0.9481 -0.3164
vn -0.0296 -0.9542 0.2978
vn -0.0575 -0.8143 0.5776
vn -0.0796 -0.5933 0.8010
vn -0.0939 -0.3124 0.9453
vn -0.0993 -0.0000 0.9951
vn -0.0939 0.3124 0.9453
vn -0.0104 0.8108 0.5852
vn -0.0138 0.5896 0.8076
vn -0.0056 0.9522 0.3054
vn 0.0002 1.0000 -0.0040
vn 0.0064 0.9499 -0.3126
vn 0.0123 0.8070 -0.5904
vn 0.0173 0.5858 -0.8103
vn 0.0205 0.3077 -0.9513
vn 0.0216 -0.0000 -0.9998
vn 0.0205 -0.3077 -0.9513
vn 0.0173 -0.5858 -0.8103
vn 0.0124 -0.8071 -0.5903
vn 0.0064 -0.9498 -0.3128
vn 0.0002 -1.0000 -0.0040
vn 0.0064 -0.9499 -0.3126
vn -0.0056 -0.9522 0.3055
vn -0.0103 -0.8108 0.5852
vn -0.0138 -0.5896 0.8076
vn -0.0159 -0.3101 0.9506
vn -0.0167 -0.0000 0.9999
vn -0.0159 0.3101 0.9506
vn -0.0000 0.5879 -0.8090
vn -0.0000 -0.9510 -0.3091
vn -0.1339 -0.7838 0.6064
vn -0.1338 -0.7838 0.6064
vn 0.1423 -0.7834 0.6051
vn 0.4097 -0.7116 0.5708
vn 0.4096 -0.7116 0.5708
vn 0.6510 -0.5704 0.5008
vn 0.8455 -0.3655 0.3894
vn 0.8455 -0.3654 0.3894
vn 0.9671 -0.1096 0.2297
vn 0.9671 -0.1096 0.2298
vn 0.9854 0.1692 0.0209
vn 0.9854 0.1692 0.0210
vn 0.8787 0.4237 -0.2201
vn 0.8787 0.4236 -0.2200
vn 0.6620 0.6009 -0.4479
vn -0.3827 -0.6970 0.6064
vn -0.4082 -0.6693 0.6209
vn -0.3090 -0.6607 0.6841
vn -0.4630 -0.7099 0.5307
vn -0.1187 -0.7132 0.6909
vn -0.1311 -0.7030 0.6990
vn -0.0937 -0.6915 0.7163
vn -0.1563 -0.7276 0.6680
vn 0.1287 -0.7031 0.6993
vn 0.1406 -0.7102 0.6898
vn 0.1151 -0.7225 0.6817
vn 0.1580 -0.6866 0.7096
vn 0.3786 -0.6743 0.6340
vn 0.4183 -0.6881 0.5929
vn 0.3593 -0.7269 0.5853
vn 0.4528 -0.6190 0.6417
vn 0.6378 -0.5979 0.4855
vn 0.6838 -0.5989 0.4168
vn 0.6323 -0.6489 0.4232
vn 0.7087 -0.5243 0.4721
vn 0.8686 -0.4290 0.2478
vn 0.8851 -0.4193 0.2019
vn 0.8685 -0.4488 0.2107
vn 0.8940 -0.3833 0.2320
vn 0.9862 -0.1619 -0.0355
vn 0.9851 -0.1718 -0.0058
vn 0.9881 -0.1531 -0.0121
vn 0.9811 -0.1921 -0.0239
vn 0.9498 0.1336 -0.2829
vn 0.9773 0.1002 -0.1864
vn 0.9648 0.1632 -0.2063
vn 0.9684 0.0316 -0.2475
vn 0.8027 0.3879 -0.4530
vn 0.8708 0.3580 -0.3368
vn 0.8256 0.4365 -0.3575
vn 0.8681 0.2644 -0.4200
vn 0.6000 0.5785 -0.5526
vn 0.6821 0.5714 -0.4563
vn 0.6147 0.6353 -0.4676
vn 0.6909 0.4821 -0.5387
vn -0.4024 -0.7128 0.5745
vn -0.4025 -0.7128 0.5745
vn 0.9510 -0.0000 -0.3091
vn 0.8090 -0.0000 -0.5878
vn 0.5878 -0.0000 -0.8090
vn 0.3090 -0.0000 -0.9511
vn 0.0001 -0.0000 -1.0000
vn -0.3090 -0.0000 -0.9511
vn -0.3089 -0.0000 -0.9511
vn -0.5879 -0.0000 -0.8090
vn -0.5878 -0.0000 -0.8090
vn -0.8090 -0.0000 -0.5878
vn -0.9510 -0.0000 -0.3090
vn -0.9510 -0.0000 -0.3091
vn -1.0000 -0.0000 -0.0000
vn -0.9511 -0.0000 0.3090
vn -0.8090 -0.0000 0.5878
vn -0.5878 -0.0000 0.8090
vn -0.3091 -0.0000 0.9510
vn -0.3090 -0.0000 0.9511
vn -0.0001 -0.0000 1.0000
vn 0.3090 -0.0000 0.9511
vn 0.5878 -0.0000 0.8090
vn 0.8090 -0.0000 0.5878
vn 0.9511 -0.0000 0.3090
vn 0.9511 -0.0000 -0.3089
vn 0.9511 -0.0000 0.3089
vn 0.3091 -0.0000 0.9510
vn 0.0001 -0.0000 1.0000
vn 0.9511 -0.0001 -0.3089
vn -0.3090 -0.0000 0.9510
vn 0.3090 -0.0000 0.9510
vn 0.5878 0.8090 0.0061
vn 0.5878 0.8090 0.0062
vn 0.8089 0.5878 0.0085
vn 0.8090 0.5878 0.0085
vn 0.3090 0.9511 0.0032
vn -0.3090 0.9511 -0.0032
vn -0.5877 0.8090 -0.0062
vn -0.5878 0.8090 -0.0062
vn -0.8090 0.5878 -0.0085
vn -0.9510 0.3090 -0.0100
vn -0.9999 -0.0000 -0.0105
vn -0.9510 -0.3089 -0.0100
vn -0.9510 -0.3090 -0.0100
vn -0.8090 -0.5878 -0.0085
vn -0.8089 -0.5878 -0.0084
vn -0.5877 -0.8090 -0.0062
vn -0.5878 -0.8090 -0.0061
vn -0.3091 -0.9510 -0.0032
vn -0.3089 -0.9511 -0.0032
vn 0.3090 -0.9511 0.0032
vn 0.5877 -0.8090 0.0061
vn 0.5878 -0.8090 0.0062
vn 0.8090 -0.5878 0.0085
vn 0.8089 -0.5878 0.0085
vn 0.9510 -0.3090 0.0100
vn 0.9510 -0.3090 0.0099
vn 0.9999 -0.0000 0.0105
vn 0.9510 0.3090 0.0100
vn 0.9510 0.3090 0.0099
vn 0.5877 0.8090 0.0062
vn -0.3092 -0.9510 -0.0032
vn 0.5877 -0.8090 0.0062
vn -0.5878 0.8090 -0.0061
vn -0.9510 -0.3090 -0.0099
vn -0.5878 -0.8090 -0.0062
vn -0.8089 0.5878 -0.0085
vn -0.9510 0.3090 -0.0099
vn -0.8089 -0.5878 -0.0085
vn 0.5877 0.8091 0.0070
vn 0.8087 0.5882 0.0095
vn 0.3084 0.9513 0.0037
vn -0.0002 1.0000 -0.0000
vn -0.3092 0.9510 -0.0038
vn -0.5879 0.8089 -0.0072
vn -0.8090 0.5877 -0.0100
vn -0.9511 0.3087 -0.0116
vn -0.9999 -0.0000 -0.0124
vn -0.9510 -0.3090 -0.0117
vn -0.8090 -0.5877 -0.0099
vn -0.5879 -0.8089 -0.0072
vn -0.3098 -0.9508 -0.0037
vn -0.0002 -1.0000 -0.0000
vn -0.3095 -0.9509 -0.0037
vn 0.3085 -0.9512 0.0037
vn 0.5874 -0.8093 0.0070
vn 0.8087 -0.5882 0.0095
vn 0.9510 -0.3090 0.0112
vn 0.9999 -0.0000 0.0118
vn 0.9510 0.3090 0.0112
vn 0.5827 0.8123 0.0258
vn 0.8058 0.5911 0.0351
vn 0.3026 0.9530 0.0137
vn -0.0066 1.0000 -0.0004
vn -0.3145 0.9491 -0.0152
vn -0.5913 0.8060 -0.0289
vn -0.8102 0.5847 -0.0399
vn -0.9505 0.3071 -0.0472
vn -0.9988 -0.0000 -0.0498
vn -0.9505 -0.3071 -0.0472
vn -0.8102 -0.5848 -0.0400
vn -0.5912 -0.8060 -0.0289
vn -0.3147 -0.9491 -0.0151
vn -0.0066 -1.0000 -0.0004
vn -0.3145 -0.9492 -0.0151
vn 0.3027 -0.9530 0.0138
vn 0.5827 -0.8123 0.0259
vn 0.8058 -0.5911 0.0351
vn 0.9495 -0.3111 0.0408
vn 0.9991 -0.0000 0.0427
vn 0.9495 0.3111 0.0408
vn 0.5745 0.8143 0.0825
vn 0.7968 0.5933 0.1145
vn 0.2962 0.9542 0.0426
vn -0.0102 0.9999 -0.0015
vn -0.3149 0.9481 -0.0452
vn -0.5882 0.8043 -0.0845
vn -0.8040 0.5833 -0.1155
vn -0.9423 0.3062 -0.1354
vn -0.9898 -0.0000 -0.1422
vn -0.9423 -0.3062 -0.1354
vn -0.8041 -0.5832 -0.1155
vn -0.5881 -0.8043 -0.0845
vn -0.3151 -0.9480 -0.0453
vn -0.0103 -0.9999 -0.0015
vn -0.3148 -0.9481 -0.0452
vn 0.2961 -0.9542 0.0426
vn 0.5746 -0.8143 0.0826
vn 0.7968 -0.5933 0.1145
vn 0.9403 -0.3124 0.1351
vn 0.9898 -0.0000 0.1422
vn 0.9402 0.3126 0.1351
vn 0.5632 0.8142 0.1407
vn 0.7810 0.5933 0.1952
vn 0.2903 0.9542 0.0725
vn -0.0101 0.9999 -0.0025
vn -0.3087 0.9480 -0.0771
vn -0.5765 0.8043 -0.1440
vn -0.7880 0.5833 -0.1969
vn -0.9236 0.3062 -0.2308
vn -0.9702 -0.0000 -0.2424
vn -0.9235 -0.3064 -0.2308
vn -0.7880 -0.5833 -0.1969
vn -0.5764 -0.8044 -0.1440
vn -0.3088 -0.9480 -0.0772
vn -0.0101 -0.9999 -0.0025
vn -0.3085 -0.9481 -0.0771
vn 0.2903 -0.9542 0.0726
vn 0.5632 -0.8142 0.1407
vn 0.7810 -0.5933 0.1952
vn 0.9216 -0.3125 0.2303
vn 0.9702 -0.0000 0.2424
vn 0.9216 0.3125 0.2303
vn 0.5459 0.8143 0.1974
vn 0.7570 0.5932 0.2738
vn 0.2813 0.9542 0.1017
vn -0.0098 0.9999 -0.0036
vn -0.2992 0.9480 -0.1082
vn -0.5588 0.8043 -0.2021
vn -0.7638 0.5833 -0.2762
vn -0.8952 0.3064 -0.3238
vn -0.9404 -0.0000 -0.3401
vn -0.8952 -0.3062 -0.3238
vn -0.7639 -0.5832 -0.2763
vn -0.5588 -0.8043 -0.2021
vn -0.2993 -0.9480 -0.1083
vn -0.0098 -0.9999 -0.0035
vn -0.2991 -0.9481 -0.1082
vn 0.2813 -0.9542 0.1018
vn 0.5459 -0.8143 0.1974
vn 0.7570 -0.5933 0.2738
vn 0.8933 -0.3124 0.3231
vn 0.9404 -0.0000 0.3401
vn 0.8933 0.3125 0.3231
vn 0.5228 0.8143 0.2520
vn 0.7251 0.5933 0.3496
vn 0.2695 0.9542 0.1299
vn -0.0094 0.9999 -0.0045
vn -0.2866 0.9480 -0.1382
vn -0.5353 0.8043 -0.2580
vn -0.7317 0.5833 -0.3527
vn -0.8575 0.3062 -0.4134
vn -0.9008 -0.0000 -0.4342
vn -0.8575 -0.3064 -0.4134
vn -0.7317 -0.5833 -0.3527
vn -0.5352 -0.8044 -0.2580
vn -0.2867 -0.9480 -0.1382
vn -0.0094 -0.9999 -0.0045
vn -0.2865 -0.9481 -0.1381
vn 0.2695 -0.9542 0.1299
vn 0.5229 -0.8143 0.2520
vn 0.7252 -0.5932 0.3496
vn 0.8557 -0.3123 0.4125
vn 0.9008 -0.0000 0.4343
vn 0.8557 0.3125 0.4125
vn 0.4944 0.8143 0.3041
vn 0.6857 0.5933 0.4217
vn 0.2549 0.9542 0.1568
vn -0.0089 0.9999 -0.0055
vn -0.2710 0.9480 -0.1667
vn -0.5061 0.8043 -0.3113
vn -0.6919 0.5833 -0.4255
vn -0.8109 0.3061 -0.4987
vn -0.8518 -0.0000 -0.5238
vn -0.8108 -0.3064 -0.4986
vn -0.6919 -0.5833 -0.4255
vn -0.5061 -0.8044 -0.3112
vn -0.2711 -0.9480 -0.1667
vn -0.0088 -0.9999 -0.0054
vn -0.2709 -0.9481 -0.1666
vn 0.2549 -0.9542 0.1567
vn 0.4944 -0.8143 0.3040
vn 0.6858 -0.5932 0.4217
vn 0.8092 -0.3125 0.4976
vn 0.8518 -0.0000 0.5238
vn 0.8092 0.3123 0.4976
vn 0.4609 0.8143 0.3529
vn 0.6391 0.5933 0.4894
vn 0.2376 0.9542 0.1819
vn -0.0083 0.9999 -0.0063
vn -0.2526 0.9480 -0.1934
vn -0.4717 0.8044 -0.3612
vn -0.6450 0.5832 -0.4939
vn -0.7557 0.3066 -0.5787
vn -0.7939 -0.0000 -0.6080
vn -0.7558 -0.3062 -0.5788
vn -0.6449 -0.5832 -0.4939
vn -0.4718 -0.8043 -0.3613
vn -0.2527 -0.9480 -0.1935
vn -0.0083 -0.9999 -0.0063
vn -0.2525 -0.9481 -0.1934
vn 0.2375 -0.9542 0.1819
vn 0.4608 -0.8143 0.3529
vn 0.6392 -0.5932 0.4894
vn 0.7542 -0.3125 0.5775
vn 0.7939 -0.0000 0.6080
vn 0.7542 0.3125 0.5775
vn 0.4224 0.8143 0.3981
vn 0.5859 0.5933 0.5521
vn 0.2178 0.9542 0.2052
vn -0.0076 0.9999 -0.0072
vn -0.2315 0.9480 -0.2182
vn -0.4325 0.8043 -0.4075
vn -0.5912 0.5833 -0.5571
vn -0.6929 0.3060 -0.6529
vn -0.7278 -0.0000 -0.6858
vn -0.6928 -0.3064 -0.6528
vn -0.5912 -0.5833 -0.5571
vn -0.4325 -0.8043 -0.4075
vn -0.2317 -0.9480 -0.2183
vn -0.0076 -0.9999 -0.0072
vn -0.2315 -0.9481 -0.2181
vn 0.2178 -0.9542 0.2052
vn 0.4224 -0.8143 0.3980
vn 0.5859 -0.5933 0.5521
vn 0.6914 -0.3123 0.6515
vn 0.7278 -0.0000 0.6858
vn 0.6914 0.3125 0.6514
vn 0.3797 0.8143 0.4391
vn 0.5265 0.5932 0.6090
vn 0.1957 0.9542 0.2263
vn -0.0068 0.9999 -0.0079
vn -0.2081 0.9480 -0.2407
vn -0.3887 0.8043 -0.4495
vn -0.5313 0.5832 -0.6145
vn -0.6226 0.3063 -0.7201
vn -0.6541 -0.0000 -0.7564
vn -0.6226 -0.3065 -0.7200
vn -0.5313 -0.5833 -0.6144
vn -0.3886 -0.8044 -0.4494
vn -0.2082 -0.9480 -0.2408
vn -0.0068 -0.9999 -0.0079
vn -0.2080 -0.9481 -0.2406
vn 0.1957 -0.9542 0.2263
vn 0.3796 -0.8143 0.4391
vn 0.5265 -0.5932 0.6090
vn 0.6213 -0.3125 0.7186
vn 0.6540 -0.0000 0.7565
vn 0.6213 0.3125 0.7186
vn 0.3329 0.8143 0.4755
vn 0.4617 0.5932 0.6595
vn 0.1716 0.9542 0.2451
vn -0.0060 0.9999 -0.0085
vn -0.1825 0.9480 -0.2606
vn -0.3407 0.8044 -0.4867
vn -0.4658 0.5833 -0.6654
vn -0.5459 0.3062 -0.7799
vn -0.5735 -0.0000 -0.8192
vn -0.5459 -0.3065 -0.7798
vn -0.4659 -0.5832 -0.6655
vn -0.3408 -0.8043 -0.4868
vn -0.1826 -0.9480 -0.2608
vn -0.0060 -0.9999 -0.0085
vn -0.1824 -0.9481 -0.2606
vn 0.1716 -0.9542 0.2451
vn 0.3329 -0.8143 0.4755
vn 0.4617 -0.5933 0.6595
vn 0.5448 -0.3124 0.7782
vn 0.5735 -0.0000 0.8192
vn 0.5448 0.3125 0.7782
vn 0.2827 0.8143 0.5070
vn 0.3921 0.5933 0.7031
vn 0.1457 0.9542 0.2613
vn -0.0051 0.9999 -0.0091
vn -0.1549 0.9480 -0.2779
vn -0.2893 0.8044 -0.5189
vn -0.3955 0.5833 -0.7095
vn -0.4636 0.3063 -0.8314
vn -0.4870 -0.0000 -0.8734
vn -0.4635 -0.3064 -0.8314
vn -0.3956 -0.5832 -0.7095
vn -0.2894 -0.8043 -0.5190
vn -0.1550 -0.9480 -0.2780
vn -0.0050 -0.9999 -0.0090
vn -0.1549 -0.9481 -0.2778
vn 0.1457 -0.9542 0.2613
vn 0.2827 -0.8143 0.5070
vn 0.3920 -0.5932 0.7031
vn 0.4626 -0.3125 0.8297
vn 0.4870 -0.0000 0.8734
vn 0.4626 0.3125 0.8297
vn 0.2295 0.8143 0.5331
vn 0.3183 0.5932 0.7395
vn 0.1183 0.9542 0.2748
vn -0.0041 0.9999 -0.0096
vn -0.1258 0.9481 -0.2922
vn -0.2349 0.8043 -0.5458
vn -0.3211 0.5833 -0.7461
vn -0.3764 0.3062 -0.8744
vn -0.3954 -0.0000 -0.9185
vn -0.3764 -0.3062 -0.8744
vn -0.3211 -0.5833 -0.7461
vn -0.2349 -0.8043 -0.5458
vn -0.1258 -0.9480 -0.2924
vn -0.0041 -0.9999 -0.0096
vn -0.1257 -0.9481 -0.2922
vn 0.1183 -0.9542 0.2748
vn 0.2295 -0.8143 0.5332
vn 0.3183 -0.5933 0.7394
vn 0.3756 -0.3125 0.8725
vn 0.3954 -0.0000 0.9185
vn 0.3755 0.3125 0.8725
vn 0.1739 0.8143 0.5537
vn 0.2411 0.5933 0.7680
vn 0.0896 0.9542 0.2855
vn -0.0031 0.9999 -0.0099
vn -0.0953 0.9480 -0.3035
vn -0.1780 0.8043 -0.5669
vn -0.2433 0.5833 -0.7749
vn -0.2852 0.3062 -0.9082
vn -0.2996 -0.0000 -0.9541
vn -0.2852 -0.3064 -0.9082
vn -0.2434 -0.5832 -0.7750
vn -0.1780 -0.8043 -0.5669
vn -0.0954 -0.9480 -0.3037
vn -0.0031 -0.9999 -0.0099
vn -0.0953 -0.9481 -0.3035
vn 0.0896 -0.9542 0.2855
vn 0.1739 -0.8143 0.5538
vn 0.2412 -0.5932 0.7681
vn 0.2846 -0.3124 0.9063
vn 0.2996 -0.0000 0.9541
vn 0.2846 0.3124 0.9063
vn 0.1165 0.8143 0.5687
vn 0.1617 0.5933 0.7886
vn 0.0601 0.9542 0.2932
vn -0.0021 0.9999 -0.0103
vn -0.0639 0.9480 -0.3117
vn -0.1193 0.8043 -0.5821
vn -0.1631 0.5832 -0.7958
vn -0.1911 0.3061 -0.9326
vn -0.2007 -0.0000 -0.9796
vn -0.1911 -0.3063 -0.9326
vn -0.1631 -0.5832 -0.7958
vn -0.1193 -0.8044 -0.5820
vn -0.0639 -0.9480 -0.3119
vn -0.0021 -0.9999 -0.0101
vn -0.0639 -0.9481 -0.3116
vn 0.0601 -0.9541 0.2933
vn 0.1165 -0.8143 0.5686
vn 0.1616 -0.5933 0.7886
vn 0.1907 -0.3125 0.9306
vn 0.2007 -0.0000 0.9797
vn 0.1907 0.3123 0.9306
vn 0.0575 0.8143 0.5776
vn 0.0796 0.5933 0.8010
vn 0.0296 0.9542 0.2978
vn -0.0010 0.9999 -0.0103
vn -0.0316 0.9481 -0.3165
vn -0.0591 0.8044 -0.5912
vn -0.0808 0.5833 -0.8082
vn -0.0947 0.3063 -0.9472
vn -0.0996 -0.0000 -0.9950
vn -0.0947 -0.3061 -0.9473
vn -0.0808 -0.5833 -0.8082
vn -0.0591 -0.8044 -0.5912
vn -0.0316 -0.9480 -0.3166
vn -0.0010 -0.9999 -0.0102
vn -0.0316 -0.9481 -0.3164
vn 0.0297 -0.9542 0.2978
vn 0.0575 -0.8143 0.5776
vn 0.0796 -0.5933 0.8010
vn 0.0939 -0.3125 0.9453
vn 0.0993 -0.0000 0.9951
vn 0.0939 0.3125 0.9453
vn 0.0105 0.8108 0.5852
vn 0.0138 0.5896 0.8076
vn 0.0054 0.9522 0.3053
vn -0.0002 1.0000 -0.0040
vn -0.0064 0.9498 -0.3127
vn -0.0123 0.8070 -0.5904
vn -0.0173 0.5858 -0.8103
vn -0.0206 0.3077 -0.9513
vn -0.0216 -0.0000 -0.9998
vn -0.0206 -0.3077 -0.9513
vn -0.0173 -0.5858 -0.8103
vn -0.0123 -0.8070 -0.5904
vn -0.0064 -0.9498 -0.3128
vn -0.0002 -1.0000 -0.0040
vn -0.0064 -0.9499 -0.3126
vn 0.0056 -0.9522 0.3054
vn 0.0104 -0.8108 0.5852
vn 0.0138 -0.5896 0.8076
vn 0.0159 -0.3101 0.9506
vn 0.0167 -0.0000 0.9999
vn 0.0160 0.3101 0.9506
vn 0.1339 -0.7838 0.6064
vn 0.1338 -0.7838 0.6064
vn -0.1423 -0.7833 0.6051
vn -0.4097 -0.7116 0.5708
vn 0.6373 0.6002 -0.4833
vn 0.6745 0.5255 -0.5185
vn 0.7115 0.5695 -0.4117
vn 0.5698 0.5798 -0.5823
vn 0.8391 0.3953 -0.3737
vn 0.8591 0.3148 -0.4036
vn 0.8930 0.3502 -0.2826
vn 0.7674 0.4031 -0.4987
vn 0.9669 0.1293 -0.2198
vn 0.9686 0.0721 -0.2380
vn 0.9859 0.0914 -0.1405
vn 0.9294 0.1577 -0.3336
vn 0.9863 -0.1641 -0.0185
vn 0.9835 -0.1796 -0.0230
vn 0.9845 -0.1751 0.0085
vn 0.9866 -0.1522 -0.0583
vn 0.8759 -0.4311 0.2166
vn 0.8848 -0.4090 0.2233
vn 0.8932 -0.4171 0.1680
vn 0.8504 -0.4433 0.2834
vn 0.6539 -0.6144 0.4415
vn 0.6774 -0.5781 0.4549
vn 0.7176 -0.6041 0.3466
vn 0.5743 -0.6046 0.5519
vn 0.3827 -0.6970 0.6064
vn 0.4082 -0.6692 0.6209
vn 0.4630 -0.7099 0.5307
vn 0.3089 -0.6607 0.6841
vn 0.1187 -0.7131 0.6909
vn 0.1311 -0.7030 0.6990
vn 0.1563 -0.7276 0.6679
vn 0.0937 -0.6915 0.7163
vn -0.1287 -0.7032 0.6993
vn -0.1406 -0.7102 0.6898
vn -0.1580 -0.6866 0.7096
vn -0.1150 -0.7225 0.6817
vn -0.3786 -0.6743 0.6340
vn -0.4183 -0.6881 0.5929
vn -0.4528 -0.6190 0.6417
vn -0.3592 -0.7269 0.5853
vn 0.6642 0.5962 -0.4509
vn 0.6643 0.5962 -0.4509
vn 0.8788 0.4216 -0.2237
vn 0.9854 0.1691 0.0196
vn 0.9854 0.1690 0.0196
vn 0.9665 -0.1097 0.2319
vn 0.9666 -0.1097 0.2318
vn 0.8430 -0.3664 0.3939
vn 0.6460 -0.5718 0.5057
vn 0.4024 -0.7128 0.5745
vn 0.4024 -0.7127 0.5745
vn 0.4025 -0.7127 0.5745
vn 0.4025 -0.7128 0.5745
vn 0.9506 -0.0311 -0.3090
vn 0.8086 -0.0311 -0.5875
vn 0.8036 0.1160 -0.5838
vn 0.9446 0.1160 -0.3071
vn 0.5875 -0.0311 -0.8086
vn 0.5838 0.1160 -0.8035
vn 0.3089 -0.0311 -0.9506
vn 0.3069 0.1160 -0.9446
vn -0.0000 -0.0311 -0.9995
vn -0.0000 0.1160 -0.9932
vn -0.3088 -0.0311 -0.9506
vn -0.3069 0.1160 -0.9446
vn -0.5875 -0.0311 -0.8087
vn -0.5838 0.1160 -0.8036
vn -0.8086 -0.0311 -0.5875
vn -0.8035 0.1160 -0.5838
vn -0.9506 -0.0311 -0.3089
vn -0.9446 0.1160 -0.3069
vn -0.9995 -0.0311 -0.0000
vn -0.9932 0.1160 -0.0000
vn -0.9506 -0.0311 0.3088
vn -0.9446 0.1160 0.3069
vn -0.8086 -0.0311 0.5875
vn -0.8035 0.1160 0.5839
vn -0.5875 -0.0311 0.8087
vn -0.5838 0.1160 0.8036
vn -0.3089 -0.0311 0.9506
vn -0.3070 0.1160 0.9446
vn -0.0001 -0.0312 0.9995
vn -0.0000 0.1160 0.9932
vn 0.3089 -0.0311 0.9506
vn 0.3070 0.1160 0.9446
vn 0.5875 -0.0311 0.8086
vn 0.5838 0.1160 0.8035
vn 0.8086 -0.0311 0.5875
vn 0.8036 0.1160 0.5838
vn 0.9506 -0.0311 0.3089
vn 0.9446 0.1160 0.3069
vn 0.9995 -0.0311 -0.0000
vn 0.9932 0.1160 -0.0000
vn 0.9506 -0.0311 -0.3088
vn 0.9447 0.1160 -0.3069
vn 0.8770 -0.3867 -0.2851
vn 0.7461 -0.3864 -0.5422
vn -0.3602 0.9255 0.1170
vn -0.3064 0.9255 0.2226
vn 0.5420 -0.3867 -0.7461
vn -0.2227 0.9255 0.3064
vn 0.2849 -0.3867 -0.8771
vn -0.1170 0.9255 0.3602
vn -0.0000 -0.3869 -0.9221
vn -0.0000 0.9256 0.3786
vn -0.2849 -0.3866 -0.8771
vn 0.1171 0.9255 0.3602
vn -0.5421 -0.3865 -0.7461
vn 0.2226 0.9255 0.3065
vn -0.7461 -0.3867 -0.5421
vn 0.3064 0.9255 0.2226
vn -0.8770 -0.3871 -0.2848
vn 0.3602 0.9255 0.1171
vn -0.9221 -0.3869 -0.0000
vn 0.3788 0.9255 -0.0000
vn -0.8770 -0.3869 0.2848
vn 0.3602 0.9255 -0.1170
vn -0.7461 -0.3868 0.5420
vn 0.3065 0.9254 -0.2227
vn -0.5421 -0.3863 0.7462
vn 0.2226 0.9255 -0.3064
vn -0.2849 -0.3868 0.8770
vn 0.1170 0.9255 -0.3603
vn -0.0000 -0.3872 0.9220
vn -0.0000 0.9255 -0.3787
vn 0.2849 -0.3870 0.8769
vn -0.1171 0.9255 -0.3602
vn 0.5421 -0.3866 0.7461
vn -0.2226 0.9255 -0.3063
vn 0.7461 -0.3867 0.5421
vn -0.3065 0.9255 -0.2225
vn 0.8770 -0.3869 0.2849
vn -0.3602 0.9255 -0.1170
vn 0.9221 -0.3870 -0.0000
vn -0.3788 0.9255 -0.0000
vn 0.8771 -0.3867 -0.2849
vn 0.6220 0.6395 -0.4519
vn 0.7311 0.6396 -0.2377
vn 0.7311 0.6396 -0.2375
vn 0.7687 0.6396 -0.0000
vn 0.7311 0.6396 0.2376
vn 0.6219 0.6396 0.4519
vn 0.4519 0.6396 0.6219
vn 0.2375 0.6395 0.7311
vn -0.0000 0.6396 0.7687
vn -0.2376 0.6395 0.7311
vn -0.4518 0.6395 0.6220
vn -0.6219 0.6396 0.4519
vn -0.7311 0.6395 0.2375
vn -0.7688 0.6395 -0.0000
vn -0.7311 0.6395 -0.2376
vn -0.6219 0.6395 -0.4519
vn -0.4519 0.6396 -0.6219
vn -0.2375 0.6395 -0.7311
vn -0.0000 0.6396 -0.7687
vn 0.2376 0.6395 -0.7311
vn 0.4519 0.6395 -0.6219
vn 0.5331 0.8281 -0.1733
vn 0.5606 0.8281 -0.0000
vn 0.5332 0.8281 0.1733
vn 0.4535 0.8281 0.3295
vn 0.3295 0.8281 0.4535
vn 0.1732 0.8281 0.5332
vn -0.0000 0.8281 0.5606
vn -0.1732 0.8281 0.5331
vn -0.3296 0.8281 0.4535
vn -0.4535 0.8281 0.3295
vn -0.5332 0.8281 0.1732
vn -0.5606 0.8281 -0.0000
vn -0.5331 0.8281 -0.1733
vn -0.4536 0.8281 -0.3295
vn -0.3295 0.8281 -0.4535
vn -0.1732 0.8281 -0.5332
vn -0.0000 0.8281 -0.5606
vn 0.1732 0.8281 -0.5332
vn 0.3295 0.8281 -0.4535
vn 0.4536 0.8281 -0.3295
vn -0.9488 0.0567 0.3107
vn -0.9999 0.0020 0.0120
vn -1.0000 0.0003 0.0090
vn -0.9482 0.0233 0.3169
vn -0.8073 0.1060 0.5805
vn -0.8042 0.0431 0.5928
vn -0.5876 0.1456 0.7960
vn -0.5828 0.0581 0.8105
vn -0.3095 0.1713 0.9353
vn -0.3060 0.0675 0.9497
vn -0.0000 0.1802 0.9836
vn 0.0001 0.0706 0.9975
vn 0.3095 0.1713 0.9353
vn 0.3060 0.0675 0.9496
vn 0.5876 0.1456 0.7960
vn 0.5829 0.0581 0.8105
vn 0.8073 0.1060 0.5806
vn 0.8042 0.0430 0.5928
vn 0.9488 0.0566 0.3108
vn 0.9482 0.0233 0.3169
vn 0.9999 0.0020 0.0119
vn 1.0000 0.0003 0.0095
vn 0.9559 -0.0535 -0.2887
vn 0.9536 -0.0239 -0.3001
vn 0.8188 -0.1050 -0.5644
vn 0.8129 -0.0468 -0.5805
vn 0.5993 -0.1472 -0.7869
vn 0.5916 -0.0658 -0.8036
vn 0.3169 -0.1752 -0.9321
vn 0.3112 -0.0783 -0.9471
vn -0.0001 -0.1850 -0.9827
vn -0.0003 -0.0827 -0.9966
vn -0.3168 -0.1752 -0.9322
vn -0.3111 -0.0783 -0.9471
vn -0.5993 -0.1472 -0.7869
vn -0.5915 -0.0658 -0.8036
vn -0.8189 -0.1050 -0.5643
vn -0.8130 -0.0468 -0.5804
vn -0.9558 -0.0535 -0.2890
vn -0.9536 -0.0239 -0.3002
vn -0.9559 -0.0535 -0.2888
vn -0.9537 -0.0239 -0.3000
vn -0.9497 0.1206 0.2889
vn -0.9999 0.0046 0.0111
vn -0.8100 0.2260 0.5411
vn -0.5912 0.3108 0.7442
vn -0.3123 0.3661 0.8766
vn 0.0001 0.3854 0.9227
vn 0.3128 0.3661 0.8764
vn 0.5913 0.3108 0.7442
vn 0.8099 0.2260 0.5412
vn 0.9497 0.1207 0.2889
vn 0.9999 0.0046 0.0111
vn 0.9567 -0.1121 -0.2685
vn 0.8216 -0.2197 -0.5260
vn 0.6026 -0.3075 -0.7364
vn 0.3193 -0.3652 -0.8745
vn -0.0000 -0.3854 -0.9227
vn -0.3192 -0.3653 -0.8745
vn -0.6025 -0.3076 -0.7364
vn -0.8214 -0.2198 -0.5263
vn -0.9567 -0.1122 -0.2686
vn -0.9568 -0.1121 -0.2684
vn -0.9497 0.1790 0.2569
vn -0.9999 0.0069 0.0100
vn -0.8100 0.3352 0.4812
vn -0.5911 0.4610 0.6618
vn -0.3124 0.5430 0.7794
vn -0.0000 0.5716 0.8205
vn 0.3124 0.5430 0.7795
vn 0.5912 0.4610 0.6618
vn 0.8100 0.3352 0.4812
vn 0.9498 0.1788 0.2567
vn 0.9999 0.0068 0.0098
vn 0.9567 -0.1663 -0.2388
vn 0.8215 -0.3259 -0.4679
vn 0.6028 -0.4561 -0.6547
vn 0.3192 -0.5417 -0.7776
vn -0.0000 -0.5716 -0.8205
vn -0.3192 -0.5417 -0.7776
vn -0.6032 -0.4559 -0.6545
vn -0.8217 -0.3258 -0.4677
vn -0.9567 -0.1664 -0.2388
vn -0.9568 -0.1662 -0.2386
vn -0.9497 0.2292 0.2132
vn -0.9999 0.0089 0.0083
vn -0.8101 0.4292 0.3994
vn -0.5912 0.5904 0.5495
vn -0.3129 0.6953 0.6471
vn -0.0000 0.7320 0.6813
vn 0.3125 0.6954 0.6471
vn 0.5911 0.5904 0.5495
vn 0.8101 0.4292 0.3994
vn 0.9497 0.2292 0.2133
vn 0.9999 0.0088 0.0081
vn 0.9567 -0.2130 -0.1982
vn 0.8216 -0.4173 -0.3884
vn 0.6029 -0.5840 -0.5435
vn 0.3192 -0.6938 -0.6456
vn -0.0000 -0.7321 -0.6812
vn -0.3193 -0.6937 -0.6456
vn -0.6032 -0.5838 -0.5434
vn -0.8217 -0.4172 -0.3883
vn -0.9567 -0.2130 -0.1983
vn -0.9568 -0.2129 -0.1981
vn -0.9497 0.2691 0.1601
vn -0.9999 0.0104 0.0062
vn -0.8101 0.5039 0.2997
vn -0.5913 0.6931 0.4123
vn -0.3121 0.8165 0.4857
vn 0.0001 0.8594 0.5112
vn 0.3121 0.8165 0.4857
vn 0.5911 0.6933 0.4124
vn 0.8100 0.5039 0.2998
vn 0.9497 0.2691 0.1601
vn 0.9999 0.0103 0.0061
vn 0.9567 -0.2501 -0.1488
vn 0.8217 -0.4899 -0.2914
vn 0.6026 -0.6859 -0.4080
vn 0.3194 -0.8144 -0.4845
vn -0.0000 -0.8594 -0.5112
vn -0.3194 -0.8144 -0.4844
vn -0.6032 -0.6855 -0.4078
vn -0.8216 -0.4899 -0.2914
vn -0.9567 -0.2501 -0.1488
vn -0.9568 -0.2499 -0.1487
vn -0.9497 0.2969 0.0996
vn -0.9999 0.0115 0.0038
vn -0.8101 0.5559 0.1865
vn -0.5913 0.7645 0.2566
vn -0.3120 0.9007 0.3023
vn -0.0000 0.9480 0.3182
vn 0.3124 0.9006 0.3022
vn 0.5911 0.7647 0.2566
vn 0.8100 0.5559 0.1866
vn 0.9497 0.2968 0.0996
vn 0.9999 0.0114 0.0038
vn 0.9568 -0.2757 -0.0925
vn 0.8215 -0.5405 -0.1814
vn 0.6029 -0.7563 -0.2538
vn 0.3193 -0.8984 -0.3015
vn -0.0000 -0.9480 -0.3181
vn -0.3194 -0.8984 -0.3015
vn -0.6026 -0.7566 -0.2539
vn -0.8216 -0.5404 -0.1814
vn -0.9567 -0.2760 -0.0926
vn -0.9568 -0.2758 -0.0925
vn -0.9497 0.3111 0.0347
vn -0.9999 0.0120 0.0013
vn -0.8101 0.5827 0.0649
vn -0.5912 0.8015 0.0893
vn -0.3123 0.9442 0.1052
vn -0.0000 0.9939 0.1107
vn 0.3122 0.9442 0.1052
vn 0.5913 0.8015 0.0893
vn 0.8101 0.5827 0.0649
vn 0.9497 0.3112 0.0347
vn 0.9999 0.0119 0.0013
vn 0.9567 -0.2894 -0.0322
vn 0.8216 -0.5666 -0.0631
vn 0.6026 -0.7932 -0.0884
vn 0.3197 -0.9417 -0.1049
vn -0.0000 -0.9938 -0.1107
vn -0.3192 -0.9419 -0.1049
vn -0.6026 -0.7932 -0.0883
vn -0.8215 -0.5667 -0.0631
vn -0.9567 -0.2893 -0.0322
vn -0.9568 -0.2891 -0.0322
vn -0.9497 0.3116 -0.0319
vn -0.9999 0.0121 -0.0012
vn -0.8101 0.5833 -0.0596
vn -0.5911 0.8024 -0.0821
vn -0.3128 0.9449 -0.0966
vn -0.0000 0.9948 -0.1017
vn 0.3128 0.9449 -0.0966
vn 0.5912 0.8024 -0.0821
vn 0.8100 0.5834 -0.0597
vn 0.9497 0.3115 -0.0319
vn 0.9999 0.0119 -0.0012
vn 0.9567 -0.2894 0.0296
vn 0.8216 -0.5672 0.0580
vn 0.6031 -0.7935 0.0812
vn 0.3193 -0.9427 0.0964
vn -0.0000 -0.9948 0.1017
vn -0.3193 -0.9427 0.0964
vn -0.6032 -0.7934 0.0811
vn -0.8217 -0.5670 0.0580
vn -0.9567 -0.2895 0.0296
vn -0.9568 -0.2893 0.0296
vn -0.9497 0.2978 -0.0970
vn -0.9999 0.0113 -0.0037
vn -0.8102 0.5574 -0.1815
vn -0.5912 0.7669 -0.2497
vn -0.3122 0.9033 -0.2941
vn -0.0000 0.9509 -0.3096
vn 0.3121 0.9034 -0.2941
vn 0.5912 0.7669 -0.2497
vn 0.8100 0.5577 -0.1816
vn 0.9498 0.2976 -0.0969
vn 0.9999 0.0114 -0.0037
vn 0.9567 -0.2767 0.0901
vn 0.8213 -0.5425 0.1766
vn 0.6029 -0.7586 0.2470
vn 0.3193 -0.9011 0.2934
vn -0.0001 -0.9509 0.3096
vn -0.3193 -0.9011 0.2934
vn -0.6030 -0.7585 0.2470
vn -0.8217 -0.5420 0.1765
vn -0.9567 -0.2768 0.0901
vn -0.9568 -0.2765 0.0900
vn -0.9498 0.2704 -0.1576
vn -0.9999 0.0104 -0.0061
vn -0.8100 0.5067 -0.2952
vn -0.5914 0.6967 -0.4060
vn -0.3123 0.8208 -0.4783
vn -0.0001 0.8640 -0.5034
vn 0.3128 0.8206 -0.4782
vn 0.5913 0.6968 -0.4060
vn 0.8101 0.5066 -0.2952
vn 0.9497 0.2706 -0.1576
vn 0.9999 0.0105 -0.0061
vn 0.9567 -0.2516 0.1466
vn 0.8215 -0.4927 0.2871
vn 0.6031 -0.6892 0.4016
vn 0.3194 -0.8188 0.4771
vn -0.0000 -0.8640 0.5035
vn -0.3199 -0.8186 0.4770
vn -0.6026 -0.6895 0.4018
vn -0.8216 -0.4925 0.2870
vn -0.9567 -0.2515 0.1465
vn -0.9568 -0.2513 0.1464
vn -0.9497 0.2311 -0.2112
vn -0.9999 0.0088 -0.0081
vn -0.8100 0.4329 -0.3956
vn -0.5912 0.5953 -0.5441
vn -0.3128 0.7011 -0.6408
vn -0.0001 0.7382 -0.6746
vn 0.3128 0.7011 -0.6408
vn 0.5914 0.5953 -0.5440
vn 0.8100 0.4329 -0.3956
vn 0.9497 0.2312 -0.2113
vn 0.9999 0.0090 -0.0082
vn 0.9567 -0.2148 0.1963
vn 0.8216 -0.4208 0.3846
vn 0.6026 -0.5891 0.5384
vn 0.3193 -0.6995 0.6393
vn -0.0002 -0.7382 0.6746
vn -0.3195 -0.6995 0.6393
vn -0.6026 -0.5891 0.5384
vn -0.8215 -0.4209 0.3847
vn -0.9567 -0.2149 0.1964
vn -0.9568 -0.2147 0.1962
vn -0.9497 0.1813 -0.2553
vn -0.9999 0.0069 -0.0097
vn -0.8101 0.3395 -0.4781
vn -0.5912 0.4670 -0.6576
vn -0.3120 0.5501 -0.7746
vn 0.0002 0.5790 -0.8153
vn 0.3124 0.5501 -0.7745
vn 0.5911 0.4670 -0.6577
vn 0.8099 0.3396 -0.4782
vn 0.9497 0.1813 -0.2554
vn 0.9999 0.0069 -0.0098
vn 0.9567 -0.1685 0.2372
vn 0.8216 -0.3301 0.4647
vn 0.6026 -0.4621 0.6507
vn 0.3194 -0.5487 0.7726
vn 0.0001 -0.5790 0.8153
vn -0.3196 -0.5486 0.7726
vn -0.6029 -0.4619 0.6505
vn -0.8218 -0.3299 0.4645
vn -0.9567 -0.1686 0.2374
vn -0.9568 -0.1684 0.2371
vn -0.9497 0.1233 -0.2878
vn -0.9999 0.0048 -0.0111
vn -0.8102 0.2308 -0.5388
vn -0.5913 0.3175 -0.7413
vn -0.3123 0.3740 -0.8733
vn -0.0001 0.3937 -0.9192
vn 0.3120 0.3740 -0.8734
vn 0.5912 0.3175 -0.7414
vn 0.8101 0.2309 -0.5390
vn 0.9497 0.1232 -0.2878
vn 0.9999 0.0048 -0.0111
vn 0.9567 -0.1146 0.2676
vn 0.8217 -0.2244 0.5240
vn 0.6031 -0.3140 0.7333
vn 0.3198 -0.3730 0.8710
vn -0.0000 -0.3937 0.9192
vn -0.3194 -0.3731 0.8711
vn -0.6033 -0.3140 0.7331
vn -0.8217 -0.2244 0.5239
vn -0.9567 -0.1146 0.2675
vn -0.9568 -0.1145 0.2673
vn -0.9496 0.0599 -0.3077
vn -0.9999 0.0021 -0.0111
vn -0.8095 0.1127 -0.5763
vn -0.5904 0.1555 -0.7920
vn -0.3114 0.1835 -0.9324
vn -0.0000 0.1933 -0.9811
vn 0.3115 0.1835 -0.9324
vn 0.5903 0.1555 -0.7921
vn 0.8095 0.1127 -0.5762
vn 0.9496 0.0599 -0.3078
vn 0.9999 0.0021 -0.0112
vn 0.9563 -0.0562 0.2869
vn 0.8205 -0.1085 0.5613
vn 0.6017 -0.1514 0.7843
vn 0.3185 -0.1796 0.9307
vn -0.0000 -0.1897 0.9818
vn -0.3186 -0.1796 0.9307
vn -0.6017 -0.1515 0.7842
vn -0.8205 -0.1085 0.5613
vn -0.9563 -0.0557 0.2872
vn -0.9563 -0.0556 0.2869
vn -0.9500 0.0132 -0.3118
vn -1.0000 -0.0002 -0.0044
vn -0.8082 0.0251 -0.5883
vn -0.5878 0.0346 -0.8082
vn -0.3091 0.0409 -0.9501
vn -0.0000 0.0431 -0.9991
vn 0.3090 0.0408 -0.9502
vn 0.5877 0.0346 -0.8084
vn 0.8084 0.0250 -0.5881
vn 0.9501 0.0130 -0.3116
vn 1.0000 -0.0002 -0.0051
vn 0.9531 -0.0134 0.3023
vn 0.8132 -0.0254 0.5815
vn 0.5927 -0.0350 0.8047
vn 0.3123 -0.0413 0.9491
vn -0.0000 -0.0432 0.9991
vn -0.3119 -0.0413 0.9492
vn -0.5926 -0.0350 0.8047
vn -0.8132 -0.0254 0.5814
vn -0.9531 -0.0134 0.3023
vn -0.9532 -0.0134 0.3021
vn -0.9510 -0.0000 -0.3093
vn -1.0000 -0.0000 -0.0004
vn -0.8090 -0.0000 -0.5877
vn 0.3091 -0.0000 -0.9510
vn 0.5877 -0.0000 -0.8091
vn 1.0000 -0.0000 -0.0004
vn 0.8091 -0.0000 0.5877
vn 0.5879 -0.0000 0.8089
vn 0.3089 -0.0000 0.9511
vn -0.3089 -0.0000 0.9511
vn -0.9511 -0.0000 0.3087
vn -0.9512 -0.0000 0.3085
vn -0.9511 -0.0000 -0.3089
vn -0.8091 -0.0000 -0.5877
vn 1.0000 -0.0000 0.0001
vn 0.9510 -0.0000 0.3090
vn 0.5879 -0.0000 0.8090
vn -0.5877 -0.0000 0.8091
vn -0.8089 -0.0000 0.5879
vn -0.9510 -0.0000 0.3091
vn -0.9511 -0.0000 0.3089
vn -0.3091 -0.0000 -0.9510
vn 0.8090 -0.0000 -0.5879
vn 0.9511 -0.0000 -0.3090
vn -0.5879 -0.0000 0.8090
vn -0.3088 -0.0000 0.9511
vn -0.9510 -0.0000 0.3092
vn 0.8090 -0.0000 0.5877
vn -0.5879 -0.0000 0.8089
vn -0.8090 -0.0000 0.5879
vn -0.9511 -0.0000 -0.3090
vn -0.5880 -0.0000 0.8089
vn -0.5877 -0.0000 -0.8091
vn 0.9510 -0.0000 0.3091
vn 0.5880 -0.0000 0.8088
vn 0.9505 -0.0326 -0.3090
vn 0.8085 -0.0326 -0.5875
vn 0.8086 0.0326 -0.5875
vn 0.9505 0.0326 -0.3090
vn 0.5874 -0.0326 -0.8086
vn 0.5875 0.0326 -0.8086
vn 0.3089 -0.0326 -0.9505
vn 0.3089 0.0326 -0.9505
vn 0.0001 -0.0326 -0.9995
vn -0.0000 0.0326 -0.9995
vn -0.3089 -0.0326 -0.9505
vn -0.3089 0.0326 -0.9505
vn -0.5875 -0.0326 -0.8085
vn -0.5875 0.0326 -0.8086
vn -0.8085 -0.0326 -0.5875
vn -0.8086 0.0326 -0.5875
vn -0.9505 -0.0326 -0.3089
vn -0.9505 0.0327 -0.3089
vn -0.9995 -0.0327 -0.0000
vn -0.9995 0.0326 -0.0000
vn -0.9506 -0.0326 0.3089
vn -0.9505 0.0326 0.3089
vn -0.8086 -0.0326 0.5874
vn -0.8086 0.0326 0.5875
vn -0.5874 -0.0327 0.8086
vn -0.5875 0.0326 0.8086
vn -0.3088 -0.0326 0.9506
vn -0.3089 0.0326 0.9505
vn 0.0001 -0.0326 0.9995
vn -0.0000 0.0326 0.9995
vn 0.3089 -0.0326 0.9505
vn 0.3088 0.0326 0.9506
vn 0.5874 -0.0326 0.8086
vn 0.5875 0.0326 0.8086
vn 0.8086 -0.0326 0.5875
vn 0.8086 0.0326 0.5875
vn 0.9505 -0.0326 0.3090
vn 0.9505 0.0326 0.3089
vn 0.9995 -0.0327 -0.0000
vn 0.9995 0.0327 -0.0000
vn 0.9506 -0.0326 -0.3088
vn 0.9506 0.0326 -0.3088
vn 0.8769 -0.3869 -0.2851
vn 0.7462 -0.3865 -0.5421
vn -0.3599 0.9256 0.1170
vn -0.3062 0.9256 0.2226
vn 0.5422 -0.3861 -0.7463
vn -0.2224 0.9256 0.3062
vn 0.2849 -0.3869 -0.8770
vn -0.1169 0.9256 0.3599
vn -0.0000 -0.3868 -0.9222
vn -0.0000 0.9255 0.3789
vn -0.2849 -0.3871 -0.8769
vn 0.1169 0.9256 0.3599
vn -0.5424 -0.3861 -0.7462
vn 0.2225 0.9256 0.3063
vn -0.7460 -0.3870 -0.5420
vn 0.3062 0.9256 0.2225
vn -0.8769 -0.3872 -0.2850
vn 0.3598 0.9257 0.1170
vn 0.3782 0.9257 0.0001
vn -0.8769 -0.3873 0.2848
vn 0.3598 0.9257 -0.1168
vn -0.7460 -0.3871 0.5418
vn 0.3062 0.9256 -0.2226
vn -0.5421 -0.3870 0.7459
vn 0.2224 0.9256 -0.3062
vn -0.2849 -0.3870 0.8770
vn 0.1169 0.9257 -0.3599
vn 0.0001 -0.3866 0.9222
vn -0.0000 0.9257 -0.3784
vn 0.2851 -0.3869 0.8769
vn -0.1169 0.9256 -0.3599
vn 0.5420 -0.3869 0.7460
vn -0.2224 0.9255 -0.3065
vn 0.7461 -0.3868 0.5420
vn -0.3062 0.9256 -0.2226
vn 0.8771 -0.3867 0.2849
vn -0.3599 0.9256 -0.1170
vn 0.9220 -0.3872 -0.0000
vn -0.3786 0.9256 -0.0001
vn 0.8770 -0.3869 -0.2848
vn 0.8770 0.3870 -0.2848
vn 0.9220 0.3872 0.0001
vn 0.3605 0.9254 -0.1173
vn 0.3792 0.9253 -0.0000
vn 0.3068 0.9253 -0.2228
vn 0.8769 0.3870 -0.2851
vn 0.7463 0.3863 -0.5421
vn 0.2228 0.9254 -0.3067
vn 0.5422 0.3861 -0.7463
vn 0.1171 0.9254 -0.3605
vn 0.2849 0.3870 -0.8770
vn -0.0000 0.9253 -0.3793
vn -0.0001 0.3871 -0.9220
vn -0.1171 0.9254 -0.3606
vn -0.2849 0.3869 -0.8770
vn -0.2228 0.9253 -0.3069
vn -0.5421 0.3861 -0.7463
vn -0.3067 0.9254 -0.2228
vn -0.7461 0.3867 -0.5421
vn -0.3604 0.9254 -0.1173
vn -0.8768 0.3871 -0.2851
vn -0.9221 0.3870 -0.0001
vn -0.3604 0.9254 0.1171
vn -0.8769 0.3872 0.2850
vn -0.3067 0.9253 0.2229
vn -0.7460 0.3871 0.5419
vn -0.2228 0.9253 0.3069
vn -0.5420 0.3870 0.7460
vn -0.1171 0.9254 0.3605
vn -0.2850 0.3870 0.8769
vn -0.0000 0.9255 0.3788
vn 0.0001 0.3866 0.9223
vn 0.1171 0.9254 0.3605
vn 0.2849 0.3869 0.8770
vn 0.2228 0.9254 0.3066
vn 0.5421 0.3869 0.7460
vn 0.3067 0.9253 0.2229
vn 0.7462 0.3863 0.5422
vn 0.3605 0.9254 0.1169
vn 0.8768 0.3873 0.2849
vn 0.9442 -0.1197 -0.3067
vn 0.8030 -0.1197 -0.5839
vn 0.8051 -0.0983 -0.5850
vn 0.9465 -0.0983 -0.3075
vn 0.5832 -0.1197 -0.8035
vn 0.5849 -0.0983 -0.8051
vn 0.3068 -0.1196 -0.9442
vn 0.3075 -0.0983 -0.9464
vn -0.0001 -0.1196 -0.9928
vn -0.0000 -0.0983 -0.9952
vn -0.3068 -0.1196 -0.9442
vn -0.3075 -0.0983 -0.9465
vn -0.5836 -0.1196 -0.8032
vn -0.5849 -0.0983 -0.8052
vn -0.8030 -0.1197 -0.5838
vn -0.8051 -0.0983 -0.5850
vn -0.9443 -0.1197 -0.3065
vn -0.9465 -0.0983 -0.3075
vn -0.9928 -0.1197 -0.0000
vn -0.9952 -0.0983 -0.0001
vn -0.9442 -0.1197 0.3070
vn -0.9464 -0.0982 0.3076
vn -0.8033 -0.1197 0.5835
vn -0.8051 -0.0983 0.5849
vn -0.5835 -0.1197 0.8032
vn -0.5850 -0.0983 0.8051
vn -0.3067 -0.1197 0.9442
vn -0.3074 -0.0983 0.9465
vn 0.0001 -0.1198 0.9928
vn -0.0000 -0.0983 0.9952
vn 0.3067 -0.1197 0.9442
vn 0.3074 -0.0983 0.9465
vn 0.5836 -0.1197 0.8032
vn 0.5849 -0.0983 0.8051
vn 0.8033 -0.1197 0.5835
vn 0.8051 -0.0983 0.5849
vn 0.9442 -0.1197 0.3067
vn 0.9464 -0.0983 0.3075
vn 0.9928 -0.1197 -0.0002
vn 0.9952 -0.0983 -0.0000
vn 0.9465 -0.0983 -0.3074
vn 0.9468 -0.0941 -0.3077
vn 0.8054 -0.0940 -0.5852
vn 0.8030 -0.1219 -0.5834
vn 0.9440 -0.1218 -0.3067
vn 0.5853 -0.0940 -0.8053
vn 0.5835 -0.1218 -0.8030
vn 0.3077 -0.0941 -0.9468
vn 0.3067 -0.1218 -0.9440
vn -0.0000 -0.0940 -0.9956
vn -0.0000 -0.1218 -0.9926
vn -0.3078 -0.0940 -0.9468
vn -0.3067 -0.1218 -0.9440
vn -0.5854 -0.0941 -0.8053
vn -0.5834 -0.1219 -0.8030
vn -0.8055 -0.0940 -0.5851
vn -0.8030 -0.1218 -0.5834
vn -0.9468 -0.0941 -0.3076
vn -0.9440 -0.1218 -0.3067
vn -0.9956 -0.0941 0.0001
vn -0.9926 -0.1218 -0.0000
vn -0.9468 -0.0941 0.3079
vn -0.9440 -0.1218 0.3067
vn -0.8055 -0.0941 0.5851
vn -0.8030 -0.1218 0.5834
vn -0.5855 -0.0941 0.8052
vn -0.5834 -0.1218 0.8030
vn -0.3074 -0.0941 0.9469
vn -0.3068 -0.1219 0.9439
vn 0.0001 -0.0940 0.9956
vn -0.0000 -0.1219 0.9925
vn 0.3077 -0.0941 0.9468
vn 0.3068 -0.1219 0.9439
vn 0.5854 -0.0940 0.8053
vn 0.5834 -0.1218 0.8030
vn 0.8054 -0.0940 0.5852
vn 0.8030 -0.1218 0.5834
vn 0.9468 -0.0941 0.3078
vn 0.9439 -0.1218 0.3068
vn 0.9956 -0.0940 -0.0000
vn 0.9926 -0.1218 -0.0000
vn 0.9468 -0.0941 -0.3076
vn 0.9950 -0.0994 -0.0001
vn 0.9464 -0.0995 -0.3074
vn 0.9308 0.2054 -0.3024
vn 0.9787 0.2053 -0.0000
vn 0.9464 -0.0995 0.3074
vn 0.9308 0.2053 0.3024
vn 0.8051 -0.0995 0.5848
vn 0.7919 0.2053 0.5752
vn 0.5849 -0.0995 0.8050
vn 0.5752 0.2053 0.7918
vn 0.3075 -0.0995 0.9463
vn 0.3023 0.2053 0.9308
vn 0.0001 -0.0995 0.9950
vn -0.0000 0.2053 0.9787
vn -0.3074 -0.0995 0.9464
vn -0.3024 0.2053 0.9308
vn -0.5848 -0.0995 0.8050
vn -0.5752 0.2053 0.7918
vn -0.8050 -0.0994 0.5848
vn -0.7918 0.2053 0.5752
vn -0.9463 -0.0995 0.3075
vn -0.9308 0.2053 0.3024
vn -0.9950 -0.0995 -0.0000
vn -0.9787 0.2054 -0.0000
vn -0.9464 -0.0995 -0.3074
vn -0.9308 0.2054 -0.3024
vn -0.8050 -0.0995 -0.5848
vn -0.7918 0.2054 -0.5753
vn -0.5849 -0.0995 -0.8050
vn -0.5752 0.2054 -0.7918
vn -0.3075 -0.0995 -0.9463
vn -0.3024 0.2054 -0.9308
vn -0.0001 -0.0994 -0.9950
vn -0.0000 0.2054 -0.9787
vn 0.3076 -0.0995 -0.9463
vn 0.3024 0.2053 -0.9308
vn 0.5848 -0.0995 -0.8050
vn 0.5751 0.2054 -0.7919
vn 0.8050 -0.0995 -0.5849
vn 0.7917 0.2054 -0.5753
vn 0.9463 -0.0995 -0.3075
vn 0.9308 0.2053 -0.3025
vn 0.9437 -0.1241 -0.3066
vn 0.8028 -0.1241 -0.5832
vn 0.8055 -0.0925 -0.5853
vn 0.9470 -0.0924 -0.3077
vn 0.5831 -0.1242 -0.8028
vn 0.5852 -0.0924 -0.8056
vn 0.3065 -0.1242 -0.9437
vn 0.3077 -0.0924 -0.9470
vn -0.0001 -0.1241 -0.9923
vn -0.0000 -0.0925 -0.9957
vn -0.3065 -0.1242 -0.9437
vn -0.3076 -0.0924 -0.9470
vn -0.5831 -0.1242 -0.8028
vn -0.5852 -0.0924 -0.8056
vn -0.8027 -0.1241 -0.5833
vn -0.8055 -0.0924 -0.5853
vn -0.9437 -0.1241 -0.3066
vn -0.9470 -0.0924 -0.3076
vn -0.9923 -0.1242 -0.0000
vn -0.9957 -0.0925 -0.0000
vn -0.9437 -0.1242 0.3067
vn -0.9470 -0.0924 0.3077
vn -0.8027 -0.1242 0.5833
vn -0.8056 -0.0924 0.5852
vn -0.5831 -0.1242 0.8028
vn -0.5853 -0.0924 0.8056
vn -0.3065 -0.1242 0.9437
vn -0.3077 -0.0924 0.9470
vn 0.0002 -0.1241 0.9923
vn -0.0000 -0.0924 0.9957
vn 0.3064 -0.1241 0.9438
vn 0.3076 -0.0924 0.9470
vn 0.5833 -0.1242 0.8027
vn 0.5852 -0.0924 0.8056
vn 0.8028 -0.1242 0.5832
vn 0.8056 -0.0924 0.5852
vn 0.9437 -0.1242 0.3066
vn 0.9470 -0.0924 0.3077
vn 0.9923 -0.1242 0.0001
vn 0.9957 -0.0924 -0.0000
vn 0.9470 -0.0925 -0.3076
vn 0.9467 -0.0957 -0.3075
vn 0.9954 -0.0956 0.0001
vn 0.9467 -0.0956 0.3076
vn 0.8053 -0.0957 0.5851
vn 0.5852 -0.0956 0.8053
vn 0.3077 -0.0957 0.9467
vn -0.0000 -0.0957 0.9954
vn -0.3077 -0.0957 0.9466
vn -0.5851 -0.0957 0.8053
vn -0.8053 -0.0957 0.5851
vn -0.9467 -0.0956 0.3076
vn -0.9954 -0.0956 -0.0001
vn -0.9467 -0.0957 -0.3077
vn -0.8053 -0.0957 -0.5851
vn -0.5851 -0.0956 -0.8053
vn -0.3074 -0.0956 -0.9468
vn -0.0000 -0.0956 -0.9954
vn 0.3075 -0.0956 -0.9467
vn 0.5851 -0.0957 -0.8053
vn 0.8053 -0.0957 -0.5851
vn 0.9467 -0.0956 -0.3076
vn 0.9466 -0.0970 -0.3075
vn 0.8051 -0.0970 -0.5852
vn 0.5850 -0.0970 -0.8052
vn 0.3075 -0.0971 -0.9466
vn -0.0002 -0.0971 -0.9953
vn -0.3077 -0.0971 -0.9465
vn -0.5849 -0.0970 -0.8053
vn -0.8051 -0.0970 -0.5851
vn -0.9466 -0.0970 -0.3075
vn -0.9953 -0.0971 0.0001
vn -0.9466 -0.0970 0.3076
vn -0.8052 -0.0970 0.5850
vn -0.5851 -0.0970 0.8051
vn -0.3073 -0.0970 0.9466
vn -0.0000 -0.0970 0.9953
vn 0.3076 -0.0970 0.9466
vn 0.5850 -0.0970 0.8052
vn 0.8051 -0.0970 0.5851
vn 0.9466 -0.0970 0.3074
vn 0.9953 -0.0970 -0.0000
vn 0.9466 -0.0970 -0.3076
vn 0.9471 -0.0907 -0.3077
vn 0.8057 -0.0906 -0.5854
vn 0.5851 -0.0905 -0.8059
vn 0.3078 -0.0905 -0.9471
vn -0.0001 -0.0906 -0.9959
vn -0.3078 -0.0906 -0.9471
vn -0.5853 -0.0906 -0.8057
vn -0.8058 -0.0906 -0.5853
vn -0.9472 -0.0906 -0.3077
vn -0.9959 -0.0906 -0.0000
vn -0.9471 -0.0906 0.3078
vn -0.8057 -0.0905 0.5854
vn -0.5853 -0.0906 0.8057
vn -0.3077 -0.0906 0.9472
vn 0.0001 -0.0906 0.9959
vn 0.3078 -0.0906 0.9471
vn 0.5854 -0.0906 0.8057
vn 0.8057 -0.0906 0.5853
vn 0.9472 -0.0906 0.3076
vn 0.9959 -0.0906 -0.0000
vn 0.9472 -0.0907 -0.3077
vn 0.9470 -0.0927 -0.3076
vn 0.9957 -0.0927 -0.0000
vn 0.9470 -0.0927 0.3076
vn 0.8055 -0.0927 0.5852
vn 0.5852 -0.0927 0.8056
vn 0.3077 -0.0927 0.9470
vn -0.0000 -0.0927 0.9957
vn -0.3077 -0.0927 0.9470
vn -0.5852 -0.0927 0.8056
vn -0.8055 -0.0927 0.5853
vn -0.9470 -0.0927 0.3077
vn -0.9957 -0.0927 -0.0000
vn -0.9470 -0.0927 -0.3077
vn -0.8055 -0.0927 -0.5853
vn -0.5853 -0.0927 -0.8055
vn -0.3077 -0.0927 -0.9469
vn -0.0000 -0.0927 -0.9957
vn 0.3077 -0.0928 -0.9470
vn 0.5853 -0.0927 -0.8055
vn 0.8055 -0.0927 -0.5853
vn 0.9469 -0.0927 -0.3078
vn 0.9443 -0.1188 -0.3068
vn 0.9929 -0.1187 -0.0000
vn 0.9443 -0.1187 0.3068
vn 0.8034 -0.1188 0.5835
vn 0.5836 -0.1187 0.8033
vn 0.3067 -0.1187 0.9444
vn -0.0000 -0.1187 0.9929
vn -0.3067 -0.1187 0.9444
vn -0.5836 -0.1187 0.8033
vn -0.8034 -0.1187 0.5835
vn -0.9443 -0.1187 0.3068
vn -0.9929 -0.1188 -0.0000
vn -0.9443 -0.1188 -0.3068
vn -0.8032 -0.1188 -0.5837
vn -0.5836 -0.1188 -0.8033
vn -0.3069 -0.1188 -0.9443
vn -0.0000 -0.1188 -0.9929
vn 0.3069 -0.1188 -0.9443
vn 0.5836 -0.1188 -0.8033
vn 0.8033 -0.1188 -0.5837
vn 0.9441 -0.1208 -0.3068
vn 0.8031 -0.1207 -0.5835
vn 0.5833 -0.1207 -0.8032
vn 0.3067 -0.1208 -0.9441
vn -0.0001 -0.1208 -0.9927
vn -0.3068 -0.1208 -0.9441
vn -0.5836 -0.1207 -0.8030
vn -0.8031 -0.1207 -0.5835
vn -0.9440 -0.1208 -0.3070
vn -0.9927 -0.1207 -0.0000
vn -0.9440 -0.1207 0.3070
vn -0.8030 -0.1207 0.5837
vn -0.5834 -0.1207 0.8032
vn -0.3067 -0.1207 0.9441
vn 0.0003 -0.1207 0.9927
vn 0.3068 -0.1207 0.9441
vn 0.5835 -0.1207 0.8031
vn 0.8032 -0.1207 0.5834
vn 0.9441 -0.1207 0.3069
vn 0.9927 -0.1207 -0.0001
vn 0.9441 -0.1207 -0.3067
vn 0.9438 -0.1230 -0.3067
vn 0.8028 -0.1230 -0.5834
vn 0.5833 -0.1230 -0.8029
vn 0.3069 -0.1230 -0.9438
vn -0.0000 -0.1230 -0.9924
vn -0.3068 -0.1230 -0.9438
vn -0.5834 -0.1230 -0.8028
vn -0.8028 -0.1229 -0.5835
vn -0.9439 -0.1230 -0.3066
vn -0.9924 -0.1230 -0.0000
vn -0.9438 -0.1230 0.3068
vn -0.8029 -0.1230 0.5833
vn -0.5833 -0.1229 0.8029
vn -0.3066 -0.1230 0.9439
vn 0.0003 -0.1230 0.9924
vn 0.3066 -0.1230 0.9438
vn 0.5833 -0.1229 0.8029
vn 0.8029 -0.1229 0.5833
vn 0.9439 -0.1230 0.3066
vn 0.9924 -0.1230 -0.0001
vn 0.9265 -0.2259 -0.3011
vn 0.7883 -0.2259 -0.5723
vn 0.5726 -0.2259 -0.7881
vn 0.3010 -0.2259 -0.9265
vn -0.0000 -0.2259 -0.9742
vn -0.3009 -0.2259 -0.9265
vn -0.5725 -0.2259 -0.7882
vn -0.7880 -0.2260 -0.5726
vn -0.9265 -0.2260 -0.3009
vn -0.9741 -0.2260 -0.0000
vn -0.9265 -0.2259 0.3009
vn -0.7882 -0.2259 0.5725
vn -0.5727 -0.2259 0.7880
vn -0.3009 -0.2259 0.9265
vn -0.0000 -0.2260 0.9741
vn 0.3009 -0.2259 0.9265
vn 0.5726 -0.2259 0.7881
vn 0.7881 -0.2259 0.5726
vn 0.9264 -0.2260 0.3011
vn 0.9741 -0.2260 -0.0000
vn 0.9265 -0.2259 -0.3008
vn -0.4118 -0.8463 0.3380
vn -0.4335 -0.7962 0.4221
vn -0.8496 -0.4659 0.2470
vn -0.8103 -0.5429 0.2207
vn -0.9949 -0.0893 0.0473
vn -0.4035 -0.8083 0.4287
vn -0.7641 -0.5699 0.3021
vn -0.8049 -0.5494 0.2242
vn -0.9953 -0.0454 -0.0856
vn -0.7641 0.5699 -0.3022
vn -0.8049 0.4939 -0.3289
vn -0.4035 0.8084 -0.4286
vn -0.9949 0.0894 -0.0472
vn -0.8496 0.4660 -0.2470
vn -0.8103 0.4874 -0.3255
vn -0.4334 0.7962 -0.4221
vn -0.4116 0.7548 -0.5107
vn -0.0000 0.8835 -0.4684
vn -0.0000 0.8326 -0.5539
vn 0.4333 0.7963 -0.4221
vn 0.4116 0.7548 -0.5107
vn 0.8496 0.4660 -0.2470
vn 0.8103 0.4874 -0.3255
vn 0.9949 0.0893 -0.0473
vn 0.4035 0.8085 -0.4284
vn 0.7641 0.5699 -0.3021
vn 0.8049 0.4939 -0.3289
vn 0.9953 -0.0454 -0.0856
vn 0.7641 -0.5699 0.3022
vn 0.8049 -0.5494 0.2241
vn 0.4035 -0.8084 0.4286
vn 0.9949 -0.0892 0.0475
vn 0.8496 -0.4660 0.2470
vn 0.8103 -0.5429 0.2208
vn 0.4334 -0.7963 0.4221
vn 0.4117 -0.8463 0.3381
vn -0.0000 -0.8835 0.4684
vn -0.0000 -0.9257 0.3782
vn -0.4332 -0.7963 0.4221
vn -0.4115 -0.8464 0.3381
vn -0.3794 -0.9154 0.1347
vn -0.7839 -0.6065 0.1330
vn -0.8111 -0.5734 0.1155
vn -0.9594 -0.1322 -0.2493
vn -0.8111 0.4173 -0.4098
vn -0.7839 0.4505 -0.4273
vn -0.3793 0.6252 -0.6821
vn -0.0001 0.6727 -0.7400
vn 0.3793 0.6252 -0.6821
vn 0.7839 0.4505 -0.4272
vn 0.8111 0.4173 -0.4098
vn 0.9594 -0.1322 -0.2493
vn 0.8111 -0.5734 0.1155
vn 0.7839 -0.6065 0.1330
vn 0.3792 -0.9154 0.1347
vn -0.0000 -0.9900 0.1414
vn -0.3792 -0.9155 0.1347
vn -0.6791 -0.6481 0.3446
vn -0.9079 -0.3699 0.1972
vn -0.9079 0.3708 -0.1955
vn -0.6792 0.6490 -0.3429
vn 0.6792 0.6489 -0.3429
vn 0.9079 0.3708 -0.1955
vn 0.9080 -0.3697 0.1971
vn 0.6792 -0.6480 0.3446
vn -0.9510 -0.0000 -0.3092
vn 0.8090 -0.0000 -0.5877
vn -0.9505 -0.0326 -0.3090
vn -0.9505 0.0326 -0.3090
vn -0.8086 0.0325 -0.5875
vn -0.8086 -0.0326 -0.5875
vn -0.5875 -0.0326 -0.8086
vn -0.0000 -0.0326 -0.9995
vn 0.5875 -0.0326 -0.8086
vn 0.8086 -0.0326 -0.5875
vn 0.9505 0.0326 -0.3089
vn 0.9505 -0.0327 -0.3089
vn 0.9995 0.0326 -0.0000
vn 0.9505 -0.0326 0.3089
vn 0.8085 0.0326 0.5875
vn 0.5875 -0.0326 0.8086
vn 0.3089 0.0326 0.9505
vn -0.0000 0.0327 0.9995
vn -0.0000 -0.0326 0.9995
vn -0.3089 0.0327 0.9505
vn -0.3089 -0.0326 0.9505
vn -0.5875 -0.0326 0.8086
vn -0.8086 -0.0326 0.5875
vn -0.9505 -0.0326 0.3089
vn -0.9506 0.0326 -0.3088
vn -0.9506 -0.0326 -0.3089
vn -0.7462 -0.3861 -0.5423
vn -0.8769 -0.3870 -0.2851
vn 0.3600 0.9256 0.1169
vn 0.3061 0.9257 0.2223
vn -0.5421 -0.3860 -0.7464
vn 0.2220 0.9259 0.3056
vn -0.2849 -0.3868 -0.8770
vn 0.1170 0.9256 0.3599
vn -0.0000 -0.3872 -0.9220
vn -0.0000 0.9255 0.3787
vn 0.2848 -0.3870 -0.8770
vn -0.1170 0.9256 0.3601
vn 0.5422 -0.3860 -0.7463
vn -0.2223 0.9257 0.3060
vn 0.7461 -0.3867 -0.5421
vn -0.3061 0.9257 0.2223
vn 0.8768 -0.3873 -0.2851
vn -0.3598 0.9257 0.1169
vn 0.9222 -0.3868 -0.0000
vn -0.3782 0.9257 -0.0000
vn 0.8768 -0.3873 0.2850
vn -0.3597 0.9257 -0.1168
vn 0.7459 -0.3867 0.5423
vn -0.3062 0.9256 -0.2223
vn 0.5421 -0.3870 0.7459
vn -0.2225 0.9256 -0.3062
vn 0.2849 -0.3870 0.8770
vn -0.1169 0.9257 -0.3597
vn -0.0000 0.9256 -0.3784
vn -0.2850 -0.3870 0.8770
vn 0.1169 0.9256 -0.3599
vn 0.2224 0.9257 -0.3060
vn -0.7464 -0.3861 0.5421
vn 0.3062 0.9256 -0.2224
vn -0.8768 -0.3872 0.2851
vn 0.3599 0.9257 -0.1169
vn -0.9220 -0.3873 -0.0000
vn 0.3785 0.9256 -0.0000
vn -0.8770 -0.3870 -0.2848
vn -0.9219 0.3874 -0.0000
vn -0.8770 0.3870 -0.2848
vn -0.3605 0.9254 -0.1171
vn -0.3792 0.9253 -0.0000
vn -0.3066 0.9254 -0.2227
vn -0.8769 0.3870 -0.2851
vn -0.7464 0.3860 -0.5421
vn -0.2226 0.9255 -0.3065
vn -0.5422 0.3861 -0.7463
vn -0.1172 0.9254 -0.3605
vn -0.2849 0.3870 -0.8770
vn -0.0000 0.9253 -0.3792
vn -0.0000 0.3873 -0.9220
vn 0.1172 0.9254 -0.3605
vn 0.2849 0.3870 -0.8769
vn 0.2227 0.9255 -0.3065
vn 0.5421 0.3864 -0.7463
vn 0.3066 0.9254 -0.2229
vn 0.7460 0.3868 -0.5421
vn 0.3604 0.9254 -0.1171
vn 0.8768 0.3873 -0.2849
vn 0.9221 0.3870 -0.0000
vn 0.3603 0.9254 0.1171
vn 0.8768 0.3872 0.2850
vn 0.3067 0.9254 0.2228
vn 0.7460 0.3868 0.5421
vn 0.2229 0.9254 0.3066
vn 0.5420 0.3871 0.7459
vn 0.1171 0.9255 0.3603
vn 0.2849 0.3871 0.8769
vn -0.0000 0.9254 0.3790
vn -0.0000 0.3873 0.9219
vn -0.1171 0.9255 0.3603
vn -0.2850 0.3871 0.8769
vn -0.2228 0.9254 0.3066
vn -0.5421 0.3870 0.7459
vn -0.3067 0.9254 0.2228
vn -0.7462 0.3862 0.5422
vn -0.3605 0.9254 0.1171
vn -0.8769 0.3872 0.2849
vn -0.9442 -0.1197 -0.3069
vn -0.9464 -0.0983 -0.3076
vn -0.8051 -0.0983 -0.5849
vn -0.8032 -0.1197 -0.5836
vn -0.5850 -0.0983 -0.8050
vn -0.5836 -0.1197 -0.8031
vn -0.3075 -0.0983 -0.9464
vn -0.3069 -0.1197 -0.9442
vn -0.0000 -0.1197 -0.9928
vn 0.3075 -0.0983 -0.9465
vn 0.3068 -0.1198 -0.9442
vn 0.5850 -0.0984 -0.8050
vn 0.5836 -0.1197 -0.8032
vn 0.8051 -0.0983 -0.5849
vn 0.8032 -0.1197 -0.5835
vn 0.9464 -0.0983 -0.3076
vn 0.9442 -0.1197 -0.3069
vn 0.9928 -0.1197 -0.0001
vn 0.9442 -0.1197 0.3068
vn 0.8032 -0.1197 0.5836
vn 0.5850 -0.0983 0.8051
vn 0.3075 -0.0983 0.9465
vn 0.3068 -0.1196 0.9442
vn -0.0000 -0.1196 0.9928
vn -0.3075 -0.0983 0.9465
vn -0.3068 -0.1196 0.9442
vn -0.5849 -0.0983 0.8051
vn -0.8032 -0.1197 0.5836
vn -0.9464 -0.0983 0.3076
vn -0.9442 -0.1197 0.3068
vn -0.9952 -0.0983 -0.0000
vn -0.9442 -0.1197 -0.3068
vn -0.9468 -0.0940 -0.3077
vn -0.8054 -0.0941 -0.5852
vn -0.5834 -0.1218 -0.8030
vn -0.5851 -0.0941 -0.8055
vn -0.3068 -0.1219 -0.9439
vn -0.3077 -0.0941 -0.9468
vn -0.0000 -0.1219 -0.9925
vn -0.0000 -0.0941 -0.9956
vn 0.3068 -0.1219 -0.9440
vn 0.3076 -0.0941 -0.9468
vn 0.5834 -0.1218 -0.8030
vn 0.5852 -0.0941 -0.8054
vn 0.8029 -0.1218 -0.5835
vn 0.8054 -0.0941 -0.5852
vn 0.9956 -0.0941 -0.0000
vn 0.9440 -0.1218 0.3066
vn 0.9468 -0.0941 0.3077
vn 0.8055 -0.0940 0.5852
vn 0.5853 -0.0940 0.8053
vn 0.3066 -0.1218 0.9440
vn 0.3077 -0.0940 0.9468
vn -0.0000 -0.1218 0.9926
vn -0.0000 -0.0940 0.9956
vn -0.3066 -0.1218 0.9440
vn -0.3077 -0.0941 0.9468
vn -0.5853 -0.0940 0.8054
vn -0.8054 -0.0941 0.5852
vn -0.9440 -0.1218 0.3068
vn -0.9468 -0.0941 0.3077
vn -0.9956 -0.0940 0.0001
vn -0.9468 -0.0941 -0.3077
vn -0.9787 0.2053 -0.0000
vn -0.9308 0.2053 -0.3024
vn -0.9463 -0.0995 -0.3074
vn -0.9308 0.2054 0.3024
vn -0.8050 -0.0995 0.5849
vn -0.7917 0.2054 0.5753
vn -0.5849 -0.0995 0.8050
vn -0.5753 0.2054 0.7917
vn -0.3074 -0.0994 0.9464
vn -0.3025 0.2054 0.9308
vn -0.0000 -0.0995 0.9950
vn -0.0000 0.2054 0.9787
vn 0.3025 0.2054 0.9308
vn 0.5753 0.2054 0.7917
vn 0.8050 -0.0995 0.5848
vn 0.7917 0.2054 0.5753
vn 0.9463 -0.0995 0.3076
vn 0.9308 0.2053 0.3025
vn 0.9950 -0.0995 -0.0000
vn 0.9308 0.2053 -0.3024
vn 0.7918 0.2053 -0.5752
vn 0.5846 -0.0995 -0.8052
vn 0.5753 0.2053 -0.7917
vn 0.3074 -0.0995 -0.9464
vn -0.0001 -0.0995 -0.9950
vn 0.0001 0.2053 -0.9787
vn -0.3024 0.2053 -0.9308
vn -0.5753 0.2053 -0.7918
vn -0.8049 -0.0995 -0.5850
vn -0.7918 0.2053 -0.5752
vn -0.9463 -0.0995 -0.3075
vn -0.9308 0.2053 -0.3025
vn -0.9437 -0.1242 -0.3066
vn -0.9470 -0.0924 -0.3077
vn -0.8056 -0.0924 -0.5852
vn -0.8028 -0.1242 -0.5832
vn -0.5832 -0.1242 -0.8028
vn -0.3066 -0.1241 -0.9437
vn -0.0000 -0.0924 -0.9957
vn -0.0000 -0.1242 -0.9923
vn 0.3076 -0.0924 -0.9470
vn 0.3065 -0.1241 -0.9437
vn 0.5832 -0.1242 -0.8028
vn 0.8056 -0.0924 -0.5852
vn 0.8028 -0.1242 -0.5832
vn 0.9437 -0.1242 -0.3066
vn 0.9957 -0.0925 -0.0000
vn 0.9923 -0.1241 -0.0000
vn 0.9470 -0.0925 0.3077
vn 0.9437 -0.1241 0.3066
vn 0.5853 -0.0924 0.8055
vn 0.5832 -0.1241 0.8028
vn 0.3076 -0.0925 0.9470
vn 0.3066 -0.1242 0.9437
vn -0.0000 -0.0925 0.9957
vn 0.0001 -0.1241 0.9923
vn -0.3076 -0.0925 0.9470
vn -0.3066 -0.1242 0.9437
vn -0.5832 -0.1241 0.8028
vn -0.8056 -0.0924 0.5853
vn -0.8028 -0.1241 0.5832
vn -0.9470 -0.0925 0.3077
vn -0.9437 -0.1241 0.3067
vn -0.9957 -0.0924 -0.0000
vn -0.9923 -0.1241 -0.0000
vn -0.9954 -0.0956 -0.0000
vn -0.9467 -0.0956 -0.3076
vn -0.9467 -0.0957 0.3076
vn -0.8053 -0.0956 0.5851
vn -0.5851 -0.0956 0.8053
vn -0.3075 -0.0956 0.9467
vn -0.0000 -0.0956 0.9954
vn 0.3075 -0.0956 0.9467
vn 0.5850 -0.0956 0.8053
vn 0.8053 -0.0956 0.5851
vn 0.9467 -0.0957 0.3076
vn 0.9954 -0.0956 -0.0000
vn 0.5851 -0.0956 -0.8053
vn 0.3077 -0.0957 -0.9467
vn -0.3076 -0.0957 -0.9467
vn -0.9467 -0.0957 -0.3076
vn -0.9466 -0.0970 -0.3076
vn -0.8052 -0.0970 -0.5850
vn -0.5851 -0.0970 -0.8052
vn -0.3076 -0.0970 -0.9466
vn -0.0000 -0.0970 -0.9953
vn 0.3075 -0.0970 -0.9466
vn 0.8052 -0.0970 -0.5850
vn 0.9465 -0.0970 -0.3076
vn 0.9466 -0.0970 0.3075
vn 0.8052 -0.0970 0.5850
vn -0.0000 -0.0971 0.9953
vn -0.3075 -0.0971 0.9466
vn -0.5850 -0.0970 0.8052
vn -0.9953 -0.0970 -0.0000
vn -0.9471 -0.0907 -0.3078
vn -0.8057 -0.0906 -0.5854
vn -0.5854 -0.0905 -0.8057
vn -0.3077 -0.0906 -0.9471
vn -0.0000 -0.0906 -0.9959
vn 0.3077 -0.0906 -0.9472
vn 0.5854 -0.0905 -0.8057
vn 0.9472 -0.0906 -0.3077
vn 0.8058 -0.0906 0.5853
vn 0.5853 -0.0905 0.8058
vn -0.0000 -0.0905 0.9959
vn -0.3077 -0.0905 0.9472
vn -0.5854 -0.0906 0.8057
vn -0.8057 -0.0906 0.5853
vn -0.9472 -0.0906 0.3077
vn -0.9471 -0.0907 -0.3077
vn -0.9470 -0.0927 -0.3076
vn -0.5853 -0.0927 0.8055
vn -0.3077 -0.0927 0.9469
vn 0.0001 -0.0927 0.9957
vn 0.3076 -0.0927 0.9470
vn 0.5853 -0.0927 0.8055
vn 0.8055 -0.0927 0.5853
vn 0.9469 -0.0927 0.3077
vn 0.8055 -0.0927 -0.5852
vn 0.3077 -0.0927 -0.9470
vn -0.3077 -0.0927 -0.9470
vn -0.8055 -0.0927 -0.5852
vn -0.9469 -0.0927 -0.3078
vn -0.9929 -0.1187 -0.0000
vn -0.9443 -0.1188 0.3068
vn -0.8033 -0.1188 0.5836
vn -0.5836 -0.1188 0.8033
vn -0.3069 -0.1188 0.9443
vn -0.0000 -0.1188 0.9929
vn 0.3068 -0.1188 0.9443
vn 0.5836 -0.1188 0.8033
vn 0.8033 -0.1188 0.5836
vn 0.9443 -0.1187 0.3069
vn 0.9443 -0.1187 -0.3068
vn 0.8033 -0.1187 -0.5836
vn 0.5836 -0.1187 -0.8033
vn 0.3068 -0.1187 -0.9444
vn -0.0000 -0.1187 -0.9929
vn -0.3067 -0.1187 -0.9444
vn -0.5836 -0.1187 -0.8033
vn -0.8033 -0.1187 -0.5836
vn -0.9443 -0.1188 -0.3069
vn -0.9441 -0.1207 -0.3068
vn -0.8032 -0.1207 -0.5834
vn -0.5835 -0.1207 -0.8031
vn -0.3068 -0.1207 -0.9441
vn -0.0000 -0.1207 -0.9927
vn 0.3068 -0.1207 -0.9441
vn 0.5835 -0.1207 -0.8031
vn 0.9441 -0.1207 -0.3068
vn 0.9927 -0.1207 -0.0000
vn 0.9441 -0.1208 0.3067
vn 0.8031 -0.1207 0.5835
vn 0.5834 -0.1207 0.8031
vn 0.3067 -0.1207 0.9441
vn -0.0000 -0.1208 0.9927
vn -0.3067 -0.1208 0.9441
vn -0.5834 -0.1207 0.8031
vn -0.8031 -0.1207 0.5835
vn -0.9441 -0.1208 0.3068
vn -0.9438 -0.1230 -0.3067
vn -0.8029 -0.1230 -0.5833
vn -0.5833 -0.1229 -0.8029
vn -0.3067 -0.1230 -0.9438
vn -0.0001 -0.1229 -0.9924
vn 0.3067 -0.1230 -0.9438
vn 0.8029 -0.1230 -0.5833
vn 0.9438 -0.1230 0.3067
vn 0.5834 -0.1229 0.8028
vn 0.3067 -0.1230 0.9438
vn 0.0001 -0.1230 0.9924
vn -0.3067 -0.1230 0.9438
vn -0.5834 -0.1229 0.8028
vn -0.8028 -0.1229 0.5834
vn -0.9438 -0.1230 0.3067
vn -0.9264 -0.2259 -0.3012
vn -0.7882 -0.2259 -0.5725
vn -0.5727 -0.2259 -0.7880
vn -0.3009 -0.2260 -0.9265
vn -0.0000 -0.2260 -0.9741
vn 0.5725 -0.2259 -0.7882
vn 0.7880 -0.2260 -0.5727
vn 0.9265 -0.2260 -0.3010
vn 0.9265 -0.2259 0.3008
vn 0.7883 -0.2259 0.5723
vn 0.3010 -0.2259 0.9265
vn -0.0000 -0.2259 0.9741
vn -0.5726 -0.2259 0.7881
vn -0.7881 -0.2260 0.5725
vn -0.9265 -0.2260 0.3010
vn -0.9265 -0.2259 -0.3009
vn 0.4118 -0.8463 0.3381
vn 0.8103 -0.5429 0.2207
vn 0.8496 -0.4659 0.2470
vn 0.4335 -0.7962 0.4221
vn 0.4035 -0.8082 0.4290
vn 0.8049 -0.5494 0.2242
vn 0.7641 -0.5699 0.3021
vn 0.9949 0.0895 -0.0469
vn 0.8497 0.4659 -0.2469
vn 0.4334 0.7962 -0.4221
vn -0.9949 0.0893 -0.0472
vn -0.4035 0.8086 -0.4282
vn -0.7641 0.5700 -0.3020
vn -0.9949 -0.0891 0.0477
vn -0.8103 -0.5429 0.2208
vn -0.8496 -0.4660 0.2470
vn -0.4117 -0.8463 0.3381
vn -0.4334 -0.7962 0.4221
vn 0.4115 -0.8464 0.3381
vn 0.4332 -0.7963 0.4221
vn 0.3794 -0.9154 0.1347
vn 0.9594 -0.1321 -0.2493
vn 0.8111 0.4174 -0.4098
vn 0.7839 0.4505 -0.4273
vn 0.3792 0.6253 -0.6821
vn 0.0001 0.6726 -0.7400
vn -0.3792 0.6253 -0.6821
vn -0.7839 0.4505 -0.4272
vn -0.8111 0.4174 -0.4098
vn -0.3792 -0.9154 0.1347
vn 0.3792 -0.9155 0.1347
vn 0.9079 -0.3699 0.1972
vn -0.6791 0.6490 -0.3430
vn -0.9079 -0.3699 0.1971
vn -0.6792 -0.6481 0.3446
vn 0.3091 -0.8403 0.4453
vn 0.5878 -0.7148 0.3789
vn 0.5853 -0.6682 0.4593
vn 0.3078 -0.7931 0.5256
vn 0.8090 -0.5193 0.2753
vn 0.8055 -0.4736 0.3562
vn 0.9510 -0.2731 0.1448
vn 0.9469 -0.2283 0.2262
vn 0.9957 0.0435 0.0821
vn 0.9511 0.2730 -0.1447
vn 0.9469 0.3153 -0.0620
vn 0.8090 0.5194 -0.2753
vn 0.8055 0.5606 -0.1921
vn 0.5878 0.7148 -0.3789
vn 0.5853 0.7552 -0.2952
vn 0.3091 0.8403 -0.4453
vn 0.3077 0.8802 -0.3614
vn -0.0001 0.8836 -0.4683
vn -0.0000 0.9233 -0.3841
vn -0.3090 0.8403 -0.4454
vn -0.3077 0.8802 -0.3614
vn -0.5879 0.7148 -0.3789
vn -0.5853 0.7552 -0.2951
vn -0.8091 0.5193 -0.2753
vn -0.8056 0.5605 -0.1920
vn -0.9511 0.2731 -0.1447
vn -0.9470 0.3153 -0.0620
vn -0.9957 0.0435 0.0821
vn -0.9511 -0.2730 0.1447
vn -0.9469 -0.2283 0.2262
vn -0.8090 -0.5193 0.2753
vn -0.8055 -0.4735 0.3562
vn -0.5878 -0.7148 0.3789
vn -0.5852 -0.6682 0.4593
vn -0.3089 -0.8404 0.4454
vn -0.3076 -0.7932 0.5256
vn -0.0000 -0.8362 0.5484
vn 0.3089 -0.8404 0.4454
vn 0.3075 -0.7932 0.5256
vn 0.2849 -0.5938 0.7525
vn -0.0000 -0.6335 0.7737
vn 0.1171 0.1156 0.9864
vn -0.0000 0.0990 0.9951
vn 0.2223 0.1631 0.9612
vn 0.2851 -0.5937 0.7525
vn 0.5421 -0.4783 0.6909
vn 0.3061 0.2372 0.9220
vn 0.7462 -0.2977 0.5955
vn 0.3601 0.3301 0.8726
vn 0.8770 -0.0706 0.4752
vn 0.3786 0.4335 0.8177
vn 0.9221 0.1811 0.3419
vn 0.3597 0.5369 0.7631
vn 0.8771 0.4328 0.2082
vn 0.3063 0.6301 0.7135
vn 0.7461 0.6601 0.0878
vn 0.2227 0.7040 0.6744
vn 0.5422 0.8402 -0.0079
vn 0.1170 0.7517 0.6490
vn 0.2850 0.9560 -0.0691
vn -0.0000 0.7682 0.6402
vn -0.0000 0.9960 -0.0898
vn -0.1171 0.7518 0.6490
vn -0.2849 0.9561 -0.0691
vn -0.2225 0.7041 0.6743
vn -0.5420 0.8404 -0.0078
vn -0.3064 0.6303 0.7133
vn -0.7462 0.6600 0.0877
vn -0.3598 0.5368 0.7631
vn -0.8771 0.4328 0.2083
vn -0.3786 0.4335 0.8178
vn -0.9221 0.1812 0.3419
vn -0.3603 0.3301 0.8725
vn -0.8771 -0.0706 0.4751
vn -0.3061 0.2369 0.9220
vn -0.7461 -0.2977 0.5955
vn -0.2223 0.1631 0.9612
vn -0.5421 -0.4779 0.6911
vn -0.1171 0.1154 0.9864
vn -0.2848 -0.5937 0.7526
vn -0.3091 -0.8403 0.4454
vn -0.3078 -0.7931 0.5256
vn -0.5852 -0.6683 0.4593
vn -0.5878 -0.7149 0.3789
vn -0.8055 -0.4736 0.3562
vn -0.9510 -0.2730 0.1448
vn -0.9469 0.3153 -0.0620
vn -0.9510 0.2731 -0.1447
vn -0.8055 0.5606 -0.1921
vn -0.8090 0.5194 -0.2753
vn -0.5852 0.7552 -0.2952
vn -0.5878 0.7148 -0.3789
vn -0.3091 0.8403 -0.4453
vn -0.0000 0.9233 -0.3842
vn -0.0000 0.8835 -0.4683
vn 0.3090 0.8403 -0.4454
vn 0.8056 0.5605 -0.1920
vn 0.8091 0.5193 -0.2753
vn 0.9470 0.3153 -0.0620
vn 0.9469 -0.2284 0.2262
vn 0.9510 -0.2731 0.1447
vn 0.8055 -0.4735 0.3563
vn 0.5852 -0.6682 0.4593
vn 0.3076 -0.7932 0.5256
vn -0.2849 -0.5938 0.7525
vn -0.1170 0.1153 0.9864
vn -0.2223 0.1632 0.9612
vn -0.2851 -0.5937 0.7525
vn -0.5421 -0.4783 0.6909
vn -0.3061 0.2372 0.9220
vn -0.7462 -0.2977 0.5955
vn -0.3601 0.3301 0.8726
vn -0.8770 -0.0706 0.4752
vn -0.3786 0.4335 0.8177
vn -0.3597 0.5369 0.7631
vn -0.8771 0.4328 0.2082
vn -0.3063 0.6301 0.7135
vn -0.7461 0.6601 0.0878
vn -0.2226 0.7041 0.6743
vn -0.5422 0.8402 -0.0079
vn -0.1170 0.7517 0.6491
vn -0.2850 0.9560 -0.0691
vn 0.1171 0.7518 0.6490
vn 0.2849 0.9561 -0.0691
vn 0.2225 0.7041 0.6743
vn 0.5420 0.8404 -0.0078
vn 0.3064 0.6303 0.7133
vn 0.7462 0.6599 0.0877
vn 0.3598 0.5368 0.7631
vn 0.8771 0.4329 0.2083
vn 0.3786 0.4335 0.8178
vn 0.9221 0.1812 0.3419
vn 0.3603 0.3301 0.8725
vn 0.8771 -0.0706 0.4751
vn 0.3061 0.2370 0.9220
vn 0.7461 -0.2977 0.5955
vn 0.5421 -0.4780 0.6911
vn 0.1171 0.1154 0.9864
vn 0.2848 -0.5937 0.7526
vn 0.9510 0.0001 -0.3092
vn 0.9510 -0.0000 -0.3092
vn 0.8086 -0.0325 -0.5875
vn -0.0000 0.0327 -0.9995
vn -0.9995 -0.0326 -0.0000
vn -0.9505 -0.0327 0.3089
vn -0.8085 -0.0326 0.5875
vn -0.8085 0.0326 0.5875
vn -0.5875 0.0327 0.8086
vn -0.0000 -0.0327 0.9995
vn 0.3089 -0.0327 0.9505
vn 0.9506 -0.0326 -0.3089
vn 0.7462 -0.3861 -0.5423
vn -0.3600 0.9256 0.1169
vn 0.5421 -0.3860 -0.7464
vn -0.2223 0.9258 0.3057
vn 0.2849 -0.3868 -0.8770
vn -0.1170 0.9256 0.3599
vn -0.2848 -0.3870 -0.8770
vn 0.1170 0.9256 0.3601
vn -0.5422 -0.3860 -0.7463
vn 0.2223 0.9257 0.3060
vn -0.8768 -0.3873 -0.2851
vn 0.3598 0.9257 0.1168
vn -0.9221 -0.3870 -0.0000
vn 0.3782 0.9257 -0.0000
vn -0.8768 -0.3873 0.2850
vn 0.3598 0.9257 -0.1169
vn -0.7460 -0.3866 0.5423
vn 0.3062 0.9256 -0.2223
vn 0.2225 0.9256 -0.3062
vn 0.1169 0.9257 -0.3596
vn -0.0000 -0.3869 0.9221
vn 0.2850 -0.3869 0.8770
vn 0.5421 -0.3869 0.7460
vn -0.2224 0.9257 -0.3060
vn 0.7463 -0.3861 0.5421
vn -0.3062 0.9256 -0.2224
vn 0.8768 -0.3871 0.2851
vn -0.3599 0.9256 -0.1169
vn 0.9219 -0.3873 -0.0000
vn -0.3785 0.9256 -0.0000
vn 0.9219 0.3873 -0.0000
vn 0.3605 0.9254 -0.1171
vn 0.3066 0.9254 -0.2227
vn 0.7463 0.3862 -0.5421
vn 0.2226 0.9255 -0.3065
vn 0.5423 0.3860 -0.7463
vn 0.2849 0.3871 -0.8769
vn -0.2849 0.3871 -0.8769
vn -0.2227 0.9255 -0.3065
vn -0.5421 0.3860 -0.7464
vn -0.3066 0.9254 -0.2228
vn -0.7460 0.3868 -0.5421
vn -0.3604 0.9254 -0.1171
vn -0.8768 0.3873 -0.2849
vn -0.9221 0.3871 -0.0000
vn -0.3603 0.9254 0.1171
vn -0.7460 0.3868 0.5421
vn -0.2229 0.9254 0.3067
vn -0.2849 0.3871 0.8769
vn -0.0000 0.3874 0.9219
vn 0.2851 0.3871 0.8769
vn 0.5421 0.3870 0.7459
vn 0.7463 0.3861 0.5422
vn 0.3605 0.9254 0.1171
vn 0.9442 -0.1197 -0.3068
vn 0.9464 -0.0983 -0.3075
vn 0.5836 -0.1197 -0.8031
vn -0.0001 -0.1197 -0.9928
vn -0.0000 -0.0982 -0.9952
vn -0.3071 -0.1198 -0.9441
vn -0.5837 -0.1198 -0.8031
vn -0.5850 -0.0983 -0.8051
vn -0.8031 -0.1197 -0.5837
vn -0.9928 -0.1197 0.0001
vn -0.9442 -0.1197 0.3069
vn -0.9464 -0.0983 0.3075
vn -0.8031 -0.1197 0.5836
vn -0.5836 -0.1197 0.8032
vn -0.3066 -0.1196 0.9443
vn -0.3075 -0.0983 0.9464
vn 0.0001 -0.1197 0.9928
vn 0.8034 -0.1197 0.5832
vn 0.9443 -0.1197 0.3067
vn 0.8054 -0.0941 -0.5853
vn 0.8030 -0.1218 -0.5834
vn 0.5851 -0.0941 -0.8055
vn 0.3068 -0.1219 -0.9439
vn -0.0001 -0.0941 -0.9956
vn -0.0000 -0.1218 -0.9925
vn -0.3068 -0.1219 -0.9440
vn -0.8054 -0.0940 -0.5853
vn -0.8029 -0.1218 -0.5835
vn -0.9468 -0.0941 -0.3078
vn -0.9956 -0.0941 -0.0000
vn -0.9467 -0.0941 0.3080
vn -0.8054 -0.0940 0.5852
vn -0.5852 -0.0941 0.8054
vn -0.3066 -0.1217 0.9440
vn 0.3078 -0.0941 0.9468
vn 0.8055 -0.0940 0.5851
vn 0.9440 -0.1218 0.3068
vn 0.9956 -0.0940 0.0004
vn 0.9950 -0.0994 -0.0000
vn 0.9787 0.2054 -0.0000
vn 0.9308 0.2054 0.3024
vn 0.8050 -0.0995 0.5849
vn 0.7918 0.2054 0.5752
vn 0.5752 0.2054 0.7918
vn 0.3024 0.2054 0.9308
vn -0.0000 -0.0994 0.9950
vn -0.3024 0.2054 0.9308
vn -0.5849 -0.0994 0.8050
vn -0.5752 0.2054 0.7918
vn -0.8050 -0.0995 0.5848
vn -0.7918 0.2054 0.5753
vn -0.9463 -0.0995 0.3074
vn -0.9950 -0.0995 0.0001
vn -0.8051 -0.0994 -0.5848
vn -0.7919 0.2053 -0.5751
vn -0.5848 -0.0995 -0.8050
vn -0.3074 -0.0995 -0.9463
vn -0.0000 0.2053 -0.9787
vn 0.5848 -0.0995 -0.8051
vn 0.5753 0.2053 -0.7918
vn 0.8051 -0.0995 -0.5848
vn 0.7919 0.2053 -0.5751
vn 0.5831 -0.1242 -0.8029
vn 0.3064 -0.1241 -0.9438
vn -0.0000 -0.1241 -0.9923
vn -0.3068 -0.1241 -0.9436
vn -0.8028 -0.1242 -0.5831
vn -0.8056 -0.0924 -0.5853
vn -0.9437 -0.1241 -0.3067
vn -0.9923 -0.1241 -0.0001
vn -0.9437 -0.1241 0.3065
vn -0.8027 -0.1241 0.5833
vn -0.5853 -0.0924 0.8055
vn 0.3067 -0.1242 0.9437
vn 0.5853 -0.0924 0.8056
vn 0.8027 -0.1241 0.5833
vn 0.8056 -0.0924 0.5853
vn 0.9470 -0.0925 -0.3077
vn 0.5850 -0.0956 0.8054
vn -0.9467 -0.0957 -0.3075
vn -0.8052 -0.0956 -0.5852
vn -0.5851 -0.0957 -0.8053
vn 0.3076 -0.0957 -0.9467
vn 0.8052 -0.0957 -0.5853
vn 0.9467 -0.0957 -0.3076
vn 0.9466 -0.0971 -0.3076
vn 0.5848 -0.0970 -0.8053
vn -0.0003 -0.0970 -0.9953
vn -0.9466 -0.0970 -0.3074
vn -0.9465 -0.0970 0.3077
vn -0.8051 -0.0970 0.5852
vn -0.3073 -0.0971 0.9466
vn 0.3072 -0.0971 0.9467
vn 0.5848 -0.0970 0.8054
vn 0.9465 -0.0970 0.3076
vn 0.5853 -0.0905 -0.8057
vn 0.3077 -0.0906 -0.9471
vn -0.0002 -0.0906 -0.9959
vn -0.3076 -0.0906 -0.9472
vn -0.5854 -0.0906 -0.8057
vn -0.9959 -0.0906 0.0002
vn -0.8058 -0.0906 0.5852
vn -0.5852 -0.0906 0.8058
vn -0.0000 -0.0906 0.9959
vn 0.9472 -0.0906 0.3077
vn 0.9959 -0.0906 -0.0001
vn 0.9470 -0.0927 0.3077
vn 0.3077 -0.0927 0.9469
vn -0.0001 -0.0927 0.9957
vn -0.3076 -0.0927 0.9470
vn -0.9469 -0.0927 0.3077
vn 0.9443 -0.1188 0.3068
vn 0.8032 -0.1188 0.5837
vn -0.8033 -0.1187 0.5837
vn -0.9443 -0.1187 -0.3068
vn -0.8034 -0.1187 -0.5835
vn 0.8034 -0.1187 -0.5835
vn 0.3066 -0.1207 -0.9442
vn -0.0000 -0.1206 -0.9927
vn -0.3066 -0.1207 -0.9442
vn -0.8031 -0.1207 -0.5834
vn -0.9441 -0.1207 -0.3067
vn -0.9441 -0.1208 0.3066
vn -0.3068 -0.1208 0.9441
vn 0.0001 -0.1207 0.9927
vn 0.3069 -0.1208 0.9441
vn 0.5837 -0.1207 0.8030
vn 0.9441 -0.1208 0.3066
vn 0.3066 -0.1230 -0.9438
vn -0.3069 -0.1230 -0.9438
vn -0.5833 -0.1230 -0.8029
vn -0.8029 -0.1229 -0.5834
vn -0.9438 -0.1230 0.3069
vn -0.5834 -0.1230 0.8028
vn -0.3065 -0.1230 0.9439
vn 0.3068 -0.1230 0.9438
vn 0.5834 -0.1230 0.8028
vn 0.9264 -0.2259 -0.3011
vn 0.7882 -0.2259 -0.5725
vn 0.5727 -0.2259 -0.7880
vn 0.3009 -0.2260 -0.9265
vn -0.3010 -0.2259 -0.9265
vn -0.7880 -0.2260 -0.5727
vn -0.9265 -0.2260 -0.3010
vn -0.9265 -0.2259 0.3008
vn -0.7883 -0.2259 0.5723
vn -0.3010 -0.2259 0.9265
vn 0.7881 -0.2260 0.5725
vn 0.9265 -0.2260 0.3010
vn 0.9265 -0.2259 -0.3009
vn 0.5419 -0.7938 0.2761
vn 0.6810 -0.6449 0.3469
vn 0.6810 -0.6449 0.3470
vn 0.5419 -0.7938 0.2760
vn -0.6522 0.7278 -0.2118
vn -0.6857 0.7279 -0.0001
vn 0.4299 -0.7939 0.4300
vn 0.5403 -0.6450 0.5404
vn 0.5404 -0.6449 0.5404
vn 0.4300 -0.7938 0.4300
vn 0.2761 -0.7938 0.5419
vn 0.3470 -0.6449 0.6810
vn 0.3470 -0.6450 0.6809
vn 0.0951 -0.7939 0.6006
vn 0.1196 -0.6449 0.7548
vn 0.1195 -0.6449 0.7549
vn 0.0952 -0.7938 0.6006
vn -0.0951 -0.7938 0.6007
vn -0.1196 -0.6450 0.7548
vn -0.1196 -0.6449 0.7548
vn -0.0951 -0.7939 0.6006
vn -0.2761 -0.7938 0.5419
vn -0.3470 -0.6449 0.6810
vn -0.3469 -0.6450 0.6809
vn -0.2762 -0.7937 0.5419
vn 0.4031 0.7278 -0.5547
vn 0.4032 0.7278 -0.5547
vn 0.5547 0.7278 -0.4032
vn 0.5549 0.7278 -0.4030
vn 0.6522 0.7278 -0.2121
vn 0.6522 0.7278 -0.2120
vn 0.6523 0.7278 -0.2118
vn 0.6522 0.7278 -0.2118
vn 0.6858 0.7278 -0.0001
vn 0.6858 0.7278 0.0001
vn 0.6522 0.7278 0.2118
vn 0.6521 0.7278 0.2120
vn 0.6522 0.7278 0.2120
vn 0.5548 0.7279 0.4030
vn 0.5548 0.7278 0.4030
vn 0.5547 0.7278 0.4031
vn 0.5547 0.7278 0.4032
vn 0.4032 0.7279 0.5547
vn 0.4031 0.7279 0.5547
vn 0.4029 0.7279 0.5548
vn 0.4030 0.7279 0.5548
vn 0.2120 0.7279 0.6521
vn 0.2118 0.7279 0.6522
vn 0.0001 0.7279 0.6857
vn -0.0001 0.7279 0.6857
vn -0.2118 0.7279 0.6522
vn -0.2120 0.7279 0.6521
vn -0.4029 0.7279 0.5548
vn -0.4031 0.7279 0.5547
vn -0.4032 0.7279 0.5547
vn -0.5547 0.7279 0.4032
vn -0.5548 0.7279 0.4029
vn -0.5548 0.7279 0.4030
vn -0.6521 0.7279 0.2120
vn -0.6522 0.7279 0.2118
vn -0.6522 0.7279 0.2117
vn -0.6857 0.7279 0.0001
vn -0.3090 -0.0000 -0.9510
vn -0.8090 -0.0000 0.5877
vn -0.0582 -0.5868 -0.8076
vn -0.0582 0.5868 -0.8077
vn -0.0582 0.5868 0.8076
vn -0.0582 -0.5868 0.8077
vn 0.0105 0.4622 0.8867
vn 0.0103 0.4622 0.8867
vn 0.0104 0.4622 0.8867
vn 0.0107 0.4622 0.8867
vn 0.0104 0.4623 0.8867
vn 0.0106 0.4622 0.8867
vn 0.0102 0.4622 0.8867
vn 0.0106 0.4623 0.8867
vn -0.0106 0.4622 0.8867
vn -0.0105 0.4622 0.8867
vn -0.0106 0.4623 0.8867
vn -0.0104 0.4622 0.8867
vn -0.0105 0.4623 0.8867
vn -0.0104 0.4623 0.8867
vn -0.0107 0.4622 0.8867
vn -0.8077 -0.5457 0.2234
vn -0.8076 0.4912 -0.3263
vn 0.8076 0.4912 -0.3263
vn 0.8077 -0.5457 0.2234
s 1
usemtl M_polySurface251_lambert1_0_0
f 1//1 3//1 2//1
f 4//1 3//1 1//1
f 5//1 3//1 4//1
f 6//1 3//1 5//1
f 7//1 3//1 6//1
f 8//1 3//1 7//1
f 9//1 3//1 8//1
f 10//1 3//1 9//1
f 11//1 3//1 10//1
f 12//1 3//1 11//1
f 13//1 3//1 12//1
f 14//1 3//1 13//1
f 15//1 3//1 14//1
f 16//1 3//1 15//1
f 17//1 3//1 16//1
f 18//1 3//1 17//1
f 19//1 3//1 18//1
f 20//1 3//1 19//1
f 21//1 3//1 20//1
f 2//1 3//1 21//1
f 22//1 23//1 24//1
f 25//1 26//1 24//1
f 26//1 27//1 24//1
f 28//1 29//1 24//1
f 29//1 30//1 24//1
f 30//1 31//1 24//1
f 31//1 32//1 24//1
f 33//1 34//1 24//1
f 34//1 35//1 24//1
f 36//1 37//1 24//1
f 37//1 38//1 24//1
f 38//1 22//1 24//1
f 39//1 40//1 41//1
f 39//1 41//1 42//1
f 39//1 42//1 43//2
f 44//3 45//4 46//5
f 44//3 46//5 47//6
f 44//3 47//6 48//7
f 49//1 50//8 51//1
f 49//1 51//1 52//1
f 49//1 52//1 53//1
f 54//9 55//10 56//11
f 54//9 56//11 57//12
f 54//9 57//12 58//13
f 59//1 60//1 61//1
f 59//1 61//1 62//1
f 59//1 62//1 63//8
f 64//14 65//15 66//16
f 64//14 66//16 67//17
f 64//14 67//17 68//18
f 69//1 70//2 71//1
f 69//1 71//1 72//1
f 69//1 72//1 73//1
f 74//19 75//20 76//21
f 74//19 76//21 77//22
f 74//19 77//22 78//23
f 79//1 81//1 80//1
f 82//1 81//1 79//1
f 83//1 81//1 82//1
f 84//1 81//1 83//1
f 85//1 81//1 84//1
f 86//1 81//1 85//1
f 87//1 81//1 86//1
f 88//1 81//1 87//1
f 89//1 81//1 88//1
f 90//1 81//1 89//1
f 91//1 81//1 90//1
f 92//1 81//1 91//1
f 93//1 81//1 92//1
f 94//1 81//1 93//1
f 95//1 81//1 94//1
f 96//1 81//1 95//1
f 97//1 81//1 96//1
f 98//1 81//1 97//1
f 99//1 81//1 98//1
f 80//1 81//1 99//1
f 100//24 101//25 102//1
f 101//25 103//26 102//1
f 103//26 104//27 102//1
f 104//27 105//28 102//1
f 105//28 106//29 102//1
f 106//29 107//30 102//1
f 107//30 108//31 102//1
f 108//31 109//32 102//1
f 109//32 110//33 102//1
f 110//33 111//34 102//1
f 111//34 112//35 102//1
f 112//35 113//36 102//1
f 113//36 114//37 102//1
f 114//37 115//38 102//1
f 115//38 116//39 102//1
f 116//39 117//40 102//1
f 117//40 118//41 102//1
f 118//41 119//42 102//1
f 119//42 120//43 102//1
f 120//43 100//24 102//1
f 121//44 123//44 122//44
f 124//44 123//44 121//44
f 125//44 123//44 124//44
f 126//44 123//44 125//44
f 127//44 123//44 126//44
f 128//44 123//44 127//44
f 129//44 123//44 128//44
f 130//44 123//44 129//44
f 131//44 123//44 130//44
f 132//44 123//44 131//44
f 133//44 123//44 132//44
f 134//44 123//44 133//44
f 135//44 123//44 134//44
f 136//44 123//44 135//44
f 137//44 123//44 136//44
f 138//44 123//44 137//44
f 139//44 123//44 138//44
f 140//44 123//44 139//44
f 141//44 123//44 140//44
f 122//44 123//44 141//44
f 142//45 144//45 143//45
f 145//44 146//44 144//44
f 147//44 148//44 149//44
f 150//44 151//44 144//44
f 152//44 153//44 154//44
f 155//44 156//44 157//44
f 158//44 159//44 160//44
f 161//44 162//44 163//44
f 164//44 165//44 144//44
f 166//44 167//44 144//44
f 168//45 144//45 169//45
f 170//44 171//44 144//44
f 172//46 173//46 174//46
f 175//44 176//44 177//44
f 178//44 179//44 180//44
f 181//44 182//44 144//44
f 183//44 184//44 144//44
f 185//44 186//44 144//44
f 187//44 188//44 144//44
f 189//44 190//44 144//44
f 191//44 192//44 193//44
f 192//44 194//44 193//44
f 194//44 195//44 193//44
f 195//44 196//44 193//44
f 196//44 197//44 193//44
f 197//44 198//44 193//44
f 198//44 199//44 193//44
f 199//44 200//46 193//44
f 200//46 201//44 193//44
f 201//44 202//47 193//44
f 202//47 203//44 193//44
f 203//44 204//44 193//44
f 204//44 205//44 193//44
f 205//44 206//44 193//44
f 206//44 207//44 193//44
f 207//44 208//44 193//44
f 208//44 209//44 193//44
f 209//44 210//44 193//44
f 210//44 211//44 193//44
f 211//44 191//44 193//44
f 212//48 214//44 213//49
f 215//50 214//44 212//48
f 216//51 214//44 215//50
f 217//52 214//44 216//51
f 218//53 214//44 217//52
f 219//54 214//44 218//53
f 220//55 214//44 219//54
f 221//56 214//44 220//55
f 222//57 214//44 221//56
f 223//58 214//44 222//57
f 224//59 214//44 223//58
f 225//60 214//44 224//59
f 226//61 214//44 225//60
f 227//62 214//44 226//61
f 228//63 214//44 227//62
f 229//64 214//44 228//63
f 230//65 214//44 229//64
f 231//66 214//44 230//65
f 232//67 214//44 231//66
f 213//49 214//44 232//67
f 233//68 234//68 235//68
f 236//69 237//69 238//69
f 239//70 240//70 241//70
f 242//71 243//71 244//71
f 245//72 246//72 247//72
f 248//73 249//73 250//73
f 251//74 252//74 253//74
f 254//75 256//75 255//75
f 257//76 259//76 258//76
f 260//77 261//77 262//77
f 263//78 264//78 265//78
f 266//79 267//79 268//79
f 269//80 270//80 271//80
f 272//81 273//81 274//81
f 275//82 277//82 276//82
f 278//83 280//83 279//83
f 281//84 282//84 283//84
f 284//85 285//85 286//85
f 287//86 288//86 289//86
f 290//87 291//87 292//87
f 293//88 295//44 294//89
f 296//90 295//44 293//88
f 297//91 298//44 296//90
f 299//92 300//44 297//91
f 301//93 302//44 299//92
f 303//94 304//44 301//93
f 305//95 306//44 303//94
f 307//96 295//44 305//95
f 308//97 295//44 307//96
f 309//98 295//44 308//97
f 310//99 295//44 309//98
f 311//100 312//44 310//99
f 313//101 314//44 311//100
f 315//102 316//44 313//101
f 317//103 318//44 315//102
f 319//104 320//44 317//103
f 321//105 295//44 319//104
f 322//106 295//44 321//105
f 323//107 295//44 322//106
f 294//89 295//44 323//107
f 324//108 325//109 326//44
f 325//109 327//110 326//44
f 327//110 328//111 329//44
f 328//111 330//112 331//44
f 330//112 332//113 333//44
f 332//113 334//114 335//44
f 334//114 336//115 337//44
f 336//115 338//116 326//44
f 338//116 339//117 326//44
f 339//117 340//118 326//44
f 340//118 341//119 326//44
f 341//119 342//120 343//44
f 342//120 344//121 345//44
f 344//121 346//122 347//44
f 346//122 348//123 349//44
f 348//123 350//124 351//44
f 350//124 352//125 326//44
f 352//125 353//126 326//44
f 353//126 354//127 326//44
f 354//127 324//108 326//44
f 355//44 357//44 356//44
f 358//46 357//44 355//44
f 359//46 357//44 358//46
f 360//44 357//44 359//46
f 361//46 357//44 360//44
f 362//46 357//44 361//46
f 363//44 357//44 362//46
f 364//44 357//44 363//44
f 365//44 357//44 364//44
f 366//44 357//44 365//44
f 367//44 357//44 366//44
f 368//47 357//44 367//44
f 369//47 357//44 368//47
f 370//44 357//44 369//47
f 371//47 357//44 370//44
f 372//47 357//44 371//47
f 373//44 357//44 372//47
f 374//44 357//44 373//44
f 375//44 357//44 374//44
f 356//44 357//44 375//44
f 376//44 377//44 378//44
f 377//44 379//47 378//44
f 379//47 380//44 378//44
f 380//44 381//44 378//44
f 381//44 382//44 378//44
f 382//44 383//44 378//44
f 383//44 384//44 378//44
f 384//44 385//44 378//44
f 385//44 386//44 378//44
f 386//44 387//44 378//44
f 387//44 388//44 378//44
f 388//44 389//46 378//44
f 389//46 390//44 378//44
f 390//44 391//44 378//44
f 391//44 392//44 378//44
f 392//44 393//44 378//44
f 393//44 394//44 378//44
f 394//44 395//44 378//44
f 395//44 396//44 378//44
f 396//44 376//44 378//44
f 397//128 399//129 398//128
f 400//128 397//128 398//128
f 401//128 400//128 398//128
f 402//128 401//128 398//128
f 403//128 402//128 398//128
f 404//128 403//128 398//128
f 405//128 404//128 398//128
f 406//128 405//128 398//128
f 407//128 406//128 398//128
f 408//128 407//128 398//128
f 409//128 408//128 398//128
f 410//128 409//128 398//128
f 411//128 410//128 398//128
f 412//128 411//128 398//128
f 413//128 412//128 398//128
f 414//128 413//128 398//128
f 415//128 414//128 398//128
f 416//130 415//128 398//128
f 417//128 416//130 398//128
f 399//129 417//128 398//128
f 418//128 419//128 420//128
f 421//128 419//128 422//128
f 422//128 419//128 423//128
f 424//128 419//128 425//128
f 425//128 419//128 426//128
f 426//128 419//128 427//128
f 427//128 419//128 428//128
f 429//128 419//128 430//128
f 430//128 419//128 431//128
f 432//131 419//128 433//128
f 433//128 419//128 434//128
f 434//128 419//128 418//128
f 435//128 436//128 437//128
f 435//128 438//128 436//128
f 435//128 439//132 438//128
f 440//133 441//134 442//135
f 440//133 443//136 441//134
f 440//133 444//137 443//136
f 445//128 446//130 447//138
f 445//128 448//130 446//130
f 445//128 449//128 448//130
f 450//139 451//140 452//141
f 450//139 453//142 451//140
f 450//139 454//143 453//142
f 455//128 456//129 457//128
f 455//128 458//129 456//129
f 455//128 459//138 458//129
f 460//144 461//145 462//146
f 460//144 463//147 461//145
f 460//144 464//148 463//147
f 465//128 466//128 467//149
f 465//128 468//128 466//128
f 465//128 469//128 468//128
f 470//150 471//151 472//152
f 470//150 473//153 471//151
f 470//150 474//154 473//153
f 475//44 477//44 476//44
f 478//44 475//44 476//44
f 479//44 478//44 476//44
f 480//44 479//44 476//44
f 481//44 480//44 476//44
f 482//44 481//44 476//44
f 483//44 482//44 476//44
f 484//44 483//44 476//44
f 485//44 484//44 476//44
f 486//44 485//44 476//44
f 487//44 486//44 476//44
f 488//44 487//44 476//44
f 489//44 488//44 476//44
f 490//44 489//44 476//44
f 491//44 490//44 476//44
f 492//44 491//44 476//44
f 493//44 492//44 476//44
f 494//44 493//44 476//44
f 495//44 494//44 476//44
f 477//44 495//44 476//44
f 496//44 497//44 498//44
f 498//44 497//44 499//44
f 499//44 497//44 500//44
f 500//44 497//44 501//44
f 501//44 497//44 502//44
f 502//44 497//44 503//44
f 503//44 497//44 504//44
f 504//44 497//44 505//44
f 505//44 497//44 506//44
f 506//44 497//44 507//44
f 507//44 497//44 508//44
f 508//44 497//44 509//44
f 509//44 497//44 510//44
f 510//44 497//44 511//44
f 511//44 497//44 512//44
f 512//44 497//44 513//44
f 513//44 497//44 514//44
f 514//44 497//44 515//44
f 515//44 497//44 516//44
f 516//44 497//44 496//44
f 517//155 519//156 518//44
f 520//157 517//155 518//44
f 521//93 520//157 522//44
f 523//158 521//93 524//44
f 525//159 523//158 526//44
f 527//160 525//159 528//44
f 529//161 527//160 530//44
f 531//162 529//161 518//44
f 532//163 531//162 518//44
f 533//164 532//163 518//44
f 534//165 533//164 518//44
f 535//166 534//165 536//44
f 537//167 535//166 538//44
f 539//168 537//167 540//44
f 541//169 539//168 542//44
f 543//170 541//169 544//44
f 545//171 543//170 518//44
f 546//172 545//171 518//44
f 547//173 546//172 518//44
f 519//156 547//173 518//44
f 548//174 549//44 550//175
f 550//175 549//44 551//176
f 551//176 552//44 553//113
f 553//113 554//44 555//112
f 555//112 556//44 557//177
f 557//177 558//44 559//110
f 559//110 560//44 561//178
f 561//178 549//44 562//108
f 562//108 549//44 563//127
f 563//127 549//44 564//179
f 564//179 549//44 565//125
f 565//125 566//44 567//180
f 567//180 568//44 569//123
f 569//123 570//44 571//122
f 571//122 572//44 573//121
f 573//121 574//46 575//181
f 575//181 549//44 576//119
f 576//119 549//44 577//118
f 577//118 549//44 578//117
f 578//117 549//44 548//174
f 579//46 581//44 580//44
f 582//46 579//46 580//44
f 583//46 582//46 580//44
f 584//44 583//46 580//44
f 585//46 584//44 580//44
f 586//47 585//46 580//44
f 587//47 586//47 580//44
f 588//47 587//47 580//44
f 589//44 588//47 580//44
f 590//44 589//44 580//44
f 591//47 590//44 580//44
f 592//47 591//47 580//44
f 593//47 592//47 580//44
f 594//44 593//47 580//44
f 595//47 594//44 580//44
f 596//46 595//47 580//44
f 597//46 596//46 580//44
f 598//46 597//46 580//44
f 599//44 598//46 580//44
f 581//44 599//44 580//44
f 600//44 601//44 602//44
f 602//44 601//44 603//44
f 603//44 601//44 604//44
f 604//44 601//44 605//44
f 605//44 601//44 606//44
f 606//44 601//44 607//44
f 607//44 601//44 608//44
f 608//44 601//44 609//44
f 609//44 601//44 610//44
f 610//44 601//44 611//44
f 611//44 601//44 612//44
f 612//44 601//44 613//44
f 613//44 601//44 614//44
f 614//44 601//44 615//44
f 615//44 601//44 616//44
f 616//44 601//44 617//44
f 617//44 601//44 618//44
f 618//44 601//44 619//44
f 619//44 601//44 620//44
f 620//44 601//44 600//44
f 621//128 623//128 622//130
f 624//128 623//128 621//128
f 625//128 623//128 624//128
f 626//128 623//128 625//128
f 627//128 623//128 626//128
f 628//128 623//128 627//128
f 629//128 623//128 628//128
f 630//128 623//128 629//128
f 631//128 623//128 630//128
f 632//128 623//128 631//128
f 633//128 623//128 632//128
f 634//128 623//128 633//128
f 635//128 623//128 634//128
f 636//128 623//128 635//128
f 637//128 623//128 636//128
f 638//128 623//128 637//128
f 639//128 623//128 638//128
f 640//129 623//128 639//128
f 641//128 623//128 640//129
f 622//130 623//128 641//128
f 642//128 643//128 644//128
f 645//131 646//128 644//128
f 646//128 647//128 644//128
f 648//128 649//128 644//128
f 649//128 650//128 644//128
f 650//128 651//128 644//128
f 651//128 652//128 644//128
f 653//128 654//128 644//128
f 654//128 655//128 644//128
f 656//128 657//128 644//128
f 657//128 658//128 644//128
f 658//128 642//128 644//128
f 659//128 660//128 661//128
f 659//128 661//128 662//128
f 659//128 662//128 663//132
f 664//150 665//154 666//153
f 664//150 666//153 667//182
f 664//150 667//182 668//152
f 669//128 670//138 671//129
f 669//128 671//129 672//129
f 669//128 672//129 673//128
f 674//144 675//148 676//183
f 674//144 676//183 677//184
f 674//144 677//184 678//185
f 679//128 680//186 681//130
f 679//128 681//130 682//130
f 679//128 682//130 683//138
f 684//139 685//187 686//188
f 684//139 686//188 687//189
f 684//139 687//189 688//141
f 689//128 690//149 691//128
f 689//128 691//128 692//128
f 689//128 692//128 693//128
f 694//133 695//137 696//136
f 694//133 696//136 697//134
f 694//133 697//134 698//135
f 699//128 701//128 700//130
f 702//128 701//128 699//128
f 703//128 701//128 702//128
f 704//128 701//128 703//128
f 705//128 701//128 704//128
f 706//128 701//128 705//128
f 707//190 701//128 706//128
f 708//191 701//128 707//190
f 709//149 701//128 708//191
f 710//192 701//128 709//149
f 711//130 701//128 710//192
f 712//128 701//128 711//130
f 713//128 701//128 712//128
f 714//128 701//128 713//128
f 715//128 701//128 714//128
f 716//128 701//128 715//128
f 717//128 701//128 716//128
f 718//129 701//128 717//128
f 719//128 701//128 718//129
f 700//130 701//128 719//128
f 720//193 721//194 722//128
f 721//194 723//195 722//128
f 723//195 724//196 722//128
f 724//196 725//197 722//128
f 725//197 726//198 722//128
f 726//198 727//199 722//128
f 727//199 728//200 722//128
f 728//200 729//201 722//128
f 729//201 730//202 722//128
f 730//202 731//203 722//128
f 731//203 732//204 722//128
f 732//204 733//205 722//128
f 733//205 734//206 722//128
f 734//206 735//207 722//128
f 735//207 736//208 722//128
f 736//208 737//209 722//128
f 737//209 738//210 722//128
f 738//210 739//211 722//128
f 739//211 740//212 722//128
f 740//212 720//193 722//128
f 741//128 743//129 742//128
f 744//128 741//128 742//128
f 745//128 744//128 742//128
f 746//128 745//128 742//128
f 747//128 746//128 742//128
f 748//128 747//128 742//128
f 749//130 748//128 742//128
f 750//192 749//130 742//128
f 751//131 750//192 742//128
f 752//190 751//131 742//128
f 753//190 752//190 742//128
f 754//128 753//190 742//128
f 755//128 754//128 742//128
f 756//128 755//128 742//128
f 757//128 756//128 742//128
f 758//128 757//128 742//128
f 759//128 758//128 742//128
f 760//130 759//128 742//128
f 761//128 760//130 742//128
f 743//129 761//128 742//128
f 762//213 763//128 764//214
f 764//214 763//128 765//215
f 765//215 763//128 766//216
f 766//216 763//128 767//217
f 767//217 763//128 768//218
f 768//218 763//128 769//205
f 769//205 763//128 770//204
f 770//204 763//128 771//203
f 771//203 763//128 772//202
f 772//202 763//128 773//201
f 773//201 763//128 774//219
f 774//219 763//128 775//220
f 775//220 763//128 776//198
f 776//198 763//128 777//221
f 777//221 763//128 778//222
f 778//222 763//128 779//223
f 779//223 763//128 780//224
f 780//224 763//128 781//225
f 781//225 763//128 782//212
f 782//212 763//128 762//213
f 783//44 785//44 784//44
f 786//44 785//44 783//44
f 787//44 785//44 786//44
f 788//44 785//44 787//44
f 789//44 785//44 788//44
f 790//44 785//44 789//44
f 791//44 785//44 790//44
f 792//44 785//44 791//44
f 793//44 785//44 792//44
f 794//44 785//44 793//44
f 795//44 785//44 794//44
f 796//44 785//44 795//44
f 797//44 785//44 796//44
f 798//44 785//44 797//44
f 799//44 785//44 798//44
f 800//44 785//44 799//44
f 801//44 785//44 800//44
f 802//44 785//44 801//44
f 803//44 785//44 802//44
f 784//44 785//44 803//44
f 804//44 805//44 806//44
f 805//44 807//44 806//44
f 807//44 808//44 806//44
f 808//44 809//44 806//44
f 809//44 810//44 806//44
f 810//44 811//44 806//44
f 811//44 812//44 806//44
f 812//44 813//44 806//44
f 813//44 814//44 806//44
f 814//44 815//44 806//44
f 815//44 816//44 806//44
f 816//44 817//44 806//44
f 817//44 818//44 806//44
f 818//44 819//44 806//44
f 819//44 820//44 806//44
f 820//44 821//44 806//44
f 821//44 822//44 806//44
f 822//44 823//44 806//44
f 823//44 824//44 806//44
f 824//44 804//44 806//44
f 825//226 827//44 826//227
f 828//228 827//44 825//226
f 829//91 830//44 828//228
f 831//158 832//44 829//91
f 833//229 834//44 831//158
f 835//230 836//44 833//229
f 837//231 838//44 835//230
f 839//232 827//44 837//231
f 840//97 827//44 839//232
f 841//98 827//44 840//97
f 842//233 827//44 841//98
f 843//100 844//44 842//233
f 845//234 846//44 843//100
f 847//168 848//44 845//234
f 849//235 850//44 847//168
f 851//236 852//44 849//235
f 853//237 827//44 851//236
f 854//106 827//44 853//237
f 855//238 827//44 854//106
f 826//227 827//44 855//238
f 856//108 857//239 858//44
f 857//239 859//240 858//44
f 859//240 860//177 861//44
f 860//177 862//112 863//44
f 862//112 864//113 865//44
f 864//113 866//241 867//44
f 866//241 868//242 869//44
f 868//242 870//174 858//44
f 870//174 871//117 858//44
f 871//117 872//118 858//44
f 872//118 873//119 858//44
f 873//119 874//243 875//44
f 874//243 876//121 877//44
f 876//121 878//122 879//44
f 878//122 880//123 881//44
f 880//123 882//124 883//46
f 882//124 884//244 858//44
f 884//244 885//179 858//44
f 885//179 886//127 858//44
f 886//127 856//108 858//44
f 887//46 889//44 888//44
f 890//46 889//44 887//46
f 891//46 889//44 890//46
f 892//44 889//44 891//46
f 893//46 889//44 892//44
f 894//47 889//44 893//46
f 895//47 889//44 894//47
f 896//47 889//44 895//47
f 897//44 889//44 896//47
f 898//44 889//44 897//44
f 899//47 889//44 898//44
f 900//47 889//44 899//47
f 901//47 889//44 900//47
f 902//44 889//44 901//47
f 903//47 889//44 902//44
f 904//46 889//44 903//47
f 905//46 889//44 904//46
f 906//46 889//44 905//46
f 907//44 889//44 906//46
f 888//44 889//44 907//44
f 908//44 909//44 910//44
f 909//44 911//44 910//44
f 911//44 912//44 910//44
f 912//44 913//44 910//44
f 913//44 914//44 910//44
f 914//44 915//44 910//44
f 915//44 916//44 910//44
f 916//44 917//44 910//44
f 917//44 918//44 910//44
f 918//44 919//44 910//44
f 919//44 920//44 910//44
f 920//44 921//44 910//44
f 921//44 922//44 910//44
f 922//44 923//44 910//44
f 923//44 924//44 910//44
f 924//44 925//44 910//44
f 925//44 926//44 910//44
f 926//44 927//44 910//44
f 927//44 928//44 910//44
f 928//44 908//44 910//44
f 929//44 931//44 930//44
f 930//44 931//44 932//44
f 932//44 931//44 933//44
f 933//44 931//44 934//44
f 934//44 931//44 935//44
f 935//44 931//44 936//44
f 936//44 931//44 937//44
f 937//44 931//44 938//44
f 938//44 931//44 939//44
f 939//44 931//44 940//44
f 940//44 931//44 941//44
f 941//44 931//44 942//44
f 942//44 931//44 943//44
f 943//44 931//44 944//44
f 944//44 931//44 945//44
f 945//44 931//44 946//44
f 946//44 931//44 947//44
f 947//44 931//44 948//44
f 948//44 931//44 949//44
f 949//44 931//44 929//44
f 950//44 951//44 952//44
f 953//44 950//44 952//44
f 954//44 953//44 952//44
f 955//44 954//44 952//44
f 956//44 955//44 952//44
f 957//44 956//44 952//44
f 958//44 957//44 952//44
f 959//44 958//44 952//44
f 960//44 959//44 952//44
f 961//44 960//44 952//44
f 962//44 961//44 952//44
f 963//44 962//44 952//44
f 964//44 963//44 952//44
f 965//44 964//44 952//44
f 966//44 965//44 952//44
f 967//44 966//44 952//44
f 968//44 967//44 952//44
f 969//44 968//44 952//44
f 970//44 969//44 952//44
f 951//44 970//44 952//44
f 971//245 972//246 973//247
f 971//245 973//247 974//248
f 972//246 48//7 975//249
f 972//246 975//249 973//247
f 976//250 45//4 977//251
f 976//250 977//251 978//252
f 977//251 979//253 980//254
f 977//251 980//254 978//252
f 979//253 981//255 982//256
f 979//253 982//256 980//254
f 981//255 58//13 983//257
f 981//255 983//257 982//256
f 984//258 55//10 985//259
f 984//258 985//259 986//260
f 985//259 987//261 988//262
f 985//259 988//262 986//260
f 987//261 989//263 990//44
f 987//261 990//44 988//262
f 989//263 991//264 992//265
f 989//263 992//265 990//44
f 991//264 993//266 994//267
f 991//264 994//267 992//265
f 993//266 68//18 995//268
f 993//266 995//268 994//267
f 996//269 65//15 997//270
f 996//269 997//270 998//271
f 997//270 999//272 1000//273
f 997//270 1000//273 998//271
f 999//272 1001//274 1002//275
f 999//272 1002//275 1000//273
f 1001//274 78//23 1003//276
f 1001//274 1003//276 1002//275
f 1004//277 75//20 1005//278
f 1004//277 1005//278 1006//279
f 1005//278 1007//280 1008//281
f 1005//278 1008//281 1006//279
f 1007//280 1009//282 1010//45
f 1007//280 1010//45 1008//281
f 1009//282 1011//283 1012//284
f 1009//282 1012//284 1010//45
f 23//1 40//1 39//1
f 23//1 39//1 24//1
f 27//1 50//8 49//1
f 27//1 49//1 24//1
f 32//1 60//1 59//1
f 32//1 59//1 24//1
f 35//1 70//2 69//1
f 35//1 69//1 24//1
f 1013//285 1014//286 972//246
f 1013//285 972//246 971//245
f 1015//287 1016//288 979//253
f 1015//287 979//253 977//251
f 1016//288 1017//289 981//255
f 1016//288 981//255 979//253
f 1018//290 1019//291 987//261
f 1018//290 987//261 985//259
f 1019//291 1020//292 989//263
f 1019//291 989//263 987//261
f 1020//292 1021//293 991//264
f 1020//292 991//264 989//263
f 1021//293 1022//294 993//266
f 1021//293 993//266 991//264
f 1023//295 1024//296 999//272
f 1023//295 999//272 997//270
f 1024//296 1025//297 1001//274
f 1024//296 1001//274 999//272
f 1026//298 1027//299 1007//280
f 1026//298 1007//280 1005//278
f 1027//299 1028//300 1009//282
f 1027//299 1009//282 1007//280
f 1028//300 1029//301 1011//283
f 1028//300 1011//283 1009//282
f 39//1 43//2 25//1
f 39//1 25//1 24//1
f 49//1 53//1 28//1
f 49//1 28//1 24//1
f 59//1 63//8 33//1
f 59//1 33//1 24//1
f 69//1 73//1 36//1
f 69//1 36//1 24//1
f 976//250 1030//302 46//5
f 976//250 46//5 45//4
f 1030//302 1031//303 47//6
f 1030//302 47//6 46//5
f 1031//303 975//249 48//7
f 1031//303 48//7 47//6
f 984//258 1032//304 56//11
f 984//258 56//11 55//10
f 1032//304 1033//305 57//12
f 1032//304 57//12 56//11
f 1033//305 983//257 58//13
f 1033//305 58//13 57//12
f 996//269 1034//306 66//16
f 996//269 66//16 65//15
f 1034//306 1035//307 67//17
f 1034//306 67//17 66//16
f 1035//307 995//268 68//18
f 1035//307 68//18 67//17
f 1004//277 1036//308 76//21
f 1004//277 76//21 75//20
f 1036//308 1037//309 77//22
f 1036//308 77//22 76//21
f 1037//309 1003//276 78//23
f 1037//309 78//23 77//22
f 1038//310 1039//311 1040//312
f 1038//310 1040//312 1041//313
f 1039//311 1042//314 1043//315
f 1039//311 1043//315 1040//312
f 1042//314 1044//316 1045//317
f 1042//314 1045//317 1043//315
f 1044//316 1046//254 1047//318
f 1044//316 1047//318 1045//317
f 1046//254 1048//319 1049//320
f 1046//254 1049//320 1047//318
f 1048//319 1050//321 1051//322
f 1048//319 1051//322 1049//320
f 1050//321 1052//323 1053//324
f 1050//321 1053//324 1051//322
f 1052//323 1054//325 1055//326
f 1052//323 1055//326 1053//324
f 1054//325 1056//44 1057//327
f 1054//325 1057//327 1055//326
f 1056//44 1058//328 1059//329
f 1056//44 1059//329 1057//327
f 1058//328 1060//330 1061//331
f 1058//328 1061//331 1059//329
f 1060//330 1062//332 1063//333
f 1060//330 1063//333 1061//331
f 1062//332 1064//334 1065//335
f 1062//332 1065//335 1063//333
f 1064//334 1066//273 1067//336
f 1064//334 1067//336 1065//335
f 1066//273 1068//337 1069//338
f 1066//273 1069//338 1067//336
f 1068//337 1070//339 1071//340
f 1068//337 1071//340 1069//338
f 1070//339 1072//341 1073//342
f 1070//339 1073//342 1071//340
f 1072//341 1074//343 1075//344
f 1072//341 1075//344 1073//342
f 1074//343 1076//45 1077//345
f 1074//343 1077//345 1075//344
f 1076//45 1078//346 1079//347
f 1076//45 1079//347 1077//345
f 1079//347 1080//348 1081//349
f 1079//347 1081//349 1077//345
f 1082//350 100//24 120//43
f 1082//350 120//43 1083//351
f 100//24 1082//350 1084//352
f 100//24 1084//352 101//25
f 1085//353 1041//313 1040//312
f 1085//353 1040//312 1086//354
f 101//25 1084//352 1087//355
f 101//25 1087//355 103//26
f 1086//354 1040//312 1043//315
f 1086//354 1043//315 1088//356
f 103//26 1087//355 1089//357
f 103//26 1089//357 104//27
f 1088//356 1043//315 1045//317
f 1088//356 1045//317 1090//358
f 104//27 1089//357 1091//359
f 104//27 1091//359 105//28
f 1090//358 1045//317 1047//318
f 1090//358 1047//318 1092//360
f 105//28 1091//359 1093//361
f 105//28 1093//361 106//29
f 1092//360 1047//318 1049//320
f 1092//360 1049//320 1094//362
f 106//29 1093//361 1095//363
f 106//29 1095//363 107//30
f 1094//362 1049//320 1051//322
f 1094//362 1051//322 1096//364
f 107//30 1095//363 1097//365
f 107//30 1097//365 108//31
f 1096//364 1051//322 1053//324
f 1096//364 1053//324 1098//366
f 108//31 1097//365 1099//367
f 108//31 1099//367 109//32
f 1098//366 1053//324 1055//326
f 1098//366 1055//326 1100//368
f 109//32 1099//367 1101//369
f 109//32 1101//369 110//33
f 1100//368 1055//326 1057//327
f 1100//368 1057//327 1102//370
f 110//33 1101//369 1103//371
f 110//33 1103//371 111//34
f 1102//370 1057//327 1059//329
f 1102//370 1059//329 1104//372
f 111//34 1103//371 1105//373
f 111//34 1105//373 112//35
f 1104//372 1059//329 1061//331
f 1104//372 1061//331 1106//374
f 112//35 1105//373 1107//375
f 112//35 1107//375 113//36
f 1106//374 1061//331 1063//333
f 1106//374 1063//333 1108//376
f 113//36 1107//375 1109//377
f 113//36 1109//377 114//37
f 1108//376 1063//333 1065//335
f 1108//376 1065//335 1110//378
f 114//37 1109//377 1111//379
f 114//37 1111//379 115//38
f 1110//378 1065//335 1067//336
f 1110//378 1067//336 1112//380
f 115//38 1111//379 1113//381
f 115//38 1113//381 116//39
f 1112//380 1067//336 1069//338
f 1112//380 1069//338 1114//382
f 116//39 1113//381 1115//383
f 116//39 1115//383 117//40
f 1114//382 1069//338 1071//340
f 1114//382 1071//340 1116//384
f 117//40 1115//383 1117//385
f 117//40 1117//385 118//41
f 1116//384 1071//340 1073//342
f 1116//384 1073//342 1118//386
f 118//41 1117//385 1119//387
f 118//41 1119//387 119//42
f 1118//386 1073//342 1075//344
f 1118//386 1075//344 1120//388
f 119//42 1119//387 1083//351
f 119//42 1083//351 120//43
f 1120//388 1075//344 1077//345
f 1120//388 1077//345 1081//349
f 1121//343 1122//45 1123//45
f 1121//343 1123//45 1124//343
f 1125//341 1121//343 1124//343
f 1125//341 1124//343 1126//341
f 1127//339 1125//341 1126//341
f 1127//339 1126//341 1128//339
f 1129//337 1127//339 1128//339
f 1129//337 1128//339 1130//337
f 1131//273 1129//337 1130//337
f 1131//273 1130//337 1132//273
f 1133//334 1131//273 1132//273
f 1133//334 1132//273 1134//334
f 1135//389 1133//334 1134//334
f 1135//389 1134//334 1136//389
f 1137//390 1135//389 1136//389
f 1137//390 1136//389 1138//390
f 1139//328 1137//390 1138//390
f 1139//328 1138//390 1140//328
f 1141//47 1139//328 1140//328
f 1141//47 1140//328 1142//44
f 1143//325 1141//47 1142//44
f 1143//325 1142//44 1144//391
f 1145//323 1143//325 1144//391
f 1145//323 1144//391 1146//323
f 1147//321 1145//323 1146//323
f 1147//321 1146//323 1148//321
f 1149//392 1147//321 1148//321
f 1149//392 1148//321 1150//319
f 1151//254 1149//392 1150//319
f 1151//254 1150//319 1152//254
f 1153//393 1151//254 1152//254
f 1153//393 1152//254 1154//393
f 1155//394 1153//393 1154//393
f 1155//394 1154//393 1156//314
f 1157//311 1155//394 1156//314
f 1157//311 1156//314 1158//311
f 1159//310 1157//311 1158//311
f 1159//310 1158//311 1160//310
f 1122//45 1161//346 1162//346
f 1122//45 1162//346 1123//45
f 1163//395 1164//396 1165//397
f 1163//395 1165//397 1166//398
f 1167//399 1163//395 1166//398
f 1167//399 1166//398 1168//399
f 1169//44 1167//399 1168//399
f 1169//44 1168//399 1170//44
f 1171//400 1169//44 1170//44
f 1171//400 1170//44 1172//400
f 1173//401 1171//400 1172//400
f 1173//401 1172//400 1174//402
f 1175//403 1173//401 1174//402
f 1175//403 1174//402 1176//403
f 1177//404 1175//403 1176//403
f 1177//404 1176//403 1178//404
f 1179//405 1177//404 1178//404
f 1179//405 1178//404 1180//405
f 1181//406 1179//405 1180//405
f 1181//406 1180//405 1182//406
f 1183//407 1181//406 1182//406
f 1183//407 1182//406 1184//408
f 1185//409 1183//407 1184//408
f 1185//409 1184//408 1186//410
f 1187//411 1185//409 1186//410
f 1187//411 1186//410 1188//411
f 1189//45 1190//412 1191//412
f 1189//45 1191//412 1192//45
f 1193//413 1189//45 1192//45
f 1193//413 1192//45 1194//413
f 1195//414 1193//413 1194//413
f 1195//414 1194//413 1196//415
f 1197//416 1195//414 1196//415
f 1197//416 1196//415 1198//417
f 1199//418 1197//416 1198//417
f 1199//418 1198//417 1200//419
f 1201//420 1199//418 1200//419
f 1201//420 1200//419 1202//420
f 1203//421 1201//420 1202//420
f 1203//421 1202//420 1204//422
f 1164//396 1203//421 1204//422
f 1164//396 1204//422 1165//397
f 1205//423 1206//397 1164//396
f 1205//423 1164//396 1163//395
f 1207//399 1205//423 1163//395
f 1207//399 1163//395 1167//399
f 1208//44 1207//399 1167//399
f 1208//44 1167//399 1169//44
f 1209//400 1208//44 1169//44
f 1209//400 1169//44 1171//400
f 1210//401 1209//400 1171//400
f 1210//401 1171//400 1173//401
f 1211//403 1210//401 1173//401
f 1211//403 1173//401 1175//403
f 1212//404 1211//403 1175//403
f 1212//404 1175//403 1177//404
f 1213//405 1212//404 1177//404
f 1213//405 1177//404 1179//405
f 1214//406 1213//405 1179//405
f 1214//406 1179//405 1181//406
f 1215//407 1214//406 1181//406
f 1215//407 1181//406 1183//407
f 1216//409 1215//407 1183//407
f 1216//409 1183//407 1185//409
f 1217//411 1216//409 1185//409
f 1217//411 1185//409 1187//411
f 1218//45 1219//412 1190//412
f 1218//45 1190//412 1189//45
f 1220//413 1218//45 1189//45
f 1220//413 1189//45 1193//413
f 1221//414 1220//413 1193//413
f 1221//414 1193//413 1195//414
f 1222//417 1221//414 1195//414
f 1222//417 1195//414 1197//416
f 1223//418 1222//417 1197//416
f 1223//418 1197//416 1199//418
f 1224//420 1223//418 1199//418
f 1224//420 1199//418 1201//420
f 1225//421 1224//420 1201//420
f 1225//421 1201//420 1203//421
f 1206//397 1225//421 1203//421
f 1206//397 1203//421 1164//396
f 1226//398 1227//396 1206//397
f 1226//398 1206//397 1205//423
f 1228//399 1226//398 1205//423
f 1228//399 1205//423 1207//399
f 1229//44 1228//399 1207//399
f 1229//44 1207//399 1208//44
f 1230//400 1229//44 1208//44
f 1230//400 1208//44 1209//400
f 1231//402 1230//400 1209//400
f 1231//402 1209//400 1210//401
f 1232//403 1231//402 1210//401
f 1232//403 1210//401 1211//403
f 1233//404 1232//403 1211//403
f 1233//404 1211//403 1212//404
f 1234//405 1233//404 1212//404
f 1234//405 1212//404 1213//405
f 1235//406 1234//405 1213//405
f 1235//406 1213//405 1214//406
f 1236//407 1235//406 1214//406
f 1236//407 1214//406 1215//407
f 1237//424 1236//407 1215//407
f 1237//424 1215//407 1216//409
f 1238//411 1237//424 1216//409
f 1238//411 1216//409 1217//411
f 1239//45 1240//412 1219//412
f 1239//45 1219//412 1218//45
f 1241//413 1239//45 1218//45
f 1241//413 1218//45 1220//413
f 1242//415 1241//413 1220//413
f 1242//415 1220//413 1221//414
f 1243//416 1242//415 1221//414
f 1243//416 1221//414 1222//417
f 1244//419 1243//416 1222//417
f 1244//419 1222//417 1223//418
f 1245//420 1244//419 1223//418
f 1245//420 1223//418 1224//420
f 1246//421 1245//420 1224//420
f 1246//421 1224//420 1225//421
f 1227//396 1246//421 1225//421
f 1227//396 1225//421 1206//397
f 1247//423 1248//397 1227//396
f 1247//423 1227//396 1226//398
f 1249//399 1247//423 1226//398
f 1249//399 1226//398 1228//399
f 1250//44 1249//399 1228//399
f 1250//44 1228//399 1229//44
f 1251//400 1250//44 1229//44
f 1251//400 1229//44 1230//400
f 1252//402 1251//400 1230//400
f 1252//402 1230//400 1231//402
f 1253//425 1252//402 1231//402
f 1253//425 1231//402 1232//403
f 1254//404 1253//425 1232//403
f 1254//404 1232//403 1233//404
f 1255//405 1254//404 1233//404
f 1255//405 1233//404 1234//405
f 1256//406 1255//405 1234//405
f 1256//406 1234//405 1235//406
f 1257//426 1256//406 1235//406
f 1257//426 1235//406 1236//407
f 1258//409 1257//426 1236//407
f 1258//409 1236//407 1237//424
f 1259//427 1258//409 1237//424
f 1259//427 1237//424 1238//411
f 1260//45 1261//412 1240//412
f 1260//45 1240//412 1239//45
f 1262//413 1260//45 1239//45
f 1262//413 1239//45 1241//413
f 1263//428 1262//413 1241//413
f 1263//428 1241//413 1242//415
f 1264//417 1263//428 1242//415
f 1264//417 1242//415 1243//416
f 1265//418 1264//417 1243//416
f 1265//418 1243//416 1244//419
f 1266//420 1265//418 1244//419
f 1266//420 1244//419 1245//420
f 1267//422 1266//420 1245//420
f 1267//422 1245//420 1246//421
f 1248//397 1267//422 1246//421
f 1248//397 1246//421 1227//396
f 1268//398 1269//396 1248//397
f 1268//398 1248//397 1247//423
f 1270//399 1268//398 1247//423
f 1270//399 1247//423 1249//399
f 1271//44 1270//399 1249//399
f 1271//44 1249//399 1250//44
f 1272//400 1271//44 1250//44
f 1272//400 1250//44 1251//400
f 1273//429 1272//400 1251//400
f 1273//429 1251//400 1252//402
f 1274//403 1273//429 1252//402
f 1274//403 1252//402 1253//425
f 1275//404 1274//403 1253//425
f 1275//404 1253//425 1254//404
f 1276//405 1275//404 1254//404
f 1276//405 1254//404 1255//405
f 1277//430 1276//405 1255//405
f 1277//430 1255//405 1256//406
f 1278//407 1277//430 1256//406
f 1278//407 1256//406 1257//426
f 1279//424 1278//407 1257//426
f 1279//424 1257//426 1258//409
f 1280//411 1279//424 1258//409
f 1280//411 1258//409 1259//427
f 1281//45 1282//412 1261//412
f 1281//45 1261//412 1260//45
f 1283//413 1281//45 1260//45
f 1283//413 1260//45 1262//413
f 1284//415 1283//413 1262//413
f 1284//415 1262//413 1263//428
f 1285//416 1284//415 1263//428
f 1285//416 1263//428 1264//417
f 1286//418 1285//416 1264//417
f 1286//418 1264//417 1265//418
f 1287//420 1286//418 1265//418
f 1287//420 1265//418 1266//420
f 1288//421 1287//420 1266//420
f 1288//421 1266//420 1267//422
f 1269//396 1288//421 1267//422
f 1269//396 1267//422 1248//397
f 1289//423 1290//397 1269//396
f 1289//423 1269//396 1268//398
f 1291//399 1289//423 1268//398
f 1291//399 1268//398 1270//399
f 1292//44 1291//399 1270//399
f 1292//44 1270//399 1271//44
f 1293//400 1292//44 1271//44
f 1293//400 1271//44 1272//400
f 1294//402 1293//400 1272//400
f 1294//402 1272//400 1273//429
f 1295//425 1294//402 1273//429
f 1295//425 1273//429 1274//403
f 1296//431 1295//425 1274//403
f 1296//431 1274//403 1275//404
f 1297//405 1296//431 1275//404
f 1297//405 1275//404 1276//405
f 1298//406 1297//405 1276//405
f 1298//406 1276//405 1277//430
f 1299//426 1298//406 1277//430
f 1299//426 1277//430 1278//407
f 1300//409 1299//426 1278//407
f 1300//409 1278//407 1279//424
f 1301//427 1300//409 1279//424
f 1301//427 1279//424 1280//411
f 1302//45 1303//412 1282//412
f 1302//45 1282//412 1281//45
f 1304//413 1302//45 1281//45
f 1304//413 1281//45 1283//413
f 1305//414 1304//413 1283//413
f 1305//414 1283//413 1284//415
f 1306//417 1305//414 1284//415
f 1306//417 1284//415 1285//416
f 1307//418 1306//417 1285//416
f 1307//418 1285//416 1286//418
f 1308//420 1307//418 1286//418
f 1308//420 1286//418 1287//420
f 1309//421 1308//420 1287//420
f 1309//421 1287//420 1288//421
f 1290//397 1309//421 1288//421
f 1290//397 1288//421 1269//396
f 1310//398 1311//396 1290//397
f 1310//398 1290//397 1289//423
f 1312//399 1310//398 1289//423
f 1312//399 1289//423 1291//399
f 1313//44 1312//399 1291//399
f 1313//44 1291//399 1292//44
f 1314//400 1313//44 1292//44
f 1314//400 1292//44 1293//400
f 1315//401 1314//400 1293//400
f 1315//401 1293//400 1294//402
f 1316//403 1315//401 1294//402
f 1316//403 1294//402 1295//425
f 1317//404 1316//403 1295//425
f 1317//404 1295//425 1296//431
f 1318//405 1317//404 1296//431
f 1318//405 1296//431 1297//405
f 1319//406 1318//405 1297//405
f 1319//406 1297//405 1298//406
f 1320//407 1319//406 1298//406
f 1320//407 1298//406 1299//426
f 1321//409 1320//407 1299//426
f 1321//409 1299//426 1300//409
f 1322//427 1321//409 1300//409
f 1322//427 1300//409 1301//427
f 1323//45 1324//412 1303//412
f 1323//45 1303//412 1302//45
f 1325//413 1323//45 1302//45
f 1325//413 1302//45 1304//413
f 1326//428 1325//413 1304//413
f 1326//428 1304//413 1305//414
f 1327//416 1326//428 1305//414
f 1327//416 1305//414 1306//417
f 1328//419 1327//416 1306//417
f 1328//419 1306//417 1307//418
f 1329//420 1328//419 1307//418
f 1329//420 1307//418 1308//420
f 1330//422 1329//420 1308//420
f 1330//422 1308//420 1309//421
f 1311//396 1330//422 1309//421
f 1311//396 1309//421 1290//397
f 1331//398 1332//396 1311//396
f 1331//398 1311//396 1310//398
f 1333//399 1331//398 1310//398
f 1333//399 1310//398 1312//399
f 1334//44 1333//399 1312//399
f 1334//44 1312//399 1313//44
f 1335//400 1334//44 1313//44
f 1335//400 1313//44 1314//400
f 1336//402 1335//400 1314//400
f 1336//402 1314//400 1315//401
f 1337//425 1336//402 1315//401
f 1337//425 1315//401 1316//403
f 1338//404 1337//425 1316//403
f 1338//404 1316//403 1317//404
f 1339//405 1338//404 1317//404
f 1339//405 1317//404 1318//405
f 1340//406 1339//405 1318//405
f 1340//406 1318//405 1319//406
f 1341//407 1340//406 1319//406
f 1341//407 1319//406 1320//407
f 1342//409 1341//407 1320//407
f 1342//409 1320//407 1321//409
f 1343//411 1342//409 1321//409
f 1343//411 1321//409 1322//427
f 1344//45 1345//412 1324//412
f 1344//45 1324//412 1323//45
f 1346//413 1344//45 1323//45
f 1346//413 1323//45 1325//413
f 1347//428 1346//413 1325//413
f 1347//428 1325//413 1326//428
f 1348//416 1347//428 1326//428
f 1348//416 1326//428 1327//416
f 1349//418 1348//416 1327//416
f 1349//418 1327//416 1328//419
f 1350//420 1349//418 1328//419
f 1350//420 1328//419 1329//420
f 1351//421 1350//420 1329//420
f 1351//421 1329//420 1330//422
f 1332//396 1351//421 1330//422
f 1332//396 1330//422 1311//396
f 1352//398 1353//397 1332//396
f 1352//398 1332//396 1331//398
f 1354//399 1352//398 1331//398
f 1354//399 1331//398 1333//399
f 1355//44 1354//399 1333//399
f 1355//44 1333//399 1334//44
f 1356//400 1355//44 1334//44
f 1356//400 1334//44 1335//400
f 1357//402 1356//400 1335//400
f 1357//402 1335//400 1336//402
f 1358//403 1357//402 1336//402
f 1358//403 1336//402 1337//425
f 1359//404 1358//403 1337//425
f 1359//404 1337//425 1338//404
f 1360//405 1359//404 1338//404
f 1360//405 1338//404 1339//405
f 1361//430 1360//405 1339//405
f 1361//430 1339//405 1340//406
f 1362//407 1361//430 1340//406
f 1362//407 1340//406 1341//407
f 1363//424 1362//407 1341//407
f 1363//424 1341//407 1342//409
f 1364//411 1363//424 1342//409
f 1364//411 1342//409 1343//411
f 1365//45 1366//412 1345//412
f 1365//45 1345//412 1344//45
f 1367//413 1365//45 1344//45
f 1367//413 1344//45 1346//413
f 1368//428 1367//413 1346//413
f 1368//428 1346//413 1347//428
f 1369//416 1368//428 1347//428
f 1369//416 1347//428 1348//416
f 1370//418 1369//416 1348//416
f 1370//418 1348//416 1349//418
f 1371//420 1370//418 1349//418
f 1371//420 1349//418 1350//420
f 1372//421 1371//420 1350//420
f 1372//421 1350//420 1351//421
f 1353//397 1372//421 1351//421
f 1353//397 1351//421 1332//396
f 1373//398 1374//396 1353//397
f 1373//398 1353//397 1352//398
f 1375//399 1373//398 1352//398
f 1375//399 1352//398 1354//399
f 1376//44 1375//399 1354//399
f 1376//44 1354//399 1355//44
f 1377//400 1376//44 1355//44
f 1377//400 1355//44 1356//400
f 1378//429 1377//400 1356//400
f 1378//429 1356//400 1357//402
f 1379//425 1378//429 1357//402
f 1379//425 1357//402 1358//403
f 1380//431 1379//425 1358//403
f 1380//431 1358//403 1359//404
f 1381//405 1380//431 1359//404
f 1381//405 1359//404 1360//405
f 1382//430 1381//405 1360//405
f 1382//430 1360//405 1361//430
f 1383//408 1382//430 1361//430
f 1383//408 1361//430 1362//407
f 1384//410 1383//408 1362//407
f 1384//410 1362//407 1363//424
f 1385//411 1384//410 1363//424
f 1385//411 1363//424 1364//411
f 1386//45 1387//412 1366//412
f 1386//45 1366//412 1365//45
f 1388//413 1386//45 1365//45
f 1388//413 1365//45 1367//413
f 1389//428 1388//413 1367//413
f 1389//428 1367//413 1368//428
f 1390//416 1389//428 1368//428
f 1390//416 1368//428 1369//416
f 1391//418 1390//416 1369//416
f 1391//418 1369//416 1370//418
f 1392//420 1391//418 1370//418
f 1392//420 1370//418 1371//420
f 1393//421 1392//420 1371//420
f 1393//421 1371//420 1372//421
f 1374//396 1393//421 1372//421
f 1374//396 1372//421 1353//397
f 1394//423 1395//397 1374//396
f 1394//423 1374//396 1373//398
f 1396//399 1394//423 1373//398
f 1396//399 1373//398 1375//399
f 1397//44 1396//399 1375//399
f 1397//44 1375//399 1376//44
f 1398//400 1397//44 1376//44
f 1398//400 1376//44 1377//400
f 1399//402 1398//400 1377//400
f 1399//402 1377//400 1378//429
f 1400//403 1399//402 1378//429
f 1400//403 1378//429 1379//425
f 1401//404 1400//403 1379//425
f 1401//404 1379//425 1380//431
f 1402//405 1401//404 1380//431
f 1402//405 1380//431 1381//405
f 1403//406 1402//405 1381//405
f 1403//406 1381//405 1382//430
f 1404//426 1403//406 1382//430
f 1404//426 1382//430 1383//408
f 1405//409 1404//426 1383//408
f 1405//409 1383//408 1384//410
f 1406//411 1405//409 1384//410
f 1406//411 1384//410 1385//411
f 1407//45 1408//412 1387//412
f 1407//45 1387//412 1386//45
f 1409//413 1407//45 1386//45
f 1409//413 1386//45 1388//413
f 1410//428 1409//413 1388//413
f 1410//428 1388//413 1389//428
f 1411//416 1410//428 1389//428
f 1411//416 1389//428 1390//416
f 1412//418 1411//416 1390//416
f 1412//418 1390//416 1391//418
f 1413//420 1412//418 1391//418
f 1413//420 1391//418 1392//420
f 1414//421 1413//420 1392//420
f 1414//421 1392//420 1393//421
f 1395//397 1414//421 1393//421
f 1395//397 1393//421 1374//396
f 1415//398 1416//396 1395//397
f 1415//398 1395//397 1394//423
f 1417//399 1415//398 1394//423
f 1417//399 1394//423 1396//399
f 1418//44 1417//399 1396//399
f 1418//44 1396//399 1397//44
f 1419//400 1418//44 1397//44
f 1419//400 1397//44 1398//400
f 1420//402 1419//400 1398//400
f 1420//402 1398//400 1399//402
f 1421//403 1420//402 1399//402
f 1421//403 1399//402 1400//403
f 1422//404 1421//403 1400//403
f 1422//404 1400//403 1401//404
f 1423//405 1422//404 1401//404
f 1423//405 1401//404 1402//405
f 1424//406 1423//405 1402//405
f 1424//406 1402//405 1403//406
f 1425//407 1424//406 1403//406
f 1425//407 1403//406 1404//426
f 1426//424 1425//407 1404//426
f 1426//424 1404//426 1405//409
f 1427//411 1426//424 1405//409
f 1427//411 1405//409 1406//411
f 1428//45 1429//412 1408//412
f 1428//45 1408//412 1407//45
f 1430//413 1428//45 1407//45
f 1430//413 1407//45 1409//413
f 1431//414 1430//413 1409//413
f 1431//414 1409//413 1410//428
f 1432//416 1431//414 1410//428
f 1432//416 1410//428 1411//416
f 1433//418 1432//416 1411//416
f 1433//418 1411//416 1412//418
f 1434//420 1433//418 1412//418
f 1434//420 1412//418 1413//420
f 1435//421 1434//420 1413//420
f 1435//421 1413//420 1414//421
f 1416//396 1435//421 1414//421
f 1416//396 1414//421 1395//397
f 1436//423 1437//396 1416//396
f 1436//423 1416//396 1415//398
f 1438//399 1436//423 1415//398
f 1438//399 1415//398 1417//399
f 1439//44 1438//399 1417//399
f 1439//44 1417//399 1418//44
f 1440//400 1439//44 1418//44
f 1440//400 1418//44 1419//400
f 1441//402 1440//400 1419//400
f 1441//402 1419//400 1420//402
f 1442//403 1441//402 1420//402
f 1442//403 1420//402 1421//403
f 1443//404 1442//403 1421//403
f 1443//404 1421//403 1422//404
f 1444//405 1443//404 1422//404
f 1444//405 1422//404 1423//405
f 1445//406 1444//405 1423//405
f 1445//406 1423//405 1424//406
f 1446//407 1445//406 1424//406
f 1446//407 1424//406 1425//407
f 1447//424 1446//407 1425//407
f 1447//424 1425//407 1426//424
f 1448//411 1447//424 1426//424
f 1448//411 1426//424 1427//411
f 1449//45 1450//412 1429//412
f 1449//45 1429//412 1428//45
f 1451//413 1449//45 1428//45
f 1451//413 1428//45 1430//413
f 1452//414 1451//413 1430//413
f 1452//414 1430//413 1431//414
f 1453//417 1452//414 1431//414
f 1453//417 1431//414 1432//416
f 1454//418 1453//417 1432//416
f 1454//418 1432//416 1433//418
f 1455//420 1454//418 1433//418
f 1455//420 1433//418 1434//420
f 1456//421 1455//420 1434//420
f 1456//421 1434//420 1435//421
f 1437//396 1456//421 1435//421
f 1437//396 1435//421 1416//396
f 1457//395 1458//396 1437//396
f 1457//395 1437//396 1436//423
f 1459//399 1457//395 1436//423
f 1459//399 1436//423 1438//399
f 1460//44 1459//399 1438//399
f 1460//44 1438//399 1439//44
f 1461//400 1460//44 1439//44
f 1461//400 1439//44 1440//400
f 1462//402 1461//400 1440//400
f 1462//402 1440//400 1441//402
f 1463//403 1462//402 1441//402
f 1463//403 1441//402 1442//403
f 1464//404 1463//403 1442//403
f 1464//404 1442//403 1443//404
f 1465//405 1464//404 1443//404
f 1465//405 1443//404 1444//405
f 1466//406 1465//405 1444//405
f 1466//406 1444//405 1445//406
f 1467//407 1466//406 1445//406
f 1467//407 1445//406 1446//407
f 1468//409 1467//407 1446//407
f 1468//409 1446//407 1447//424
f 1469//427 1468//409 1447//424
f 1469//427 1447//424 1448//411
f 1470//45 1471//412 1450//412
f 1470//45 1450//412 1449//45
f 1472//413 1470//45 1449//45
f 1472//413 1449//45 1451//413
f 1473//415 1472//413 1451//413
f 1473//415 1451//413 1452//414
f 1474//416 1473//415 1452//414
f 1474//416 1452//414 1453//417
f 1475//419 1474//416 1453//417
f 1475//419 1453//417 1454//418
f 1476//420 1475//419 1454//418
f 1476//420 1454//418 1455//420
f 1477//421 1476//420 1455//420
f 1477//421 1455//420 1456//421
f 1458//396 1477//421 1456//421
f 1458//396 1456//421 1437//396
f 1478//432 1479//433 1458//396
f 1478//432 1458//396 1457//395
f 1480//434 1478//432 1457//395
f 1480//434 1457//395 1459//399
f 1481//435 1480//434 1459//399
f 1481//435 1459//399 1460//44
f 1482//436 1481//435 1460//44
f 1482//436 1460//44 1461//400
f 1483//437 1482//436 1461//400
f 1483//437 1461//400 1462//402
f 1484//438 1483//437 1462//402
f 1484//438 1462//402 1463//403
f 1485//439 1484//438 1463//403
f 1485//439 1463//403 1464//404
f 1486//440 1485//439 1464//404
f 1486//440 1464//404 1465//405
f 1487//441 1486//440 1465//405
f 1487//441 1465//405 1466//406
f 1488//442 1487//441 1466//406
f 1488//442 1466//406 1467//407
f 1489//443 1488//442 1467//407
f 1489//443 1467//407 1468//409
f 1490//444 1489//443 1468//409
f 1490//444 1468//409 1469//427
f 1491//445 1492//446 1471//412
f 1491//445 1471//412 1470//45
f 1493//447 1491//445 1470//45
f 1493//447 1470//45 1472//413
f 1494//448 1493//447 1472//413
f 1494//448 1472//413 1473//415
f 1495//449 1494//448 1473//415
f 1495//449 1473//415 1474//416
f 1496//450 1495//449 1474//416
f 1496//450 1474//416 1475//419
f 1497//451 1496//450 1475//419
f 1497//451 1475//419 1476//420
f 1498//452 1497//451 1476//420
f 1498//452 1476//420 1477//421
f 1479//433 1498//452 1477//421
f 1479//433 1477//421 1458//396
f 1499//453 1500//454 1479//433
f 1499//453 1479//433 1478//432
f 1501//455 1499//453 1478//432
f 1501//455 1478//432 1480//434
f 1502//456 1501//455 1480//434
f 1502//456 1480//434 1481//435
f 1503//457 1502//456 1481//435
f 1503//457 1481//435 1482//436
f 1504//458 1503//457 1482//436
f 1504//458 1482//436 1483//437
f 1505//459 1504//458 1483//437
f 1505//459 1483//437 1484//438
f 1506//460 1505//459 1484//438
f 1506//460 1484//438 1485//439
f 1507//461 1506//460 1485//439
f 1507//461 1485//439 1486//440
f 1508//462 1507//461 1486//440
f 1508//462 1486//440 1487//441
f 1509//463 1508//462 1487//441
f 1509//463 1487//441 1488//442
f 1510//464 1509//463 1488//442
f 1510//464 1488//442 1489//443
f 1511//465 1510//464 1489//443
f 1511//465 1489//443 1490//444
f 1512//466 1513//467 1492//446
f 1512//466 1492//446 1491//445
f 1514//468 1512//466 1491//445
f 1514//468 1491//445 1493//447
f 1515//469 1514//468 1493//447
f 1515//469 1493//447 1494//448
f 1516//470 1515//469 1494//448
f 1516//470 1494//448 1495//449
f 1517//471 1516//470 1495//449
f 1517//471 1495//449 1496//450
f 1518//472 1517//471 1496//450
f 1518//472 1496//450 1497//451
f 1519//473 1518//472 1497//451
f 1519//473 1497//451 1498//452
f 1500//454 1519//473 1498//452
f 1500//454 1498//452 1479//433
f 1520//474 1521//475 1500//454
f 1520//474 1500//454 1499//453
f 1522//476 1520//474 1499//453
f 1522//476 1499//453 1501//455
f 1523//477 1522//476 1501//455
f 1523//477 1501//455 1502//456
f 1524//478 1523//477 1502//456
f 1524//478 1502//456 1503//457
f 1525//479 1524//478 1503//457
f 1525//479 1503//457 1504//458
f 1526//480 1525//479 1504//458
f 1526//480 1504//458 1505//459
f 1527//481 1526//480 1505//459
f 1527//481 1505//459 1506//460
f 1528//482 1527//481 1506//460
f 1528//482 1506//460 1507//461
f 1529//483 1528//482 1507//461
f 1529//483 1507//461 1508//462
f 1530//484 1529//483 1508//462
f 1530//484 1508//462 1509//463
f 1531//485 1530//484 1509//463
f 1531//485 1509//463 1510//464
f 1532//486 1531//485 1510//464
f 1532//486 1510//464 1511//465
f 1533//487 1534//488 1513//467
f 1533//487 1513//467 1512//466
f 1535//489 1533//487 1512//466
f 1535//489 1512//466 1514//468
f 1536//490 1535//489 1514//468
f 1536//490 1514//468 1515//469
f 1537//491 1536//490 1515//469
f 1537//491 1515//469 1516//470
f 1538//492 1537//491 1516//470
f 1538//492 1516//470 1517//471
f 1539//493 1538//492 1517//471
f 1539//493 1517//471 1518//472
f 1540//494 1539//493 1518//472
f 1540//494 1518//472 1519//473
f 1521//475 1540//494 1519//473
f 1521//475 1519//473 1500//454
f 1541//495 1542//496 1521//475
f 1541//495 1521//475 1520//474
f 1543//497 1541//495 1520//474
f 1543//497 1520//474 1522//476
f 1544//498 1543//497 1522//476
f 1544//498 1522//476 1523//477
f 1545//499 1544//498 1523//477
f 1545//499 1523//477 1524//478
f 1546//500 1545//499 1524//478
f 1546//500 1524//478 1525//479
f 1547//501 1546//500 1525//479
f 1547//501 1525//479 1526//480
f 1548//502 1547//501 1526//480
f 1548//502 1526//480 1527//481
f 1549//503 1548//502 1527//481
f 1549//503 1527//481 1528//482
f 1550//504 1549//503 1528//482
f 1550//504 1528//482 1529//483
f 1551//505 1550//504 1529//483
f 1551//505 1529//483 1530//484
f 1552//506 1551//505 1530//484
f 1552//506 1530//484 1531//485
f 1553//507 1552//506 1531//485
f 1553//507 1531//485 1532//486
f 1554//508 1555//509 1534//488
f 1554//508 1534//488 1533//487
f 1556//510 1554//508 1533//487
f 1556//510 1533//487 1535//489
f 1557//511 1556//510 1535//489
f 1557//511 1535//489 1536//490
f 1558//512 1557//511 1536//490
f 1558//512 1536//490 1537//491
f 1559//513 1558//512 1537//491
f 1559//513 1537//491 1538//492
f 1560//514 1559//513 1538//492
f 1560//514 1538//492 1539//493
f 1561//515 1560//514 1539//493
f 1561//515 1539//493 1540//494
f 1542//496 1561//515 1540//494
f 1542//496 1540//494 1521//475
f 1562//516 1563//517 1542//496
f 1562//516 1542//496 1541//495
f 1564//518 1562//516 1541//495
f 1564//518 1541//495 1543//497
f 1565//519 1564//518 1543//497
f 1565//519 1543//497 1544//498
f 1566//520 1565//519 1544//498
f 1566//520 1544//498 1545//499
f 1567//521 1566//520 1545//499
f 1567//521 1545//499 1546//500
f 1568//522 1567//521 1546//500
f 1568//522 1546//500 1547//501
f 1569//523 1568//522 1547//501
f 1569//523 1547//501 1548//502
f 1570//524 1569//523 1548//502
f 1570//524 1548//502 1549//503
f 1571//525 1570//524 1549//503
f 1571//525 1549//503 1550//504
f 1572//526 1571//525 1550//504
f 1572//526 1550//504 1551//505
f 1573//527 1572//526 1551//505
f 1573//527 1551//505 1552//506
f 1574//528 1573//527 1552//506
f 1574//528 1552//506 1553//507
f 1575//529 1576//530 1555//509
f 1575//529 1555//509 1554//508
f 1577//531 1575//529 1554//508
f 1577//531 1554//508 1556//510
f 1578//532 1577//531 1556//510
f 1578//532 1556//510 1557//511
f 1579//533 1578//532 1557//511
f 1579//533 1557//511 1558//512
f 1580//534 1579//533 1558//512
f 1580//534 1558//512 1559//513
f 1581//535 1580//534 1559//513
f 1581//535 1559//513 1560//514
f 1582//536 1581//535 1560//514
f 1582//536 1560//514 1561//515
f 1563//517 1582//536 1561//515
f 1563//517 1561//515 1542//496
f 1583//537 1584//538 1563//517
f 1583//537 1563//517 1562//516
f 1585//539 1583//537 1562//516
f 1585//539 1562//516 1564//518
f 1586//540 1585//539 1564//518
f 1586//540 1564//518 1565//519
f 1587//541 1586//540 1565//519
f 1587//541 1565//519 1566//520
f 1588//542 1587//541 1566//520
f 1588//542 1566//520 1567//521
f 1589//543 1588//542 1567//521
f 1589//543 1567//521 1568//522
f 1590//544 1589//543 1568//522
f 1590//544 1568//522 1569//523
f 1591//545 1590//544 1569//523
f 1591//545 1569//523 1570//524
f 1592//546 1591//545 1570//524
f 1592//546 1570//524 1571//525
f 1593//547 1592//546 1571//525
f 1593//547 1571//525 1572//526
f 1594//548 1593//547 1572//526
f 1594//548 1572//526 1573//527
f 1595//549 1594//548 1573//527
f 1595//549 1573//527 1574//528
f 1596//550 1597//551 1576//530
f 1596//550 1576//530 1575//529
f 1598//552 1596//550 1575//529
f 1598//552 1575//529 1577//531
f 1599//553 1598//552 1577//531
f 1599//553 1577//531 1578//532
f 1600//554 1599//553 1578//532
f 1600//554 1578//532 1579//533
f 1601//555 1600//554 1579//533
f 1601//555 1579//533 1580//534
f 1602//556 1601//555 1580//534
f 1602//556 1580//534 1581//535
f 1603//557 1602//556 1581//535
f 1603//557 1581//535 1582//536
f 1584//538 1603//557 1582//536
f 1584//538 1582//536 1563//517
f 1604//558 1605//559 1584//538
f 1604//558 1584//538 1583//537
f 1606//560 1604//558 1583//537
f 1606//560 1583//537 1585//539
f 1607//561 1606//560 1585//539
f 1607//561 1585//539 1586//540
f 1608//562 1607//561 1586//540
f 1608//562 1586//540 1587//541
f 1609//563 1608//562 1587//541
f 1609//563 1587//541 1588//542
f 1610//564 1609//563 1588//542
f 1610//564 1588//542 1589//543
f 1611//565 1610//564 1589//543
f 1611//565 1589//543 1590//544
f 1612//566 1611//565 1590//544
f 1612//566 1590//544 1591//545
f 1613//567 1612//566 1591//545
f 1613//567 1591//545 1592//546
f 1614//568 1613//567 1592//546
f 1614//568 1592//546 1593//547
f 1615//569 1614//568 1593//547
f 1615//569 1593//547 1594//548
f 1616//570 1615//569 1594//548
f 1616//570 1594//548 1595//549
f 1617//571 1618//572 1597//551
f 1617//571 1597//551 1596//550
f 1619//573 1617//571 1596//550
f 1619//573 1596//550 1598//552
f 1620//574 1619//573 1598//552
f 1620//574 1598//552 1599//553
f 1621//575 1620//574 1599//553
f 1621//575 1599//553 1600//554
f 1622//576 1621//575 1600//554
f 1622//576 1600//554 1601//555
f 1623//577 1622//576 1601//555
f 1623//577 1601//555 1602//556
f 1624//578 1623//577 1602//556
f 1624//578 1602//556 1603//557
f 1605//559 1624//578 1603//557
f 1605//559 1603//557 1584//538
f 1625//579 1626//580 1605//559
f 1625//579 1605//559 1604//558
f 1627//581 1625//579 1604//558
f 1627//581 1604//558 1606//560
f 1628//582 1627//581 1606//560
f 1628//582 1606//560 1607//561
f 1629//583 1628//582 1607//561
f 1629//583 1607//561 1608//562
f 1630//584 1629//583 1608//562
f 1630//584 1608//562 1609//563
f 1631//585 1630//584 1609//563
f 1631//585 1609//563 1610//564
f 1632//586 1631//585 1610//564
f 1632//586 1610//564 1611//565
f 1633//587 1632//586 1611//565
f 1633//587 1611//565 1612//566
f 1634//588 1633//587 1612//566
f 1634//588 1612//566 1613//567
f 1635//589 1634//588 1613//567
f 1635//589 1613//567 1614//568
f 1636//590 1635//589 1614//568
f 1636//590 1614//568 1615//569
f 1637//591 1636//590 1615//569
f 1637//591 1615//569 1616//570
f 1638//592 1639//593 1618//572
f 1638//592 1618//572 1617//571
f 1640//594 1638//592 1617//571
f 1640//594 1617//571 1619//573
f 1641//595 1640//594 1619//573
f 1641//595 1619//573 1620//574
f 1642//596 1641//595 1620//574
f 1642//596 1620//574 1621//575
f 1643//597 1642//596 1621//575
f 1643//597 1621//575 1622//576
f 1644//598 1643//597 1622//576
f 1644//598 1622//576 1623//577
f 1645//599 1644//598 1623//577
f 1645//599 1623//577 1624//578
f 1626//580 1645//599 1624//578
f 1626//580 1624//578 1605//559
f 1646//600 1647//601 1626//580
f 1646//600 1626//580 1625//579
f 1648//602 1646//600 1625//579
f 1648//602 1625//579 1627//581
f 1649//603 1648//602 1627//581
f 1649//603 1627//581 1628//582
f 1650//604 1649//603 1628//582
f 1650//604 1628//582 1629//583
f 1651//605 1650//604 1629//583
f 1651//605 1629//583 1630//584
f 1652//606 1651//605 1630//584
f 1652//606 1630//584 1631//585
f 1653//607 1652//606 1631//585
f 1653//607 1631//585 1632//586
f 1654//608 1653//607 1632//586
f 1654//608 1632//586 1633//587
f 1655//609 1654//608 1633//587
f 1655//609 1633//587 1634//588
f 1656//610 1655//609 1634//588
f 1656//610 1634//588 1635//589
f 1657//611 1656//610 1635//589
f 1657//611 1635//589 1636//590
f 1658//612 1657//611 1636//590
f 1658//612 1636//590 1637//591
f 1659//613 1660//614 1639//593
f 1659//613 1639//593 1638//592
f 1661//615 1659//613 1638//592
f 1661//615 1638//592 1640//594
f 1662//616 1661//615 1640//594
f 1662//616 1640//594 1641//595
f 1663//617 1662//616 1641//595
f 1663//617 1641//595 1642//596
f 1664//618 1663//617 1642//596
f 1664//618 1642//596 1643//597
f 1665//619 1664//618 1643//597
f 1665//619 1643//597 1644//598
f 1666//620 1665//619 1644//598
f 1666//620 1644//598 1645//599
f 1647//601 1666//620 1645//599
f 1647//601 1645//599 1626//580
f 1667//621 1668//622 1647//601
f 1667//621 1647//601 1646//600
f 1669//623 1667//621 1646//600
f 1669//623 1646//600 1648//602
f 1670//624 1669//623 1648//602
f 1670//624 1648//602 1649//603
f 1671//625 1670//624 1649//603
f 1671//625 1649//603 1650//604
f 1672//626 1671//625 1650//604
f 1672//626 1650//604 1651//605
f 1673//627 1672//626 1651//605
f 1673//627 1651//605 1652//606
f 1674//628 1673//627 1652//606
f 1674//628 1652//606 1653//607
f 1675//629 1674//628 1653//607
f 1675//629 1653//607 1654//608
f 1676//630 1675//629 1654//608
f 1676//630 1654//608 1655//609
f 1677//631 1676//630 1655//609
f 1677//631 1655//609 1656//610
f 1678//632 1677//631 1656//610
f 1678//632 1656//610 1657//611
f 1679//633 1678//632 1657//611
f 1679//633 1657//611 1658//612
f 1680//634 1681//635 1660//614
f 1680//634 1660//614 1659//613
f 1682//636 1680//634 1659//613
f 1682//636 1659//613 1661//615
f 1683//637 1682//636 1661//615
f 1683//637 1661//615 1662//616
f 1684//638 1683//637 1662//616
f 1684//638 1662//616 1663//617
f 1685//639 1684//638 1663//617
f 1685//639 1663//617 1664//618
f 1686//640 1685//639 1664//618
f 1686//640 1664//618 1665//619
f 1687//641 1686//640 1665//619
f 1687//641 1665//619 1666//620
f 1668//622 1687//641 1666//620
f 1668//622 1666//620 1647//601
f 1688//642 1689//643 1668//622
f 1688//642 1668//622 1667//621
f 1690//644 1688//642 1667//621
f 1690//644 1667//621 1669//623
f 1691//645 1690//644 1669//623
f 1691//645 1669//623 1670//624
f 1692//646 1691//645 1670//624
f 1692//646 1670//624 1671//625
f 1693//647 1692//646 1671//625
f 1693//647 1671//625 1672//626
f 1694//648 1693//647 1672//626
f 1694//648 1672//626 1673//627
f 1695//649 1694//648 1673//627
f 1695//649 1673//627 1674//628
f 1696//650 1695//649 1674//628
f 1696//650 1674//628 1675//629
f 1697//651 1696//650 1675//629
f 1697//651 1675//629 1676//630
f 1698//652 1697//651 1676//630
f 1698//652 1676//630 1677//631
f 1699//653 1698//652 1677//631
f 1699//653 1677//631 1678//632
f 1700//654 1699//653 1678//632
f 1700//654 1678//632 1679//633
f 1701//655 1702//656 1681//635
f 1701//655 1681//635 1680//634
f 1703//657 1701//655 1680//634
f 1703//657 1680//634 1682//636
f 1704//658 1703//657 1682//636
f 1704//658 1682//636 1683//637
f 1705//659 1704//658 1683//637
f 1705//659 1683//637 1684//638
f 1706//660 1705//659 1684//638
f 1706//660 1684//638 1685//639
f 1707//661 1706//660 1685//639
f 1707//661 1685//639 1686//640
f 1708//662 1707//661 1686//640
f 1708//662 1686//640 1687//641
f 1689//643 1708//662 1687//641
f 1689//643 1687//641 1668//622
f 1709//663 1710//664 1689//643
f 1709//663 1689//643 1688//642
f 1711//665 1709//663 1688//642
f 1711//665 1688//642 1690//644
f 1712//666 1711//665 1690//644
f 1712//666 1690//644 1691//645
f 1713//667 1712//666 1691//645
f 1713//667 1691//645 1692//646
f 1714//668 1713//667 1692//646
f 1714//668 1692//646 1693//647
f 1715//669 1714//668 1693//647
f 1715//669 1693//647 1694//648
f 1716//670 1715//669 1694//648
f 1716//670 1694//648 1695//649
f 1717//671 1716//670 1695//649
f 1717//671 1695//649 1696//650
f 1718//672 1717//671 1696//650
f 1718//672 1696//650 1697//651
f 1719//673 1718//672 1697//651
f 1719//673 1697//651 1698//652
f 1720//674 1719//673 1698//652
f 1720//674 1698//652 1699//653
f 1721//675 1720//674 1699//653
f 1721//675 1699//653 1700//654
f 1722//676 1723//677 1702//656
f 1722//676 1702//656 1701//655
f 1724//678 1722//676 1701//655
f 1724//678 1701//655 1703//657
f 1725//679 1724//678 1703//657
f 1725//679 1703//657 1704//658
f 1726//680 1725//679 1704//658
f 1726//680 1704//658 1705//659
f 1727//681 1726//680 1705//659
f 1727//681 1705//659 1706//660
f 1728//682 1727//681 1706//660
f 1728//682 1706//660 1707//661
f 1729//683 1728//682 1707//661
f 1729//683 1707//661 1708//662
f 1710//664 1729//683 1708//662
f 1710//664 1708//662 1689//643
f 1730//684 1731//685 1710//664
f 1730//684 1710//664 1709//663
f 1732//686 1730//684 1709//663
f 1732//686 1709//663 1711//665
f 1733//687 1732//686 1711//665
f 1733//687 1711//665 1712//666
f 1734//688 1733//687 1712//666
f 1734//688 1712//666 1713//667
f 1735//689 1734//688 1713//667
f 1735//689 1713//667 1714//668
f 1736//690 1735//689 1714//668
f 1736//690 1714//668 1715//669
f 1737//691 1736//690 1715//669
f 1737//691 1715//669 1716//670
f 1738//692 1737//691 1716//670
f 1738//692 1716//670 1717//671
f 1739//693 1738//692 1717//671
f 1739//693 1717//671 1718//672
f 1740//694 1739//693 1718//672
f 1740//694 1718//672 1719//673
f 1741//695 1740//694 1719//673
f 1741//695 1719//673 1720//674
f 1742//696 1741//695 1720//674
f 1742//696 1720//674 1721//675
f 1743//697 1744//698 1723//677
f 1743//697 1723//677 1722//676
f 1745//699 1743//697 1722//676
f 1745//699 1722//676 1724//678
f 1746//700 1745//699 1724//678
f 1746//700 1724//678 1725//679
f 1747//701 1746//700 1725//679
f 1747//701 1725//679 1726//680
f 1748//702 1747//701 1726//680
f 1748//702 1726//680 1727//681
f 1749//703 1748//702 1727//681
f 1749//703 1727//681 1728//682
f 1750//704 1749//703 1728//682
f 1750//704 1728//682 1729//683
f 1731//685 1750//704 1729//683
f 1731//685 1729//683 1710//664
f 1751//705 1752//706 1731//685
f 1751//705 1731//685 1730//684
f 1753//707 1751//705 1730//684
f 1753//707 1730//684 1732//686
f 1754//708 1753//707 1732//686
f 1754//708 1732//686 1733//687
f 1755//709 1754//708 1733//687
f 1755//709 1733//687 1734//688
f 1756//710 1755//709 1734//688
f 1756//710 1734//688 1735//689
f 1757//711 1756//710 1735//689
f 1757//711 1735//689 1736//690
f 1758//712 1757//711 1736//690
f 1758//712 1736//690 1737//691
f 1759//713 1758//712 1737//691
f 1759//713 1737//691 1738//692
f 1760//714 1759//713 1738//692
f 1760//714 1738//692 1739//693
f 1761//715 1760//714 1739//693
f 1761//715 1739//693 1740//694
f 1762//716 1761//715 1740//694
f 1762//716 1740//694 1741//695
f 1763//717 1762//716 1741//695
f 1763//717 1741//695 1742//696
f 1764//718 1765//719 1744//698
f 1764//718 1744//698 1743//697
f 1766//720 1764//718 1743//697
f 1766//720 1743//697 1745//699
f 1767//721 1766//720 1745//699
f 1767//721 1745//699 1746//700
f 1768//722 1767//721 1746//700
f 1768//722 1746//700 1747//701
f 1769//723 1768//722 1747//701
f 1769//723 1747//701 1748//702
f 1770//724 1769//723 1748//702
f 1770//724 1748//702 1749//703
f 1771//725 1770//724 1749//703
f 1771//725 1749//703 1750//704
f 1752//706 1771//725 1750//704
f 1752//706 1750//704 1731//685
f 1772//726 1773//727 1752//706
f 1772//726 1752//706 1751//705
f 1774//728 1772//726 1751//705
f 1774//728 1751//705 1753//707
f 1775//729 1774//728 1753//707
f 1775//729 1753//707 1754//708
f 1776//730 1775//729 1754//708
f 1776//730 1754//708 1755//709
f 1777//731 1776//730 1755//709
f 1777//731 1755//709 1756//710
f 1778//732 1777//731 1756//710
f 1778//732 1756//710 1757//711
f 1779//733 1778//732 1757//711
f 1779//733 1757//711 1758//712
f 1780//734 1779//733 1758//712
f 1780//734 1758//712 1759//713
f 1781//735 1780//734 1759//713
f 1781//735 1759//713 1760//714
f 1782//736 1781//735 1760//714
f 1782//736 1760//714 1761//715
f 1783//737 1782//736 1761//715
f 1783//737 1761//715 1762//716
f 1784//738 1783//737 1762//716
f 1784//738 1762//716 1763//717
f 1785//739 1786//740 1765//719
f 1785//739 1765//719 1764//718
f 1787//741 1785//739 1764//718
f 1787//741 1764//718 1766//720
f 1788//742 1787//741 1766//720
f 1788//742 1766//720 1767//721
f 1789//743 1788//742 1767//721
f 1789//743 1767//721 1768//722
f 1790//744 1789//743 1768//722
f 1790//744 1768//722 1769//723
f 1791//745 1790//744 1769//723
f 1791//745 1769//723 1770//724
f 1792//746 1791//745 1770//724
f 1792//746 1770//724 1771//725
f 1773//727 1792//746 1771//725
f 1773//727 1771//725 1752//706
f 1793//747 1794//748 1773//727
f 1793//747 1773//727 1772//726
f 1795//749 1793//747 1772//726
f 1795//749 1772//726 1774//728
f 1796//750 1795//749 1774//728
f 1796//750 1774//728 1775//729
f 1797//751 1796//750 1775//729
f 1797//751 1775//729 1776//730
f 1798//752 1797//751 1776//730
f 1798//752 1776//730 1777//731
f 1799//753 1798//752 1777//731
f 1799//753 1777//731 1778//732
f 1800//754 1799//753 1778//732
f 1800//754 1778//732 1779//733
f 1801//755 1800//754 1779//733
f 1801//755 1779//733 1780//734
f 1802//756 1801//755 1780//734
f 1802//756 1780//734 1781//735
f 1803//757 1802//756 1781//735
f 1803//757 1781//735 1782//736
f 1804//758 1803//757 1782//736
f 1804//758 1782//736 1783//737
f 1805//759 1804//758 1783//737
f 1805//759 1783//737 1784//738
f 1806//760 1807//761 1786//740
f 1806//760 1786//740 1785//739
f 1808//762 1806//760 1785//739
f 1808//762 1785//739 1787//741
f 1809//763 1808//762 1787//741
f 1809//763 1787//741 1788//742
f 1810//764 1809//763 1788//742
f 1810//764 1788//742 1789//743
f 1811//765 1810//764 1789//743
f 1811//765 1789//743 1790//744
f 1812//766 1811//765 1790//744
f 1812//766 1790//744 1791//745
f 1813//767 1812//766 1791//745
f 1813//767 1791//745 1792//746
f 1794//748 1813//767 1792//746
f 1794//748 1792//746 1773//727
f 1814//768 1815//769 1794//748
f 1814//768 1794//748 1793//747
f 1816//770 1814//768 1793//747
f 1816//770 1793//747 1795//749
f 1817//771 1816//770 1795//749
f 1817//771 1795//749 1796//750
f 1818//772 1817//771 1796//750
f 1818//772 1796//750 1797//751
f 1819//773 1818//772 1797//751
f 1819//773 1797//751 1798//752
f 1820//774 1819//773 1798//752
f 1820//774 1798//752 1799//753
f 1821//775 1820//774 1799//753
f 1821//775 1799//753 1800//754
f 1822//776 1821//775 1800//754
f 1822//776 1800//754 1801//755
f 1823//777 1822//776 1801//755
f 1823//777 1801//755 1802//756
f 1824//778 1823//777 1802//756
f 1824//778 1802//756 1803//757
f 1825//779 1824//778 1803//757
f 1825//779 1803//757 1804//758
f 1826//780 1825//779 1804//758
f 1826//780 1804//758 1805//759
f 1827//781 1828//782 1807//761
f 1827//781 1807//761 1806//760
f 1829//783 1827//781 1806//760
f 1829//783 1806//760 1808//762
f 1830//784 1829//783 1808//762
f 1830//784 1808//762 1809//763
f 1831//785 1830//784 1809//763
f 1831//785 1809//763 1810//764
f 1832//786 1831//785 1810//764
f 1832//786 1810//764 1811//765
f 1833//787 1832//786 1811//765
f 1833//787 1811//765 1812//766
f 1834//788 1833//787 1812//766
f 1834//788 1812//766 1813//767
f 1815//769 1834//788 1813//767
f 1815//769 1813//767 1794//748
f 1835//390 1836//389 1815//769
f 1835//390 1815//769 1814//768
f 1837//328 1835//390 1814//768
f 1837//328 1814//768 1816//770
f 1838//44 1837//328 1816//770
f 1838//44 1816//770 1817//771
f 1839//391 1838//44 1817//771
f 1839//391 1817//771 1818//772
f 1840//323 1839//391 1818//772
f 1840//323 1818//772 1819//773
f 1841//789 1840//323 1819//773
f 1841//789 1819//773 1820//774
f 1842//319 1841//789 1820//774
f 1842//319 1820//774 1821//775
f 1843//254 1842//319 1821//775
f 1843//254 1821//775 1822//776
f 1844//393 1843//254 1822//776
f 1844//393 1822//776 1823//777
f 1845//314 1844//393 1823//777
f 1845//314 1823//777 1824//778
f 1846//311 1845//314 1824//778
f 1846//311 1824//778 1825//779
f 1847//310 1846//311 1825//779
f 1847//310 1825//779 1826//780
f 1848//45 1849//346 1828//782
f 1848//45 1828//782 1827//781
f 1850//343 1848//45 1827//781
f 1850//343 1827//781 1829//783
f 1851//341 1850//343 1829//783
f 1851//341 1829//783 1830//784
f 1852//339 1851//341 1830//784
f 1852//339 1830//784 1831//785
f 1853//337 1852//339 1831//785
f 1853//337 1831//785 1832//786
f 1854//273 1853//337 1832//786
f 1854//273 1832//786 1833//787
f 1855//334 1854//273 1833//787
f 1855//334 1833//787 1834//788
f 1836//389 1855//334 1834//788
f 1836//389 1834//788 1815//769
f 1856//390 1857//389 1836//389
f 1856//390 1836//389 1835//390
f 1858//328 1856//390 1835//390
f 1858//328 1835//390 1837//328
f 1859//44 1858//328 1837//328
f 1859//44 1837//328 1838//44
f 1860//391 1859//44 1838//44
f 1860//391 1838//44 1839//391
f 1861//323 1860//391 1839//391
f 1861//323 1839//391 1840//323
f 1862//321 1861//323 1840//323
f 1862//321 1840//323 1841//789
f 1863//392 1862//321 1841//789
f 1863//392 1841//789 1842//319
f 1864//254 1863//392 1842//319
f 1864//254 1842//319 1843//254
f 1865//393 1864//254 1843//254
f 1865//393 1843//254 1844//393
f 1866//394 1865//393 1844//393
f 1866//394 1844//393 1845//314
f 1867//311 1866//394 1845//314
f 1867//311 1845//314 1846//311
f 1868//310 1867//311 1846//311
f 1868//310 1846//311 1847//310
f 1869//45 1870//346 1849//346
f 1869//45 1849//346 1848//45
f 1871//343 1869//45 1848//45
f 1871//343 1848//45 1850//343
f 1872//341 1871//343 1850//343
f 1872//341 1850//343 1851//341
f 1873//339 1872//341 1851//341
f 1873//339 1851//341 1852//339
f 1874//337 1873//339 1852//339
f 1874//337 1852//339 1853//337
f 1875//273 1874//337 1853//337
f 1875//273 1853//337 1854//273
f 1876//334 1875//273 1854//273
f 1876//334 1854//273 1855//334
f 1857//389 1876//334 1855//334
f 1857//389 1855//334 1836//389
f 1877//390 1878//389 1857//389
f 1877//390 1857//389 1856//390
f 1879//328 1877//390 1856//390
f 1879//328 1856//390 1858//328
f 1880//44 1879//328 1858//328
f 1880//44 1858//328 1859//44
f 1881//391 1880//44 1859//44
f 1881//391 1859//44 1860//391
f 1882//323 1881//391 1860//391
f 1882//323 1860//391 1861//323
f 1883//321 1882//323 1861//323
f 1883//321 1861//323 1862//321
f 1884//392 1883//321 1862//321
f 1884//392 1862//321 1863//392
f 1885//254 1884//392 1863//392
f 1885//254 1863//392 1864//254
f 1886//393 1885//254 1864//254
f 1886//393 1864//254 1865//393
f 1887//314 1886//393 1865//393
f 1887//314 1865//393 1866//394
f 1888//311 1887//314 1866//394
f 1888//311 1866//394 1867//311
f 1889//790 1888//311 1867//311
f 1889//790 1867//311 1868//310
f 1890//45 1891//346 1870//346
f 1890//45 1870//346 1869//45
f 1892//343 1890//45 1869//45
f 1892//343 1869//45 1871//343
f 1893//341 1892//343 1871//343
f 1893//341 1871//343 1872//341
f 1894//339 1893//341 1872//341
f 1894//339 1872//341 1873//339
f 1895//337 1894//339 1873//339
f 1895//337 1873//339 1874//337
f 1896//273 1895//337 1874//337
f 1896//273 1874//337 1875//273
f 1897//334 1896//273 1875//273
f 1897//334 1875//273 1876//334
f 1878//389 1897//334 1876//334
f 1878//389 1876//334 1857//389
f 1898//390 1899//389 1878//389
f 1898//390 1878//389 1877//390
f 1900//328 1898//390 1877//390
f 1900//328 1877//390 1879//328
f 1901//44 1900//328 1879//328
f 1901//44 1879//328 1880//44
f 1902//391 1901//44 1880//44
f 1902//391 1880//44 1881//391
f 1903//323 1902//391 1881//391
f 1903//323 1881//391 1882//323
f 1904//789 1903//323 1882//323
f 1904//789 1882//323 1883//321
f 1905//319 1904//789 1883//321
f 1905//319 1883//321 1884//392
f 1906//254 1905//319 1884//392
f 1906//254 1884//392 1885//254
f 1907//393 1906//254 1885//254
f 1907//393 1885//254 1886//393
f 1908//314 1907//393 1886//393
f 1908//314 1886//393 1887//314
f 1909//311 1908//314 1887//314
f 1909//311 1887//314 1888//311
f 1910//310 1909//311 1888//311
f 1910//310 1888//311 1889//790
f 1911//45 1912//346 1891//346
f 1911//45 1891//346 1890//45
f 1913//343 1911//45 1890//45
f 1913//343 1890//45 1892//343
f 1914//341 1913//343 1892//343
f 1914//341 1892//343 1893//341
f 1915//339 1914//341 1893//341
f 1915//339 1893//341 1894//339
f 1916//337 1915//339 1894//339
f 1916//337 1894//339 1895//337
f 1917//273 1916//337 1895//337
f 1917//273 1895//337 1896//273
f 1918//334 1917//273 1896//273
f 1918//334 1896//273 1897//334
f 1899//389 1918//334 1897//334
f 1899//389 1897//334 1878//389
f 1919//390 1920//389 1899//389
f 1919//390 1899//389 1898//390
f 1921//328 1919//390 1898//390
f 1921//328 1898//390 1900//328
f 1922//44 1921//328 1900//328
f 1922//44 1900//328 1901//44
f 1923//391 1922//44 1901//44
f 1923//391 1901//44 1902//391
f 1924//323 1923//391 1902//391
f 1924//323 1902//391 1903//323
f 1925//321 1924//323 1903//323
f 1925//321 1903//323 1904//789
f 1926//319 1925//321 1904//789
f 1926//319 1904//789 1905//319
f 1927//254 1926//319 1905//319
f 1927//254 1905//319 1906//254
f 1928//393 1927//254 1906//254
f 1928//393 1906//254 1907//393
f 1929//394 1928//393 1907//393
f 1929//394 1907//393 1908//314
f 1930//311 1929//394 1908//314
f 1930//311 1908//314 1909//311
f 1931//310 1930//311 1909//311
f 1931//310 1909//311 1910//310
f 1932//45 1933//346 1912//346
f 1932//45 1912//346 1911//45
f 1934//343 1932//45 1911//45
f 1934//343 1911//45 1913//343
f 1935//341 1934//343 1913//343
f 1935//341 1913//343 1914//341
f 1936//339 1935//341 1914//341
f 1936//339 1914//341 1915//339
f 1937//337 1936//339 1915//339
f 1937//337 1915//339 1916//337
f 1938//273 1937//337 1916//337
f 1938//273 1916//337 1917//273
f 1939//334 1938//273 1917//273
f 1939//334 1917//273 1918//334
f 1920//389 1939//334 1918//334
f 1920//389 1918//334 1899//389
f 1940//390 1941//389 1920//389
f 1940//390 1920//389 1919//390
f 1942//328 1940//390 1919//390
f 1942//328 1919//390 1921//328
f 1943//44 1942//328 1921//328
f 1943//44 1921//328 1922//44
f 1944//391 1943//44 1922//44
f 1944//391 1922//44 1923//391
f 1945//323 1944//391 1923//391
f 1945//323 1923//391 1924//323
f 1946//321 1945//323 1924//323
f 1946//321 1924//323 1925//321
f 1947//392 1946//321 1925//321
f 1947//392 1925//321 1926//319
f 1948//254 1947//392 1926//319
f 1948//254 1926//319 1927//254
f 1949//393 1948//254 1927//254
f 1949//393 1927//254 1928//393
f 1950//314 1949//393 1928//393
f 1950//314 1928//393 1929//394
f 1951//311 1950//314 1929//394
f 1951//311 1929//394 1930//311
f 1952//790 1951//311 1930//311
f 1952//790 1930//311 1931//310
f 1953//45 1954//346 1933//346
f 1953//45 1933//346 1932//45
f 1955//343 1953//45 1932//45
f 1955//343 1932//45 1934//343
f 1956//341 1955//343 1934//343
f 1956//341 1934//343 1935//341
f 1957//339 1956//341 1935//341
f 1957//339 1935//341 1936//339
f 1958//337 1957//339 1936//339
f 1958//337 1936//339 1937//337
f 1959//273 1958//337 1937//337
f 1959//273 1937//337 1938//273
f 1960//334 1959//273 1938//273
f 1960//334 1938//273 1939//334
f 1941//389 1960//334 1939//334
f 1941//389 1939//334 1920//389
f 1961//390 1962//389 1941//389
f 1961//390 1941//389 1940//390
f 1963//328 1961//390 1940//390
f 1963//328 1940//390 1942//328
f 1964//44 1963//328 1942//328
f 1964//44 1942//328 1943//44
f 1965//325 1964//44 1943//44
f 1965//325 1943//44 1944//391
f 1966//323 1965//325 1944//391
f 1966//323 1944//391 1945//323
f 1967//321 1966//323 1945//323
f 1967//321 1945//323 1946//321
f 1968//319 1967//321 1946//321
f 1968//319 1946//321 1947//392
f 1969//254 1968//319 1947//392
f 1969//254 1947//392 1948//254
f 1970//393 1969//254 1948//254
f 1970//393 1948//254 1949//393
f 1971//314 1970//393 1949//393
f 1971//314 1949//393 1950//314
f 1972//311 1971//314 1950//314
f 1972//311 1950//314 1951//311
f 1973//310 1972//311 1951//311
f 1973//310 1951//311 1952//790
f 1974//45 1975//346 1954//346
f 1974//45 1954//346 1953//45
f 1976//343 1974//45 1953//45
f 1976//343 1953//45 1955//343
f 1977//341 1976//343 1955//343
f 1977//341 1955//343 1956//341
f 1978//339 1977//341 1956//341
f 1978//339 1956//341 1957//339
f 1979//337 1978//339 1957//339
f 1979//337 1957//339 1958//337
f 1980//273 1979//337 1958//337
f 1980//273 1958//337 1959//273
f 1981//334 1980//273 1959//273
f 1981//334 1959//273 1960//334
f 1962//389 1981//334 1960//334
f 1962//389 1960//334 1941//389
f 1982//390 1983//389 1962//389
f 1982//390 1962//389 1961//390
f 1984//328 1982//390 1961//390
f 1984//328 1961//390 1963//328
f 1985//44 1984//328 1963//328
f 1985//44 1963//328 1964//44
f 1986//391 1985//44 1964//44
f 1986//391 1964//44 1965//325
f 1987//323 1986//391 1965//325
f 1987//323 1965//325 1966//323
f 1988//321 1987//323 1966//323
f 1988//321 1966//323 1967//321
f 1989//319 1988//321 1967//321
f 1989//319 1967//321 1968//319
f 1990//254 1989//319 1968//319
f 1990//254 1968//319 1969//254
f 1991//393 1990//254 1969//254
f 1991//393 1969//254 1970//393
f 1992//314 1991//393 1970//393
f 1992//314 1970//393 1971//314
f 1993//311 1992//314 1971//314
f 1993//311 1971//314 1972//311
f 1994//310 1993//311 1972//311
f 1994//310 1972//311 1973//310
f 1995//45 1996//346 1975//346
f 1995//45 1975//346 1974//45
f 1997//343 1995//45 1974//45
f 1997//343 1974//45 1976//343
f 1998//341 1997//343 1976//343
f 1998//341 1976//343 1977//341
f 1999//339 1998//341 1977//341
f 1999//339 1977//341 1978//339
f 2000//337 1999//339 1978//339
f 2000//337 1978//339 1979//337
f 2001//273 2000//337 1979//337
f 2001//273 1979//337 1980//273
f 2002//334 2001//273 1980//273
f 2002//334 1980//273 1981//334
f 1983//389 2002//334 1981//334
f 1983//389 1981//334 1962//389
f 1138//390 1136//389 1983//389
f 1138//390 1983//389 1982//390
f 1140//328 1138//390 1982//390
f 1140//328 1982//390 1984//328
f 1142//44 1140//328 1984//328
f 1142//44 1984//328 1985//44
f 1144//391 1142//44 1985//44
f 1144//391 1985//44 1986//391
f 1146//323 1144//391 1986//391
f 1146//323 1986//391 1987//323
f 1148//321 1146//323 1987//323
f 1148//321 1987//323 1988//321
f 1150//319 1148//321 1988//321
f 1150//319 1988//321 1989//319
f 1152//254 1150//319 1989//319
f 1152//254 1989//319 1990//254
f 1154//393 1152//254 1990//254
f 1154//393 1990//254 1991//393
f 1156//314 1154//393 1991//393
f 1156//314 1991//393 1992//314
f 1158//311 1156//314 1992//314
f 1158//311 1992//314 1993//311
f 1160//310 1158//311 1993//311
f 1160//310 1993//311 1994//310
f 1123//45 1162//346 1996//346
f 1123//45 1996//346 1995//45
f 1124//343 1123//45 1995//45
f 1124//343 1995//45 1997//343
f 1126//341 1124//343 1997//343
f 1126//341 1997//343 1998//341
f 1128//339 1126//341 1998//341
f 1128//339 1998//341 1999//339
f 1130//337 1128//339 1999//339
f 1130//337 1999//339 2000//337
f 1132//273 1130//337 2000//337
f 1132//273 2000//337 2001//273
f 1134//334 1132//273 2001//273
f 1134//334 2001//273 2002//334
f 1136//389 1134//334 2002//334
f 1136//389 2002//334 1983//389
f 2003//791 2004//792 2005//791
f 2003//791 2005//791 2006//792
f 2007//793 2008//793 2009//793
f 2007//793 2009//793 2010//793
f 2011//794 2012//795 2013//794
f 2011//794 2013//794 2014//794
f 2015//796 2016//796 2017//796
f 2015//796 2017//796 2018//796
f 2019//797 2020//797 2021//797
f 2019//797 2021//797 2022//798
f 2023//799 2024//800 2025//800
f 2023//799 2025//800 2026//799
f 2027//801 2028//802 2029//801
f 2027//801 2029//801 2030//801
f 2031//803 2032//803 2033//804
f 2031//803 2033//804 2034//803
f 2035//805 2036//805 2037//805
f 2035//805 2037//805 2038//805
f 2039//806 2041//807 2040//808
f 2039//806 2042//809 2041//807
f 2043//810 2045//811 2044//812
f 2043//810 2046//813 2045//811
f 2047//814 2049//815 2048//816
f 2047//814 2050//817 2049//815
f 2051//818 2053//819 2052//820
f 2051//818 2054//821 2053//819
f 2055//822 2057//823 2056//824
f 2055//822 2058//825 2057//823
f 2059//826 2061//827 2060//828
f 2059//826 2062//829 2061//827
f 2063//830 2065//831 2064//832
f 2063//830 2066//833 2065//831
f 2067//834 2069//835 2068//836
f 2067//834 2070//837 2069//835
f 2071//838 2073//839 2072//840
f 2071//838 2074//841 2073//839
f 2075//842 2077//843 2076//844
f 2075//842 2078//845 2077//843
f 2079//846 2080//847 2081//847
f 2079//846 2081//847 2082//846
f 2083//848 2084//849 2085//849
f 2083//848 2085//849 2086//848
f 2084//849 2087//850 2088//850
f 2084//849 2088//850 2085//849
f 2087//850 2089//851 2090//851
f 2087//850 2090//851 2088//850
f 2089//851 2091//254 2092//852
f 2089//851 2092//852 2090//851
f 2091//254 2093//853 2094//854
f 2091//254 2094//854 2092//852
f 2093//853 2095//855 2096//856
f 2093//853 2096//856 2094//854
f 2095//855 2097//857 2098//857
f 2095//855 2098//857 2096//856
f 2097//857 2099//858 2100//859
f 2097//857 2100//859 2098//857
f 2099//858 2101//860 2102//860
f 2099//858 2102//860 2100//859
f 2101//860 2103//861 2104//861
f 2101//860 2104//861 2102//860
f 2103//861 2105//862 2106//862
f 2103//861 2106//862 2104//861
f 2105//862 2107//863 2108//863
f 2105//862 2108//863 2106//862
f 2107//863 2109//864 2110//865
f 2107//863 2110//865 2108//863
f 2109//864 2111//866 2112//273
f 2109//864 2112//273 2110//865
f 2111//866 2113//867 2114//867
f 2111//866 2114//867 2112//273
f 2113//867 2115//868 2116//868
f 2113//867 2116//868 2114//867
f 2115//868 2117//869 2118//869
f 2115//868 2118//869 2116//868
f 2117//869 2119//870 2120//870
f 2117//869 2120//870 2118//869
f 2119//870 2121//1 2122//1
f 2119//870 2122//1 2120//870
f 2121//1 2123//871 2124//871
f 2121//1 2124//871 2122//1
f 2125//870 2126//1 2127//1
f 2125//870 2127//1 2128//872
f 2129//869 2125//870 2128//872
f 2129//869 2128//872 2130//869
f 2131//868 2129//869 2130//869
f 2131//868 2130//869 2132//868
f 2133//867 2131//868 2132//868
f 2133//867 2132//868 2134//873
f 2135//273 2133//867 2134//873
f 2135//273 2134//873 2136//874
f 2137//865 2135//273 2136//874
f 2137//865 2136//874 2138//865
f 2139//863 2137//865 2138//865
f 2139//863 2138//865 2140//863
f 2141//862 2139//863 2140//863
f 2141//862 2140//863 2142//862
f 2143//861 2141//862 2142//862
f 2143//861 2142//862 2144//861
f 2145//860 2143//861 2144//861
f 2145//860 2144//861 2146//860
f 2147//858 2145//860 2146//860
f 2147//858 2146//860 2148//859
f 2149//857 2147//858 2148//859
f 2149//857 2148//859 2150//857
f 2151//856 2149//857 2150//857
f 2151//856 2150//857 2152//856
f 2153//854 2151//856 2152//856
f 2153//854 2152//856 2154//853
f 2155//852 2153//854 2154//853
f 2155//852 2154//853 2156//254
f 2157//851 2155//852 2156//254
f 2157//851 2156//254 2158//851
f 2159//850 2157//851 2158//851
f 2159//850 2158//851 2160//850
f 2161//849 2159//850 2160//850
f 2161//849 2160//850 2162//849
f 2163//848 2161//849 2162//849
f 2163//848 2162//849 2164//848
f 2126//1 2165//871 2166//875
f 2126//1 2166//875 2127//1
f 2167//870 2168//1 2126//1
f 2167//870 2126//1 2125//870
f 2169//869 2167//870 2125//870
f 2169//869 2125//870 2129//869
f 2170//868 2169//869 2129//869
f 2170//868 2129//869 2131//868
f 2171//867 2170//868 2131//868
f 2171//867 2131//868 2133//867
f 2172//273 2171//867 2133//867
f 2172//273 2133//867 2135//273
f 2173//865 2172//273 2135//273
f 2173//865 2135//273 2137//865
f 2174//863 2173//865 2137//865
f 2174//863 2137//865 2139//863
f 2175//862 2174//863 2139//863
f 2175//862 2139//863 2141//862
f 2176//861 2175//862 2141//862
f 2176//861 2141//862 2143//861
f 2177//860 2176//861 2143//861
f 2177//860 2143//861 2145//860
f 2178//858 2177//860 2145//860
f 2178//858 2145//860 2147//858
f 2179//857 2178//858 2147//858
f 2179//857 2147//858 2149//857
f 2180//856 2179//857 2149//857
f 2180//856 2149//857 2151//856
f 2181//853 2180//856 2151//856
f 2181//853 2151//856 2153//854
f 2182//254 2181//853 2153//854
f 2182//254 2153//854 2155//852
f 2183//851 2182//254 2155//852
f 2183//851 2155//852 2157//851
f 2184//850 2183//851 2157//851
f 2184//850 2157//851 2159//850
f 2185//849 2184//850 2159//850
f 2185//849 2159//850 2161//849
f 2186//848 2185//849 2161//849
f 2186//848 2161//849 2163//848
f 2168//1 2187//871 2165//871
f 2168//1 2165//871 2126//1
f 2188//870 2189//1 2168//1
f 2188//870 2168//1 2167//870
f 2190//869 2188//870 2167//870
f 2190//869 2167//870 2169//869
f 2191//868 2190//869 2169//869
f 2191//868 2169//869 2170//868
f 2192//867 2191//868 2170//868
f 2192//867 2170//868 2171//867
f 2193//273 2192//867 2171//867
f 2193//273 2171//867 2172//273
f 2194//865 2193//273 2172//273
f 2194//865 2172//273 2173//865
f 2195//863 2194//865 2173//865
f 2195//863 2173//865 2174//863
f 2196//862 2195//863 2174//863
f 2196//862 2174//863 2175//862
f 2197//861 2196//862 2175//862
f 2197//861 2175//862 2176//861
f 2198//860 2197//861 2176//861
f 2198//860 2176//861 2177//860
f 2199//859 2198//860 2177//860
f 2199//859 2177//860 2178//858
f 2200//857 2199//859 2178//858
f 2200//857 2178//858 2179//857
f 2201//856 2200//857 2179//857
f 2201//856 2179//857 2180//856
f 2202//853 2201//856 2180//856
f 2202//853 2180//856 2181//853
f 2203//254 2202//853 2181//853
f 2203//254 2181//853 2182//254
f 2204//851 2203//254 2182//254
f 2204//851 2182//254 2183//851
f 2205//850 2204//851 2183//851
f 2205//850 2183//851 2184//850
f 2206//849 2205//850 2184//850
f 2206//849 2184//850 2185//849
f 2207//848 2206//849 2185//849
f 2207//848 2185//849 2186//848
f 2189//1 2208//871 2187//871
f 2189//1 2187//871 2168//1
f 2209//870 2210//1 2189//1
f 2209//870 2189//1 2188//870
f 2211//869 2209//870 2188//870
f 2211//869 2188//870 2190//869
f 2212//868 2211//869 2190//869
f 2212//868 2190//869 2191//868
f 2213//867 2212//868 2191//868
f 2213//867 2191//868 2192//867
f 2214//273 2213//867 2192//867
f 2214//273 2192//867 2193//273
f 2215//865 2214//273 2193//273
f 2215//865 2193//273 2194//865
f 2216//863 2215//865 2194//865
f 2216//863 2194//865 2195//863
f 2217//862 2216//863 2195//863
f 2217//862 2195//863 2196//862
f 2218//861 2217//862 2196//862
f 2218//861 2196//862 2197//861
f 2219//860 2218//861 2197//861
f 2219//860 2197//861 2198//860
f 2220//858 2219//860 2198//860
f 2220//858 2198//860 2199//859
f 2221//857 2220//858 2199//859
f 2221//857 2199//859 2200//857
f 2222//856 2221//857 2200//857
f 2222//856 2200//857 2201//856
f 2223//853 2222//856 2201//856
f 2223//853 2201//856 2202//853
f 2224//254 2223//853 2202//853
f 2224//254 2202//853 2203//254
f 2225//851 2224//254 2203//254
f 2225//851 2203//254 2204//851
f 2226//850 2225//851 2204//851
f 2226//850 2204//851 2205//850
f 2227//849 2226//850 2205//850
f 2227//849 2205//850 2206//849
f 2228//848 2227//849 2206//849
f 2228//848 2206//849 2207//848
f 2210//1 2229//871 2208//871
f 2210//1 2208//871 2189//1
f 2230//870 2231//1 2210//1
f 2230//870 2210//1 2209//870
f 2232//869 2230//870 2209//870
f 2232//869 2209//870 2211//869
f 2233//868 2232//869 2211//869
f 2233//868 2211//869 2212//868
f 2234//867 2233//868 2212//868
f 2234//867 2212//868 2213//867
f 2235//273 2234//867 2213//867
f 2235//273 2213//867 2214//273
f 2236//865 2235//273 2214//273
f 2236//865 2214//273 2215//865
f 2237//863 2236//865 2215//865
f 2237//863 2215//865 2216//863
f 2238//862 2237//863 2216//863
f 2238//862 2216//863 2217//862
f 2239//861 2238//862 2217//862
f 2239//861 2217//862 2218//861
f 2240//860 2239//861 2218//861
f 2240//860 2218//861 2219//860
f 2241//859 2240//860 2219//860
f 2241//859 2219//860 2220//858
f 2242//857 2241//859 2220//858
f 2242//857 2220//858 2221//857
f 2243//856 2242//857 2221//857
f 2243//856 2221//857 2222//856
f 2244//854 2243//856 2222//856
f 2244//854 2222//856 2223//853
f 2245//852 2244//854 2223//853
f 2245//852 2223//853 2224//254
f 2246//851 2245//852 2224//254
f 2246//851 2224//254 2225//851
f 2247//850 2246//851 2225//851
f 2247//850 2225//851 2226//850
f 2248//849 2247//850 2226//850
f 2248//849 2226//850 2227//849
f 2249//848 2248//849 2227//849
f 2249//848 2227//849 2228//848
f 2231//1 2250//871 2229//871
f 2231//1 2229//871 2210//1
f 2251//870 2252//1 2231//1
f 2251//870 2231//1 2230//870
f 2253//869 2251//870 2230//870
f 2253//869 2230//870 2232//869
f 2254//868 2253//869 2232//869
f 2254//868 2232//869 2233//868
f 2255//867 2254//868 2233//868
f 2255//867 2233//868 2234//867
f 2256//273 2255//867 2234//867
f 2256//273 2234//867 2235//273
f 2257//865 2256//273 2235//273
f 2257//865 2235//273 2236//865
f 2258//863 2257//865 2236//865
f 2258//863 2236//865 2237//863
f 2259//862 2258//863 2237//863
f 2259//862 2237//863 2238//862
f 2260//861 2259//862 2238//862
f 2260//861 2238//862 2239//861
f 2261//860 2260//861 2239//861
f 2261//860 2239//861 2240//860
f 2262//859 2261//860 2240//860
f 2262//859 2240//860 2241//859
f 2263//857 2262//859 2241//859
f 2263//857 2241//859 2242//857
f 2264//856 2263//857 2242//857
f 2264//856 2242//857 2243//856
f 2265//853 2264//856 2243//856
f 2265//853 2243//856 2244//854
f 2266//254 2265//853 2244//854
f 2266//254 2244//854 2245//852
f 2267//851 2266//254 2245//852
f 2267//851 2245//852 2246//851
f 2268//850 2267//851 2246//851
f 2268//850 2246//851 2247//850
f 2269//849 2268//850 2247//850
f 2269//849 2247//850 2248//849
f 2270//848 2269//849 2248//849
f 2270//848 2248//849 2249//848
f 2252//1 2271//871 2250//871
f 2252//1 2250//871 2231//1
f 2272//870 2273//1 2252//1
f 2272//870 2252//1 2251//870
f 2274//869 2272//870 2251//870
f 2274//869 2251//870 2253//869
f 2275//868 2274//869 2253//869
f 2275//868 2253//869 2254//868
f 2276//867 2275//868 2254//868
f 2276//867 2254//868 2255//867
f 2277//273 2276//867 2255//867
f 2277//273 2255//867 2256//273
f 2278//865 2277//273 2256//273
f 2278//865 2256//273 2257//865
f 2279//863 2278//865 2257//865
f 2279//863 2257//865 2258//863
f 2280//862 2279//863 2258//863
f 2280//862 2258//863 2259//862
f 2281//861 2280//862 2259//862
f 2281//861 2259//862 2260//861
f 2282//860 2281//861 2260//861
f 2282//860 2260//861 2261//860
f 2283//858 2282//860 2261//860
f 2283//858 2261//860 2262//859
f 2284//857 2283//858 2262//859
f 2284//857 2262//859 2263//857
f 2285//856 2284//857 2263//857
f 2285//856 2263//857 2264//856
f 2286//853 2285//856 2264//856
f 2286//853 2264//856 2265//853
f 2287//254 2286//853 2265//853
f 2287//254 2265//853 2266//254
f 2288//851 2287//254 2266//254
f 2288//851 2266//254 2267//851
f 2289//850 2288//851 2267//851
f 2289//850 2267//851 2268//850
f 2290//849 2289//850 2268//850
f 2290//849 2268//850 2269//849
f 2291//848 2290//849 2269//849
f 2291//848 2269//849 2270//848
f 2273//1 2292//871 2271//871
f 2273//1 2271//871 2252//1
f 2293//870 2294//1 2273//1
f 2293//870 2273//1 2272//870
f 2295//869 2293//870 2272//870
f 2295//869 2272//870 2274//869
f 2296//868 2295//869 2274//869
f 2296//868 2274//869 2275//868
f 2297//867 2296//868 2275//868
f 2297//867 2275//868 2276//867
f 2298//273 2297//867 2276//867
f 2298//273 2276//867 2277//273
f 2299//876 2298//273 2277//273
f 2299//876 2277//273 2278//865
f 2300//863 2299//876 2278//865
f 2300//863 2278//865 2279//863
f 2301//862 2300//863 2279//863
f 2301//862 2279//863 2280//862
f 2302//861 2301//862 2280//862
f 2302//861 2280//862 2281//861
f 2303//860 2302//861 2281//861
f 2303//860 2281//861 2282//860
f 2304//859 2303//860 2282//860
f 2304//859 2282//860 2283//858
f 2305//857 2304//859 2283//858
f 2305//857 2283//858 2284//857
f 2306//856 2305//857 2284//857
f 2306//856 2284//857 2285//856
f 2307//854 2306//856 2285//856
f 2307//854 2285//856 2286//853
f 2308//852 2307//854 2286//853
f 2308//852 2286//853 2287//254
f 2309//851 2308//852 2287//254
f 2309//851 2287//254 2288//851
f 2310//850 2309//851 2288//851
f 2310//850 2288//851 2289//850
f 2311//849 2310//850 2289//850
f 2311//849 2289//850 2290//849
f 2312//848 2311//849 2290//849
f 2312//848 2290//849 2291//848
f 2294//1 2313//871 2292//871
f 2294//1 2292//871 2273//1
f 2314//870 2315//1 2294//1
f 2314//870 2294//1 2293//870
f 2316//869 2314//870 2293//870
f 2316//869 2293//870 2295//869
f 2317//868 2316//869 2295//869
f 2317//868 2295//869 2296//868
f 2318//877 2317//868 2296//868
f 2318//877 2296//868 2297//867
f 2319//273 2318//877 2297//867
f 2319//273 2297//867 2298//273
f 2320//865 2319//273 2298//273
f 2320//865 2298//273 2299//876
f 2321//863 2320//865 2299//876
f 2321//863 2299//876 2300//863
f 2322//862 2321//863 2300//863
f 2322//862 2300//863 2301//862
f 2323//861 2322//862 2301//862
f 2323//861 2301//862 2302//861
f 2324//860 2323//861 2302//861
f 2324//860 2302//861 2303//860
f 2325//859 2324//860 2303//860
f 2325//859 2303//860 2304//859
f 2326//857 2325//859 2304//859
f 2326//857 2304//859 2305//857
f 2327//855 2326//857 2305//857
f 2327//855 2305//857 2306//856
f 2328//853 2327//855 2306//856
f 2328//853 2306//856 2307//854
f 2329//254 2328//853 2307//854
f 2329//254 2307//854 2308//852
f 2330//851 2329//254 2308//852
f 2330//851 2308//852 2309//851
f 2331//850 2330//851 2309//851
f 2331//850 2309//851 2310//850
f 2332//849 2331//850 2310//850
f 2332//849 2310//850 2311//849
f 2333//848 2332//849 2311//849
f 2333//848 2311//849 2312//848
f 2315//1 2334//871 2313//871
f 2315//1 2313//871 2294//1
f 2335//870 2336//1 2315//1
f 2335//870 2315//1 2314//870
f 2337//869 2335//870 2314//870
f 2337//869 2314//870 2316//869
f 2338//868 2337//869 2316//869
f 2338//868 2316//869 2317//868
f 2339//867 2338//868 2317//868
f 2339//867 2317//868 2318//877
f 2340//273 2339//867 2318//877
f 2340//273 2318//877 2319//273
f 2341//865 2340//273 2319//273
f 2341//865 2319//273 2320//865
f 2342//863 2341//865 2320//865
f 2342//863 2320//865 2321//863
f 2343//862 2342//863 2321//863
f 2343//862 2321//863 2322//862
f 2344//861 2343//862 2322//862
f 2344//861 2322//862 2323//861
f 2345//860 2344//861 2323//861
f 2345//860 2323//861 2324//860
f 2346//859 2345//860 2324//860
f 2346//859 2324//860 2325//859
f 2347//857 2346//859 2325//859
f 2347//857 2325//859 2326//857
f 2348//856 2347//857 2326//857
f 2348//856 2326//857 2327//855
f 2349//853 2348//856 2327//855
f 2349//853 2327//855 2328//853
f 2350//254 2349//853 2328//853
f 2350//254 2328//853 2329//254
f 2351//851 2350//254 2329//254
f 2351//851 2329//254 2330//851
f 2352//850 2351//851 2330//851
f 2352//850 2330//851 2331//850
f 2353//849 2352//850 2331//850
f 2353//849 2331//850 2332//849
f 2354//848 2353//849 2332//849
f 2354//848 2332//849 2333//848
f 2336//1 2355//871 2334//871
f 2336//1 2334//871 2315//1
f 2356//870 2357//1 2336//1
f 2356//870 2336//1 2335//870
f 2358//869 2356//870 2335//870
f 2358//869 2335//870 2337//869
f 2359//868 2358//869 2337//869
f 2359//868 2337//869 2338//868
f 2360//867 2359//868 2338//868
f 2360//867 2338//868 2339//867
f 2361//273 2360//867 2339//867
f 2361//273 2339//867 2340//273
f 2362//865 2361//273 2340//273
f 2362//865 2340//273 2341//865
f 2363//863 2362//865 2341//865
f 2363//863 2341//865 2342//863
f 2364//862 2363//863 2342//863
f 2364//862 2342//863 2343//862
f 2365//861 2364//862 2343//862
f 2365//861 2343//862 2344//861
f 2366//860 2365//861 2344//861
f 2366//860 2344//861 2345//860
f 2367//858 2366//860 2345//860
f 2367//858 2345//860 2346//859
f 2368//857 2367//858 2346//859
f 2368//857 2346//859 2347//857
f 2369//856 2368//857 2347//857
f 2369//856 2347//857 2348//856
f 2370//853 2369//856 2348//856
f 2370//853 2348//856 2349//853
f 2371//254 2370//853 2349//853
f 2371//254 2349//853 2350//254
f 2372//851 2371//254 2350//254
f 2372//851 2350//254 2351//851
f 2373//850 2372//851 2351//851
f 2373//850 2351//851 2352//850
f 2374//849 2373//850 2352//850
f 2374//849 2352//850 2353//849
f 2375//848 2374//849 2353//849
f 2375//848 2353//849 2354//848
f 2357//1 2376//871 2355//871
f 2357//1 2355//871 2336//1
f 2377//870 2378//1 2357//1
f 2377//870 2357//1 2356//870
f 2379//869 2377//870 2356//870
f 2379//869 2356//870 2358//869
f 2380//868 2379//869 2358//869
f 2380//868 2358//869 2359//868
f 2381//867 2380//868 2359//868
f 2381//867 2359//868 2360//867
f 2382//273 2381//867 2360//867
f 2382//273 2360//867 2361//273
f 2383//865 2382//273 2361//273
f 2383//865 2361//273 2362//865
f 2384//863 2383//865 2362//865
f 2384//863 2362//865 2363//863
f 2385//862 2384//863 2363//863
f 2385//862 2363//863 2364//862
f 2386//861 2385//862 2364//862
f 2386//861 2364//862 2365//861
f 2387//860 2386//861 2365//861
f 2387//860 2365//861 2366//860
f 2388//859 2387//860 2366//860
f 2388//859 2366//860 2367//858
f 2389//857 2388//859 2367//858
f 2389//857 2367//858 2368//857
f 2390//856 2389//857 2368//857
f 2390//856 2368//857 2369//856
f 2391//853 2390//856 2369//856
f 2391//853 2369//856 2370//853
f 2392//254 2391//853 2370//853
f 2392//254 2370//853 2371//254
f 2393//851 2392//254 2371//254
f 2393//851 2371//254 2372//851
f 2394//850 2393//851 2372//851
f 2394//850 2372//851 2373//850
f 2395//849 2394//850 2373//850
f 2395//849 2373//850 2374//849
f 2396//848 2395//849 2374//849
f 2396//848 2374//849 2375//848
f 2378//1 2397//871 2376//871
f 2378//1 2376//871 2357//1
f 2398//870 2399//1 2378//1
f 2398//870 2378//1 2377//870
f 2400//869 2398//870 2377//870
f 2400//869 2377//870 2379//869
f 2401//868 2400//869 2379//869
f 2401//868 2379//869 2380//868
f 2402//867 2401//868 2380//868
f 2402//867 2380//868 2381//867
f 2403//273 2402//867 2381//867
f 2403//273 2381//867 2382//273
f 2404//865 2403//273 2382//273
f 2404//865 2382//273 2383//865
f 2405//863 2404//865 2383//865
f 2405//863 2383//865 2384//863
f 2406//862 2405//863 2384//863
f 2406//862 2384//863 2385//862
f 2407//861 2406//862 2385//862
f 2407//861 2385//862 2386//861
f 2408//860 2407//861 2386//861
f 2408//860 2386//861 2387//860
f 2409//858 2408//860 2387//860
f 2409//858 2387//860 2388//859
f 2410//857 2409//858 2388//859
f 2410//857 2388//859 2389//857
f 2411//856 2410//857 2389//857
f 2411//856 2389//857 2390//856
f 2412//854 2411//856 2390//856
f 2412//854 2390//856 2391//853
f 2413//852 2412//854 2391//853
f 2413//852 2391//853 2392//254
f 2414//851 2413//852 2392//254
f 2414//851 2392//254 2393//851
f 2415//850 2414//851 2393//851
f 2415//850 2393//851 2394//850
f 2416//849 2415//850 2394//850
f 2416//849 2394//850 2395//849
f 2417//848 2416//849 2395//849
f 2417//848 2395//849 2396//848
f 2399//1 2418//871 2397//871
f 2399//1 2397//871 2378//1
f 2419//870 2420//1 2399//1
f 2419//870 2399//1 2398//870
f 2421//869 2419//870 2398//870
f 2421//869 2398//870 2400//869
f 2422//868 2421//869 2400//869
f 2422//868 2400//869 2401//868
f 2423//867 2422//868 2401//868
f 2423//867 2401//868 2402//867
f 2424//273 2423//867 2402//867
f 2424//273 2402//867 2403//273
f 2425//865 2424//273 2403//273
f 2425//865 2403//273 2404//865
f 2426//863 2425//865 2404//865
f 2426//863 2404//865 2405//863
f 2427//862 2426//863 2405//863
f 2427//862 2405//863 2406//862
f 2428//861 2427//862 2406//862
f 2428//861 2406//862 2407//861
f 2429//860 2428//861 2407//861
f 2429//860 2407//861 2408//860
f 2430//858 2429//860 2408//860
f 2430//858 2408//860 2409//858
f 2431//857 2430//858 2409//858
f 2431//857 2409//858 2410//857
f 2432//856 2431//857 2410//857
f 2432//856 2410//857 2411//856
f 2433//853 2432//856 2411//856
f 2433//853 2411//856 2412//854
f 2434//254 2433//853 2412//854
f 2434//254 2412//854 2413//852
f 2435//851 2434//254 2413//852
f 2435//851 2413//852 2414//851
f 2436//850 2435//851 2414//851
f 2436//850 2414//851 2415//850
f 2437//849 2436//850 2415//850
f 2437//849 2415//850 2416//849
f 2438//848 2437//849 2416//849
f 2438//848 2416//849 2417//848
f 2420//1 2439//871 2418//871
f 2420//1 2418//871 2399//1
f 2440//870 2441//1 2420//1
f 2440//870 2420//1 2419//870
f 2442//869 2440//870 2419//870
f 2442//869 2419//870 2421//869
f 2443//868 2442//869 2421//869
f 2443//868 2421//869 2422//868
f 2444//867 2443//868 2422//868
f 2444//867 2422//868 2423//867
f 2445//273 2444//867 2423//867
f 2445//273 2423//867 2424//273
f 2446//865 2445//273 2424//273
f 2446//865 2424//273 2425//865
f 2447//863 2446//865 2425//865
f 2447//863 2425//865 2426//863
f 2448//862 2447//863 2426//863
f 2448//862 2426//863 2427//862
f 2449//861 2448//862 2427//862
f 2449//861 2427//862 2428//861
f 2450//860 2449//861 2428//861
f 2450//860 2428//861 2429//860
f 2451//859 2450//860 2429//860
f 2451//859 2429//860 2430//858
f 2452//857 2451//859 2430//858
f 2452//857 2430//858 2431//857
f 2453//856 2452//857 2431//857
f 2453//856 2431//857 2432//856
f 2454//853 2453//856 2432//856
f 2454//853 2432//856 2433//853
f 2455//254 2454//853 2433//853
f 2455//254 2433//853 2434//254
f 2456//851 2455//254 2434//254
f 2456//851 2434//254 2435//851
f 2457//850 2456//851 2435//851
f 2457//850 2435//851 2436//850
f 2458//849 2457//850 2436//850
f 2458//849 2436//850 2437//849
f 2459//848 2458//849 2437//849
f 2459//848 2437//849 2438//848
f 2441//1 2460//871 2439//871
f 2441//1 2439//871 2420//1
f 2461//870 2462//1 2441//1
f 2461//870 2441//1 2440//870
f 2463//869 2461//870 2440//870
f 2463//869 2440//870 2442//869
f 2464//868 2463//869 2442//869
f 2464//868 2442//869 2443//868
f 2465//867 2464//868 2443//868
f 2465//867 2443//868 2444//867
f 2466//273 2465//867 2444//867
f 2466//273 2444//867 2445//273
f 2467//865 2466//273 2445//273
f 2467//865 2445//273 2446//865
f 2468//863 2467//865 2446//865
f 2468//863 2446//865 2447//863
f 2469//862 2468//863 2447//863
f 2469//862 2447//863 2448//862
f 2470//861 2469//862 2448//862
f 2470//861 2448//862 2449//861
f 2471//860 2470//861 2449//861
f 2471//860 2449//861 2450//860
f 2472//858 2471//860 2450//860
f 2472//858 2450//860 2451//859
f 2473//857 2472//858 2451//859
f 2473//857 2451//859 2452//857
f 2474//856 2473//857 2452//857
f 2474//856 2452//857 2453//856
f 2475//853 2474//856 2453//856
f 2475//853 2453//856 2454//853
f 2476//254 2475//853 2454//853
f 2476//254 2454//853 2455//254
f 2477//851 2476//254 2455//254
f 2477//851 2455//254 2456//851
f 2478//850 2477//851 2456//851
f 2478//850 2456//851 2457//850
f 2479//849 2478//850 2457//850
f 2479//849 2457//850 2458//849
f 2480//848 2479//849 2458//849
f 2480//848 2458//849 2459//848
f 2462//1 2481//871 2460//871
f 2462//1 2460//871 2441//1
f 2120//870 2122//1 2462//1
f 2120//870 2462//1 2461//870
f 2118//869 2120//870 2461//870
f 2118//869 2461//870 2463//869
f 2116//868 2118//869 2463//869
f 2116//868 2463//869 2464//868
f 2114//867 2116//868 2464//868
f 2114//867 2464//868 2465//867
f 2112//273 2114//867 2465//867
f 2112//273 2465//867 2466//273
f 2110//865 2112//273 2466//273
f 2110//865 2466//273 2467//865
f 2108//863 2110//865 2467//865
f 2108//863 2467//865 2468//863
f 2106//862 2108//863 2468//863
f 2106//862 2468//863 2469//862
f 2104//861 2106//862 2469//862
f 2104//861 2469//862 2470//861
f 2102//860 2104//861 2470//861
f 2102//860 2470//861 2471//860
f 2100//859 2102//860 2471//860
f 2100//859 2471//860 2472//858
f 2098//857 2100//859 2472//858
f 2098//857 2472//858 2473//857
f 2096//856 2098//857 2473//857
f 2096//856 2473//857 2474//856
f 2094//854 2096//856 2474//856
f 2094//854 2474//856 2475//853
f 2092//852 2094//854 2475//853
f 2092//852 2475//853 2476//254
f 2090//851 2092//852 2476//254
f 2090//851 2476//254 2477//851
f 2088//850 2090//851 2477//851
f 2088//850 2477//851 2478//850
f 2085//849 2088//850 2478//850
f 2085//849 2478//850 2479//849
f 2086//848 2085//849 2479//849
f 2086//848 2479//849 2480//848
f 2122//1 2124//871 2481//871
f 2122//1 2481//871 2462//1
f 2482//343 2483//343 2484//45
f 2482//343 2484//45 2485//45
f 2486//341 2487//341 2483//343
f 2486//341 2483//343 2482//343
f 2488//339 2489//339 2487//341
f 2488//339 2487//341 2486//341
f 2490//337 2491//337 2489//339
f 2490//337 2489//339 2488//339
f 2492//273 2493//273 2491//337
f 2492//273 2491//337 2490//337
f 2494//334 2495//334 2493//273
f 2494//334 2493//273 2492//273
f 2496//389 2497//389 2495//334
f 2496//389 2495//334 2494//334
f 2498//390 2499//390 2497//389
f 2498//390 2497//389 2496//389
f 2500//328 2501//328 2499//390
f 2500//328 2499//390 2498//390
f 2502//47 2503//44 2501//328
f 2502//47 2501//328 2500//328
f 2504//325 2505//391 2503//44
f 2504//325 2503//44 2502//47
f 2506//323 2507//323 2505//391
f 2506//323 2505//391 2504//325
f 2508//321 2509//321 2507//323
f 2508//321 2507//323 2506//323
f 2510//392 2511//319 2509//321
f 2510//392 2509//321 2508//321
f 2512//254 2513//254 2511//319
f 2512//254 2511//319 2510//392
f 2514//393 2515//393 2513//254
f 2514//393 2513//254 2512//254
f 2516//394 2517//314 2515//393
f 2516//394 2515//393 2514//393
f 2518//311 2519//311 2517//314
f 2518//311 2517//314 2516//394
f 2520//310 2521//310 2519//311
f 2520//310 2519//311 2518//311
f 2485//45 2484//45 2522//346
f 2485//45 2522//346 2523//346
f 2524//878 2525//879 2526//880
f 2524//878 2526//880 2527//881
f 2528//882 2529//882 2525//879
f 2528//882 2525//879 2524//878
f 2530//44 2531//44 2529//882
f 2530//44 2529//882 2528//882
f 2532//883 2533//883 2531//44
f 2532//883 2531//44 2530//44
f 2534//884 2535//885 2533//883
f 2534//884 2533//883 2532//883
f 2536//886 2537//886 2535//885
f 2536//886 2535//885 2534//884
f 2538//887 2539//887 2537//886
f 2538//887 2537//886 2536//886
f 2540//888 2541//888 2539//887
f 2540//888 2539//887 2538//887
f 2542//889 2543//890 2541//888
f 2542//889 2541//888 2540//888
f 2544//891 2545//892 2543//890
f 2544//891 2543//890 2542//889
f 2546//893 2547//894 2545//892
f 2546//893 2545//892 2544//891
f 2548//895 2549//895 2547//894
f 2548//895 2547//894 2546//893
f 2550//45 2551//45 2552//896
f 2550//45 2552//896 2553//896
f 2554//897 2555//897 2551//45
f 2554//897 2551//45 2550//45
f 2556//898 2557//899 2555//897
f 2556//898 2555//897 2554//897
f 2558//900 2559//901 2557//899
f 2558//900 2557//899 2556//898
f 2560//902 2561//903 2559//901
f 2560//902 2559//901 2558//900
f 2562//904 2563//904 2561//903
f 2562//904 2561//903 2560//902
f 2564//905 2565//906 2563//904
f 2564//905 2563//904 2562//904
f 2527//881 2526//880 2565//906
f 2527//881 2565//906 2564//905
f 2566//907 2524//878 2527//881
f 2566//907 2527//881 2567//880
f 2568//882 2528//882 2524//878
f 2568//882 2524//878 2566//907
f 2569//44 2530//44 2528//882
f 2569//44 2528//882 2568//882
f 2570//883 2532//883 2530//44
f 2570//883 2530//44 2569//44
f 2571//884 2534//884 2532//883
f 2571//884 2532//883 2570//883
f 2572//886 2536//886 2534//884
f 2572//886 2534//884 2571//884
f 2573//887 2538//887 2536//886
f 2573//887 2536//886 2572//886
f 2574//888 2540//888 2538//887
f 2574//888 2538//887 2573//887
f 2575//890 2542//889 2540//888
f 2575//890 2540//888 2574//888
f 2576//891 2544//891 2542//889
f 2576//891 2542//889 2575//890
f 2577//893 2546//893 2544//891
f 2577//893 2544//891 2576//891
f 2578//908 2548//895 2546//893
f 2578//908 2546//893 2577//893
f 2579//45 2550//45 2553//896
f 2579//45 2553//896 2580//896
f 2581//897 2554//897 2550//45
f 2581//897 2550//45 2579//45
f 2582//898 2556//898 2554//897
f 2582//898 2554//897 2581//897
f 2583//901 2558//900 2556//898
f 2583//901 2556//898 2582//898
f 2584//902 2560//902 2558//900
f 2584//902 2558//900 2583//901
f 2585//904 2562//904 2560//902
f 2585//904 2560//902 2584//902
f 2586//905 2564//905 2562//904
f 2586//905 2562//904 2585//904
f 2567//880 2527//881 2564//905
f 2567//880 2564//905 2586//905
f 2587//879 2566//907 2567//880
f 2587//879 2567//880 2588//881
f 2589//882 2568//882 2566//907
f 2589//882 2566//907 2587//879
f 2590//44 2569//44 2568//882
f 2590//44 2568//882 2589//882
f 2591//883 2570//883 2569//44
f 2591//883 2569//44 2590//44
f 2592//885 2571//884 2570//883
f 2592//885 2570//883 2591//883
f 2593//886 2572//886 2571//884
f 2593//886 2571//884 2592//885
f 2594//887 2573//887 2572//886
f 2594//887 2572//886 2593//886
f 2595//888 2574//888 2573//887
f 2595//888 2573//887 2594//887
f 2596//890 2575//890 2574//888
f 2596//890 2574//888 2595//888
f 2597//891 2576//891 2575//890
f 2597//891 2575//890 2596//890
f 2598//893 2577//893 2576//891
f 2598//893 2576//891 2597//891
f 2599//908 2578//908 2577//893
f 2599//908 2577//893 2598//893
f 2600//45 2579//45 2580//896
f 2600//45 2580//896 2601//896
f 2602//897 2581//897 2579//45
f 2602//897 2579//45 2600//45
f 2603//899 2582//898 2581//897
f 2603//899 2581//897 2602//897
f 2604//900 2583//901 2582//898
f 2604//900 2582//898 2603//899
f 2605//903 2584//902 2583//901
f 2605//903 2583//901 2604//900
f 2606//904 2585//904 2584//902
f 2606//904 2584//902 2605//903
f 2607//905 2586//905 2585//904
f 2607//905 2585//904 2606//904
f 2588//881 2567//880 2586//905
f 2588//881 2586//905 2607//905
f 2608//879 2587//879 2588//881
f 2608//879 2588//881 2609//881
f 2610//882 2589//882 2587//879
f 2610//882 2587//879 2608//879
f 2611//44 2590//44 2589//882
f 2611//44 2589//882 2610//882
f 2612//883 2591//883 2590//44
f 2612//883 2590//44 2611//44
f 2613//885 2592//885 2591//883
f 2613//885 2591//883 2612//883
f 2614//886 2593//886 2592//885
f 2614//886 2592//885 2613//885
f 2615//887 2594//887 2593//886
f 2615//887 2593//886 2614//886
f 2616//888 2595//888 2594//887
f 2616//888 2594//887 2615//887
f 2617//890 2596//890 2595//888
f 2617//890 2595//888 2616//888
f 2618//891 2597//891 2596//890
f 2618//891 2596//890 2617//890
f 2619//893 2598//893 2597//891
f 2619//893 2597//891 2618//891
f 2620//908 2599//908 2598//893
f 2620//908 2598//893 2619//893
f 2621//45 2600//45 2601//896
f 2621//45 2601//896 2622//896
f 2623//897 2602//897 2600//45
f 2623//897 2600//45 2621//45
f 2624//909 2603//899 2602//897
f 2624//909 2602//897 2623//897
f 2625//900 2604//900 2603//899
f 2625//900 2603//899 2624//909
f 2626//902 2605//903 2604//900
f 2626//902 2604//900 2625//900
f 2627//904 2606//904 2605//903
f 2627//904 2605//903 2626//902
f 2628//906 2607//905 2606//904
f 2628//906 2606//904 2627//904
f 2609//881 2588//881 2607//905
f 2609//881 2607//905 2628//906
f 2629//879 2608//879 2609//881
f 2629//879 2609//881 2630//881
f 2631//882 2610//882 2608//879
f 2631//882 2608//879 2629//879
f 2632//44 2611//44 2610//882
f 2632//44 2610//882 2631//882
f 2633//883 2612//883 2611//44
f 2633//883 2611//44 2632//44
f 2634//910 2613//885 2612//883
f 2634//910 2612//883 2633//883
f 2635//886 2614//886 2613//885
f 2635//886 2613//885 2634//910
f 2636//887 2615//887 2614//886
f 2636//887 2614//886 2635//886
f 2637//888 2616//888 2615//887
f 2637//888 2615//887 2636//887
f 2638//911 2617//890 2616//888
f 2638//911 2616//888 2637//888
f 2639//891 2618//891 2617//890
f 2639//891 2617//890 2638//911
f 2640//912 2619//893 2618//891
f 2640//912 2618//891 2639//891
f 2641//895 2620//908 2619//893
f 2641//895 2619//893 2640//912
f 2642//45 2621//45 2622//896
f 2642//45 2622//896 2643//896
f 2644//897 2623//897 2621//45
f 2644//897 2621//45 2642//45
f 2645//909 2624//909 2623//897
f 2645//909 2623//897 2644//897
f 2646//900 2625//900 2624//909
f 2646//900 2624//909 2645//909
f 2647//902 2626//902 2625//900
f 2647//902 2625//900 2646//900
f 2648//904 2627//904 2626//902
f 2648//904 2626//902 2647//902
f 2649//905 2628//906 2627//904
f 2649//905 2627//904 2648//904
f 2630//881 2609//881 2628//906
f 2630//881 2628//906 2649//905
f 2650//907 2629//879 2630//881
f 2650//907 2630//881 2651//881
f 2652//882 2631//882 2629//879
f 2652//882 2629//879 2650//907
f 2653//44 2632//44 2631//882
f 2653//44 2631//882 2652//882
f 2654//883 2633//883 2632//44
f 2654//883 2632//44 2653//44
f 2655//884 2634//910 2633//883
f 2655//884 2633//883 2654//883
f 2656//913 2635//886 2634//910
f 2656//913 2634//910 2655//884
f 2657//914 2636//887 2635//886
f 2657//914 2635//886 2656//913
f 2658//888 2637//888 2636//887
f 2658//888 2636//887 2657//914
f 2659//890 2638//911 2637//888
f 2659//890 2637//888 2658//888
f 2660//915 2639//891 2638//911
f 2660//915 2638//911 2659//890
f 2661//893 2640//912 2639//891
f 2661//893 2639//891 2660//915
f 2662//908 2641//895 2640//912
f 2662//908 2640//912 2661//893
f 2663//45 2642//45 2643//896
f 2663//45 2643//896 2664//896
f 2665//897 2644//897 2642//45
f 2665//897 2642//45 2663//45
f 2666//898 2645//909 2644//897
f 2666//898 2644//897 2665//897
f 2667//900 2646//900 2645//909
f 2667//900 2645//909 2666//898
f 2668//902 2647//902 2646//900
f 2668//902 2646//900 2667//900
f 2669//904 2648//904 2647//902
f 2669//904 2647//902 2668//902
f 2670//905 2649//905 2648//904
f 2670//905 2648//904 2669//904
f 2651//881 2630//881 2649//905
f 2651//881 2649//905 2670//905
f 2671//907 2650//907 2651//881
f 2671//907 2651//881 2672//881
f 2673//882 2652//882 2650//907
f 2673//882 2650//907 2671//907
f 2674//44 2653//44 2652//882
f 2674//44 2652//882 2673//882
f 2675//883 2654//883 2653//44
f 2675//883 2653//44 2674//44
f 2676//885 2655//884 2654//883
f 2676//885 2654//883 2675//883
f 2677//886 2656//913 2655//884
f 2677//886 2655//884 2676//885
f 2678//887 2657//914 2656//913
f 2678//887 2656//913 2677//886
f 2679//888 2658//888 2657//914
f 2679//888 2657//914 2678//887
f 2680//890 2659//890 2658//888
f 2680//890 2658//888 2679//888
f 2681//891 2660//915 2659//890
f 2681//891 2659//890 2680//890
f 2682//893 2661//893 2660//915
f 2682//893 2660//915 2681//891
f 2683//895 2662//908 2661//893
f 2683//895 2661//893 2682//893
f 2684//45 2663//45 2664//896
f 2684//45 2664//896 2685//896
f 2686//897 2665//897 2663//45
f 2686//897 2663//45 2684//45
f 2687//909 2666//898 2665//897
f 2687//909 2665//897 2686//897
f 2688//900 2667//900 2666//898
f 2688//900 2666//898 2687//909
f 2689//903 2668//902 2667//900
f 2689//903 2667//900 2688//900
f 2690//904 2669//904 2668//902
f 2690//904 2668//902 2689//903
f 2691//906 2670//905 2669//904
f 2691//906 2669//904 2690//904
f 2672//881 2651//881 2670//905
f 2672//881 2670//905 2691//906
f 2692//879 2671//907 2672//881
f 2692//879 2672//881 2693//881
f 2694//882 2673//882 2671//907
f 2694//882 2671//907 2692//879
f 2695//44 2674//44 2673//882
f 2695//44 2673//882 2694//882
f 2696//883 2675//883 2674//44
f 2696//883 2674//44 2695//44
f 2697//885 2676//885 2675//883
f 2697//885 2675//883 2696//883
f 2698//886 2677//886 2676//885
f 2698//886 2676//885 2697//885
f 2699//887 2678//887 2677//886
f 2699//887 2677//886 2698//886
f 2700//888 2679//888 2678//887
f 2700//888 2678//887 2699//887
f 2701//890 2680//890 2679//888
f 2701//890 2679//888 2700//888
f 2702//891 2681//891 2680//890
f 2702//891 2680//890 2701//890
f 2703//893 2682//893 2681//891
f 2703//893 2681//891 2702//891
f 2704//895 2683//895 2682//893
f 2704//895 2682//893 2703//893
f 2705//45 2684//45 2685//896
f 2705//45 2685//896 2706//896
f 2707//897 2686//897 2684//45
f 2707//897 2684//45 2705//45
f 2708//899 2687//909 2686//897
f 2708//899 2686//897 2707//897
f 2709//900 2688//900 2687//909
f 2709//900 2687//909 2708//899
f 2710//902 2689//903 2688//900
f 2710//902 2688//900 2709//900
f 2711//904 2690//904 2689//903
f 2711//904 2689//903 2710//902
f 2712//905 2691//906 2690//904
f 2712//905 2690//904 2711//904
f 2693//881 2672//881 2691//906
f 2693//881 2691//906 2712//905
f 2713//879 2692//879 2693//881
f 2713//879 2693//881 2714//881
f 2715//882 2694//882 2692//879
f 2715//882 2692//879 2713//879
f 2716//44 2695//44 2694//882
f 2716//44 2694//882 2715//882
f 2717//883 2696//883 2695//44
f 2717//883 2695//44 2716//44
f 2718//885 2697//885 2696//883
f 2718//885 2696//883 2717//883
f 2719//886 2698//886 2697//885
f 2719//886 2697//885 2718//885
f 2720//887 2699//887 2698//886
f 2720//887 2698//886 2719//886
f 2721//888 2700//888 2699//887
f 2721//888 2699//887 2720//887
f 2722//911 2701//890 2700//888
f 2722//911 2700//888 2721//888
f 2723//891 2702//891 2701//890
f 2723//891 2701//890 2722//911
f 2724//912 2703//893 2702//891
f 2724//912 2702//891 2723//891
f 2725//895 2704//895 2703//893
f 2725//895 2703//893 2724//912
f 2726//45 2705//45 2706//896
f 2726//45 2706//896 2727//896
f 2728//897 2707//897 2705//45
f 2728//897 2705//45 2726//45
f 2729//899 2708//899 2707//897
f 2729//899 2707//897 2728//897
f 2730//901 2709//900 2708//899
f 2730//901 2708//899 2729//899
f 2731//902 2710//902 2709//900
f 2731//902 2709//900 2730//901
f 2732//904 2711//904 2710//902
f 2732//904 2710//902 2731//902
f 2733//905 2712//905 2711//904
f 2733//905 2711//904 2732//904
f 2714//881 2693//881 2712//905
f 2714//881 2712//905 2733//905
f 2734//879 2713//879 2714//881
f 2734//879 2714//881 2735//881
f 2736//882 2715//882 2713//879
f 2736//882 2713//879 2734//879
f 2737//44 2716//44 2715//882
f 2737//44 2715//882 2736//882
f 2738//883 2717//883 2716//44
f 2738//883 2716//44 2737//44
f 2739//910 2718//885 2717//883
f 2739//910 2717//883 2738//883
f 2740//913 2719//886 2718//885
f 2740//913 2718//885 2739//910
f 2741//914 2720//887 2719//886
f 2741//914 2719//886 2740//913
f 2742//888 2721//888 2720//887
f 2742//888 2720//887 2741//914
f 2743//911 2722//911 2721//888
f 2743//911 2721//888 2742//888
f 2744//892 2723//891 2722//911
f 2744//892 2722//911 2743//911
f 2745//894 2724//912 2723//891
f 2745//894 2723//891 2744//892
f 2746//895 2725//895 2724//912
f 2746//895 2724//912 2745//894
f 2747//45 2726//45 2727//896
f 2747//45 2727//896 2748//896
f 2749//897 2728//897 2726//45
f 2749//897 2726//45 2747//45
f 2750//899 2729//899 2728//897
f 2750//899 2728//897 2749//897
f 2751//900 2730//901 2729//899
f 2751//900 2729//899 2750//899
f 2752//902 2731//902 2730//901
f 2752//902 2730//901 2751//900
f 2753//904 2732//904 2731//902
f 2753//904 2731//902 2752//902
f 2754//905 2733//905 2732//904
f 2754//905 2732//904 2753//904
f 2735//881 2714//881 2733//905
f 2735//881 2733//905 2754//905
f 2755//907 2734//879 2735//881
f 2755//907 2735//881 2756//881
f 2757//882 2736//882 2734//879
f 2757//882 2734//879 2755//907
f 2758//44 2737//44 2736//882
f 2758//44 2736//882 2757//882
f 2759//883 2738//883 2737//44
f 2759//883 2737//44 2758//44
f 2760//885 2739//910 2738//883
f 2760//885 2738//883 2759//883
f 2761//886 2740//913 2739//910
f 2761//886 2739//910 2760//885
f 2762//887 2741//914 2740//913
f 2762//887 2740//913 2761//886
f 2763//888 2742//888 2741//914
f 2763//888 2741//914 2762//887
f 2764//890 2743//911 2742//888
f 2764//890 2742//888 2763//888
f 2765//891 2744//892 2743//911
f 2765//891 2743//911 2764//890
f 2766//893 2745//894 2744//892
f 2766//893 2744//892 2765//891
f 2767//895 2746//895 2745//894
f 2767//895 2745//894 2766//893
f 2768//45 2747//45 2748//896
f 2768//45 2748//896 2769//896
f 2770//897 2749//897 2747//45
f 2770//897 2747//45 2768//45
f 2771//909 2750//899 2749//897
f 2771//909 2749//897 2770//897
f 2772//901 2751//900 2750//899
f 2772//901 2750//899 2771//909
f 2773//902 2752//902 2751//900
f 2773//902 2751//900 2772//901
f 2774//904 2753//904 2752//902
f 2774//904 2752//902 2773//902
f 2775//905 2754//905 2753//904
f 2775//905 2753//904 2774//904
f 2756//881 2735//881 2754//905
f 2756//881 2754//905 2775//905
f 2776//879 2755//907 2756//881
f 2776//879 2756//881 2777//881
f 2778//882 2757//882 2755//907
f 2778//882 2755//907 2776//879
f 2779//44 2758//44 2757//882
f 2779//44 2757//882 2778//882
f 2780//883 2759//883 2758//44
f 2780//883 2758//44 2779//44
f 2781//885 2760//885 2759//883
f 2781//885 2759//883 2780//883
f 2782//886 2761//886 2760//885
f 2782//886 2760//885 2781//885
f 2783//887 2762//887 2761//886
f 2783//887 2761//886 2782//886
f 2784//888 2763//888 2762//887
f 2784//888 2762//887 2783//887
f 2785//890 2764//890 2763//888
f 2785//890 2763//888 2784//888
f 2786//891 2765//891 2764//890
f 2786//891 2764//890 2785//890
f 2787//893 2766//893 2765//891
f 2787//893 2765//891 2786//891
f 2788//908 2767//895 2766//893
f 2788//908 2766//893 2787//893
f 2789//45 2768//45 2769//896
f 2789//45 2769//896 2790//896
f 2791//897 2770//897 2768//45
f 2791//897 2768//45 2789//45
f 2792//898 2771//909 2770//897
f 2792//898 2770//897 2791//897
f 2793//900 2772//901 2771//909
f 2793//900 2771//909 2792//898
f 2794//902 2773//902 2772//901
f 2794//902 2772//901 2793//900
f 2795//904 2774//904 2773//902
f 2795//904 2773//902 2794//902
f 2796//905 2775//905 2774//904
f 2796//905 2774//904 2795//904
f 2777//881 2756//881 2775//905
f 2777//881 2775//905 2796//905
f 2797//879 2776//879 2777//881
f 2797//879 2777//881 2798//881
f 2799//882 2778//882 2776//879
f 2799//882 2776//879 2797//879
f 2800//44 2779//44 2778//882
f 2800//44 2778//882 2799//882
f 2801//883 2780//883 2779//44
f 2801//883 2779//44 2800//44
f 2802//885 2781//885 2780//883
f 2802//885 2780//883 2801//883
f 2803//886 2782//886 2781//885
f 2803//886 2781//885 2802//885
f 2804//887 2783//887 2782//886
f 2804//887 2782//886 2803//886
f 2805//888 2784//888 2783//887
f 2805//888 2783//887 2804//887
f 2806//890 2785//890 2784//888
f 2806//890 2784//888 2805//888
f 2807//891 2786//891 2785//890
f 2807//891 2785//890 2806//890
f 2808//912 2787//893 2786//891
f 2808//912 2786//891 2807//891
f 2809//895 2788//908 2787//893
f 2809//895 2787//893 2808//912
f 2810//45 2789//45 2790//896
f 2810//45 2790//896 2811//896
f 2812//897 2791//897 2789//45
f 2812//897 2789//45 2810//45
f 2813//898 2792//898 2791//897
f 2813//898 2791//897 2812//897
f 2814//901 2793//900 2792//898
f 2814//901 2792//898 2813//898
f 2815//902 2794//902 2793//900
f 2815//902 2793//900 2814//901
f 2816//904 2795//904 2794//902
f 2816//904 2794//902 2815//902
f 2817//905 2796//905 2795//904
f 2817//905 2795//904 2816//904
f 2798//881 2777//881 2796//905
f 2798//881 2796//905 2817//905
f 2818//878 2797//879 2798//881
f 2818//878 2798//881 2819//881
f 2820//882 2799//882 2797//879
f 2820//882 2797//879 2818//878
f 2821//44 2800//44 2799//882
f 2821//44 2799//882 2820//882
f 2822//883 2801//883 2800//44
f 2822//883 2800//44 2821//44
f 2823//885 2802//885 2801//883
f 2823//885 2801//883 2822//883
f 2824//886 2803//886 2802//885
f 2824//886 2802//885 2823//885
f 2825//887 2804//887 2803//886
f 2825//887 2803//886 2824//886
f 2826//888 2805//888 2804//887
f 2826//888 2804//887 2825//887
f 2827//890 2806//890 2805//888
f 2827//890 2805//888 2826//888
f 2828//891 2807//891 2806//890
f 2828//891 2806//890 2827//890
f 2829//893 2808//912 2807//891
f 2829//893 2807//891 2828//891
f 2830//908 2809//895 2808//912
f 2830//908 2808//912 2829//893
f 2831//45 2810//45 2811//896
f 2831//45 2811//896 2832//896
f 2833//897 2812//897 2810//45
f 2833//897 2810//45 2831//45
f 2834//899 2813//898 2812//897
f 2834//899 2812//897 2833//897
f 2835//900 2814//901 2813//898
f 2835//900 2813//898 2834//899
f 2836//903 2815//902 2814//901
f 2836//903 2814//901 2835//900
f 2837//904 2816//904 2815//902
f 2837//904 2815//902 2836//903
f 2838//905 2817//905 2816//904
f 2838//905 2816//904 2837//904
f 2819//881 2798//881 2817//905
f 2819//881 2817//905 2838//905
f 2839//916 2818//878 2819//881
f 2839//916 2819//881 2840//917
f 2841//918 2820//882 2818//878
f 2841//918 2818//878 2839//916
f 2842//919 2821//44 2820//882
f 2842//919 2820//882 2841//918
f 2843//920 2822//883 2821//44
f 2843//920 2821//44 2842//919
f 2844//921 2823//885 2822//883
f 2844//921 2822//883 2843//920
f 2845//922 2824//886 2823//885
f 2845//922 2823//885 2844//921
f 2846//923 2825//887 2824//886
f 2846//923 2824//886 2845//922
f 2847//924 2826//888 2825//887
f 2847//924 2825//887 2846//923
f 2848//925 2827//890 2826//888
f 2848//925 2826//888 2847//924
f 2849//926 2828//891 2827//890
f 2849//926 2827//890 2848//925
f 2850//927 2829//893 2828//891
f 2850//927 2828//891 2849//926
f 2851//928 2830//908 2829//893
f 2851//928 2829//893 2850//927
f 2852//929 2831//45 2832//896
f 2852//929 2832//896 2853//930
f 2854//931 2833//897 2831//45
f 2854//931 2831//45 2852//929
f 2855//932 2834//899 2833//897
f 2855//932 2833//897 2854//931
f 2856//933 2835//900 2834//899
f 2856//933 2834//899 2855//932
f 2857//934 2836//903 2835//900
f 2857//934 2835//900 2856//933
f 2858//935 2837//904 2836//903
f 2858//935 2836//903 2857//934
f 2859//936 2838//905 2837//904
f 2859//936 2837//904 2858//935
f 2840//917 2819//881 2838//905
f 2840//917 2838//905 2859//936
f 2860//937 2839//916 2840//917
f 2860//937 2840//917 2861//938
f 2862//939 2841//918 2839//916
f 2862//939 2839//916 2860//937
f 2863//940 2842//919 2841//918
f 2863//940 2841//918 2862//939
f 2864//941 2843//920 2842//919
f 2864//941 2842//919 2863//940
f 2865//942 2844//921 2843//920
f 2865//942 2843//920 2864//941
f 2866//943 2845//922 2844//921
f 2866//943 2844//921 2865//942
f 2867//944 2846//923 2845//922
f 2867//944 2845//922 2866//943
f 2868//945 2847//924 2846//923
f 2868//945 2846//923 2867//944
f 2869//946 2848//925 2847//924
f 2869//946 2847//924 2868//945
f 2870//947 2849//926 2848//925
f 2870//947 2848//925 2869//946
f 2871//948 2850//927 2849//926
f 2871//948 2849//926 2870//947
f 2872//949 2851//928 2850//927
f 2872//949 2850//927 2871//948
f 2873//950 2852//929 2853//930
f 2873//950 2853//930 2874//951
f 2875//952 2854//931 2852//929
f 2875//952 2852//929 2873//950
f 2876//953 2855//932 2854//931
f 2876//953 2854//931 2875//952
f 2877//954 2856//933 2855//932
f 2877//954 2855//932 2876//953
f 2878//955 2857//934 2856//933
f 2878//955 2856//933 2877//954
f 2879//956 2858//935 2857//934
f 2879//956 2857//934 2878//955
f 2880//957 2859//936 2858//935
f 2880//957 2858//935 2879//956
f 2861//938 2840//917 2859//936
f 2861//938 2859//936 2880//957
f 2881//958 2860//937 2861//938
f 2881//958 2861//938 2882//959
f 2883//960 2862//939 2860//937
f 2883//960 2860//937 2881//958
f 2884//961 2863//940 2862//939
f 2884//961 2862//939 2883//960
f 2885//962 2864//941 2863//940
f 2885//962 2863//940 2884//961
f 2886//963 2865//942 2864//941
f 2886//963 2864//941 2885//962
f 2887//964 2866//943 2865//942
f 2887//964 2865//942 2886//963
f 2888//965 2867//944 2866//943
f 2888//965 2866//943 2887//964
f 2889//966 2868//945 2867//944
f 2889//966 2867//944 2888//965
f 2890//967 2869//946 2868//945
f 2890//967 2868//945 2889//966
f 2891//968 2870//947 2869//946
f 2891//968 2869//946 2890//967
f 2892//969 2871//948 2870//947
f 2892//969 2870//947 2891//968
f 2893//970 2872//949 2871//948
f 2893//970 2871//948 2892//969
f 2894//971 2873//950 2874//951
f 2894//971 2874//951 2895//972
f 2896//973 2875//952 2873//950
f 2896//973 2873//950 2894//971
f 2897//974 2876//953 2875//952
f 2897//974 2875//952 2896//973
f 2898//975 2877//954 2876//953
f 2898//975 2876//953 2897//974
f 2899//976 2878//955 2877//954
f 2899//976 2877//954 2898//975
f 2900//977 2879//956 2878//955
f 2900//977 2878//955 2899//976
f 2901//978 2880//957 2879//956
f 2901//978 2879//956 2900//977
f 2882//959 2861//938 2880//957
f 2882//959 2880//957 2901//978
f 2902//979 2881//958 2882//959
f 2902//979 2882//959 2903//980
f 2904//981 2883//960 2881//958
f 2904//981 2881//958 2902//979
f 2905//982 2884//961 2883//960
f 2905//982 2883//960 2904//981
f 2906//983 2885//962 2884//961
f 2906//983 2884//961 2905//982
f 2907//984 2886//963 2885//962
f 2907//984 2885//962 2906//983
f 2908//985 2887//964 2886//963
f 2908//985 2886//963 2907//984
f 2909//986 2888//965 2887//964
f 2909//986 2887//964 2908//985
f 2910//987 2889//966 2888//965
f 2910//987 2888//965 2909//986
f 2911//988 2890//967 2889//966
f 2911//988 2889//966 2910//987
f 2912//989 2891//968 2890//967
f 2912//989 2890//967 2911//988
f 2913//990 2892//969 2891//968
f 2913//990 2891//968 2912//989
f 2914//991 2893//970 2892//969
f 2914//991 2892//969 2913//990
f 2915//992 2894//971 2895//972
f 2915//992 2895//972 2916//993
f 2917//994 2896//973 2894//971
f 2917//994 2894//971 2915//992
f 2918//995 2897//974 2896//973
f 2918//995 2896//973 2917//994
f 2919//996 2898//975 2897//974
f 2919//996 2897//974 2918//995
f 2920//997 2899//976 2898//975
f 2920//997 2898//975 2919//996
f 2921//998 2900//977 2899//976
f 2921//998 2899//976 2920//997
f 2922//999 2901//978 2900//977
f 2922//999 2900//977 2921//998
f 2903//980 2882//959 2901//978
f 2903//980 2901//978 2922//999
f 2923//1000 2902//979 2903//980
f 2923//1000 2903//980 2924//1001
f 2925//1002 2904//981 2902//979
f 2925//1002 2902//979 2923//1000
f 2926//1003 2905//982 2904//981
f 2926//1003 2904//981 2925//1002
f 2927//1004 2906//983 2905//982
f 2927//1004 2905//982 2926//1003
f 2928//1005 2907//984 2906//983
f 2928//1005 2906//983 2927//1004
f 2929//1006 2908//985 2907//984
f 2929//1006 2907//984 2928//1005
f 2930//1007 2909//986 2908//985
f 2930//1007 2908//985 2929//1006
f 2931//1008 2910//987 2909//986
f 2931//1008 2909//986 2930//1007
f 2932//1009 2911//988 2910//987
f 2932//1009 2910//987 2931//1008
f 2933//1010 2912//989 2911//988
f 2933//1010 2911//988 2932//1009
f 2934//1011 2913//990 2912//989
f 2934//1011 2912//989 2933//1010
f 2935//1012 2914//991 2913//990
f 2935//1012 2913//990 2934//1011
f 2936//1013 2915//992 2916//993
f 2936//1013 2916//993 2937//1014
f 2938//1015 2917//994 2915//992
f 2938//1015 2915//992 2936//1013
f 2939//1016 2918//995 2917//994
f 2939//1016 2917//994 2938//1015
f 2940//1017 2919//996 2918//995
f 2940//1017 2918//995 2939//1016
f 2941//1018 2920//997 2919//996
f 2941//1018 2919//996 2940//1017
f 2942//1019 2921//998 2920//997
f 2942//1019 2920//997 2941//1018
f 2943//1020 2922//999 2921//998
f 2943//1020 2921//998 2942//1019
f 2924//1001 2903//980 2922//999
f 2924//1001 2922//999 2943//1020
f 2944//1021 2923//1000 2924//1001
f 2944//1021 2924//1001 2945//1022
f 2946//1023 2925//1002 2923//1000
f 2946//1023 2923//1000 2944//1021
f 2947//1024 2926//1003 2925//1002
f 2947//1024 2925//1002 2946//1023
f 2948//1025 2927//1004 2926//1003
f 2948//1025 2926//1003 2947//1024
f 2949//1026 2928//1005 2927//1004
f 2949//1026 2927//1004 2948//1025
f 2950//1027 2929//1006 2928//1005
f 2950//1027 2928//1005 2949//1026
f 2951//1028 2930//1007 2929//1006
f 2951//1028 2929//1006 2950//1027
f 2952//1029 2931//1008 2930//1007
f 2952//1029 2930//1007 2951//1028
f 2953//1030 2932//1009 2931//1008
f 2953//1030 2931//1008 2952//1029
f 2954//1031 2933//1010 2932//1009
f 2954//1031 2932//1009 2953//1030
f 2955//1032 2934//1011 2933//1010
f 2955//1032 2933//1010 2954//1031
f 2956//1033 2935//1012 2934//1011
f 2956//1033 2934//1011 2955//1032
f 2957//1034 2936//1013 2937//1014
f 2957//1034 2937//1014 2958//1035
f 2959//1036 2938//1015 2936//1013
f 2959//1036 2936//1013 2957//1034
f 2960//1037 2939//1016 2938//1015
f 2960//1037 2938//1015 2959//1036
f 2961//1038 2940//1017 2939//1016
f 2961//1038 2939//1016 2960//1037
f 2962//1039 2941//1018 2940//1017
f 2962//1039 2940//1017 2961//1038
f 2963//1040 2942//1019 2941//1018
f 2963//1040 2941//1018 2962//1039
f 2964//1041 2943//1020 2942//1019
f 2964//1041 2942//1019 2963//1040
f 2945//1022 2924//1001 2943//1020
f 2945//1022 2943//1020 2964//1041
f 2965//1042 2944//1021 2945//1022
f 2965//1042 2945//1022 2966//1043
f 2967//1044 2946//1023 2944//1021
f 2967//1044 2944//1021 2965//1042
f 2968//1045 2947//1024 2946//1023
f 2968//1045 2946//1023 2967//1044
f 2969//1046 2948//1025 2947//1024
f 2969//1046 2947//1024 2968//1045
f 2970//1047 2949//1026 2948//1025
f 2970//1047 2948//1025 2969//1046
f 2971//1048 2950//1027 2949//1026
f 2971//1048 2949//1026 2970//1047
f 2972//1049 2951//1028 2950//1027
f 2972//1049 2950//1027 2971//1048
f 2973//1050 2952//1029 2951//1028
f 2973//1050 2951//1028 2972//1049
f 2974//1051 2953//1030 2952//1029
f 2974//1051 2952//1029 2973//1050
f 2975//1052 2954//1031 2953//1030
f 2975//1052 2953//1030 2974//1051
f 2976//1053 2955//1032 2954//1031
f 2976//1053 2954//1031 2975//1052
f 2977//1054 2956//1033 2955//1032
f 2977//1054 2955//1032 2976//1053
f 2978//1055 2957//1034 2958//1035
f 2978//1055 2958//1035 2979//1056
f 2980//1057 2959//1036 2957//1034
f 2980//1057 2957//1034 2978//1055
f 2981//1058 2960//1037 2959//1036
f 2981//1058 2959//1036 2980//1057
f 2982//1059 2961//1038 2960//1037
f 2982//1059 2960//1037 2981//1058
f 2983//1060 2962//1039 2961//1038
f 2983//1060 2961//1038 2982//1059
f 2984//1061 2963//1040 2962//1039
f 2984//1061 2962//1039 2983//1060
f 2985//1062 2964//1041 2963//1040
f 2985//1062 2963//1040 2984//1061
f 2966//1043 2945//1022 2964//1041
f 2966//1043 2964//1041 2985//1062
f 2986//1063 2965//1042 2966//1043
f 2986//1063 2966//1043 2987//1064
f 2988//1065 2967//1044 2965//1042
f 2988//1065 2965//1042 2986//1063
f 2989//1066 2968//1045 2967//1044
f 2989//1066 2967//1044 2988//1065
f 2990//1067 2969//1046 2968//1045
f 2990//1067 2968//1045 2989//1066
f 2991//1068 2970//1047 2969//1046
f 2991//1068 2969//1046 2990//1067
f 2992//1069 2971//1048 2970//1047
f 2992//1069 2970//1047 2991//1068
f 2993//1070 2972//1049 2971//1048
f 2993//1070 2971//1048 2992//1069
f 2994//1071 2973//1050 2972//1049
f 2994//1071 2972//1049 2993//1070
f 2995//1072 2974//1051 2973//1050
f 2995//1072 2973//1050 2994//1071
f 2996//1073 2975//1052 2974//1051
f 2996//1073 2974//1051 2995//1072
f 2997//1074 2976//1053 2975//1052
f 2997//1074 2975//1052 2996//1073
f 2998//1075 2977//1054 2976//1053
f 2998//1075 2976//1053 2997//1074
f 2999//1076 2978//1055 2979//1056
f 2999//1076 2979//1056 3000//1077
f 3001//1078 2980//1057 2978//1055
f 3001//1078 2978//1055 2999//1076
f 3002//1079 2981//1058 2980//1057
f 3002//1079 2980//1057 3001//1078
f 3003//1080 2982//1059 2981//1058
f 3003//1080 2981//1058 3002//1079
f 3004//1081 2983//1060 2982//1059
f 3004//1081 2982//1059 3003//1080
f 3005//1082 2984//1061 2983//1060
f 3005//1082 2983//1060 3004//1081
f 3006//1083 2985//1062 2984//1061
f 3006//1083 2984//1061 3005//1082
f 2987//1064 2966//1043 2985//1062
f 2987//1064 2985//1062 3006//1083
f 3007//1084 2986//1063 2987//1064
f 3007//1084 2987//1064 3008//1085
f 3009//1086 2988//1065 2986//1063
f 3009//1086 2986//1063 3007//1084
f 3010//1087 2989//1066 2988//1065
f 3010//1087 2988//1065 3009//1086
f 3011//1088 2990//1067 2989//1066
f 3011//1088 2989//1066 3010//1087
f 3012//1089 2991//1068 2990//1067
f 3012//1089 2990//1067 3011//1088
f 3013//1090 2992//1069 2991//1068
f 3013//1090 2991//1068 3012//1089
f 3014//1091 2993//1070 2992//1069
f 3014//1091 2992//1069 3013//1090
f 3015//1092 2994//1071 2993//1070
f 3015//1092 2993//1070 3014//1091
f 3016//1093 2995//1072 2994//1071
f 3016//1093 2994//1071 3015//1092
f 3017//1094 2996//1073 2995//1072
f 3017//1094 2995//1072 3016//1093
f 3018//1095 2997//1074 2996//1073
f 3018//1095 2996//1073 3017//1094
f 3019//1096 2998//1075 2997//1074
f 3019//1096 2997//1074 3018//1095
f 3020//1097 2999//1076 3000//1077
f 3020//1097 3000//1077 3021//1098
f 3022//1099 3001//1078 2999//1076
f 3022//1099 2999//1076 3020//1097
f 3023//1100 3002//1079 3001//1078
f 3023//1100 3001//1078 3022//1099
f 3024//1101 3003//1080 3002//1079
f 3024//1101 3002//1079 3023//1100
f 3025//1102 3004//1081 3003//1080
f 3025//1102 3003//1080 3024//1101
f 3026//1103 3005//1082 3004//1081
f 3026//1103 3004//1081 3025//1102
f 3027//1104 3006//1083 3005//1082
f 3027//1104 3005//1082 3026//1103
f 3008//1085 2987//1064 3006//1083
f 3008//1085 3006//1083 3027//1104
f 3028//1105 3007//1084 3008//1085
f 3028//1105 3008//1085 3029//1106
f 3030//1107 3009//1086 3007//1084
f 3030//1107 3007//1084 3028//1105
f 3031//1108 3010//1087 3009//1086
f 3031//1108 3009//1086 3030//1107
f 3032//1109 3011//1088 3010//1087
f 3032//1109 3010//1087 3031//1108
f 3033//1110 3012//1089 3011//1088
f 3033//1110 3011//1088 3032//1109
f 3034//1111 3013//1090 3012//1089
f 3034//1111 3012//1089 3033//1110
f 3035//1112 3014//1091 3013//1090
f 3035//1112 3013//1090 3034//1111
f 3036//1113 3015//1092 3014//1091
f 3036//1113 3014//1091 3035//1112
f 3037//1114 3016//1093 3015//1092
f 3037//1114 3015//1092 3036//1113
f 3038//1115 3017//1094 3016//1093
f 3038//1115 3016//1093 3037//1114
f 3039//1116 3018//1095 3017//1094
f 3039//1116 3017//1094 3038//1115
f 3040//1117 3019//1096 3018//1095
f 3040//1117 3018//1095 3039//1116
f 3041//1118 3020//1097 3021//1098
f 3041//1118 3021//1098 3042//1119
f 3043//1120 3022//1099 3020//1097
f 3043//1120 3020//1097 3041//1118
f 3044//1121 3023//1100 3022//1099
f 3044//1121 3022//1099 3043//1120
f 3045//1122 3024//1101 3023//1100
f 3045//1122 3023//1100 3044//1121
f 3046//1123 3025//1102 3024//1101
f 3046//1123 3024//1101 3045//1122
f 3047//1124 3026//1103 3025//1102
f 3047//1124 3025//1102 3046//1123
f 3048//1125 3027//1104 3026//1103
f 3048//1125 3026//1103 3047//1124
f 3029//1106 3008//1085 3027//1104
f 3029//1106 3027//1104 3048//1125
f 3049//1126 3028//1105 3029//1106
f 3049//1126 3029//1106 3050//1127
f 3051//1128 3030//1107 3028//1105
f 3051//1128 3028//1105 3049//1126
f 3052//1129 3031//1108 3030//1107
f 3052//1129 3030//1107 3051//1128
f 3053//1130 3032//1109 3031//1108
f 3053//1130 3031//1108 3052//1129
f 3054//1131 3033//1110 3032//1109
f 3054//1131 3032//1109 3053//1130
f 3055//1132 3034//1111 3033//1110
f 3055//1132 3033//1110 3054//1131
f 3056//1133 3035//1112 3034//1111
f 3056//1133 3034//1111 3055//1132
f 3057//1134 3036//1113 3035//1112
f 3057//1134 3035//1112 3056//1133
f 3058//1135 3037//1114 3036//1113
f 3058//1135 3036//1113 3057//1134
f 3059//1136 3038//1115 3037//1114
f 3059//1136 3037//1114 3058//1135
f 3060//1137 3039//1116 3038//1115
f 3060//1137 3038//1115 3059//1136
f 3061//1138 3040//1117 3039//1116
f 3061//1138 3039//1116 3060//1137
f 3062//1139 3041//1118 3042//1119
f 3062//1139 3042//1119 3063//1140
f 3064//1141 3043//1120 3041//1118
f 3064//1141 3041//1118 3062//1139
f 3065//1142 3044//1121 3043//1120
f 3065//1142 3043//1120 3064//1141
f 3066//1143 3045//1122 3044//1121
f 3066//1143 3044//1121 3065//1142
f 3067//1144 3046//1123 3045//1122
f 3067//1144 3045//1122 3066//1143
f 3068//1145 3047//1124 3046//1123
f 3068//1145 3046//1123 3067//1144
f 3069//1146 3048//1125 3047//1124
f 3069//1146 3047//1124 3068//1145
f 3050//1127 3029//1106 3048//1125
f 3050//1127 3048//1125 3069//1146
f 3070//1147 3049//1126 3050//1127
f 3070//1147 3050//1127 3071//1148
f 3072//1149 3051//1128 3049//1126
f 3072//1149 3049//1126 3070//1147
f 3073//1150 3052//1129 3051//1128
f 3073//1150 3051//1128 3072//1149
f 3074//1151 3053//1130 3052//1129
f 3074//1151 3052//1129 3073//1150
f 3075//1152 3054//1131 3053//1130
f 3075//1152 3053//1130 3074//1151
f 3076//1153 3055//1132 3054//1131
f 3076//1153 3054//1131 3075//1152
f 3077//1154 3056//1133 3055//1132
f 3077//1154 3055//1132 3076//1153
f 3078//1155 3057//1134 3056//1133
f 3078//1155 3056//1133 3077//1154
f 3079//1156 3058//1135 3057//1134
f 3079//1156 3057//1134 3078//1155
f 3080//1157 3059//1136 3058//1135
f 3080//1157 3058//1135 3079//1156
f 3081//1158 3060//1137 3059//1136
f 3081//1158 3059//1136 3080//1157
f 3082//1159 3061//1138 3060//1137
f 3082//1159 3060//1137 3081//1158
f 3083//1160 3062//1139 3063//1140
f 3083//1160 3063//1140 3084//1161
f 3085//1162 3064//1141 3062//1139
f 3085//1162 3062//1139 3083//1160
f 3086//1163 3065//1142 3064//1141
f 3086//1163 3064//1141 3085//1162
f 3087//1164 3066//1143 3065//1142
f 3087//1164 3065//1142 3086//1163
f 3088//1165 3067//1144 3066//1143
f 3088//1165 3066//1143 3087//1164
f 3089//1166 3068//1145 3067//1144
f 3089//1166 3067//1144 3088//1165
f 3090//1167 3069//1146 3068//1145
f 3090//1167 3068//1145 3089//1166
f 3071//1148 3050//1127 3069//1146
f 3071//1148 3069//1146 3090//1167
f 3091//1168 3070//1147 3071//1148
f 3091//1168 3071//1148 3092//1169
f 3093//1170 3072//1149 3070//1147
f 3093//1170 3070//1147 3091//1168
f 3094//1171 3073//1150 3072//1149
f 3094//1171 3072//1149 3093//1170
f 3095//1172 3074//1151 3073//1150
f 3095//1172 3073//1150 3094//1171
f 3096//1173 3075//1152 3074//1151
f 3096//1173 3074//1151 3095//1172
f 3097//1174 3076//1153 3075//1152
f 3097//1174 3075//1152 3096//1173
f 3098//1175 3077//1154 3076//1153
f 3098//1175 3076//1153 3097//1174
f 3099//1176 3078//1155 3077//1154
f 3099//1176 3077//1154 3098//1175
f 3100//1177 3079//1156 3078//1155
f 3100//1177 3078//1155 3099//1176
f 3101//1178 3080//1157 3079//1156
f 3101//1178 3079//1156 3100//1177
f 3102//1179 3081//1158 3080//1157
f 3102//1179 3080//1157 3101//1178
f 3103//1180 3082//1159 3081//1158
f 3103//1180 3081//1158 3102//1179
f 3104//1181 3083//1160 3084//1161
f 3104//1181 3084//1161 3105//1182
f 3106//1183 3085//1162 3083//1160
f 3106//1183 3083//1160 3104//1181
f 3107//1184 3086//1163 3085//1162
f 3107//1184 3085//1162 3106//1183
f 3108//1185 3087//1164 3086//1163
f 3108//1185 3086//1163 3107//1184
f 3109//1186 3088//1165 3087//1164
f 3109//1186 3087//1164 3108//1185
f 3110//1187 3089//1166 3088//1165
f 3110//1187 3088//1165 3109//1186
f 3111//1188 3090//1167 3089//1166
f 3111//1188 3089//1166 3110//1187
f 3092//1169 3071//1148 3090//1167
f 3092//1169 3090//1167 3111//1188
f 3112//1189 3091//1168 3092//1169
f 3112//1189 3092//1169 3113//1190
f 3114//1191 3093//1170 3091//1168
f 3114//1191 3091//1168 3112//1189
f 3115//1192 3094//1171 3093//1170
f 3115//1192 3093//1170 3114//1191
f 3116//1193 3095//1172 3094//1171
f 3116//1193 3094//1171 3115//1192
f 3117//1194 3096//1173 3095//1172
f 3117//1194 3095//1172 3116//1193
f 3118//1195 3097//1174 3096//1173
f 3118//1195 3096//1173 3117//1194
f 3119//1196 3098//1175 3097//1174
f 3119//1196 3097//1174 3118//1195
f 3120//1197 3099//1176 3098//1175
f 3120//1197 3098//1175 3119//1196
f 3121//1198 3100//1177 3099//1176
f 3121//1198 3099//1176 3120//1197
f 3122//1199 3101//1178 3100//1177
f 3122//1199 3100//1177 3121//1198
f 3123//1200 3102//1179 3101//1178
f 3123//1200 3101//1178 3122//1199
f 3124//1201 3103//1180 3102//1179
f 3124//1201 3102//1179 3123//1200
f 3125//1202 3104//1181 3105//1182
f 3125//1202 3105//1182 3126//1203
f 3127//1204 3106//1183 3104//1181
f 3127//1204 3104//1181 3125//1202
f 3128//1205 3107//1184 3106//1183
f 3128//1205 3106//1183 3127//1204
f 3129//1206 3108//1185 3107//1184
f 3129//1206 3107//1184 3128//1205
f 3130//1207 3109//1186 3108//1185
f 3130//1207 3108//1185 3129//1206
f 3131//1208 3110//1187 3109//1186
f 3131//1208 3109//1186 3130//1207
f 3132//1209 3111//1188 3110//1187
f 3132//1209 3110//1187 3131//1208
f 3113//1190 3092//1169 3111//1188
f 3113//1190 3111//1188 3132//1209
f 3133//1210 3112//1189 3113//1190
f 3133//1210 3113//1190 3134//1211
f 3135//1212 3114//1191 3112//1189
f 3135//1212 3112//1189 3133//1210
f 3136//1213 3115//1192 3114//1191
f 3136//1213 3114//1191 3135//1212
f 3137//1214 3116//1193 3115//1192
f 3137//1214 3115//1192 3136//1213
f 3138//1215 3117//1194 3116//1193
f 3138//1215 3116//1193 3137//1214
f 3139//1216 3118//1195 3117//1194
f 3139//1216 3117//1194 3138//1215
f 3140//1217 3119//1196 3118//1195
f 3140//1217 3118//1195 3139//1216
f 3141//1218 3120//1197 3119//1196
f 3141//1218 3119//1196 3140//1217
f 3142//1219 3121//1198 3120//1197
f 3142//1219 3120//1197 3141//1218
f 3143//1220 3122//1199 3121//1198
f 3143//1220 3121//1198 3142//1219
f 3144//1221 3123//1200 3122//1199
f 3144//1221 3122//1199 3143//1220
f 3145//1222 3124//1201 3123//1200
f 3145//1222 3123//1200 3144//1221
f 3146//1223 3125//1202 3126//1203
f 3146//1223 3126//1203 3147//1224
f 3148//1225 3127//1204 3125//1202
f 3148//1225 3125//1202 3146//1223
f 3149//1226 3128//1205 3127//1204
f 3149//1226 3127//1204 3148//1225
f 3150//1227 3129//1206 3128//1205
f 3150//1227 3128//1205 3149//1226
f 3151//1228 3130//1207 3129//1206
f 3151//1228 3129//1206 3150//1227
f 3152//1229 3131//1208 3130//1207
f 3152//1229 3130//1207 3151//1228
f 3153//1230 3132//1209 3131//1208
f 3153//1230 3131//1208 3152//1229
f 3134//1211 3113//1190 3132//1209
f 3134//1211 3132//1209 3153//1230
f 3154//1231 3133//1210 3134//1211
f 3154//1231 3134//1211 3155//1232
f 3156//1233 3135//1212 3133//1210
f 3156//1233 3133//1210 3154//1231
f 3157//1234 3136//1213 3135//1212
f 3157//1234 3135//1212 3156//1233
f 3158//1235 3137//1214 3136//1213
f 3158//1235 3136//1213 3157//1234
f 3159//1236 3138//1215 3137//1214
f 3159//1236 3137//1214 3158//1235
f 3160//1237 3139//1216 3138//1215
f 3160//1237 3138//1215 3159//1236
f 3161//1238 3140//1217 3139//1216
f 3161//1238 3139//1216 3160//1237
f 3162//1239 3141//1218 3140//1217
f 3162//1239 3140//1217 3161//1238
f 3163//1240 3142//1219 3141//1218
f 3163//1240 3141//1218 3162//1239
f 3164//1241 3143//1220 3142//1219
f 3164//1241 3142//1219 3163//1240
f 3165//1242 3144//1221 3143//1220
f 3165//1242 3143//1220 3164//1241
f 3166//1243 3145//1222 3144//1221
f 3166//1243 3144//1221 3165//1242
f 3167//1244 3146//1223 3147//1224
f 3167//1244 3147//1224 3168//1245
f 3169//1246 3148//1225 3146//1223
f 3169//1246 3146//1223 3167//1244
f 3170//1247 3149//1226 3148//1225
f 3170//1247 3148//1225 3169//1246
f 3171//1248 3150//1227 3149//1226
f 3171//1248 3149//1226 3170//1247
f 3172//1249 3151//1228 3150//1227
f 3172//1249 3150//1227 3171//1248
f 3173//1250 3152//1229 3151//1228
f 3173//1250 3151//1228 3172//1249
f 3174//1251 3153//1230 3152//1229
f 3174//1251 3152//1229 3173//1250
f 3155//1232 3134//1211 3153//1230
f 3155//1232 3153//1230 3174//1251
f 3175//1252 3154//1231 3155//1232
f 3175//1252 3155//1232 3176//1253
f 3177//1254 3156//1233 3154//1231
f 3177//1254 3154//1231 3175//1252
f 3178//1255 3157//1234 3156//1233
f 3178//1255 3156//1233 3177//1254
f 3179//1256 3158//1235 3157//1234
f 3179//1256 3157//1234 3178//1255
f 3180//1257 3159//1236 3158//1235
f 3180//1257 3158//1235 3179//1256
f 3181//1258 3160//1237 3159//1236
f 3181//1258 3159//1236 3180//1257
f 3182//1259 3161//1238 3160//1237
f 3182//1259 3160//1237 3181//1258
f 3183//1260 3162//1239 3161//1238
f 3183//1260 3161//1238 3182//1259
f 3184//1261 3163//1240 3162//1239
f 3184//1261 3162//1239 3183//1260
f 3185//1262 3164//1241 3163//1240
f 3185//1262 3163//1240 3184//1261
f 3186//1263 3165//1242 3164//1241
f 3186//1263 3164//1241 3185//1262
f 3187//1264 3166//1243 3165//1242
f 3187//1264 3165//1242 3186//1263
f 3188//1265 3167//1244 3168//1245
f 3188//1265 3168//1245 3189//1266
f 3190//1267 3169//1246 3167//1244
f 3190//1267 3167//1244 3188//1265
f 3191//1268 3170//1247 3169//1246
f 3191//1268 3169//1246 3190//1267
f 3192//1269 3171//1248 3170//1247
f 3192//1269 3170//1247 3191//1268
f 3193//1270 3172//1249 3171//1248
f 3193//1270 3171//1248 3192//1269
f 3194//1271 3173//1250 3172//1249
f 3194//1271 3172//1249 3193//1270
f 3195//1272 3174//1251 3173//1250
f 3195//1272 3173//1250 3194//1271
f 3176//1253 3155//1232 3174//1251
f 3176//1253 3174//1251 3195//1272
f 3196//390 3175//1252 3176//1253
f 3196//390 3176//1253 3197//389
f 3198//328 3177//1254 3175//1252
f 3198//328 3175//1252 3196//390
f 3199//44 3178//1255 3177//1254
f 3199//44 3177//1254 3198//328
f 3200//391 3179//1256 3178//1255
f 3200//391 3178//1255 3199//44
f 3201//323 3180//1257 3179//1256
f 3201//323 3179//1256 3200//391
f 3202//789 3181//1258 3180//1257
f 3202//789 3180//1257 3201//323
f 3203//319 3182//1259 3181//1258
f 3203//319 3181//1258 3202//789
f 3204//254 3183//1260 3182//1259
f 3204//254 3182//1259 3203//319
f 3205//393 3184//1261 3183//1260
f 3205//393 3183//1260 3204//254
f 3206//314 3185//1262 3184//1261
f 3206//314 3184//1261 3205//393
f 3207//311 3186//1263 3185//1262
f 3207//311 3185//1262 3206//314
f 3208//310 3187//1264 3186//1263
f 3208//310 3186//1263 3207//311
f 3209//45 3188//1265 3189//1266
f 3209//45 3189//1266 3210//346
f 3211//343 3190//1267 3188//1265
f 3211//343 3188//1265 3209//45
f 3212//341 3191//1268 3190//1267
f 3212//341 3190//1267 3211//343
f 3213//339 3192//1269 3191//1268
f 3213//339 3191//1268 3212//341
f 3214//337 3193//1270 3192//1269
f 3214//337 3192//1269 3213//339
f 3215//273 3194//1271 3193//1270
f 3215//273 3193//1270 3214//337
f 3216//334 3195//1272 3194//1271
f 3216//334 3194//1271 3215//273
f 3197//389 3176//1253 3195//1272
f 3197//389 3195//1272 3216//334
f 3217//390 3196//390 3197//389
f 3217//390 3197//389 3218//389
f 3219//328 3198//328 3196//390
f 3219//328 3196//390 3217//390
f 3220//44 3199//44 3198//328
f 3220//44 3198//328 3219//328
f 3221//391 3200//391 3199//44
f 3221//391 3199//44 3220//44
f 3222//323 3201//323 3200//391
f 3222//323 3200//391 3221//391
f 3223//321 3202//789 3201//323
f 3223//321 3201//323 3222//323
f 3224//392 3203//319 3202//789
f 3224//392 3202//789 3223//321
f 3225//254 3204//254 3203//319
f 3225//254 3203//319 3224//392
f 3226//393 3205//393 3204//254
f 3226//393 3204//254 3225//254
f 3227//394 3206//314 3205//393
f 3227//394 3205//393 3226//393
f 3228//311 3207//311 3206//314
f 3228//311 3206//314 3227//394
f 3229//310 3208//310 3207//311
f 3229//310 3207//311 3228//311
f 3230//45 3209//45 3210//346
f 3230//45 3210//346 3231//346
f 3232//343 3211//343 3209//45
f 3232//343 3209//45 3230//45
f 3233//341 3212//341 3211//343
f 3233//341 3211//343 3232//343
f 3234//339 3213//339 3212//341
f 3234//339 3212//341 3233//341
f 3235//337 3214//337 3213//339
f 3235//337 3213//339 3234//339
f 3236//273 3215//273 3214//337
f 3236//273 3214//337 3235//337
f 3237//334 3216//334 3215//273
f 3237//334 3215//273 3236//273
f 3218//389 3197//389 3216//334
f 3218//389 3216//334 3237//334
f 3238//390 3217//390 3218//389
f 3238//390 3218//389 3239//389
f 3240//328 3219//328 3217//390
f 3240//328 3217//390 3238//390
f 3241//44 3220//44 3219//328
f 3241//44 3219//328 3240//328
f 3242//391 3221//391 3220//44
f 3242//391 3220//44 3241//44
f 3243//323 3222//323 3221//391
f 3243//323 3221//391 3242//391
f 3244//321 3223//321 3222//323
f 3244//321 3222//323 3243//323
f 3245//392 3224//392 3223//321
f 3245//392 3223//321 3244//321
f 3246//254 3225//254 3224//392
f 3246//254 3224//392 3245//392
f 3247//393 3226//393 3225//254
f 3247//393 3225//254 3246//254
f 3248//314 3227//394 3226//393
f 3248//314 3226//393 3247//393
f 3249//311 3228//311 3227//394
f 3249//311 3227//394 3248//314
f 3250//790 3229//310 3228//311
f 3250//790 3228//311 3249//311
f 3251//45 3230//45 3231//346
f 3251//45 3231//346 3252//346
f 3253//343 3232//343 3230//45
f 3253//343 3230//45 3251//45
f 3254//341 3233//341 3232//343
f 3254//341 3232//343 3253//343
f 3255//339 3234//339 3233//341
f 3255//339 3233//341 3254//341
f 3256//337 3235//337 3234//339
f 3256//337 3234//339 3255//339
f 3257//273 3236//273 3235//337
f 3257//273 3235//337 3256//337
f 3258//334 3237//334 3236//273
f 3258//334 3236//273 3257//273
f 3239//389 3218//389 3237//334
f 3239//389 3237//334 3258//334
f 3259//390 3238//390 3239//389
f 3259//390 3239//389 3260//389
f 3261//328 3240//328 3238//390
f 3261//328 3238//390 3259//390
f 3262//44 3241//44 3240//328
f 3262//44 3240//328 3261//328
f 3263//391 3242//391 3241//44
f 3263//391 3241//44 3262//44
f 3264//323 3243//323 3242//391
f 3264//323 3242//391 3263//391
f 3265//789 3244//321 3243//323
f 3265//789 3243//323 3264//323
f 3266//319 3245//392 3244//321
f 3266//319 3244//321 3265//789
f 3267//254 3246//254 3245//392
f 3267//254 3245//392 3266//319
f 3268//393 3247//393 3246//254
f 3268//393 3246//254 3267//254
f 3269//314 3248//314 3247//393
f 3269//314 3247//393 3268//393
f 3270//311 3249//311 3248//314
f 3270//311 3248//314 3269//314
f 3271//310 3250//790 3249//311
f 3271//310 3249//311 3270//311
f 3272//45 3251//45 3252//346
f 3272//45 3252//346 3273//346
f 3274//343 3253//343 3251//45
f 3274//343 3251//45 3272//45
f 3275//341 3254//341 3253//343
f 3275//341 3253//343 3274//343
f 3276//339 3255//339 3254//341
f 3276//339 3254//341 3275//341
f 3277//337 3256//337 3255//339
f 3277//337 3255//339 3276//339
f 3278//273 3257//273 3256//337
f 3278//273 3256//337 3277//337
f 3279//334 3258//334 3257//273
f 3279//334 3257//273 3278//273
f 3260//389 3239//389 3258//334
f 3260//389 3258//334 3279//334
f 3280//390 3259//390 3260//389
f 3280//390 3260//389 3281//389
f 3282//328 3261//328 3259//390
f 3282//328 3259//390 3280//390
f 3283//44 3262//44 3261//328
f 3283//44 3261//328 3282//328
f 3284//391 3263//391 3262//44
f 3284//391 3262//44 3283//44
f 3285//323 3264//323 3263//391
f 3285//323 3263//391 3284//391
f 3286//321 3265//789 3264//323
f 3286//321 3264//323 3285//323
f 3287//392 3266//319 3265//789
f 3287//392 3265//789 3286//321
f 3288//254 3267//254 3266//319
f 3288//254 3266//319 3287//392
f 3289//393 3268//393 3267//254
f 3289//393 3267//254 3288//254
f 3290//394 3269//314 3268//393
f 3290//394 3268//393 3289//393
f 3291//311 3270//311 3269//314
f 3291//311 3269//314 3290//394
f 3292//310 3271//310 3270//311
f 3292//310 3270//311 3291//311
f 3293//45 3272//45 3273//346
f 3293//45 3273//346 3294//346
f 3295//343 3274//343 3272//45
f 3295//343 3272//45 3293//45
f 3296//341 3275//341 3274//343
f 3296//341 3274//343 3295//343
f 3297//339 3276//339 3275//341
f 3297//339 3275//341 3296//341
f 3298//337 3277//337 3276//339
f 3298//337 3276//339 3297//339
f 3299//273 3278//273 3277//337
f 3299//273 3277//337 3298//337
f 3300//334 3279//334 3278//273
f 3300//334 3278//273 3299//273
f 3281//389 3260//389 3279//334
f 3281//389 3279//334 3300//334
f 3301//390 3280//390 3281//389
f 3301//390 3281//389 3302//389
f 3303//328 3282//328 3280//390
f 3303//328 3280//390 3301//390
f 3304//44 3283//44 3282//328
f 3304//44 3282//328 3303//328
f 3305//391 3284//391 3283//44
f 3305//391 3283//44 3304//44
f 3306//323 3285//323 3284//391
f 3306//323 3284//391 3305//391
f 3307//321 3286//321 3285//323
f 3307//321 3285//323 3306//323
f 3308//319 3287//392 3286//321
f 3308//319 3286//321 3307//321
f 3309//254 3288//254 3287//392
f 3309//254 3287//392 3308//319
f 3310//393 3289//393 3288//254
f 3310//393 3288//254 3309//254
f 3311//314 3290//394 3289//393
f 3311//314 3289//393 3310//393
f 3312//311 3291//311 3290//394
f 3312//311 3290//394 3311//314
f 3313//790 3292//310 3291//311
f 3313//790 3291//311 3312//311
f 3314//45 3293//45 3294//346
f 3314//45 3294//346 3315//346
f 3316//343 3295//343 3293//45
f 3316//343 3293//45 3314//45
f 3317//341 3296//341 3295//343
f 3317//341 3295//343 3316//343
f 3318//339 3297//339 3296//341
f 3318//339 3296//341 3317//341
f 3319//337 3298//337 3297//339
f 3319//337 3297//339 3318//339
f 3320//273 3299//273 3298//337
f 3320//273 3298//337 3319//337
f 3321//334 3300//334 3299//273
f 3321//334 3299//273 3320//273
f 3302//389 3281//389 3300//334
f 3302//389 3300//334 3321//334
f 3322//390 3301//390 3302//389
f 3322//390 3302//389 3323//389
f 3324//328 3303//328 3301//390
f 3324//328 3301//390 3322//390
f 3325//44 3304//44 3303//328
f 3325//44 3303//328 3324//328
f 3326//325 3305//391 3304//44
f 3326//325 3304//44 3325//44
f 3327//323 3306//323 3305//391
f 3327//323 3305//391 3326//325
f 3328//321 3307//321 3306//323
f 3328//321 3306//323 3327//323
f 3329//319 3308//319 3307//321
f 3329//319 3307//321 3328//321
f 3330//254 3309//254 3308//319
f 3330//254 3308//319 3329//319
f 3331//393 3310//393 3309//254
f 3331//393 3309//254 3330//254
f 3332//314 3311//314 3310//393
f 3332//314 3310//393 3331//393
f 3333//311 3312//311 3311//314
f 3333//311 3311//314 3332//314
f 3334//310 3313//790 3312//311
f 3334//310 3312//311 3333//311
f 3335//45 3314//45 3315//346
f 3335//45 3315//346 3336//346
f 3337//343 3316//343 3314//45
f 3337//343 3314//45 3335//45
f 3338//341 3317//341 3316//343
f 3338//341 3316//343 3337//343
f 3339//339 3318//339 3317//341
f 3339//339 3317//341 3338//341
f 3340//337 3319//337 3318//339
f 3340//337 3318//339 3339//339
f 3341//273 3320//273 3319//337
f 3341//273 3319//337 3340//337
f 3342//334 3321//334 3320//273
f 3342//334 3320//273 3341//273
f 3323//389 3302//389 3321//334
f 3323//389 3321//334 3342//334
f 3343//390 3322//390 3323//389
f 3343//390 3323//389 3344//389
f 3345//328 3324//328 3322//390
f 3345//328 3322//390 3343//390
f 3346//44 3325//44 3324//328
f 3346//44 3324//328 3345//328
f 3347//391 3326//325 3325//44
f 3347//391 3325//44 3346//44
f 3348//323 3327//323 3326//325
f 3348//323 3326//325 3347//391
f 3349//321 3328//321 3327//323
f 3349//321 3327//323 3348//323
f 3350//319 3329//319 3328//321
f 3350//319 3328//321 3349//321
f 3351//254 3330//254 3329//319
f 3351//254 3329//319 3350//319
f 3352//393 3331//393 3330//254
f 3352//393 3330//254 3351//254
f 3353//314 3332//314 3331//393
f 3353//314 3331//393 3352//393
f 3354//311 3333//311 3332//314
f 3354//311 3332//314 3353//314
f 3355//310 3334//310 3333//311
f 3355//310 3333//311 3354//311
f 3356//45 3335//45 3336//346
f 3356//45 3336//346 3357//346
f 3358//343 3337//343 3335//45
f 3358//343 3335//45 3356//45
f 3359//341 3338//341 3337//343
f 3359//341 3337//343 3358//343
f 3360//339 3339//339 3338//341
f 3360//339 3338//341 3359//341
f 3361//337 3340//337 3339//339
f 3361//337 3339//339 3360//339
f 3362//273 3341//273 3340//337
f 3362//273 3340//337 3361//337
f 3363//334 3342//334 3341//273
f 3363//334 3341//273 3362//273
f 3344//389 3323//389 3342//334
f 3344//389 3342//334 3363//334
f 2499//390 3343//390 3344//389
f 2499//390 3344//389 2497//389
f 2501//328 3345//328 3343//390
f 2501//328 3343//390 2499//390
f 2503//44 3346//44 3345//328
f 2503//44 3345//328 2501//328
f 2505//391 3347//391 3346//44
f 2505//391 3346//44 2503//44
f 2507//323 3348//323 3347//391
f 2507//323 3347//391 2505//391
f 2509//321 3349//321 3348//323
f 2509//321 3348//323 2507//323
f 2511//319 3350//319 3349//321
f 2511//319 3349//321 2509//321
f 2513//254 3351//254 3350//319
f 2513//254 3350//319 2511//319
f 2515//393 3352//393 3351//254
f 2515//393 3351//254 2513//254
f 2517//314 3353//314 3352//393
f 2517//314 3352//393 2515//393
f 2519//311 3354//311 3353//314
f 2519//311 3353//314 2517//314
f 2521//310 3355//310 3354//311
f 2521//310 3354//311 2519//311
f 2484//45 3356//45 3357//346
f 2484//45 3357//346 2522//346
f 2483//343 3358//343 3356//45
f 2483//343 3356//45 2484//45
f 2487//341 3359//341 3358//343
f 2487//341 3358//343 2483//343
f 2489//339 3360//339 3359//341
f 2489//339 3359//341 2487//341
f 2491//337 3361//337 3360//339
f 2491//337 3360//339 2489//339
f 2493//273 3362//273 3361//337
f 2493//273 3361//337 2491//337
f 2495//334 3363//334 3362//273
f 2495//334 3362//273 2493//273
f 2497//389 3344//389 3363//334
f 2497//389 3363//334 2495//334
f 3364//1273 3365//1274 3366//1273
f 3364//1273 3366//1273 3367//1274
f 3368//1275 3369//1275 3370//1275
f 3368//1275 3370//1275 3371//1275
f 3372//1276 3373//1276 3374//1276
f 3372//1276 3374//1276 3375//1276
f 3376//1277 3378//1278 3377//1279
f 3376//1277 3379//1280 3378//1278
f 3380//1281 3382//1282 3381//1283
f 3380//1281 3383//1284 3382//1282
f 3384//1285 3386//1286 3385//1287
f 3384//1285 3387//1288 3386//1286
f 3388//1289 3390//1290 3389//1291
f 3388//1289 3391//1292 3390//1290
f 3392//1293 3394//1294 3393//1295
f 3392//1293 3395//1296 3394//1294
f 3396//1297 3398//1298 3397//1299
f 3396//1297 3399//1300 3398//1298
f 3400//1301 3402//1302 3401//1303
f 3400//1301 3403//1304 3402//1302
f 3404//1305 3406//1306 3405//1307
f 3404//1305 3407//1308 3406//1306
f 3408//1309 3410//1310 3409//1311
f 3408//1309 3411//1312 3410//1310
f 3412//1313 3414//1314 3413//1315
f 3412//1313 3415//1316 3414//1314
f 3416//1317 3417//1318 3418//1318
f 3416//1317 3418//1318 3419//1318
f 3420//1319 3421//1319 3422//1319
f 3420//1319 3422//1319 3423//1319
f 3424//1320 3425//1321 3426//1321
f 3424//1320 3426//1321 3427//1321
f 3428//1322 3429//1322 3430//1323
f 3428//1322 3430//1323 3431//1322
f 3432//1324 3433//1324 3434//1324
f 3432//1324 3434//1324 3435//1324
f 3436//1325 3437//1325 3438//1325
f 3436//1325 3438//1325 3439//1325
f 3440//1326 3441//1327 3442//1328
f 3440//1326 3442//1328 3443//1329
f 3444//1330 3445//1331 3446//1332
f 3444//1330 3446//1332 3447//1333
f 3445//1331 3448//1334 3449//1335
f 3445//1331 3449//1335 3446//1332
f 3448//1334 3450//1336 3451//1337
f 3448//1334 3451//1337 3449//1335
f 3450//1336 3452//1338 3453//1339
f 3450//1336 3453//1339 3451//1337
f 3452//1338 3454//1340 3455//1341
f 3452//1338 3455//1341 3453//1339
f 3454//1340 3456//1342 3457//1343
f 3454//1340 3457//1343 3455//1341
f 3456//1342 3458//1344 3459//1345
f 3456//1342 3459//1345 3457//1343
f 3458//1344 3460//1346 3461//1347
f 3458//1344 3461//1347 3459//1345
f 3460//1346 3462//1348 3463//1349
f 3460//1346 3463//1349 3461//1347
f 3462//1348 3464//1350 3465//1351
f 3462//1348 3465//1351 3463//1349
f 3464//1350 3466//1352 3467//1353
f 3464//1350 3467//1353 3465//1351
f 3466//1352 3468//1354 3469//1355
f 3466//1352 3469//1355 3467//1353
f 3468//1354 3470//1356 3471//1357
f 3468//1354 3471//1357 3469//1355
f 3470//1356 3472//1358 3473//1359
f 3470//1356 3473//1359 3471//1357
f 3472//1358 3474//1360 3475//1361
f 3472//1358 3475//1361 3473//1359
f 3474//1360 3476//1362 3477//1363
f 3474//1360 3477//1363 3475//1361
f 3476//1362 3478//1364 3479//1365
f 3476//1362 3479//1365 3477//1363
f 3478//1364 3480//1366 3481//1367
f 3478//1364 3481//1367 3479//1365
f 3480//1366 3482//1368 3483//1369
f 3480//1366 3483//1369 3481//1367
f 3482//1368 3484//1370 3485//1371
f 3482//1368 3485//1371 3483//1369
f 3444//1330 3486//1372 3487//1373
f 3444//1330 3487//1373 3445//1331
f 3488//1374 212//48 213//49
f 3488//1374 3489//1375 212//48
f 3445//1331 3487//1373 3490//1376
f 3445//1331 3490//1376 3448//1334
f 3489//1375 215//50 212//48
f 3489//1375 3491//1377 215//50
f 3448//1334 3490//1376 3492//1378
f 3448//1334 3492//1378 3450//1336
f 3491//1377 216//51 215//50
f 3491//1377 3493//1379 216//51
f 3450//1336 3492//1378 3494//1380
f 3450//1336 3494//1380 3452//1338
f 3493//1379 217//52 216//51
f 3493//1379 3495//1381 217//52
f 3452//1338 3494//1380 3496//1382
f 3452//1338 3496//1382 3454//1340
f 3495//1381 218//53 217//52
f 3495//1381 3497//1383 218//53
f 3454//1340 3496//1382 3498//1384
f 3454//1340 3498//1384 3456//1342
f 3497//1383 219//54 218//53
f 3497//1383 3499//1385 219//54
f 3456//1342 3498//1384 3500//1386
f 3456//1342 3500//1386 3458//1344
f 3499//1385 220//55 219//54
f 3499//1385 3501//1387 220//55
f 3458//1344 3500//1386 3502//1388
f 3458//1344 3502//1388 3460//1346
f 3501//1387 221//56 220//55
f 3501//1387 3503//1389 221//56
f 3460//1346 3502//1388 3504//1390
f 3460//1346 3504//1390 3462//1348
f 3503//1389 222//57 221//56
f 3503//1389 3505//1391 222//57
f 3462//1348 3504//1390 3506//1392
f 3462//1348 3506//1392 3464//1350
f 3505//1391 223//58 222//57
f 3505//1391 3507//1393 223//58
f 3464//1350 3506//1392 3508//1394
f 3464//1350 3508//1394 3466//1352
f 3507//1393 224//59 223//58
f 3507//1393 3509//1395 224//59
f 3466//1352 3508//1394 3510//1396
f 3466//1352 3510//1396 3468//1354
f 3509//1395 225//60 224//59
f 3509//1395 3511//1397 225//60
f 3468//1354 3510//1396 3512//1398
f 3468//1354 3512//1398 3470//1356
f 3511//1397 226//61 225//60
f 3511//1397 3513//1399 226//61
f 3470//1356 3512//1398 3514//1400
f 3470//1356 3514//1400 3472//1358
f 3513//1399 227//62 226//61
f 3513//1399 3515//1401 227//62
f 3472//1358 3514//1400 3516//1402
f 3472//1358 3516//1402 3474//1360
f 3515//1401 228//63 227//62
f 3515//1401 3517//1403 228//63
f 3474//1360 3516//1402 3518//1404
f 3474//1360 3518//1404 3476//1362
f 3517//1403 229//64 228//63
f 3517//1403 3519//1405 229//64
f 3476//1362 3518//1404 3520//1406
f 3476//1362 3520//1406 3478//1364
f 3519//1405 230//65 229//64
f 3519//1405 3521//1407 230//65
f 3478//1364 3520//1406 3522//1408
f 3478//1364 3522//1408 3480//1366
f 3521//1407 231//66 230//65
f 3521//1407 3523//1409 231//66
f 3480//1366 3522//1408 3524//1410
f 3480//1366 3524//1410 3482//1368
f 3523//1409 232//67 231//66
f 3523//1409 3525//1411 232//67
f 213//49 3525//1411 3488//1374
f 213//49 232//67 3525//1411
f 3526//1412 3484//1370 3482//1368
f 3526//1412 3482//1368 3524//1410
f 3447//1333 3446//1332 3527//1413
f 3447//1333 3527//1413 3528//1414
f 3483//1369 3485//1371 3529//1415
f 3483//1369 3529//1415 3530//1416
f 3481//1367 3483//1369 3530//1416
f 3481//1367 3530//1416 3531//1417
f 3479//1365 3481//1367 3531//1417
f 3479//1365 3531//1417 3532//1418
f 3477//1363 3479//1365 3532//1418
f 3477//1363 3532//1418 3533//1419
f 3475//1361 3477//1363 3533//1419
f 3475//1361 3533//1419 3534//1420
f 3473//1359 3475//1361 3534//1420
f 3473//1359 3534//1420 3535//1421
f 3471//1357 3473//1359 3535//1421
f 3471//1357 3535//1421 3536//1422
f 3469//1355 3471//1357 3536//1422
f 3469//1355 3536//1422 3537//1423
f 3467//1353 3469//1355 3537//1423
f 3467//1353 3537//1423 3538//1424
f 3465//1351 3467//1353 3538//1424
f 3465//1351 3538//1424 3539//1425
f 3463//1349 3465//1351 3539//1425
f 3463//1349 3539//1425 3540//1426
f 3461//1347 3463//1349 3540//1426
f 3461//1347 3540//1426 3541//1427
f 3459//1345 3461//1347 3541//1427
f 3459//1345 3541//1427 3542//1428
f 3457//1343 3459//1345 3542//1428
f 3457//1343 3542//1428 3543//1429
f 3455//1341 3457//1343 3543//1429
f 3455//1341 3543//1429 3544//1430
f 3453//1339 3455//1341 3544//1430
f 3453//1339 3544//1430 3545//1431
f 3451//1337 3453//1339 3545//1431
f 3451//1337 3545//1431 3546//1432
f 3449//1335 3451//1337 3546//1432
f 3449//1335 3546//1432 3547//1433
f 3446//1332 3449//1335 3547//1433
f 3446//1332 3547//1433 3527//1413
f 3530//1416 3529//1415 3548//1434
f 3530//1416 3548//1434 3549//1435
f 3531//1417 3530//1416 3549//1435
f 3531//1417 3549//1435 3550//1436
f 3532//1418 3531//1417 3550//1436
f 3532//1418 3550//1436 3551//1437
f 3533//1419 3532//1418 3551//1437
f 3533//1419 3551//1437 3552//1438
f 3534//1420 3533//1419 3552//1438
f 3534//1420 3552//1438 3553//1439
f 3535//1421 3534//1420 3553//1439
f 3535//1421 3553//1439 3554//1440
f 3536//1422 3535//1421 3554//1440
f 3536//1422 3554//1440 3555//1441
f 3537//1423 3536//1422 3555//1441
f 3537//1423 3555//1441 3556//1442
f 3538//1424 3537//1423 3556//1442
f 3538//1424 3556//1442 3557//1443
f 3539//1425 3538//1424 3557//1443
f 3539//1425 3557//1443 3558//1444
f 3540//1426 3539//1425 3558//1444
f 3540//1426 3558//1444 3559//1445
f 3541//1427 3540//1426 3559//1445
f 3541//1427 3559//1445 3560//1446
f 3542//1428 3541//1427 3560//1446
f 3542//1428 3560//1446 3561//1447
f 3543//1429 3542//1428 3561//1447
f 3543//1429 3561//1447 3562//1448
f 3544//1430 3543//1429 3562//1448
f 3544//1430 3562//1448 3563//1449
f 3545//1431 3544//1430 3563//1449
f 3545//1431 3563//1449 3564//1450
f 3546//1432 3545//1431 3564//1450
f 3546//1432 3564//1450 3565//1451
f 3547//1433 3546//1432 3565//1451
f 3547//1433 3565//1451 3566//1452
f 3527//1413 3547//1433 3566//1452
f 3527//1413 3566//1452 3567//1453
f 3528//1414 3527//1413 3567//1453
f 3528//1414 3567//1453 3568//1434
f 3569//1454 3570//1455 3571//1456
f 3569//1454 3571//1456 3572//1457
f 3573//1458 3569//1454 3572//1457
f 3573//1458 3572//1457 3574//1459
f 3575//1460 3573//1458 3574//1459
f 3575//1460 3574//1459 3576//1461
f 3577//1462 3575//1460 3576//1461
f 3577//1462 3576//1461 3578//1463
f 3579//1464 3577//1462 3578//1463
f 3579//1464 3578//1463 3580//1465
f 3581//1466 3579//1464 3580//1465
f 3581//1466 3580//1465 3582//1467
f 3583//1468 3581//1466 3582//1467
f 3583//1468 3582//1467 3584//1469
f 3585//1470 3583//1468 3584//1469
f 3585//1470 3584//1469 3586//1471
f 3587//1472 3585//1470 3586//1471
f 3587//1472 3586//1471 3588//1473
f 3589//1474 3587//1472 3588//1473
f 3589//1474 3588//1473 3590//1475
f 3591//1476 3589//1474 3590//1475
f 3591//1476 3590//1475 3592//1477
f 3593//1478 3591//1476 3592//1477
f 3593//1478 3592//1477 3594//1479
f 3595//1480 3593//1478 3594//1479
f 3595//1480 3594//1479 3596//1481
f 3597//1482 3595//1480 3596//1481
f 3597//1482 3596//1481 3598//1483
f 3599//1484 3597//1482 3598//1483
f 3599//1484 3598//1483 3600//1485
f 3601//1486 3599//1484 3600//1485
f 3601//1486 3600//1485 3602//1487
f 3603//1488 3601//1486 3602//1487
f 3603//1488 3602//1487 3604//1489
f 3605//1490 3603//1488 3604//1489
f 3605//1490 3604//1489 3606//1491
f 3607//1492 3605//1490 3606//1491
f 3607//1492 3606//1491 3608//1493
f 3570//1455 3609//1494 3610//1495
f 3570//1455 3610//1495 3571//1456
f 3611//1496 3612//1497 3570//1455
f 3611//1496 3570//1455 3569//1454
f 3613//1498 3611//1496 3569//1454
f 3613//1498 3569//1454 3573//1458
f 3614//1499 3613//1498 3573//1458
f 3614//1499 3573//1458 3575//1460
f 3615//1500 3614//1499 3575//1460
f 3615//1500 3575//1460 3577//1462
f 3616//1501 3615//1500 3577//1462
f 3616//1501 3577//1462 3579//1464
f 3617//1502 3616//1501 3579//1464
f 3617//1502 3579//1464 3581//1466
f 3618//1503 3617//1502 3581//1466
f 3618//1503 3581//1466 3583//1468
f 3619//1504 3618//1503 3583//1468
f 3619//1504 3583//1468 3585//1470
f 3620//1505 3619//1504 3585//1470
f 3620//1505 3585//1470 3587//1472
f 3621//1506 3620//1505 3587//1472
f 3621//1506 3587//1472 3589//1474
f 3622//1507 3621//1506 3589//1474
f 3622//1507 3589//1474 3591//1476
f 3623//1508 3622//1507 3591//1476
f 3623//1508 3591//1476 3593//1478
f 3624//1509 3623//1508 3593//1478
f 3624//1509 3593//1478 3595//1480
f 3625//1510 3624//1509 3595//1480
f 3625//1510 3595//1480 3597//1482
f 3626//1511 3625//1510 3597//1482
f 3626//1511 3597//1482 3599//1484
f 3627//1512 3626//1511 3599//1484
f 3627//1512 3599//1484 3601//1486
f 3628//1513 3627//1512 3601//1486
f 3628//1513 3601//1486 3603//1488
f 3629//1514 3628//1513 3603//1488
f 3629//1514 3603//1488 3605//1490
f 3630//1515 3629//1514 3605//1490
f 3630//1515 3605//1490 3607//1492
f 3612//1497 3631//1516 3609//1494
f 3612//1497 3609//1494 3570//1455
f 3632//1517 3633//1518 3612//1497
f 3632//1517 3612//1497 3611//1496
f 3634//1519 3632//1517 3611//1496
f 3634//1519 3611//1496 3613//1498
f 3635//1520 3634//1519 3613//1498
f 3635//1520 3613//1498 3614//1499
f 3636//1521 3635//1520 3614//1499
f 3636//1521 3614//1499 3615//1500
f 3637//1522 3636//1521 3615//1500
f 3637//1522 3615//1500 3616//1501
f 3638//1523 3637//1522 3616//1501
f 3638//1523 3616//1501 3617//1502
f 3639//1524 3638//1523 3617//1502
f 3639//1524 3617//1502 3618//1503
f 3640//1525 3639//1524 3618//1503
f 3640//1525 3618//1503 3619//1504
f 3641//1526 3640//1525 3619//1504
f 3641//1526 3619//1504 3620//1505
f 3642//1527 3641//1526 3620//1505
f 3642//1527 3620//1505 3621//1506
f 3643//1528 3642//1527 3621//1506
f 3643//1528 3621//1506 3622//1507
f 3644//1529 3643//1528 3622//1507
f 3644//1529 3622//1507 3623//1508
f 3645//1530 3644//1529 3623//1508
f 3645//1530 3623//1508 3624//1509
f 3646//1531 3645//1530 3624//1509
f 3646//1531 3624//1509 3625//1510
f 3647//1532 3646//1531 3625//1510
f 3647//1532 3625//1510 3626//1511
f 3648//1533 3647//1532 3626//1511
f 3648//1533 3626//1511 3627//1512
f 3649//1534 3648//1533 3627//1512
f 3649//1534 3627//1512 3628//1513
f 3650//1535 3649//1534 3628//1513
f 3650//1535 3628//1513 3629//1514
f 3651//1536 3650//1535 3629//1514
f 3651//1536 3629//1514 3630//1515
f 3633//1518 3652//1537 3631//1516
f 3633//1518 3631//1516 3612//1497
f 3653//1538 3654//1539 3633//1518
f 3653//1538 3633//1518 3632//1517
f 3655//1540 3653//1538 3632//1517
f 3655//1540 3632//1517 3634//1519
f 3656//1541 3655//1540 3634//1519
f 3656//1541 3634//1519 3635//1520
f 3657//1542 3656//1541 3635//1520
f 3657//1542 3635//1520 3636//1521
f 3658//1543 3657//1542 3636//1521
f 3658//1543 3636//1521 3637//1522
f 3659//1544 3658//1543 3637//1522
f 3659//1544 3637//1522 3638//1523
f 3660//1545 3659//1544 3638//1523
f 3660//1545 3638//1523 3639//1524
f 3661//1546 3660//1545 3639//1524
f 3661//1546 3639//1524 3640//1525
f 3662//1547 3661//1546 3640//1525
f 3662//1547 3640//1525 3641//1526
f 3663//1548 3662//1547 3641//1526
f 3663//1548 3641//1526 3642//1527
f 3664//1549 3663//1548 3642//1527
f 3664//1549 3642//1527 3643//1528
f 3665//1550 3664//1549 3643//1528
f 3665//1550 3643//1528 3644//1529
f 3666//1551 3665//1550 3644//1529
f 3666//1551 3644//1529 3645//1530
f 3667//1552 3666//1551 3645//1530
f 3667//1552 3645//1530 3646//1531
f 3668//1553 3667//1552 3646//1531
f 3668//1553 3646//1531 3647//1532
f 3669//1554 3668//1553 3647//1532
f 3669//1554 3647//1532 3648//1533
f 3670//1555 3669//1554 3648//1533
f 3670//1555 3648//1533 3649//1534
f 3671//1556 3670//1555 3649//1534
f 3671//1556 3649//1534 3650//1535
f 3672//1557 3671//1556 3650//1535
f 3672//1557 3650//1535 3651//1536
f 3654//1539 3673//1558 3652//1537
f 3654//1539 3652//1537 3633//1518
f 3674//1559 3675//1560 3654//1539
f 3674//1559 3654//1539 3653//1538
f 3676//1561 3674//1559 3653//1538
f 3676//1561 3653//1538 3655//1540
f 3677//1562 3676//1561 3655//1540
f 3677//1562 3655//1540 3656//1541
f 3678//1563 3677//1562 3656//1541
f 3678//1563 3656//1541 3657//1542
f 3679//1564 3678//1563 3657//1542
f 3679//1564 3657//1542 3658//1543
f 3680//1565 3679//1564 3658//1543
f 3680//1565 3658//1543 3659//1544
f 3681//1566 3680//1565 3659//1544
f 3681//1566 3659//1544 3660//1545
f 3682//1567 3681//1566 3660//1545
f 3682//1567 3660//1545 3661//1546
f 3683//1568 3682//1567 3661//1546
f 3683//1568 3661//1546 3662//1547
f 3684//1569 3683//1568 3662//1547
f 3684//1569 3662//1547 3663//1548
f 3685//1570 3684//1569 3663//1548
f 3685//1570 3663//1548 3664//1549
f 3686//1571 3685//1570 3664//1549
f 3686//1571 3664//1549 3665//1550
f 3687//1572 3686//1571 3665//1550
f 3687//1572 3665//1550 3666//1551
f 3688//1573 3687//1572 3666//1551
f 3688//1573 3666//1551 3667//1552
f 3689//1574 3688//1573 3667//1552
f 3689//1574 3667//1552 3668//1553
f 3690//1575 3689//1574 3668//1553
f 3690//1575 3668//1553 3669//1554
f 3691//1576 3690//1575 3669//1554
f 3691//1576 3669//1554 3670//1555
f 3692//1577 3691//1576 3670//1555
f 3692//1577 3670//1555 3671//1556
f 3693//1578 3692//1577 3671//1556
f 3693//1578 3671//1556 3672//1557
f 3675//1560 3694//1579 3673//1558
f 3675//1560 3673//1558 3654//1539
f 3695//1580 3696//1581 3675//1560
f 3695//1580 3675//1560 3674//1559
f 3697//1582 3695//1580 3674//1559
f 3697//1582 3674//1559 3676//1561
f 3698//1583 3697//1582 3676//1561
f 3698//1583 3676//1561 3677//1562
f 3699//1584 3698//1583 3677//1562
f 3699//1584 3677//1562 3678//1563
f 3700//1585 3699//1584 3678//1563
f 3700//1585 3678//1563 3679//1564
f 3701//1586 3700//1585 3679//1564
f 3701//1586 3679//1564 3680//1565
f 3702//1587 3701//1586 3680//1565
f 3702//1587 3680//1565 3681//1566
f 3703//1588 3702//1587 3681//1566
f 3703//1588 3681//1566 3682//1567
f 3704//1589 3703//1588 3682//1567
f 3704//1589 3682//1567 3683//1568
f 3705//1590 3704//1589 3683//1568
f 3705//1590 3683//1568 3684//1569
f 3706//1591 3705//1590 3684//1569
f 3706//1591 3684//1569 3685//1570
f 3707//1592 3706//1591 3685//1570
f 3707//1592 3685//1570 3686//1571
f 3708//1593 3707//1592 3686//1571
f 3708//1593 3686//1571 3687//1572
f 3709//1594 3708//1593 3687//1572
f 3709//1594 3687//1572 3688//1573
f 3710//1595 3709//1594 3688//1573
f 3710//1595 3688//1573 3689//1574
f 3711//1596 3710//1595 3689//1574
f 3711//1596 3689//1574 3690//1575
f 3712//1597 3711//1596 3690//1575
f 3712//1597 3690//1575 3691//1576
f 3713//1598 3712//1597 3691//1576
f 3713//1598 3691//1576 3692//1577
f 3714//1599 3713//1598 3692//1577
f 3714//1599 3692//1577 3693//1578
f 3696//1581 3715//1600 3694//1579
f 3696//1581 3694//1579 3675//1560
f 3716//1601 3717//1602 3696//1581
f 3716//1601 3696//1581 3695//1580
f 3718//1603 3716//1601 3695//1580
f 3718//1603 3695//1580 3697//1582
f 3719//1604 3718//1603 3697//1582
f 3719//1604 3697//1582 3698//1583
f 3720//1605 3719//1604 3698//1583
f 3720//1605 3698//1583 3699//1584
f 3721//1606 3720//1605 3699//1584
f 3721//1606 3699//1584 3700//1585
f 3722//1607 3721//1606 3700//1585
f 3722//1607 3700//1585 3701//1586
f 3723//1608 3722//1607 3701//1586
f 3723//1608 3701//1586 3702//1587
f 3724//1609 3723//1608 3702//1587
f 3724//1609 3702//1587 3703//1588
f 3725//1610 3724//1609 3703//1588
f 3725//1610 3703//1588 3704//1589
f 3726//1611 3725//1610 3704//1589
f 3726//1611 3704//1589 3705//1590
f 3727//1612 3726//1611 3705//1590
f 3727//1612 3705//1590 3706//1591
f 3728//1613 3727//1612 3706//1591
f 3728//1613 3706//1591 3707//1592
f 3729//1614 3728//1613 3707//1592
f 3729//1614 3707//1592 3708//1593
f 3730//1615 3729//1614 3708//1593
f 3730//1615 3708//1593 3709//1594
f 3731//1616 3730//1615 3709//1594
f 3731//1616 3709//1594 3710//1595
f 3732//1617 3731//1616 3710//1595
f 3732//1617 3710//1595 3711//1596
f 3733//1618 3732//1617 3711//1596
f 3733//1618 3711//1596 3712//1597
f 3734//1619 3733//1618 3712//1597
f 3734//1619 3712//1597 3713//1598
f 3735//1620 3734//1619 3713//1598
f 3735//1620 3713//1598 3714//1599
f 3717//1602 3736//1621 3715//1600
f 3717//1602 3715//1600 3696//1581
f 3737//1622 3738//1623 3717//1602
f 3737//1622 3717//1602 3716//1601
f 3739//1624 3737//1622 3716//1601
f 3739//1624 3716//1601 3718//1603
f 3740//1625 3739//1624 3718//1603
f 3740//1625 3718//1603 3719//1604
f 3741//1626 3740//1625 3719//1604
f 3741//1626 3719//1604 3720//1605
f 3742//1627 3741//1626 3720//1605
f 3742//1627 3720//1605 3721//1606
f 3743//1628 3742//1627 3721//1606
f 3743//1628 3721//1606 3722//1607
f 3744//1629 3743//1628 3722//1607
f 3744//1629 3722//1607 3723//1608
f 3745//1630 3744//1629 3723//1608
f 3745//1630 3723//1608 3724//1609
f 3746//1631 3745//1630 3724//1609
f 3746//1631 3724//1609 3725//1610
f 3747//1632 3746//1631 3725//1610
f 3747//1632 3725//1610 3726//1611
f 3748//1633 3747//1632 3726//1611
f 3748//1633 3726//1611 3727//1612
f 3749//1634 3748//1633 3727//1612
f 3749//1634 3727//1612 3728//1613
f 3750//1635 3749//1634 3728//1613
f 3750//1635 3728//1613 3729//1614
f 3751//1636 3750//1635 3729//1614
f 3751//1636 3729//1614 3730//1615
f 3752//1637 3751//1636 3730//1615
f 3752//1637 3730//1615 3731//1616
f 3753//1638 3752//1637 3731//1616
f 3753//1638 3731//1616 3732//1617
f 3754//1639 3753//1638 3732//1617
f 3754//1639 3732//1617 3733//1618
f 3755//1640 3754//1639 3733//1618
f 3755//1640 3733//1618 3734//1619
f 3756//1641 3755//1640 3734//1619
f 3756//1641 3734//1619 3735//1620
f 3738//1623 3757//1642 3736//1621
f 3738//1623 3736//1621 3717//1602
f 3758//1643 3759//1644 3738//1623
f 3758//1643 3738//1623 3737//1622
f 3760//1645 3758//1643 3737//1622
f 3760//1645 3737//1622 3739//1624
f 3761//1646 3760//1645 3739//1624
f 3761//1646 3739//1624 3740//1625
f 3762//1647 3761//1646 3740//1625
f 3762//1647 3740//1625 3741//1626
f 3763//1648 3762//1647 3741//1626
f 3763//1648 3741//1626 3742//1627
f 3764//1649 3763//1648 3742//1627
f 3764//1649 3742//1627 3743//1628
f 3765//1650 3764//1649 3743//1628
f 3765//1650 3743//1628 3744//1629
f 3766//1651 3765//1650 3744//1629
f 3766//1651 3744//1629 3745//1630
f 3767//1652 3766//1651 3745//1630
f 3767//1652 3745//1630 3746//1631
f 3768//1653 3767//1652 3746//1631
f 3768//1653 3746//1631 3747//1632
f 3769//1654 3768//1653 3747//1632
f 3769//1654 3747//1632 3748//1633
f 3770//1655 3769//1654 3748//1633
f 3770//1655 3748//1633 3749//1634
f 3771//1656 3770//1655 3749//1634
f 3771//1656 3749//1634 3750//1635
f 3772//1657 3771//1656 3750//1635
f 3772//1657 3750//1635 3751//1636
f 3773//1658 3772//1657 3751//1636
f 3773//1658 3751//1636 3752//1637
f 3774//1659 3773//1658 3752//1637
f 3774//1659 3752//1637 3753//1638
f 3775//1660 3774//1659 3753//1638
f 3775//1660 3753//1638 3754//1639
f 3776//1661 3775//1660 3754//1639
f 3776//1661 3754//1639 3755//1640
f 3777//1662 3776//1661 3755//1640
f 3777//1662 3755//1640 3756//1641
f 3759//1644 3778//1663 3757//1642
f 3759//1644 3757//1642 3738//1623
f 3779//1664 3780//1665 3759//1644
f 3779//1664 3759//1644 3758//1643
f 3781//1666 3779//1664 3758//1643
f 3781//1666 3758//1643 3760//1645
f 3782//1667 3781//1666 3760//1645
f 3782//1667 3760//1645 3761//1646
f 3783//1668 3782//1667 3761//1646
f 3783//1668 3761//1646 3762//1647
f 3784//1669 3783//1668 3762//1647
f 3784//1669 3762//1647 3763//1648
f 3785//1670 3784//1669 3763//1648
f 3785//1670 3763//1648 3764//1649
f 3786//1671 3785//1670 3764//1649
f 3786//1671 3764//1649 3765//1650
f 3787//1672 3786//1671 3765//1650
f 3787//1672 3765//1650 3766//1651
f 3788//1673 3787//1672 3766//1651
f 3788//1673 3766//1651 3767//1652
f 3789//1674 3788//1673 3767//1652
f 3789//1674 3767//1652 3768//1653
f 3790//1675 3789//1674 3768//1653
f 3790//1675 3768//1653 3769//1654
f 3791//1676 3790//1675 3769//1654
f 3791//1676 3769//1654 3770//1655
f 3792//1677 3791//1676 3770//1655
f 3792//1677 3770//1655 3771//1656
f 3793//1678 3792//1677 3771//1656
f 3793//1678 3771//1656 3772//1657
f 3794//1679 3793//1678 3772//1657
f 3794//1679 3772//1657 3773//1658
f 3795//1680 3794//1679 3773//1658
f 3795//1680 3773//1658 3774//1659
f 3796//1681 3795//1680 3774//1659
f 3796//1681 3774//1659 3775//1660
f 3797//1682 3796//1681 3775//1660
f 3797//1682 3775//1660 3776//1661
f 3798//1683 3797//1682 3776//1661
f 3798//1683 3776//1661 3777//1662
f 3780//1665 3799//1684 3778//1663
f 3780//1665 3778//1663 3759//1644
f 3800//1685 3801//1686 3780//1665
f 3800//1685 3780//1665 3779//1664
f 3802//1687 3800//1685 3779//1664
f 3802//1687 3779//1664 3781//1666
f 3803//1688 3802//1687 3781//1666
f 3803//1688 3781//1666 3782//1667
f 3804//1689 3803//1688 3782//1667
f 3804//1689 3782//1667 3783//1668
f 3805//1690 3804//1689 3783//1668
f 3805//1690 3783//1668 3784//1669
f 3806//1691 3805//1690 3784//1669
f 3806//1691 3784//1669 3785//1670
f 3807//1692 3806//1691 3785//1670
f 3807//1692 3785//1670 3786//1671
f 3808//1693 3807//1692 3786//1671
f 3808//1693 3786//1671 3787//1672
f 3809//1694 3808//1693 3787//1672
f 3809//1694 3787//1672 3788//1673
f 3810//1695 3809//1694 3788//1673
f 3810//1695 3788//1673 3789//1674
f 3811//1696 3810//1695 3789//1674
f 3811//1696 3789//1674 3790//1675
f 3812//1697 3811//1696 3790//1675
f 3812//1697 3790//1675 3791//1676
f 3813//1698 3812//1697 3791//1676
f 3813//1698 3791//1676 3792//1677
f 3814//1699 3813//1698 3792//1677
f 3814//1699 3792//1677 3793//1678
f 3815//1700 3814//1699 3793//1678
f 3815//1700 3793//1678 3794//1679
f 3816//1701 3815//1700 3794//1679
f 3816//1701 3794//1679 3795//1680
f 3817//1702 3816//1701 3795//1680
f 3817//1702 3795//1680 3796//1681
f 3818//1703 3817//1702 3796//1681
f 3818//1703 3796//1681 3797//1682
f 3819//1704 3818//1703 3797//1682
f 3819//1704 3797//1682 3798//1683
f 3801//1686 3820//1705 3799//1684
f 3801//1686 3799//1684 3780//1665
f 3821//1706 3822//1707 3801//1686
f 3821//1706 3801//1686 3800//1685
f 3823//1708 3821//1706 3800//1685
f 3823//1708 3800//1685 3802//1687
f 3824//1709 3823//1708 3802//1687
f 3824//1709 3802//1687 3803//1688
f 3825//1710 3824//1709 3803//1688
f 3825//1710 3803//1688 3804//1689
f 3826//1711 3825//1710 3804//1689
f 3826//1711 3804//1689 3805//1690
f 3827//1712 3826//1711 3805//1690
f 3827//1712 3805//1690 3806//1691
f 3828//1713 3827//1712 3806//1691
f 3828//1713 3806//1691 3807//1692
f 3829//1714 3828//1713 3807//1692
f 3829//1714 3807//1692 3808//1693
f 3830//1715 3829//1714 3808//1693
f 3830//1715 3808//1693 3809//1694
f 3831//1716 3830//1715 3809//1694
f 3831//1716 3809//1694 3810//1695
f 3832//1717 3831//1716 3810//1695
f 3832//1717 3810//1695 3811//1696
f 3833//1718 3832//1717 3811//1696
f 3833//1718 3811//1696 3812//1697
f 3834//1719 3833//1718 3812//1697
f 3834//1719 3812//1697 3813//1698
f 3835//1720 3834//1719 3813//1698
f 3835//1720 3813//1698 3814//1699
f 3836//1721 3835//1720 3814//1699
f 3836//1721 3814//1699 3815//1700
f 3837//1722 3836//1721 3815//1700
f 3837//1722 3815//1700 3816//1701
f 3838//1723 3837//1722 3816//1701
f 3838//1723 3816//1701 3817//1702
f 3839//1724 3838//1723 3817//1702
f 3839//1724 3817//1702 3818//1703
f 3840//1725 3839//1724 3818//1703
f 3840//1725 3818//1703 3819//1704
f 3822//1707 3841//1726 3820//1705
f 3822//1707 3820//1705 3801//1686
f 3842//1727 3843//1728 3822//1707
f 3842//1727 3822//1707 3821//1706
f 3844//1729 3842//1727 3821//1706
f 3844//1729 3821//1706 3823//1708
f 3845//1730 3844//1729 3823//1708
f 3845//1730 3823//1708 3824//1709
f 3846//1731 3845//1730 3824//1709
f 3846//1731 3824//1709 3825//1710
f 3847//1732 3846//1731 3825//1710
f 3847//1732 3825//1710 3826//1711
f 3848//1733 3847//1732 3826//1711
f 3848//1733 3826//1711 3827//1712
f 3849//1734 3848//1733 3827//1712
f 3849//1734 3827//1712 3828//1713
f 3850//1735 3849//1734 3828//1713
f 3850//1735 3828//1713 3829//1714
f 3851//1736 3850//1735 3829//1714
f 3851//1736 3829//1714 3830//1715
f 3852//1737 3851//1736 3830//1715
f 3852//1737 3830//1715 3831//1716
f 3853//1738 3852//1737 3831//1716
f 3853//1738 3831//1716 3832//1717
f 3854//1739 3853//1738 3832//1717
f 3854//1739 3832//1717 3833//1718
f 3855//1740 3854//1739 3833//1718
f 3855//1740 3833//1718 3834//1719
f 3856//1741 3855//1740 3834//1719
f 3856//1741 3834//1719 3835//1720
f 3857//1742 3856//1741 3835//1720
f 3857//1742 3835//1720 3836//1721
f 3858//1743 3857//1742 3836//1721
f 3858//1743 3836//1721 3837//1722
f 3859//1744 3858//1743 3837//1722
f 3859//1744 3837//1722 3838//1723
f 3860//1745 3859//1744 3838//1723
f 3860//1745 3838//1723 3839//1724
f 3861//1746 3860//1745 3839//1724
f 3861//1746 3839//1724 3840//1725
f 3843//1728 3862//1747 3841//1726
f 3843//1728 3841//1726 3822//1707
f 3863//1748 3864//1749 3843//1728
f 3863//1748 3843//1728 3842//1727
f 3865//1750 3863//1748 3842//1727
f 3865//1750 3842//1727 3844//1729
f 3866//1751 3865//1750 3844//1729
f 3866//1751 3844//1729 3845//1730
f 3867//1752 3866//1751 3845//1730
f 3867//1752 3845//1730 3846//1731
f 3868//1753 3867//1752 3846//1731
f 3868//1753 3846//1731 3847//1732
f 3869//1754 3868//1753 3847//1732
f 3869//1754 3847//1732 3848//1733
f 3870//1755 3869//1754 3848//1733
f 3870//1755 3848//1733 3849//1734
f 3871//1756 3870//1755 3849//1734
f 3871//1756 3849//1734 3850//1735
f 3872//1757 3871//1756 3850//1735
f 3872//1757 3850//1735 3851//1736
f 3873//1758 3872//1757 3851//1736
f 3873//1758 3851//1736 3852//1737
f 3874//1759 3873//1758 3852//1737
f 3874//1759 3852//1737 3853//1738
f 3875//1760 3874//1759 3853//1738
f 3875//1760 3853//1738 3854//1739
f 3876//1761 3875//1760 3854//1739
f 3876//1761 3854//1739 3855//1740
f 3877//1762 3876//1761 3855//1740
f 3877//1762 3855//1740 3856//1741
f 3878//1763 3877//1762 3856//1741
f 3878//1763 3856//1741 3857//1742
f 3879//1764 3878//1763 3857//1742
f 3879//1764 3857//1742 3858//1743
f 3880//1765 3879//1764 3858//1743
f 3880//1765 3858//1743 3859//1744
f 3881//1766 3880//1765 3859//1744
f 3881//1766 3859//1744 3860//1745
f 3882//1767 3881//1766 3860//1745
f 3882//1767 3860//1745 3861//1746
f 3864//1749 3883//1768 3862//1747
f 3864//1749 3862//1747 3843//1728
f 3884//1769 3885//1770 3864//1749
f 3884//1769 3864//1749 3863//1748
f 3886//1771 3884//1769 3863//1748
f 3886//1771 3863//1748 3865//1750
f 3887//1772 3886//1771 3865//1750
f 3887//1772 3865//1750 3866//1751
f 3888//1773 3887//1772 3866//1751
f 3888//1773 3866//1751 3867//1752
f 3889//1774 3888//1773 3867//1752
f 3889//1774 3867//1752 3868//1753
f 3890//1775 3889//1774 3868//1753
f 3890//1775 3868//1753 3869//1754
f 3891//1776 3890//1775 3869//1754
f 3891//1776 3869//1754 3870//1755
f 3892//1777 3891//1776 3870//1755
f 3892//1777 3870//1755 3871//1756
f 3893//1778 3892//1777 3871//1756
f 3893//1778 3871//1756 3872//1757
f 3894//1779 3893//1778 3872//1757
f 3894//1779 3872//1757 3873//1758
f 3895//1780 3894//1779 3873//1758
f 3895//1780 3873//1758 3874//1759
f 3896//1781 3895//1780 3874//1759
f 3896//1781 3874//1759 3875//1760
f 3897//1782 3896//1781 3875//1760
f 3897//1782 3875//1760 3876//1761
f 3898//1783 3897//1782 3876//1761
f 3898//1783 3876//1761 3877//1762
f 3899//1784 3898//1783 3877//1762
f 3899//1784 3877//1762 3878//1763
f 3900//1785 3899//1784 3878//1763
f 3900//1785 3878//1763 3879//1764
f 3901//1786 3900//1785 3879//1764
f 3901//1786 3879//1764 3880//1765
f 3902//1787 3901//1786 3880//1765
f 3902//1787 3880//1765 3881//1766
f 3903//1788 3902//1787 3881//1766
f 3903//1788 3881//1766 3882//1767
f 3885//1770 3904//1789 3883//1768
f 3885//1770 3883//1768 3864//1749
f 3905//1790 3906//1791 3885//1770
f 3905//1790 3885//1770 3884//1769
f 3907//1792 3905//1790 3884//1769
f 3907//1792 3884//1769 3886//1771
f 3908//856 3907//1792 3886//1771
f 3908//856 3886//1771 3887//1772
f 3909//853 3908//856 3887//1772
f 3909//853 3887//1772 3888//1773
f 3910//852 3909//853 3888//1773
f 3910//852 3888//1773 3889//1774
f 3911//1793 3910//852 3889//1774
f 3911//1793 3889//1774 3890//1775
f 3912//1794 3911//1793 3890//1775
f 3912//1794 3890//1775 3891//1776
f 3913//849 3912//1794 3891//1776
f 3913//849 3891//1776 3892//1777
f 3914//871 3913//849 3892//1777
f 3914//871 3892//1777 3893//1778
f 3915//1795 3914//871 3893//1778
f 3915//1795 3893//1778 3894//1779
f 3916//870 3915//1795 3894//1779
f 3916//870 3894//1779 3895//1780
f 3917//1796 3916//870 3895//1780
f 3917//1796 3895//1780 3896//1781
f 3918//1797 3917//1796 3896//1781
f 3918//1797 3896//1781 3897//1782
f 3919//1798 3918//1797 3897//1782
f 3919//1798 3897//1782 3898//1783
f 3920//273 3919//1798 3898//1783
f 3920//273 3898//1783 3899//1784
f 3921//1799 3920//273 3899//1784
f 3921//1799 3899//1784 3900//1785
f 3922//863 3921//1799 3900//1785
f 3922//863 3900//1785 3901//1786
f 3923//862 3922//863 3901//1786
f 3923//862 3901//1786 3902//1787
f 3924//1800 3923//862 3902//1787
f 3924//1800 3902//1787 3903//1788
f 3906//1791 3925//1801 3904//1789
f 3906//1791 3904//1789 3885//1770
f 3926//1802 3927//860 3906//1791
f 3926//1802 3906//1791 3905//1790
f 3928//1803 3926//1802 3905//1790
f 3928//1803 3905//1790 3907//1792
f 3929//856 3928//1803 3907//1792
f 3929//856 3907//1792 3908//856
f 3930//853 3929//856 3908//856
f 3930//853 3908//856 3909//853
f 3931//254 3930//853 3909//853
f 3931//254 3909//853 3910//852
f 3932//1793 3931//254 3910//852
f 3932//1793 3910//852 3911//1793
f 3933//850 3932//1793 3911//1793
f 3933//850 3911//1793 3912//1794
f 3934//849 3933//850 3912//1794
f 3934//849 3912//1794 3913//849
f 3935//871 3934//849 3913//849
f 3935//871 3913//849 3914//871
f 3936//1804 3935//871 3914//871
f 3936//1804 3914//871 3915//1795
f 3937//1805 3936//1804 3915//1795
f 3937//1805 3915//1795 3916//870
f 3938//1796 3937//1805 3916//870
f 3938//1796 3916//870 3917//1796
f 3939//1806 3938//1796 3917//1796
f 3939//1806 3917//1796 3918//1797
f 3940//1798 3939//1806 3918//1797
f 3940//1798 3918//1797 3919//1798
f 3941//866 3940//1798 3919//1798
f 3941//866 3919//1798 3920//273
f 3942//1799 3941//866 3920//273
f 3942//1799 3920//273 3921//1799
f 3943//1807 3942//1799 3921//1799
f 3943//1807 3921//1799 3922//863
f 3944//1808 3943//1807 3922//863
f 3944//1808 3922//863 3923//862
f 3945//1809 3944//1808 3923//862
f 3945//1809 3923//862 3924//1800
f 3927//860 3946//1810 3925//1801
f 3927//860 3925//1801 3906//1791
f 3947//1802 3948//860 3927//860
f 3947//1802 3927//860 3926//1802
f 3949//857 3947//1802 3926//1802
f 3949//857 3926//1802 3928//1803
f 3950//856 3949//857 3928//1803
f 3950//856 3928//1803 3929//856
f 3951//1811 3950//856 3929//856
f 3951//1811 3929//856 3930//853
f 3952//254 3951//1811 3930//853
f 3952//254 3930//853 3931//254
f 3953//1793 3952//254 3931//254
f 3953//1793 3931//254 3932//1793
f 3954//850 3953//1793 3932//1793
f 3954//850 3932//1793 3933//850
f 3955//1812 3954//850 3933//850
f 3955//1812 3933//850 3934//849
f 3956//1813 3955//1812 3934//849
f 3956//1813 3934//849 3935//871
f 3957//1804 3956//1813 3935//871
f 3957//1804 3935//871 3936//1804
f 3958//870 3957//1804 3936//1804
f 3958//870 3936//1804 3937//1805
f 3959//1796 3958//870 3937//1805
f 3959//1796 3937//1805 3938//1796
f 3960//1797 3959//1796 3938//1796
f 3960//1797 3938//1796 3939//1806
f 3961//867 3960//1797 3939//1806
f 3961//867 3939//1806 3940//1798
f 3962//273 3961//867 3940//1798
f 3962//273 3940//1798 3941//866
f 3963//864 3962//273 3941//866
f 3963//864 3941//866 3942//1799
f 3964//1814 3963//864 3942//1799
f 3964//1814 3942//1799 3943//1807
f 3965//862 3964//1814 3943//1807
f 3965//862 3943//1807 3944//1808
f 3966//1809 3965//862 3944//1808
f 3966//1809 3944//1808 3945//1809
f 3948//860 3967//1810 3946//1810
f 3948//860 3946//1810 3927//860
f 3968//1802 3969//860 3948//860
f 3968//1802 3948//860 3947//1802
f 3970//857 3968//1802 3947//1802
f 3970//857 3947//1802 3949//857
f 3971//856 3970//857 3949//857
f 3971//856 3949//857 3950//856
f 3972//1811 3971//856 3950//856
f 3972//1811 3950//856 3951//1811
f 3973//254 3972//1811 3951//1811
f 3973//254 3951//1811 3952//254
f 3974//1793 3973//254 3952//254
f 3974//1793 3952//254 3953//1793
f 3975//850 3974//1793 3953//1793
f 3975//850 3953//1793 3954//850
f 3976//849 3975//850 3954//850
f 3976//849 3954//850 3955//1812
f 3977//871 3976//849 3955//1812
f 3977//871 3955//1812 3956//1813
f 3978//1804 3977//871 3956//1813
f 3978//1804 3956//1813 3957//1804
f 3979//870 3978//1804 3957//1804
f 3979//870 3957//1804 3958//870
f 3980//869 3979//870 3958//870
f 3980//869 3958//870 3959//1796
f 3981//1797 3980//869 3959//1796
f 3981//1797 3959//1796 3960//1797
f 3982//867 3981//1797 3960//1797
f 3982//867 3960//1797 3961//867
f 3983//874 3982//867 3961//867
f 3983//874 3961//867 3962//273
f 3984//1815 3983//874 3962//273
f 3984//1815 3962//273 3963//864
f 3985//863 3984//1815 3963//864
f 3985//863 3963//864 3964//1814
f 3986//862 3985//863 3964//1814
f 3986//862 3964//1814 3965//862
f 3987//1816 3986//862 3965//862
f 3987//1816 3965//862 3966//1809
f 3969//860 3988//1810 3967//1810
f 3969//860 3967//1810 3948//860
f 3989//1802 3990//860 3969//860
f 3989//1802 3969//860 3968//1802
f 3991//857 3989//1802 3968//1802
f 3991//857 3968//1802 3970//857
f 3992//856 3991//857 3970//857
f 3992//856 3970//857 3971//856
f 3993//1811 3992//856 3971//856
f 3993//1811 3971//856 3972//1811
f 3994//254 3993//1811 3972//1811
f 3994//254 3972//1811 3973//254
f 3995//1793 3994//254 3973//254
f 3995//1793 3973//254 3974//1793
f 3996//850 3995//1793 3974//1793
f 3996//850 3974//1793 3975//850
f 3997//849 3996//850 3975//850
f 3997//849 3975//850 3976//849
f 3998//871 3997//849 3976//849
f 3998//871 3976//849 3977//871
f 3999//1804 3998//871 3977//871
f 3999//1804 3977//871 3978//1804
f 4000//870 3999//1804 3978//1804
f 4000//870 3978//1804 3979//870
f 4001//1817 4000//870 3979//870
f 4001//1817 3979//870 3980//869
f 4002//868 4001//1817 3980//869
f 4002//868 3980//869 3981//1797
f 4003//1798 4002//868 3981//1797
f 4003//1798 3981//1797 3982//867
f 4004//273 4003//1798 3982//867
f 4004//273 3982//867 3983//874
f 4005//1799 4004//273 3983//874
f 4005//1799 3983//874 3984//1815
f 4006//1818 4005//1799 3984//1815
f 4006//1818 3984//1815 3985//863
f 4007//1808 4006//1818 3985//863
f 4007//1808 3985//863 3986//862
f 4008//1816 4007//1808 3986//862
f 4008//1816 3986//862 3987//1816
f 3990//860 4009//861 3988//1810
f 3990//860 3988//1810 3969//860
f 4010//1802 4011//860 3990//860
f 4010//1802 3990//860 3989//1802
f 4012//857 4010//1802 3989//1802
f 4012//857 3989//1802 3991//857
f 4013//856 4012//857 3991//857
f 4013//856 3991//857 3992//856
f 4014//1811 4013//856 3992//856
f 4014//1811 3992//856 3993//1811
f 4015//254 4014//1811 3993//1811
f 4015//254 3993//1811 3994//254
f 4016//1793 4015//254 3994//254
f 4016//1793 3994//254 3995//1793
f 4017//850 4016//1793 3995//1793
f 4017//850 3995//1793 3996//850
f 4018//849 4017//850 3996//850
f 4018//849 3996//850 3997//849
f 4019//1813 4018//849 3997//849
f 4019//1813 3997//849 3998//871
f 4020//1 4019//1813 3998//871
f 4020//1 3998//871 3999//1804
f 4021//1805 4020//1 3999//1804
f 4021//1805 3999//1804 4000//870
f 4022//1796 4021//1805 4000//870
f 4022//1796 4000//870 4001//1817
f 4023//1806 4022//1796 4001//1817
f 4023//1806 4001//1817 4002//868
f 4024//867 4023//1806 4002//868
f 4024//867 4002//868 4003//1798
f 4025//866 4024//867 4003//1798
f 4025//866 4003//1798 4004//273
f 4026//864 4025//866 4004//273
f 4026//864 4004//273 4005//1799
f 4027//863 4026//864 4005//1799
f 4027//863 4005//1799 4006//1818
f 4028//1819 4027//863 4006//1818
f 4028//1819 4006//1818 4007//1808
f 4029//1816 4028//1819 4007//1808
f 4029//1816 4007//1808 4008//1816
f 4011//860 4030//1810 4009//861
f 4011//860 4009//861 3990//860
f 4031//1820 4032//860 4011//860
f 4031//1820 4011//860 4010//1802
f 4033//857 4031//1820 4010//1802
f 4033//857 4010//1802 4012//857
f 4034//855 4033//857 4012//857
f 4034//855 4012//857 4013//856
f 4035//1811 4034//855 4013//856
f 4035//1811 4013//856 4014//1811
f 4036//254 4035//1811 4014//1811
f 4036//254 4014//1811 4015//254
f 4037//1793 4036//254 4015//254
f 4037//1793 4015//254 4016//1793
f 4038//850 4037//1793 4016//1793
f 4038//850 4016//1793 4017//850
f 4039//1812 4038//850 4017//850
f 4039//1812 4017//850 4018//849
f 4040//871 4039//1812 4018//849
f 4040//871 4018//849 4019//1813
f 4041//1804 4040//871 4019//1813
f 4041//1804 4019//1813 4020//1
f 4042//870 4041//1804 4020//1
f 4042//870 4020//1 4021//1805
f 4043//1796 4042//870 4021//1805
f 4043//1796 4021//1805 4022//1796
f 4044//1797 4043//1796 4022//1796
f 4044//1797 4022//1796 4023//1806
f 4045//867 4044//1797 4023//1806
f 4045//867 4023//1806 4024//867
f 4046//273 4045//867 4024//867
f 4046//273 4024//867 4025//866
f 4047//864 4046//273 4025//866
f 4047//864 4025//866 4026//864
f 4048//1821 4047//864 4026//864
f 4048//1821 4026//864 4027//863
f 4049//862 4048//1821 4027//863
f 4049//862 4027//863 4028//1819
f 4050//1816 4049//862 4028//1819
f 4050//1816 4028//1819 4029//1816
f 4032//860 4051//1810 4030//1810
f 4032//860 4030//1810 4011//860
f 4052//1802 4053//860 4032//860
f 4052//1802 4032//860 4031//1820
f 4054//857 4052//1802 4031//1820
f 4054//857 4031//1820 4033//857
f 4055//1822 4054//857 4033//857
f 4055//1822 4033//857 4034//855
f 4056//853 4055//1822 4034//855
f 4056//853 4034//855 4035//1811
f 4057//254 4056//853 4035//1811
f 4057//254 4035//1811 4036//254
f 4058//1793 4057//254 4036//254
f 4058//1793 4036//254 4037//1793
f 4059//850 4058//1793 4037//1793
f 4059//850 4037//1793 4038//850
f 4060//849 4059//850 4038//850
f 4060//849 4038//850 4039//1812
f 4061//871 4060//849 4039//1812
f 4061//871 4039//1812 4040//871
f 4062//1804 4061//871 4040//871
f 4062//1804 4040//871 4041//1804
f 4063//1823 4062//1804 4041//1804
f 4063//1823 4041//1804 4042//870
f 4064//1796 4063//1823 4042//870
f 4064//1796 4042//870 4043//1796
f 4065//1824 4064//1796 4043//1796
f 4065//1824 4043//1796 4044//1797
f 4066//867 4065//1824 4044//1797
f 4066//867 4044//1797 4045//867
f 4067//874 4066//867 4045//867
f 4067//874 4045//867 4046//273
f 4068//1815 4067//874 4046//273
f 4068//1815 4046//273 4047//864
f 4069//1814 4068//1815 4047//864
f 4069//1814 4047//864 4048//1821
f 4070//862 4069//1814 4048//1821
f 4070//862 4048//1821 4049//862
f 4071//1816 4070//862 4049//862
f 4071//1816 4049//862 4050//1816
f 4053//860 4072//1810 4051//1810
f 4053//860 4051//1810 4032//860
f 4073//1825 4074//1826 4075//1827
f 4073//1825 4075//1827 4076//1828
f 4074//1826 4077//1829 4078//1830
f 4074//1826 4078//1830 4075//1827
f 4077//1829 4079//1831 4080//1832
f 4077//1829 4080//1832 4078//1830
f 4079//1831 4081//1833 4082//1834
f 4079//1831 4082//1834 4080//1832
f 4081//1833 4083//1835 4084//1836
f 4081//1833 4084//1836 4082//1834
f 4083//1835 4085//1837 4086//1838
f 4083//1835 4086//1838 4084//1836
f 4085//1837 4087//1839 4088//1840
f 4085//1837 4088//1840 4086//1838
f 4087//1839 4089//1841 4090//1842
f 4087//1839 4090//1842 4088//1840
f 4089//1841 4091//1843 4092//1844
f 4089//1841 4092//1844 4090//1842
f 4091//1843 4093//1845 4094//1846
f 4091//1843 4094//1846 4092//1844
f 4093//1845 4095//1847 4096//1848
f 4093//1845 4096//1848 4094//1846
f 4095//1847 4097//1849 4098//1850
f 4095//1847 4098//1850 4096//1848
f 4097//1849 4099//1851 4100//1852
f 4097//1849 4100//1852 4098//1850
f 4099//1851 4101//1853 4102//1854
f 4099//1851 4102//1854 4100//1852
f 4101//1853 4103//1855 4104//1856
f 4101//1853 4104//1856 4102//1854
f 4103//1855 4105//1857 4106//1858
f 4103//1855 4106//1858 4104//1856
f 4105//1857 4107//1859 4108//1860
f 4105//1857 4108//1860 4106//1858
f 4107//1859 4109//1861 4110//1862
f 4107//1859 4110//1862 4108//1860
f 4109//1861 4111//1863 4112//1864
f 4109//1861 4112//1864 4110//1862
f 4111//1863 4113//1865 4114//1866
f 4111//1863 4114//1866 4112//1864
f 4073//1825 4115//1867 4116//1868
f 4073//1825 4116//1868 4074//1826
f 4117//1869 293//88 294//89
f 4117//1869 4118//1870 293//88
f 4074//1826 4116//1868 4119//1871
f 4074//1826 4119//1871 4077//1829
f 4118//1870 296//90 293//88
f 4118//1870 4120//1872 296//90
f 4077//1829 4119//1871 4121//1873
f 4077//1829 4121//1873 4079//1831
f 4120//1872 297//91 296//90
f 4120//1872 4122//1874 297//91
f 4079//1831 4121//1873 4123//1875
f 4079//1831 4123//1875 4081//1833
f 4122//1874 299//92 297//91
f 4122//1874 4124//1876 299//92
f 4081//1833 4123//1875 4125//1877
f 4081//1833 4125//1877 4083//1835
f 4124//1876 301//93 299//92
f 4124//1876 4126//1878 301//93
f 4083//1835 4125//1877 4127//1879
f 4083//1835 4127//1879 4085//1837
f 4126//1878 303//94 301//93
f 4126//1878 4128//1880 303//94
f 4085//1837 4127//1879 4129//1881
f 4085//1837 4129//1881 4087//1839
f 4128//1880 305//95 303//94
f 4128//1880 4130//1882 305//95
f 4087//1839 4129//1881 4131//1883
f 4087//1839 4131//1883 4089//1841
f 4130//1882 307//96 305//95
f 4130//1882 4132//1884 307//96
f 4089//1841 4131//1883 4133//1390
f 4089//1841 4133//1390 4091//1843
f 4132//1884 308//97 307//96
f 4132//1884 4134//1885 308//97
f 4091//1843 4133//1390 4135//1886
f 4091//1843 4135//1886 4093//1845
f 4134//1885 309//98 308//97
f 4134//1885 4136//1887 309//98
f 4093//1845 4135//1886 4137//1888
f 4093//1845 4137//1888 4095//1847
f 4136//1887 310//99 309//98
f 4136//1887 4138//1889 310//99
f 4095//1847 4137//1888 4139//1890
f 4095//1847 4139//1890 4097//1849
f 4138//1889 311//100 310//99
f 4138//1889 4140//1891 311//100
f 4097//1849 4139//1890 4141//1892
f 4097//1849 4141//1892 4099//1851
f 4140//1891 313//101 311//100
f 4140//1891 4142//1893 313//101
f 4099//1851 4141//1892 4143//1894
f 4099//1851 4143//1894 4101//1853
f 4142//1893 315//102 313//101
f 4142//1893 4144//1895 315//102
f 4101//1853 4143//1894 4145//1896
f 4101//1853 4145//1896 4103//1855
f 4144//1895 317//103 315//102
f 4144//1895 4146//1897 317//103
f 4103//1855 4145//1896 4147//1898
f 4103//1855 4147//1898 4105//1857
f 4146//1897 319//104 317//103
f 4146//1897 4148//1899 319//104
f 4105//1857 4147//1898 4149//1900
f 4105//1857 4149//1900 4107//1859
f 4148//1899 321//105 319//104
f 4148//1899 4150//1901 321//105
f 4107//1859 4149//1900 4151//1902
f 4107//1859 4151//1902 4109//1861
f 4150//1901 322//106 321//105
f 4150//1901 4152//1903 322//106
f 4109//1861 4151//1902 4153//1904
f 4109//1861 4153//1904 4111//1863
f 4152//1903 323//107 322//106
f 4152//1903 4154//1905 323//107
f 294//89 4154//1905 4117//1869
f 294//89 323//107 4154//1905
f 4155//1906 4113//1865 4111//1863
f 4155//1906 4111//1863 4153//1904
f 4114//1866 4156//1907 4157//1908
f 4114//1866 4157//1908 4112//1864
f 4158//1909 324//108 354//127
f 4158//1909 354//127 4159//1910
f 324//108 4158//1909 4160//1911
f 324//108 4160//1911 325//109
f 4161//1912 4076//1828 4075//1827
f 4161//1912 4075//1827 4162//1913
f 325//109 4160//1911 4163//1914
f 325//109 4163//1914 327//110
f 4162//1913 4075//1827 4078//1830
f 4162//1913 4078//1830 4164//1915
f 327//110 4163//1914 4165//1916
f 327//110 4165//1916 328//111
f 4164//1915 4078//1830 4080//1832
f 4164//1915 4080//1832 4166//1917
f 328//111 4165//1916 4167//1918
f 328//111 4167//1918 330//112
f 4166//1917 4080//1832 4082//1834
f 4166//1917 4082//1834 4168//1919
f 330//112 4167//1918 4169//1920
f 330//112 4169//1920 332//113
f 4168//1919 4082//1834 4084//1836
f 4168//1919 4084//1836 4170//1921
f 332//113 4169//1920 4171//1922
f 332//113 4171//1922 334//114
f 4170//1921 4084//1836 4086//1838
f 4170//1921 4086//1838 4172//1923
f 334//114 4171//1922 4173//1924
f 334//114 4173//1924 336//115
f 4172//1923 4086//1838 4088//1840
f 4172//1923 4088//1840 4174//1925
f 336//115 4173//1924 4175//1926
f 336//115 4175//1926 338//116
f 4174//1925 4088//1840 4090//1842
f 4174//1925 4090//1842 4176//1927
f 338//116 4175//1926 4177//1411
f 338//116 4177//1411 339//117
f 4176//1927 4090//1842 4092//1844
f 4176//1927 4092//1844 4178//1928
f 339//117 4177//1411 4179//1929
f 339//117 4179//1929 340//118
f 4178//1928 4092//1844 4094//1846
f 4178//1928 4094//1846 4180//1930
f 340//118 4179//1929 4181//1931
f 340//118 4181//1931 341//119
f 4180//1930 4094//1846 4096//1848
f 4180//1930 4096//1848 4182//1932
f 341//119 4181//1931 4183//1933
f 341//119 4183//1933 342//120
f 4182//1932 4096//1848 4098//1850
f 4182//1932 4098//1850 4184//1934
f 342//120 4183//1933 4185//1935
f 342//120 4185//1935 344//121
f 4184//1934 4098//1850 4100//1852
f 4184//1934 4100//1852 4186//1936
f 344//121 4185//1935 4187//1937
f 344//121 4187//1937 346//122
f 4186//1936 4100//1852 4102//1854
f 4186//1936 4102//1854 4188//1938
f 346//122 4187//1937 4189//1939
f 346//122 4189//1939 348//123
f 4188//1938 4102//1854 4104//1856
f 4188//1938 4104//1856 4190//1940
f 348//123 4189//1939 4191//1941
f 348//123 4191//1941 350//124
f 4190//1940 4104//1856 4106//1858
f 4190//1940 4106//1858 4192//1942
f 350//124 4191//1941 4193//1943
f 350//124 4193//1943 352//125
f 4192//1942 4106//1858 4108//1860
f 4192//1942 4108//1860 4194//1944
f 352//125 4193//1943 4195//1945
f 352//125 4195//1945 353//126
f 4194//1944 4108//1860 4110//1862
f 4194//1944 4110//1862 4196//1946
f 353//126 4195//1945 4159//1910
f 353//126 4159//1910 354//127
f 4196//1946 4110//1862 4112//1864
f 4196//1946 4112//1864 4157//1908
f 4197//1947 4198//1948 4199//1949
f 4197//1947 4199//1949 4200//1950
f 4198//1948 4201//1951 4202//1952
f 4198//1948 4202//1952 4199//1949
f 4201//1951 4203//1953 4204//1954
f 4201//1951 4204//1954 4202//1952
f 4203//1953 4205//1955 4206//1956
f 4203//1953 4206//1956 4204//1954
f 4205//1955 4207//1957 4208//1958
f 4205//1955 4208//1958 4206//1956
f 4207//1957 4209//1959 4210//1960
f 4207//1957 4210//1960 4208//1958
f 4209//1959 4211//1961 4212//1962
f 4209//1959 4212//1962 4210//1960
f 4211//1961 4213//1963 4214//1964
f 4211//1961 4214//1964 4212//1962
f 4213//1963 4215//1965 4216//1966
f 4213//1963 4216//1966 4214//1964
f 4215//1965 4217//1967 4218//1968
f 4215//1965 4218//1968 4216//1966
f 4217//1967 4219//1969 4220//1970
f 4217//1967 4220//1970 4218//1968
f 4219//1969 4221//1971 4222//1972
f 4219//1969 4222//1972 4220//1970
f 4221//1971 4223//1973 4224//1974
f 4221//1971 4224//1974 4222//1972
f 4223//1973 4225//1975 4226//1976
f 4223//1973 4226//1976 4224//1974
f 4225//1975 4227//1977 4228//1978
f 4225//1975 4228//1978 4226//1976
f 4227//1977 4229//1979 4230//1980
f 4227//1977 4230//1980 4228//1978
f 4229//1979 4231//1981 4232//1982
f 4229//1979 4232//1982 4230//1980
f 4231//1981 4233//1983 4234//1984
f 4231//1981 4234//1984 4232//1982
f 4233//1983 4235//1985 4236//1986
f 4233//1983 4236//1986 4234//1984
f 4235//1985 4237//1947 4238//1987
f 4235//1985 4238//1987 4236//1986
f 4239//1988 4240//1989 4241//1990
f 4239//1988 4241//1990 4242//1991
f 4240//1989 4243//1992 4244//1993
f 4240//1989 4244//1993 4241//1990
f 4243//1992 4245//1994 4246//1995
f 4243//1992 4246//1995 4244//1993
f 4245//1994 4247//1996 4248//1997
f 4245//1994 4248//1997 4246//1995
f 4247//1996 4249//1998 4250//1999
f 4247//1996 4250//1999 4248//1997
f 4249//1998 4251//2000 4252//2001
f 4249//1998 4252//2001 4250//1999
f 4251//2000 4253//2002 4254//2003
f 4251//2000 4254//2003 4252//2001
f 4253//2002 4255//2004 4256//2005
f 4253//2002 4256//2005 4254//2003
f 4255//2004 4257//2006 4258//2007
f 4255//2004 4258//2007 4256//2005
f 4257//2006 4259//2008 4260//2009
f 4257//2006 4260//2009 4258//2007
f 4259//2008 4261//2010 4262//2011
f 4259//2008 4262//2011 4260//2009
f 4261//2010 4263//2012 4264//2013
f 4261//2010 4264//2013 4262//2011
f 4263//2012 4265//2014 4266//2015
f 4263//2012 4266//2015 4264//2013
f 4265//2014 4267//2016 4268//2017
f 4265//2014 4268//2017 4266//2015
f 4267//2016 4269//2018 4270//2019
f 4267//2016 4270//2019 4268//2017
f 4269//2018 4271//2020 4272//2021
f 4269//2018 4272//2021 4270//2019
f 4271//2020 4273//2022 4274//2023
f 4271//2020 4274//2023 4272//2021
f 4273//2022 4275//2024 4276//2025
f 4273//2022 4276//2025 4274//2023
f 4275//2024 4277//2026 4278//2027
f 4275//2024 4278//2027 4276//2025
f 4277//2026 4279//2028 4280//1991
f 4277//2026 4280//1991 4278//2027
f 4281//2029 4282//2030 4283//2031
f 4281//2029 4283//2031 4284//2032
f 4285//2033 4281//2029 4284//2032
f 4285//2033 4284//2032 4286//2034
f 4287//2035 4285//2033 4286//2034
f 4287//2035 4286//2034 4288//2036
f 4289//2037 4287//2035 4288//2036
f 4289//2037 4288//2036 4290//2038
f 4291//2039 4289//2037 4290//2038
f 4291//2039 4290//2038 4292//2040
f 4293//2041 4291//2039 4292//2040
f 4293//2041 4292//2040 4294//2042
f 4295//2043 4293//2041 4294//2042
f 4295//2043 4294//2042 4296//2044
f 4297//2045 4295//2043 4296//2044
f 4297//2045 4296//2044 4298//2046
f 4299//2047 4297//2045 4298//2046
f 4299//2047 4298//2046 4300//2048
f 4301//2049 4299//2047 4300//2048
f 4301//2049 4300//2048 4302//2050
f 4303//2051 4301//2049 4302//2050
f 4303//2051 4302//2050 4304//2052
f 4305//2053 4303//2051 4304//2052
f 4305//2053 4304//2052 4306//2054
f 4307//2055 4305//2053 4306//2054
f 4307//2055 4306//2054 4308//2056
f 4309//2057 4307//2055 4308//2056
f 4309//2057 4308//2056 4310//2058
f 4311//2059 4309//2057 4310//2058
f 4311//2059 4310//2058 4312//2060
f 4313//2061 4311//2059 4312//2060
f 4313//2061 4312//2060 4314//2062
f 4315//2063 4313//2061 4314//2062
f 4315//2063 4314//2062 4316//2064
f 4317//2065 4315//2063 4316//2064
f 4317//2065 4316//2064 4318//2066
f 4319//2067 4317//2065 4318//2066
f 4319//2067 4318//2066 4320//2068
f 4321//2069 4319//2067 4320//2068
f 4321//2069 4320//2068 4322//2070
f 4323//2071 4324//2072 4325//2073
f 4323//2071 4325//2073 4326//2074
f 4324//2072 4327//2075 4328//2076
f 4324//2072 4328//2076 4325//2073
f 4327//2075 4329//2077 4330//2078
f 4327//2075 4330//2078 4328//2076
f 4329//2077 4331//2079 4332//2080
f 4329//2077 4332//2080 4330//2078
f 4331//2079 4333//2081 4334//2082
f 4331//2079 4334//2082 4332//2080
f 4333//2081 4335//2083 4336//2084
f 4333//2081 4336//2084 4334//2082
f 4335//2083 4337//2085 4338//2086
f 4335//2083 4338//2086 4336//2084
f 4337//2085 4339//2087 4340//2088
f 4337//2085 4340//2088 4338//2086
f 4339//2087 4341//2089 4342//2090
f 4339//2087 4342//2090 4340//2088
f 4341//2089 4343//2091 4344//2092
f 4341//2089 4344//2092 4342//2090
f 4343//2091 4345//2093 4346//2094
f 4343//2091 4346//2094 4344//2092
f 4345//2093 4347//2095 4348//2096
f 4345//2093 4348//2096 4346//2094
f 4347//2095 4349//2097 4350//2098
f 4347//2095 4350//2098 4348//2096
f 4349//2097 4351//2099 4352//2100
f 4349//2097 4352//2100 4350//2098
f 4351//2099 4353//2101 4354//2102
f 4351//2099 4354//2102 4352//2100
f 4353//2101 4355//2103 4356//2104
f 4353//2101 4356//2104 4354//2102
f 4355//2103 4357//2105 4358//2106
f 4355//2103 4358//2106 4356//2104
f 4357//2105 4359//2107 4360//2108
f 4357//2105 4360//2108 4358//2106
f 4359//2107 4361//2109 4362//2110
f 4359//2107 4362//2110 4360//2108
f 4361//2109 4363//2071 4364//2111
f 4361//2109 4364//2111 4362//2110
f 4278//2027 4280//1991 4365//2112
f 4278//2027 4365//2112 4366//2113
f 4276//2025 4278//2027 4366//2113
f 4276//2025 4366//2113 4367//2114
f 4274//2023 4276//2025 4367//2114
f 4274//2023 4367//2114 4368//2115
f 4272//2021 4274//2023 4368//2115
f 4272//2021 4368//2115 4369//2116
f 4270//2019 4272//2021 4369//2116
f 4270//2019 4369//2116 4370//2117
f 4268//2017 4270//2019 4370//2117
f 4268//2017 4370//2117 4371//2118
f 4266//2015 4268//2017 4371//2118
f 4266//2015 4371//2118 4372//2119
f 4264//2013 4266//2015 4372//2119
f 4264//2013 4372//2119 4373//2120
f 4262//2011 4264//2013 4373//2120
f 4262//2011 4373//2120 4374//2121
f 4260//2009 4262//2011 4374//2121
f 4260//2009 4374//2121 4375//2122
f 4258//2007 4260//2009 4375//2122
f 4258//2007 4375//2122 4376//2123
f 4256//2005 4258//2007 4376//2123
f 4256//2005 4376//2123 4377//2124
f 4254//2003 4256//2005 4377//2124
f 4254//2003 4377//2124 4378//2125
f 4252//2001 4254//2003 4378//2125
f 4252//2001 4378//2125 4379//2126
f 4250//1999 4252//2001 4379//2126
f 4250//1999 4379//2126 4380//2127
f 4248//1997 4250//1999 4380//2127
f 4248//1997 4380//2127 4381//2128
f 4246//1995 4248//1997 4381//2128
f 4246//1995 4381//2128 4382//2129
f 4244//1993 4246//1995 4382//2129
f 4244//1993 4382//2129 4383//2130
f 4241//1990 4244//1993 4383//2130
f 4241//1990 4383//2130 4384//2131
f 4242//1991 4241//1990 4384//2131
f 4242//1991 4384//2131 4385//2132
f 4386//2133 4387//2134 4198//1948
f 4386//2133 4198//1948 4197//1947
f 4387//2134 4388//2135 4201//1951
f 4387//2134 4201//1951 4198//1948
f 4388//2135 4389//2136 4203//1953
f 4388//2135 4203//1953 4201//1951
f 4389//2136 4390//2137 4205//1955
f 4389//2136 4205//1955 4203//1953
f 4390//2137 4391//2138 4207//1957
f 4390//2137 4207//1957 4205//1955
f 4391//2138 4392//2139 4209//1959
f 4391//2138 4209//1959 4207//1957
f 4392//2139 4393//2140 4211//1961
f 4392//2139 4211//1961 4209//1959
f 4393//2140 4394//2141 4213//1963
f 4393//2140 4213//1963 4211//1961
f 4394//2141 4395//2142 4215//1965
f 4394//2141 4215//1965 4213//1963
f 4395//2142 4396//2143 4217//1967
f 4395//2142 4217//1967 4215//1965
f 4396//2143 4397//2144 4219//1969
f 4396//2143 4219//1969 4217//1967
f 4397//2144 4398//2145 4221//1971
f 4397//2144 4221//1971 4219//1969
f 4398//2145 4399//2146 4223//1973
f 4398//2145 4223//1973 4221//1971
f 4399//2146 4400//2147 4225//1975
f 4399//2146 4225//1975 4223//1973
f 4400//2147 4401//2148 4227//1977
f 4400//2147 4227//1977 4225//1975
f 4401//2148 4402//2149 4229//1979
f 4401//2148 4229//1979 4227//1977
f 4402//2149 4403//2150 4231//1981
f 4402//2149 4231//1981 4229//1979
f 4403//2150 4404//2151 4233//1983
f 4403//2150 4233//1983 4231//1981
f 4404//2151 4405//2152 4235//1985
f 4404//2151 4235//1985 4233//1983
f 4405//2152 4406//2153 4237//1947
f 4405//2152 4237//1947 4235//1985
f 4407//2154 4408//2155 4324//2072
f 4407//2154 4324//2072 4323//2071
f 4408//2155 4409//2156 4327//2075
f 4408//2155 4327//2075 4324//2072
f 4409//2156 4410//2157 4329//2077
f 4409//2156 4329//2077 4327//2075
f 4410//2157 4411//2158 4331//2079
f 4410//2157 4331//2079 4329//2077
f 4411//2158 4412//2159 4333//2081
f 4411//2158 4333//2081 4331//2079
f 4412//2159 4413//2160 4335//2083
f 4412//2159 4335//2083 4333//2081
f 4413//2160 4414//2161 4337//2085
f 4413//2160 4337//2085 4335//2083
f 4414//2161 4415//2162 4339//2087
f 4414//2161 4339//2087 4337//2085
f 4415//2162 4416//2163 4341//2089
f 4415//2162 4341//2089 4339//2087
f 4416//2163 4417//2164 4343//2091
f 4416//2163 4343//2091 4341//2089
f 4417//2164 4418//2165 4345//2093
f 4417//2164 4345//2093 4343//2091
f 4418//2165 4419//2166 4347//2095
f 4418//2165 4347//2095 4345//2093
f 4419//2166 4420//2167 4349//2097
f 4419//2166 4349//2097 4347//2095
f 4420//2167 4421//2168 4351//2099
f 4420//2167 4351//2099 4349//2097
f 4421//2168 4422//2169 4353//2101
f 4421//2168 4353//2101 4351//2099
f 4422//2169 4423//2170 4355//2103
f 4422//2169 4355//2103 4353//2101
f 4423//2170 4424//2171 4357//2105
f 4423//2170 4357//2105 4355//2103
f 4424//2171 4425//2172 4359//2107
f 4424//2171 4359//2107 4357//2105
f 4425//2172 4426//2173 4361//2109
f 4425//2172 4361//2109 4359//2107
f 4426//2173 4427//2174 4363//2071
f 4426//2173 4363//2071 4361//2109
f 4284//2032 4283//2031 4428//2175
f 4284//2032 4428//2175 4429//2176
f 4286//2034 4284//2032 4429//2176
f 4286//2034 4429//2176 4430//2177
f 4288//2036 4286//2034 4430//2177
f 4288//2036 4430//2177 4431//2178
f 4290//2038 4288//2036 4431//2178
f 4290//2038 4431//2178 4432//2179
f 4292//2040 4290//2038 4432//2179
f 4292//2040 4432//2179 4433//2180
f 4294//2042 4292//2040 4433//2180
f 4294//2042 4433//2180 4434//2181
f 4296//2044 4294//2042 4434//2181
f 4296//2044 4434//2181 4435//2182
f 4298//2046 4296//2044 4435//2182
f 4298//2046 4435//2182 4436//2183
f 4300//2048 4298//2046 4436//2183
f 4300//2048 4436//2183 4437//2184
f 4302//2050 4300//2048 4437//2184
f 4302//2050 4437//2184 4438//2185
f 4304//2052 4302//2050 4438//2185
f 4304//2052 4438//2185 4439//2186
f 4306//2054 4304//2052 4439//2186
f 4306//2054 4439//2186 4440//2187
f 4308//2056 4306//2054 4440//2187
f 4308//2056 4440//2187 4441//2188
f 4310//2058 4308//2056 4441//2188
f 4310//2058 4441//2188 4442//2189
f 4312//2060 4310//2058 4442//2189
f 4312//2060 4442//2189 4443//2190
f 4314//2062 4312//2060 4443//2190
f 4314//2062 4443//2190 4444//2191
f 4316//2064 4314//2062 4444//2191
f 4316//2064 4444//2191 4445//2192
f 4318//2066 4316//2064 4445//2192
f 4318//2066 4445//2192 4446//2193
f 4320//2068 4318//2066 4446//2193
f 4320//2068 4446//2193 4447//2194
f 4322//2070 4320//2068 4447//2194
f 4322//2070 4447//2194 4448//2195
f 4236//1986 4238//1987 4449//2196
f 4236//1986 4449//2196 4450//2197
f 4234//1984 4236//1986 4450//2197
f 4234//1984 4450//2197 4451//2198
f 4232//1982 4234//1984 4451//2198
f 4232//1982 4451//2198 4452//2199
f 4230//1980 4232//1982 4452//2199
f 4230//1980 4452//2199 4453//2200
f 4228//1978 4230//1980 4453//2200
f 4228//1978 4453//2200 4454//2201
f 4226//1976 4228//1978 4454//2201
f 4226//1976 4454//2201 4455//2202
f 4224//1974 4226//1976 4455//2202
f 4224//1974 4455//2202 4456//2203
f 4222//1972 4224//1974 4456//2203
f 4222//1972 4456//2203 4457//2204
f 4220//1970 4222//1972 4457//2204
f 4220//1970 4457//2204 4458//2205
f 4218//1968 4220//1970 4458//2205
f 4218//1968 4458//2205 4459//2206
f 4216//1966 4218//1968 4459//2206
f 4216//1966 4459//2206 4460//2207
f 4214//1964 4216//1966 4460//2207
f 4214//1964 4460//2207 4461//2208
f 4212//1962 4214//1964 4461//2208
f 4212//1962 4461//2208 4462//2209
f 4210//1960 4212//1962 4462//2209
f 4210//1960 4462//2209 4463//2210
f 4208//1958 4210//1960 4463//2210
f 4208//1958 4463//2210 4464//2211
f 4206//1956 4208//1958 4464//2211
f 4206//1956 4464//2211 4465//2212
f 4204//1954 4206//1956 4465//2212
f 4204//1954 4465//2212 4466//2213
f 4202//1952 4204//1954 4466//2213
f 4202//1952 4466//2213 4467//2214
f 4199//1949 4202//1952 4467//2214
f 4199//1949 4467//2214 4468//2215
f 4200//1950 4199//1949 4468//2215
f 4200//1950 4468//2215 4469//2196
f 4470//2216 4471//2217 4387//2134
f 4470//2216 4387//2134 4386//2133
f 4471//2217 4472//2218 4388//2135
f 4471//2217 4388//2135 4387//2134
f 4472//2218 4473//2219 4389//2136
f 4472//2218 4389//2136 4388//2135
f 4473//2219 4474//2220 4390//2137
f 4473//2219 4390//2137 4389//2136
f 4474//2220 4475//2221 4391//2138
f 4474//2220 4391//2138 4390//2137
f 4475//2221 4476//2222 4392//2139
f 4475//2221 4392//2139 4391//2138
f 4476//2222 4477//2223 4393//2140
f 4476//2222 4393//2140 4392//2139
f 4477//2223 4478//2224 4394//2141
f 4477//2223 4394//2141 4393//2140
f 4478//2224 4479//2225 4395//2142
f 4478//2224 4395//2142 4394//2141
f 4479//2225 4480//2226 4396//2143
f 4479//2225 4396//2143 4395//2142
f 4480//2226 4481//2227 4397//2144
f 4480//2226 4397//2144 4396//2143
f 4481//2227 4482//2228 4398//2145
f 4481//2227 4398//2145 4397//2144
f 4482//2228 4483//2229 4399//2146
f 4482//2228 4399//2146 4398//2145
f 4483//2229 4484//2230 4400//2147
f 4483//2229 4400//2147 4399//2146
f 4484//2230 4485//2231 4401//2148
f 4484//2230 4401//2148 4400//2147
f 4485//2231 4486//2232 4402//2149
f 4485//2231 4402//2149 4401//2148
f 4486//2232 4487//2233 4403//2150
f 4486//2232 4403//2150 4402//2149
f 4487//2233 4488//2234 4404//2151
f 4487//2233 4404//2151 4403//2150
f 4488//2234 4489//2235 4405//2152
f 4488//2234 4405//2152 4404//2151
f 4489//2235 4490//2236 4406//2153
f 4489//2235 4406//2153 4405//2152
f 4366//2113 4365//2112 4490//2236
f 4366//2113 4490//2236 4489//2235
f 4367//2114 4366//2113 4489//2235
f 4367//2114 4489//2235 4488//2234
f 4368//2115 4367//2114 4488//2234
f 4368//2115 4488//2234 4487//2233
f 4369//2116 4368//2115 4487//2233
f 4369//2116 4487//2233 4486//2232
f 4370//2117 4369//2116 4486//2232
f 4370//2117 4486//2232 4485//2231
f 4371//2118 4370//2117 4485//2231
f 4371//2118 4485//2231 4484//2230
f 4372//2119 4371//2118 4484//2230
f 4372//2119 4484//2230 4483//2229
f 4373//2120 4372//2119 4483//2229
f 4373//2120 4483//2229 4482//2228
f 4374//2121 4373//2120 4482//2228
f 4374//2121 4482//2228 4481//2227
f 4375//2122 4374//2121 4481//2227
f 4375//2122 4481//2227 4480//2226
f 4376//2123 4375//2122 4480//2226
f 4376//2123 4480//2226 4479//2225
f 4377//2124 4376//2123 4479//2225
f 4377//2124 4479//2225 4478//2224
f 4378//2125 4377//2124 4478//2224
f 4378//2125 4478//2224 4477//2223
f 4379//2126 4378//2125 4477//2223
f 4379//2126 4477//2223 4476//2222
f 4380//2127 4379//2126 4476//2222
f 4380//2127 4476//2222 4475//2221
f 4381//2128 4380//2127 4475//2221
f 4381//2128 4475//2221 4474//2220
f 4382//2129 4381//2128 4474//2220
f 4382//2129 4474//2220 4473//2219
f 4383//2130 4382//2129 4473//2219
f 4383//2130 4473//2219 4472//2218
f 4384//2131 4383//2130 4472//2218
f 4384//2131 4472//2218 4471//2217
f 4385//2132 4384//2131 4471//2217
f 4385//2132 4471//2217 4470//2216
f 4491//2237 4492//2238 4240//1989
f 4491//2237 4240//1989 4239//1988
f 4492//2238 4493//2239 4243//1992
f 4492//2238 4243//1992 4240//1989
f 4493//2239 4494//2240 4245//1994
f 4493//2239 4245//1994 4243//1992
f 4494//2240 4495//2241 4247//1996
f 4494//2240 4247//1996 4245//1994
f 4495//2241 4496//2242 4249//1998
f 4495//2241 4249//1998 4247//1996
f 4496//2242 4497//2243 4251//2000
f 4496//2242 4251//2000 4249//1998
f 4497//2243 4498//2244 4253//2002
f 4497//2243 4253//2002 4251//2000
f 4498//2244 4499//2245 4255//2004
f 4498//2244 4255//2004 4253//2002
f 4499//2245 4500//2246 4257//2006
f 4499//2245 4257//2006 4255//2004
f 4500//2246 4501//2247 4259//2008
f 4500//2246 4259//2008 4257//2006
f 4501//2247 4502//2248 4261//2010
f 4501//2247 4261//2010 4259//2008
f 4502//2248 4503//2249 4263//2012
f 4502//2248 4263//2012 4261//2010
f 4503//2249 4504//2250 4265//2014
f 4503//2249 4265//2014 4263//2012
f 4504//2250 4505//2251 4267//2016
f 4504//2250 4267//2016 4265//2014
f 4505//2251 4506//2252 4269//2018
f 4505//2251 4269//2018 4267//2016
f 4506//2252 4507//2253 4271//2020
f 4506//2252 4271//2020 4269//2018
f 4507//2253 4508//2254 4273//2022
f 4507//2253 4273//2022 4271//2020
f 4508//2254 4509//2255 4275//2024
f 4508//2254 4275//2024 4273//2022
f 4509//2255 4510//2256 4277//2026
f 4509//2255 4277//2026 4275//2024
f 4510//2256 4511//2237 4279//2028
f 4510//2256 4279//2028 4277//2026
f 4362//2110 4364//2111 4511//2237
f 4362//2110 4511//2237 4510//2256
f 4360//2108 4362//2110 4510//2256
f 4360//2108 4510//2256 4509//2255
f 4358//2106 4360//2108 4509//2255
f 4358//2106 4509//2255 4508//2254
f 4356//2104 4358//2106 4508//2254
f 4356//2104 4508//2254 4507//2253
f 4354//2102 4356//2104 4507//2253
f 4354//2102 4507//2253 4506//2252
f 4352//2100 4354//2102 4506//2252
f 4352//2100 4506//2252 4505//2251
f 4350//2098 4352//2100 4505//2251
f 4350//2098 4505//2251 4504//2250
f 4348//2096 4350//2098 4504//2250
f 4348//2096 4504//2250 4503//2249
f 4346//2094 4348//2096 4503//2249
f 4346//2094 4503//2249 4502//2248
f 4344//2092 4346//2094 4502//2248
f 4344//2092 4502//2248 4501//2247
f 4342//2090 4344//2092 4501//2247
f 4342//2090 4501//2247 4500//2246
f 4340//2088 4342//2090 4500//2246
f 4340//2088 4500//2246 4499//2245
f 4338//2086 4340//2088 4499//2245
f 4338//2086 4499//2245 4498//2244
f 4336//2084 4338//2086 4498//2244
f 4336//2084 4498//2244 4497//2243
f 4334//2082 4336//2084 4497//2243
f 4334//2082 4497//2243 4496//2242
f 4332//2080 4334//2082 4496//2242
f 4332//2080 4496//2242 4495//2241
f 4330//2078 4332//2080 4495//2241
f 4330//2078 4495//2241 4494//2240
f 4328//2076 4330//2078 4494//2240
f 4328//2076 4494//2240 4493//2239
f 4325//2073 4328//2076 4493//2239
f 4325//2073 4493//2239 4492//2238
f 4326//2074 4325//2073 4492//2238
f 4326//2074 4492//2238 4491//2237
f 4512//2257 4513//2258 4408//2155
f 4512//2257 4408//2155 4407//2154
f 4513//2258 4514//2259 4409//2156
f 4513//2258 4409//2156 4408//2155
f 4514//2259 4515//2260 4410//2157
f 4514//2259 4410//2157 4409//2156
f 4515//2260 4516//2261 4411//2158
f 4515//2260 4411//2158 4410//2157
f 4516//2261 4517//2262 4412//2159
f 4516//2261 4412//2159 4411//2158
f 4517//2262 4518//2263 4413//2160
f 4517//2262 4413//2160 4412//2159
f 4518//2263 4519//2264 4414//2161
f 4518//2263 4414//2161 4413//2160
f 4519//2264 4520//2265 4415//2162
f 4519//2264 4415//2162 4414//2161
f 4520//2265 4521//2266 4416//2163
f 4520//2265 4416//2163 4415//2162
f 4521//2266 4522//2267 4417//2164
f 4521//2266 4417//2164 4416//2163
f 4522//2267 4523//2268 4418//2165
f 4522//2267 4418//2165 4417//2164
f 4523//2268 4524//2269 4419//2166
f 4523//2268 4419//2166 4418//2165
f 4524//2269 4525//2270 4420//2167
f 4524//2269 4420//2167 4419//2166
f 4525//2270 4526//2271 4421//2168
f 4525//2270 4421//2168 4420//2167
f 4526//2271 4527//2272 4422//2169
f 4526//2271 4422//2169 4421//2168
f 4527//2272 4528//2273 4423//2170
f 4527//2272 4423//2170 4422//2169
f 4528//2273 4529//2274 4424//2171
f 4528//2273 4424//2171 4423//2170
f 4529//2274 4530//2275 4425//2172
f 4529//2274 4425//2172 4424//2171
f 4530//2275 4531//2276 4426//2173
f 4530//2275 4426//2173 4425//2172
f 4531//2276 4532//2277 4427//2174
f 4531//2276 4427//2174 4426//2173
f 4469//2196 4468//2215 4319//2067
f 4469//2196 4319//2067 4321//2069
f 4468//2215 4467//2214 4317//2065
f 4468//2215 4317//2065 4319//2067
f 4467//2214 4466//2213 4315//2063
f 4467//2214 4315//2063 4317//2065
f 4466//2213 4465//2212 4313//2061
f 4466//2213 4313//2061 4315//2063
f 4465//2212 4464//2211 4311//2059
f 4465//2212 4311//2059 4313//2061
f 4464//2211 4463//2210 4309//2057
f 4464//2211 4309//2057 4311//2059
f 4463//2210 4462//2209 4307//2055
f 4463//2210 4307//2055 4309//2057
f 4462//2209 4461//2208 4305//2053
f 4462//2209 4305//2053 4307//2055
f 4461//2208 4460//2207 4303//2051
f 4461//2208 4303//2051 4305//2053
f 4460//2207 4459//2206 4301//2049
f 4460//2207 4301//2049 4303//2051
f 4459//2206 4458//2205 4299//2047
f 4459//2206 4299//2047 4301//2049
f 4458//2205 4457//2204 4297//2045
f 4458//2205 4297//2045 4299//2047
f 4457//2204 4456//2203 4295//2043
f 4457//2204 4295//2043 4297//2045
f 4456//2203 4455//2202 4293//2041
f 4456//2203 4293//2041 4295//2043
f 4455//2202 4454//2201 4291//2039
f 4455//2202 4291//2039 4293//2041
f 4454//2201 4453//2200 4289//2037
f 4454//2201 4289//2037 4291//2039
f 4453//2200 4452//2199 4287//2035
f 4453//2200 4287//2035 4289//2037
f 4452//2199 4451//2198 4285//2033
f 4452//2199 4285//2033 4287//2035
f 4451//2198 4450//2197 4281//2029
f 4451//2198 4281//2029 4285//2033
f 4450//2197 4449//2196 4282//2030
f 4450//2197 4282//2030 4281//2029
f 4533//2278 4534//2279 4535//2280
f 4533//2278 4535//2280 4536//2281
f 4536//2281 4535//2280 4537//2282
f 4536//2281 4537//2282 444//137
f 4538//2283 4539//2284 4540//2285
f 4538//2283 4540//2285 442//135
f 4540//2285 4539//2284 4541//860
f 4540//2285 4541//860 4542//2286
f 4542//2286 4541//860 4543//2287
f 4542//2286 4543//2287 4544//2288
f 4544//2288 4543//2287 4545//2289
f 4544//2288 4545//2289 454//143
f 4546//2290 4547//2291 4548//2292
f 4546//2290 4548//2292 452//141
f 4548//2292 4547//2291 4549//2293
f 4548//2292 4549//2293 4550//2294
f 4550//2294 4549//2293 4551//2295
f 4550//2294 4551//2295 4552//2296
f 4552//2296 4551//2295 4553//2297
f 4552//2296 4553//2297 4554//2298
f 4554//2298 4553//2297 4555//2299
f 4554//2298 4555//2299 4556//2300
f 4556//2300 4555//2299 4557//2301
f 4556//2300 4557//2301 464//148
f 4558//2302 4559//2303 4560//2304
f 4558//2302 4560//2304 462//146
f 4560//2304 4559//2303 4561//1
f 4560//2304 4561//1 4562//2305
f 4562//2305 4561//1 4563//2306
f 4562//2305 4563//2306 4564//2307
f 4564//2307 4563//2306 4565//2308
f 4564//2307 4565//2308 474//154
f 4566//2309 4567//2310 4568//2311
f 4566//2309 4568//2311 472//152
f 4568//2311 4567//2310 4569//2312
f 4568//2311 4569//2312 4570//2313
f 4570//2313 4569//2312 4571//2314
f 4570//2313 4571//2314 4572//2315
f 4572//2315 4571//2314 4573//2316
f 4572//2315 4573//2316 4574//2317
f 420//128 419//128 435//128
f 420//128 435//128 437//128
f 423//128 419//128 445//128
f 423//128 445//128 447//138
f 428//128 419//128 455//128
f 428//128 455//128 457//128
f 431//128 419//128 465//128
f 431//128 465//128 467//149
f 4575//2318 4533//2278 4536//2281
f 4575//2318 4536//2281 4576//2319
f 4577//2320 4540//2285 4542//2286
f 4577//2320 4542//2286 4578//2321
f 4578//2321 4542//2286 4544//2288
f 4578//2321 4544//2288 4579//2322
f 4580//2323 4548//2292 4550//2294
f 4580//2323 4550//2294 4581//2324
f 4581//2324 4550//2294 4552//2296
f 4581//2324 4552//2296 4582//2325
f 4582//2325 4552//2296 4554//2298
f 4582//2325 4554//2298 4583//2326
f 4583//2326 4554//2298 4556//2300
f 4583//2326 4556//2300 4584//2327
f 4585//2328 4560//2304 4562//2305
f 4585//2328 4562//2305 4586//2329
f 4586//2329 4562//2305 4564//2307
f 4586//2329 4564//2307 4587//2330
f 4588//2331 4568//2311 4570//2313
f 4588//2331 4570//2313 4589//2332
f 4589//2332 4570//2313 4572//2315
f 4589//2332 4572//2315 4590//2333
f 4590//2333 4572//2315 4574//2317
f 4590//2333 4574//2317 4591//2334
f 435//128 419//128 421//128
f 435//128 421//128 439//132
f 445//128 419//128 424//128
f 445//128 424//128 449//128
f 455//128 419//128 429//128
f 455//128 429//128 459//138
f 465//128 419//128 432//131
f 465//128 432//131 469//128
f 4538//2283 442//135 441//134
f 4538//2283 441//134 4592//2335
f 4592//2335 441//134 443//136
f 4592//2335 443//136 4593//2336
f 4593//2336 443//136 444//137
f 4593//2336 444//137 4537//2282
f 4546//2290 452//141 451//140
f 4546//2290 451//140 4594//2337
f 4594//2337 451//140 453//142
f 4594//2337 453//142 4595//2338
f 4595//2338 453//142 454//143
f 4595//2338 454//143 4545//2289
f 4558//2302 462//146 461//145
f 4558//2302 461//145 4596//2339
f 4596//2339 461//145 463//147
f 4596//2339 463//147 4597//2340
f 4597//2340 463//147 464//148
f 4597//2340 464//148 4557//2301
f 4566//2309 472//152 471//151
f 4566//2309 471//151 4598//2341
f 4598//2341 471//151 473//153
f 4598//2341 473//153 4599//2342
f 4599//2342 473//153 474//154
f 4599//2342 474//154 4565//2308
f 4600//2343 4601//2343 4602//1792
f 4600//2343 4602//1792 4603//857
f 4603//857 4602//1792 4604//856
f 4603//857 4604//856 4605//1822
f 4605//1822 4604//856 4606//1811
f 4605//1822 4606//1811 4607//853
f 4607//853 4606//1811 4608//254
f 4607//853 4608//254 4609//254
f 4609//254 4608//254 4610//851
f 4609//254 4610//851 4611//1793
f 4611//1793 4610//851 4612//1794
f 4611//1793 4612//1794 4613//850
f 4613//850 4612//1794 4614//849
f 4613//850 4614//849 4615//2344
f 4615//2344 4614//849 4616//1813
f 4615//2344 4616//1813 4617//1813
f 4617//1813 4616//1813 4618//1
f 4617//1813 4618//1 4619//1
f 4619//1 4618//1 4620//870
f 4619//1 4620//870 4621//870
f 4621//870 4620//870 4622//869
f 4621//870 4622//869 4623//869
f 4623//869 4622//869 4624//868
f 4623//869 4624//868 4625//868
f 4625//868 4624//868 4626//867
f 4625//868 4626//867 4627//867
f 4627//867 4626//867 4628//273
f 4627//867 4628//273 4629//273
f 4629//273 4628//273 4630//865
f 4629//273 4630//865 4631//865
f 4631//865 4630//865 4632//863
f 4631//865 4632//863 4633//863
f 4633//863 4632//863 4634//862
f 4633//863 4634//862 4635//862
f 4635//862 4634//862 4636//861
f 4635//862 4636//861 4637//861
f 4637//861 4636//861 4638//860
f 4637//861 4638//860 4639//860
f 4639//860 4638//860 4640//1802
f 4639//860 4640//1802 4641//1802
f 4642//2345 4643//2346 4644//2347
f 4642//2345 4644//2347 4645//2348
f 4645//2348 4644//2347 4646//1838
f 4645//2348 4646//1838 4647//2349
f 4647//2349 4646//1838 4648//1836
f 4647//2349 4648//1836 4649//1835
f 4649//1835 4648//1836 4650//1834
f 4649//1835 4650//1834 4651//2350
f 4651//2350 4650//1834 4652//1832
f 4651//2350 4652//1832 4653//1831
f 4653//1831 4652//1832 4654//1830
f 4653//1831 4654//1830 4655//2351
f 4655//2351 4654//1830 4656//1827
f 4655//2351 4656//1827 4657//2352
f 4657//2352 4656//1827 4658//2353
f 4657//2352 4658//2353 4659//2354
f 4659//2354 4658//2353 4660//2355
f 4659//2354 4660//2355 4661//1863
f 4661//1863 4660//2355 4662//1862
f 4661//1863 4662//1862 4663//2356
f 4663//2356 4662//1862 4664//2357
f 4663//2356 4664//2357 4665//1859
f 4665//1859 4664//2357 4666//1858
f 4665//1859 4666//1858 4667//2358
f 4667//2358 4666//1858 4668//2359
f 4667//2358 4668//2359 4669//1855
f 4669//1855 4668//2359 4670//2360
f 4669//1855 4670//2360 4671//2361
f 4671//2361 4670//2360 4672//2362
f 4671//2361 4672//2362 4673//2363
f 4673//2363 4672//2362 4674//1850
f 4673//2363 4674//1850 4675//2364
f 4675//2364 4674//1850 4676//1848
f 4675//2364 4676//1848 4677//2365
f 4677//2365 4676//1848 4678//1846
f 4677//2365 4678//1846 4679//2366
f 4679//2366 4678//1846 4680//1844
f 4679//2366 4680//1844 4681//1843
f 4681//1843 4680//1844 4682//2367
f 4681//1843 4682//2367 4683//2368
f 4642//2345 4645//2348 4684//2369
f 4642//2345 4684//2369 4685//2370
f 4686//2371 517//155 4687//2372
f 4686//2371 519//156 517//155
f 4645//2348 4647//2349 4688//2373
f 4645//2348 4688//2373 4684//2369
f 4687//2372 520//157 4689//2374
f 4687//2372 517//155 520//157
f 4647//2349 4649//1835 4690//2375
f 4647//2349 4690//2375 4688//2373
f 4689//2374 521//93 4691//2376
f 4689//2374 520//157 521//93
f 4649//1835 4651//2350 4692//2377
f 4649//1835 4692//2377 4690//2375
f 4691//2376 523//158 4693//2378
f 4691//2376 521//93 523//158
f 4651//2350 4653//1831 4694//2379
f 4651//2350 4694//2379 4692//2377
f 4693//2378 525//159 4695//2380
f 4693//2378 523//158 525//159
f 4653//1831 4655//2351 4696//2381
f 4653//1831 4696//2381 4694//2379
f 4695//2380 527//160 4697//2382
f 4695//2380 525//159 527//160
f 4655//2351 4657//2352 4698//2383
f 4655//2351 4698//2383 4696//2381
f 4697//2382 529//161 4699//2384
f 4697//2382 527//160 529//161
f 4657//2352 4659//2354 4700//2385
f 4657//2352 4700//2385 4698//2383
f 4699//2384 531//162 4701//2386
f 4699//2384 529//161 531//162
f 4659//2354 4661//1863 4702//2387
f 4659//2354 4702//2387 4700//2385
f 4701//2386 532//163 4703//2388
f 4701//2386 531//162 532//163
f 4661//1863 4663//2356 4704//2389
f 4661//1863 4704//2389 4702//2387
f 4703//2388 533//164 4705//2390
f 4703//2388 532//163 533//164
f 4663//2356 4665//1859 4706//2391
f 4663//2356 4706//2391 4704//2389
f 4705//2390 534//165 4707//2392
f 4705//2390 533//164 534//165
f 4665//1859 4667//2358 4708//2393
f 4665//1859 4708//2393 4706//2391
f 4707//2392 535//166 4709//2394
f 4707//2392 534//165 535//166
f 4667//2358 4669//1855 4710//2395
f 4667//2358 4710//2395 4708//2393
f 4709//2394 537//167 4711//2396
f 4709//2394 535//166 537//167
f 4669//1855 4671//2361 4712//1400
f 4669//1855 4712//1400 4710//2395
f 4711//2396 539//168 4713//2397
f 4711//2396 537//167 539//168
f 4671//2361 4673//2363 4714//2398
f 4671//2361 4714//2398 4712//1400
f 4713//2397 541//169 4715//2399
f 4713//2397 539//168 541//169
f 4673//2363 4675//2364 4716//1890
f 4673//2363 4716//1890 4714//2398
f 4715//2399 543//170 4717//2400
f 4715//2399 541//169 543//170
f 4675//2364 4677//2365 4718//2401
f 4675//2364 4718//2401 4716//1890
f 4717//2400 545//171 4719//2402
f 4717//2400 543//170 545//171
f 4677//2365 4679//2366 4720//2403
f 4677//2365 4720//2403 4718//2401
f 4719//2402 546//172 4721//2404
f 4719//2402 545//171 546//172
f 4679//2366 4681//1843 4722//2405
f 4679//2366 4722//2405 4720//2403
f 4721//2404 547//173 4723//2406
f 4721//2404 546//172 547//173
f 519//156 4723//2406 547//173
f 519//156 4686//2371 4723//2406
f 4724//2407 4722//2405 4681//1843
f 4724//2407 4681//1843 4683//2368
f 4682//2367 4680//1844 4725//2408
f 4682//2367 4725//2408 4726//2409
f 4727//2410 4728//2411 578//117
f 4727//2410 578//117 548//174
f 548//174 550//175 4729//2412
f 548//174 4729//2412 4727//2410
f 4730//2413 4731//2414 4644//2347
f 4730//2413 4644//2347 4643//2346
f 550//175 551//176 4732//2415
f 550//175 4732//2415 4729//2412
f 4731//2414 4733//2416 4646//1838
f 4731//2414 4646//1838 4644//2347
f 551//176 553//113 4734//2417
f 551//176 4734//2417 4732//2415
f 4733//2416 4735//2418 4648//1836
f 4733//2416 4648//1836 4646//1838
f 553//113 555//112 4736//2419
f 553//113 4736//2419 4734//2417
f 4735//2418 4737//2420 4650//1834
f 4735//2418 4650//1834 4648//1836
f 555//112 557//177 4738//2421
f 555//112 4738//2421 4736//2419
f 4737//2420 4739//2422 4652//1832
f 4737//2420 4652//1832 4650//1834
f 557//177 559//110 4740//2423
f 557//177 4740//2423 4738//2421
f 4739//2422 4741//2424 4654//1830
f 4739//2422 4654//1830 4652//1832
f 559//110 561//178 4742//2425
f 559//110 4742//2425 4740//2423
f 4741//2424 4743//2426 4656//1827
f 4741//2424 4656//1827 4654//1830
f 561//178 562//108 4744//2427
f 561//178 4744//2427 4742//2425
f 4743//2426 4745//2428 4658//2353
f 4743//2426 4658//2353 4656//1827
f 562//108 563//127 4746//1391
f 562//108 4746//1391 4744//2427
f 4745//2428 4747//2429 4660//2355
f 4745//2428 4660//2355 4658//2353
f 563//127 564//179 4748//2430
f 563//127 4748//2430 4746//1391
f 4747//2429 4749//2431 4662//1862
f 4747//2429 4662//1862 4660//2355
f 564//179 565//125 4750//2432
f 564//179 4750//2432 4748//2430
f 4749//2431 4751//2433 4664//2357
f 4749//2431 4664//2357 4662//1862
f 565//125 567//180 4752//2434
f 565//125 4752//2434 4750//2432
f 4751//2433 4753//2435 4666//1858
f 4751//2433 4666//1858 4664//2357
f 567//180 569//123 4754//2436
f 567//180 4754//2436 4752//2434
f 4753//2435 4755//2437 4668//2359
f 4753//2435 4668//2359 4666//1858
f 569//123 571//122 4756//2438
f 569//123 4756//2438 4754//2436
f 4755//2437 4757//2439 4670//2360
f 4755//2437 4670//2360 4668//2359
f 571//122 573//121 4758//2440
f 571//122 4758//2440 4756//2438
f 4757//2439 4759//2441 4672//2362
f 4757//2439 4672//2362 4670//2360
f 573//121 575//181 4760//2442
f 573//121 4760//2442 4758//2440
f 4759//2441 4761//2443 4674//1850
f 4759//2441 4674//1850 4672//2362
f 575//181 576//119 4762//2444
f 575//181 4762//2444 4760//2442
f 4761//2443 4763//2445 4676//1848
f 4761//2443 4676//1848 4674//1850
f 576//119 577//118 4764//2446
f 576//119 4764//2446 4762//2444
f 4763//2445 4765//2447 4678//1846
f 4763//2445 4678//1846 4676//1848
f 577//118 578//117 4728//2411
f 577//118 4728//2411 4764//2446
f 4765//2447 4725//2408 4680//1844
f 4765//2447 4680//1844 4678//1846
f 4766//2448 4767//2449 4768//2450
f 4766//2448 4768//2450 4769//2451
f 4769//2451 4768//2450 4770//2452
f 4769//2451 4770//2452 4771//2453
f 4771//2453 4770//2452 4772//2454
f 4771//2453 4772//2454 4773//2455
f 4773//2455 4772//2454 4774//1956
f 4773//2455 4774//1956 4775//2456
f 4775//2456 4774//1956 4776//2457
f 4775//2456 4776//2457 4777//2458
f 4777//2458 4776//2457 4778//2459
f 4777//2458 4778//2459 4779//2460
f 4779//2460 4778//2459 4780//2461
f 4779//2460 4780//2461 4781//2462
f 4781//2462 4780//2461 4782//2463
f 4781//2462 4782//2463 4783//2464
f 4783//2464 4782//2463 4784//1986
f 4783//2464 4784//1986 4785//2465
f 4785//2465 4784//1986 4786//1984
f 4785//2465 4786//1984 4787//2466
f 4787//2466 4786//1984 4788//1982
f 4787//2466 4788//1982 4789//2467
f 4789//2467 4788//1982 4790//2468
f 4789//2467 4790//2468 4791//1979
f 4791//1979 4790//2468 4792//2469
f 4791//1979 4792//2469 4793//2470
f 4793//2470 4792//2469 4794//1976
f 4793//2470 4794//1976 4795//2471
f 4795//2471 4794//1976 4796//2472
f 4795//2471 4796//2472 4797//2473
f 4797//2473 4796//2472 4798//2474
f 4797//2473 4798//2474 4799//1971
f 4799//1971 4798//2474 4800//1970
f 4799//1971 4800//1970 4801//2475
f 4801//2475 4800//1970 4802//2476
f 4801//2475 4802//2476 4803//2477
f 4803//2477 4802//2476 4804//2478
f 4803//2477 4804//2478 4805//1965
f 4805//1965 4804//2478 4806//2449
f 4805//1965 4806//2449 4807//2479
f 4808//2480 4809//2005 4810//2003
f 4808//2480 4810//2003 4811//2481
f 4811//2481 4810//2003 4812//2482
f 4811//2481 4812//2482 4813//2483
f 4813//2483 4812//2482 4814//2484
f 4813//2483 4814//2484 4815//2485
f 4815//2485 4814//2484 4816//2486
f 4815//2485 4816//2486 4817//2487
f 4817//2487 4816//2486 4818//2488
f 4817//2487 4818//2488 4819//2489
f 4819//2489 4818//2488 4820//2490
f 4819//2489 4820//2490 4821//2491
f 4821//2491 4820//2490 4822//2492
f 4821//2491 4822//2492 4823//2493
f 4823//2493 4822//2492 4824//1991
f 4823//2493 4824//1991 4825//1988
f 4825//1988 4824//1991 4826//2027
f 4825//1988 4826//2027 4827//2494
f 4827//2494 4826//2027 4828//2495
f 4827//2494 4828//2495 4829//2496
f 4829//2496 4828//2495 4830//2023
f 4829//2496 4830//2023 4831//2497
f 4831//2497 4830//2023 4832//2021
f 4831//2497 4832//2021 4833//2498
f 4833//2498 4832//2021 4834//2499
f 4833//2498 4834//2499 4835//2500
f 4835//2500 4834//2499 4836//2501
f 4835//2500 4836//2501 4837//2502
f 4837//2502 4836//2501 4838//2503
f 4837//2502 4838//2503 4839//2504
f 4839//2504 4838//2503 4840//2013
f 4839//2504 4840//2013 4841//2505
f 4841//2505 4840//2013 4842//2011
f 4841//2505 4842//2011 4843//2506
f 4843//2506 4842//2011 4844//2507
f 4843//2506 4844//2507 4845//2508
f 4845//2508 4844//2507 4846//2007
f 4845//2508 4846//2007 4847//2509
f 4847//2509 4846//2007 4848//2005
f 4847//2509 4848//2005 4849//2510
f 4850//2051 4851//2511 4852//2512
f 4850//2051 4852//2512 4853//2513
f 4854//2049 4855//2514 4851//2511
f 4854//2049 4851//2511 4850//2051
f 4856//2515 4857//2516 4855//2514
f 4856//2515 4855//2514 4854//2049
f 4858//2517 4859//2518 4857//2516
f 4858//2517 4857//2516 4856//2515
f 4860//2519 4861//2520 4859//2518
f 4860//2519 4859//2518 4858//2517
f 4862//2521 4863//2522 4861//2520
f 4862//2521 4861//2520 4860//2519
f 4864//2039 4865//2523 4863//2522
f 4864//2039 4863//2522 4862//2521
f 4866//2037 4867//2524 4865//2523
f 4866//2037 4865//2523 4864//2039
f 4868//2525 4869//2526 4867//2524
f 4868//2525 4867//2524 4866//2037
f 4870//2527 4871//2528 4869//2526
f 4870//2527 4869//2526 4868//2525
f 4872//2529 4873//2032 4871//2528
f 4872//2529 4871//2528 4870//2527
f 4874//2069 4875//2530 4873//2032
f 4874//2069 4873//2032 4872//2529
f 4876//2067 4877//2531 4875//2530
f 4876//2067 4875//2530 4874//2069
f 4878//2532 4879//2533 4877//2531
f 4878//2532 4877//2531 4876//2067
f 4880//2534 4881//2064 4879//2533
f 4880//2534 4879//2533 4878//2532
f 4882//2535 4883//2536 4881//2064
f 4882//2535 4881//2064 4880//2534
f 4884//2059 4885//2537 4883//2536
f 4884//2059 4883//2536 4882//2535
f 4886//2057 4887//2538 4885//2537
f 4886//2057 4885//2537 4884//2059
f 4888//2539 4889//2540 4887//2538
f 4888//2539 4887//2538 4886//2057
f 4890//2541 4891//2542 4889//2540
f 4890//2541 4889//2540 4888//2539
f 4892//2543 4893//2544 4894//2545
f 4892//2543 4894//2545 4895//2546
f 4895//2546 4894//2545 4896//2084
f 4895//2546 4896//2084 4897//2547
f 4897//2547 4896//2084 4898//2082
f 4897//2547 4898//2082 4899//2548
f 4899//2548 4898//2082 4900//2549
f 4899//2548 4900//2549 4901//2550
f 4901//2550 4900//2549 4902//2551
f 4901//2550 4902//2551 4903//2552
f 4903//2552 4902//2551 4904//2076
f 4903//2552 4904//2076 4905//2553
f 4905//2553 4904//2076 4906//2554
f 4905//2553 4906//2554 4907//2555
f 4907//2555 4906//2554 4908//2074
f 4907//2555 4908//2074 4909//2556
f 4909//2556 4908//2074 4910//2557
f 4909//2556 4910//2557 4911//2558
f 4911//2558 4910//2557 4912//2559
f 4911//2558 4912//2559 4913//2560
f 4913//2560 4912//2559 4914//2106
f 4913//2560 4914//2106 4915//2105
f 4915//2105 4914//2106 4916//2561
f 4915//2105 4916//2561 4917//2562
f 4917//2562 4916//2561 4918//2563
f 4917//2562 4918//2563 4919//2564
f 4919//2564 4918//2563 4920//2565
f 4919//2564 4920//2565 4921//2566
f 4921//2566 4920//2565 4922//2567
f 4921//2566 4922//2567 4923//2568
f 4923//2568 4922//2567 4924//2096
f 4923//2568 4924//2096 4925//2569
f 4925//2569 4924//2096 4926//2570
f 4925//2569 4926//2570 4927//2571
f 4927//2571 4926//2570 4928//2572
f 4927//2571 4928//2572 4929//2573
f 4929//2573 4928//2572 4930//2574
f 4929//2573 4930//2574 4931//2575
f 4931//2575 4930//2574 4932//2544
f 4931//2575 4932//2544 4933//2543
f 4846//2007 4934//2576 4935//2577
f 4846//2007 4935//2577 4848//2005
f 4844//2507 4936//2578 4934//2576
f 4844//2507 4934//2576 4846//2007
f 4842//2011 4937//2579 4936//2578
f 4842//2011 4936//2578 4844//2507
f 4840//2013 4938//2580 4937//2579
f 4840//2013 4937//2579 4842//2011
f 4838//2503 4939//2581 4938//2580
f 4838//2503 4938//2580 4840//2013
f 4836//2501 4940//2582 4939//2581
f 4836//2501 4939//2581 4838//2503
f 4834//2499 4941//2583 4940//2582
f 4834//2499 4940//2582 4836//2501
f 4832//2021 4942//2584 4941//2583
f 4832//2021 4941//2583 4834//2499
f 4830//2023 4943//2585 4942//2584
f 4830//2023 4942//2584 4832//2021
f 4828//2495 4944//2586 4943//2585
f 4828//2495 4943//2585 4830//2023
f 4826//2027 4945//2587 4944//2586
f 4826//2027 4944//2586 4828//2495
f 4824//1991 4946//2112 4945//2587
f 4824//1991 4945//2587 4826//2027
f 4822//2492 4947//2131 4946//2112
f 4822//2492 4946//2112 4824//1991
f 4820//2490 4948//2588 4947//2131
f 4820//2490 4947//2131 4822//2492
f 4818//2488 4949//2589 4948//2588
f 4818//2488 4948//2588 4820//2490
f 4816//2486 4950//2128 4949//2589
f 4816//2486 4949//2589 4818//2488
f 4814//2484 4951//2590 4950//2128
f 4814//2484 4950//2128 4816//2486
f 4812//2482 4952//2126 4951//2590
f 4812//2482 4951//2590 4814//2484
f 4810//2003 4953//2125 4952//2126
f 4810//2003 4952//2126 4812//2482
f 4809//2005 4954//2591 4953//2125
f 4809//2005 4953//2125 4810//2003
f 4955//2592 4766//2448 4769//2451
f 4955//2592 4769//2451 4956//2593
f 4956//2593 4769//2451 4771//2453
f 4956//2593 4771//2453 4957//2594
f 4957//2594 4771//2453 4773//2455
f 4957//2594 4773//2455 4958//2595
f 4958//2595 4773//2455 4775//2456
f 4958//2595 4775//2456 4959//2596
f 4959//2596 4775//2456 4777//2458
f 4959//2596 4777//2458 4960//2597
f 4960//2597 4777//2458 4779//2460
f 4960//2597 4779//2460 4961//2135
f 4961//2135 4779//2460 4781//2462
f 4961//2135 4781//2462 4962//2598
f 4962//2598 4781//2462 4783//2464
f 4962//2598 4783//2464 4963//2599
f 4963//2599 4783//2464 4785//2465
f 4963//2599 4785//2465 4964//2152
f 4964//2152 4785//2465 4787//2466
f 4964//2152 4787//2466 4965//2600
f 4965//2600 4787//2466 4789//2467
f 4965//2600 4789//2467 4966//2601
f 4966//2601 4789//2467 4791//1979
f 4966//2601 4791//1979 4967//2149
f 4967//2149 4791//1979 4793//2470
f 4967//2149 4793//2470 4968//2148
f 4968//2148 4793//2470 4795//2471
f 4968//2148 4795//2471 4969//2602
f 4969//2602 4795//2471 4797//2473
f 4969//2602 4797//2473 4970//2603
f 4970//2603 4797//2473 4799//1971
f 4970//2603 4799//1971 4971//2604
f 4971//2604 4799//1971 4801//2475
f 4971//2604 4801//2475 4972//2144
f 4972//2144 4801//2475 4803//2477
f 4972//2144 4803//2477 4973//2143
f 4973//2143 4803//2477 4805//1965
f 4973//2143 4805//1965 4974//2605
f 4974//2605 4805//1965 4807//2479
f 4974//2605 4807//2479 4975//2141
f 4976//2606 4892//2543 4895//2546
f 4976//2606 4895//2546 4977//2607
f 4977//2607 4895//2546 4897//2547
f 4977//2607 4897//2547 4978//2608
f 4978//2608 4897//2547 4899//2548
f 4978//2608 4899//2548 4979//2609
f 4979//2609 4899//2548 4901//2550
f 4979//2609 4901//2550 4980//2610
f 4980//2610 4901//2550 4903//2552
f 4980//2610 4903//2552 4981//2611
f 4981//2611 4903//2552 4905//2553
f 4981//2611 4905//2553 4982//2612
f 4982//2612 4905//2553 4907//2555
f 4982//2612 4907//2555 4983//2155
f 4983//2155 4907//2555 4909//2556
f 4983//2155 4909//2556 4984//2613
f 4984//2613 4909//2556 4911//2558
f 4984//2613 4911//2558 4985//2173
f 4985//2173 4911//2558 4913//2560
f 4985//2173 4913//2560 4986//2172
f 4986//2172 4913//2560 4915//2105
f 4986//2172 4915//2105 4987//2614
f 4987//2614 4915//2105 4917//2562
f 4987//2614 4917//2562 4988//2615
f 4988//2615 4917//2562 4919//2564
f 4988//2615 4919//2564 4989//2169
f 4989//2169 4919//2564 4921//2566
f 4989//2169 4921//2566 4990//2616
f 4990//2616 4921//2566 4923//2568
f 4990//2616 4923//2568 4991//2617
f 4991//2617 4923//2568 4925//2569
f 4991//2617 4925//2569 4992//2618
f 4992//2618 4925//2569 4927//2571
f 4992//2618 4927//2571 4993//2619
f 4993//2619 4927//2571 4929//2573
f 4993//2619 4929//2573 4994//2620
f 4994//2620 4929//2573 4931//2575
f 4994//2620 4931//2575 4995//2163
f 4995//2163 4931//2575 4933//2543
f 4995//2163 4933//2543 4996//2621
f 4851//2511 4997//2186 4998//2622
f 4851//2511 4998//2622 4852//2512
f 4855//2514 4999//2185 4997//2186
f 4855//2514 4997//2186 4851//2511
f 4857//2516 5000//2184 4999//2185
f 4857//2516 4999//2185 4855//2514
f 4859//2518 5001//2623 5000//2184
f 4859//2518 5000//2184 4857//2516
f 4861//2520 5002//2624 5001//2623
f 4861//2520 5001//2623 4859//2518
f 4863//2522 5003//2625 5002//2624
f 4863//2522 5002//2624 4861//2520
f 4865//2523 5004//2626 5003//2625
f 4865//2523 5003//2625 4863//2522
f 4867//2524 5005//2627 5004//2626
f 4867//2524 5004//2626 4865//2523
f 4869//2526 5006//2628 5005//2627
f 4869//2526 5005//2627 4867//2524
f 4871//2528 5007//2629 5006//2628
f 4871//2528 5006//2628 4869//2526
f 4873//2032 5008//2176 5007//2629
f 4873//2032 5007//2629 4871//2528
f 4875//2530 5009//2175 5008//2176
f 4875//2530 5008//2176 4873//2032
f 4877//2531 5010//2630 5009//2175
f 4877//2531 5009//2175 4875//2530
f 4879//2533 5011//2193 5010//2630
f 4879//2533 5010//2630 4877//2531
f 4881//2064 5012//2631 5011//2193
f 4881//2064 5011//2193 4879//2533
f 4883//2536 5013//2191 5012//2631
f 4883//2536 5012//2631 4881//2064
f 4885//2537 5014//2632 5013//2191
f 4885//2537 5013//2191 4883//2536
f 4887//2538 5015//2189 5014//2632
f 4887//2538 5014//2632 4885//2537
f 4889//2540 5016//2633 5015//2189
f 4889//2540 5015//2189 4887//2538
f 4891//2542 5017//2634 5016//2633
f 4891//2542 5016//2633 4889//2540
f 4804//2478 5018//2635 5019//2208
f 4804//2478 5019//2208 4806//2449
f 4802//2476 5020//2636 5018//2635
f 4802//2476 5018//2635 4804//2478
f 4800//1970 5021//2637 5020//2636
f 4800//1970 5020//2636 4802//2476
f 4798//2474 5022//2638 5021//2637
f 4798//2474 5021//2637 4800//1970
f 4796//2472 5023//2639 5022//2638
f 4796//2472 5022//2638 4798//2474
f 4794//1976 5024//2640 5023//2639
f 4794//1976 5023//2639 4796//2472
f 4792//2469 5025//2641 5024//2640
f 4792//2469 5024//2640 4794//1976
f 4790//2468 5026//2642 5025//2641
f 4790//2468 5025//2641 4792//2469
f 4788//1982 5027//2643 5026//2642
f 4788//1982 5026//2642 4790//2468
f 4786//1984 5028//2644 5027//2643
f 4786//1984 5027//2643 4788//1982
f 4784//1986 5029//2197 5028//2644
f 4784//1986 5028//2644 4786//1984
f 4782//2463 5030//2645 5029//2197
f 4782//2463 5029//2197 4784//1986
f 4780//2461 5031//2646 5030//2645
f 4780//2461 5030//2645 4782//2463
f 4778//2459 5032//2647 5031//2646
f 4778//2459 5031//2646 4780//2461
f 4776//2457 5033//2648 5032//2647
f 4776//2457 5032//2647 4778//2459
f 4774//1956 5034//2649 5033//2648
f 4774//1956 5033//2648 4776//2457
f 4772//2454 5035//2650 5034//2649
f 4772//2454 5034//2649 4774//1956
f 4770//2452 5036//2651 5035//2650
f 4770//2452 5035//2650 4772//2454
f 4768//2450 5037//2652 5036//2651
f 4768//2450 5036//2651 4770//2452
f 4767//2449 5038//2653 5037//2652
f 4767//2449 5037//2652 4768//2450
f 5039//2654 4955//2592 4956//2593
f 5039//2654 4956//2593 5040//2655
f 5040//2655 4956//2593 4957//2594
f 5040//2655 4957//2594 5041//2656
f 5041//2656 4957//2594 4958//2595
f 5041//2656 4958//2595 5042//2657
f 5042//2657 4958//2595 4959//2596
f 5042//2657 4959//2596 5043//2658
f 5043//2658 4959//2596 4960//2597
f 5043//2658 4960//2597 5044//2659
f 5044//2659 4960//2597 4961//2135
f 5044//2659 4961//2135 5045//2660
f 5045//2660 4961//2135 4962//2598
f 5045//2660 4962//2598 5046//2217
f 5046//2217 4962//2598 4963//2599
f 5046//2217 4963//2599 5047//2661
f 5047//2661 4963//2599 4964//2152
f 5047//2661 4964//2152 5048//2662
f 5048//2662 4964//2152 4965//2600
f 5048//2662 4965//2600 5049//2663
f 5049//2663 4965//2600 4966//2601
f 5049//2663 4966//2601 5050//2664
f 5050//2664 4966//2601 4967//2149
f 5050//2664 4967//2149 5051//2665
f 5051//2665 4967//2149 4968//2148
f 5051//2665 4968//2148 5052//2666
f 5052//2666 4968//2148 4969//2602
f 5052//2666 4969//2602 5053//2667
f 5053//2667 4969//2602 4970//2603
f 5053//2667 4970//2603 5054//2668
f 5054//2668 4970//2603 4971//2604
f 5054//2668 4971//2604 5055//2669
f 5055//2669 4971//2604 4972//2144
f 5055//2669 4972//2144 5056//2670
f 5056//2670 4972//2144 4973//2143
f 5056//2670 4973//2143 5057//2671
f 5057//2671 4973//2143 4974//2605
f 5057//2671 4974//2605 5058//2225
f 5058//2225 4974//2605 4975//2141
f 5058//2225 4975//2141 5059//2654
f 4934//2576 5058//2225 5059//2654
f 4934//2576 5059//2654 4935//2577
f 4936//2578 5057//2671 5058//2225
f 4936//2578 5058//2225 4934//2576
f 4937//2579 5056//2670 5057//2671
f 4937//2579 5057//2671 4936//2578
f 4938//2580 5055//2669 5056//2670
f 4938//2580 5056//2670 4937//2579
f 4939//2581 5054//2668 5055//2669
f 4939//2581 5055//2669 4938//2580
f 4940//2582 5053//2667 5054//2668
f 4940//2582 5054//2668 4939//2581
f 4941//2583 5052//2666 5053//2667
f 4941//2583 5053//2667 4940//2582
f 4942//2584 5051//2665 5052//2666
f 4942//2584 5052//2666 4941//2583
f 4943//2585 5050//2664 5051//2665
f 4943//2585 5051//2665 4942//2584
f 4944//2586 5049//2663 5050//2664
f 4944//2586 5050//2664 4943//2585
f 4945//2587 5048//2662 5049//2663
f 4945//2587 5049//2663 4944//2586
f 4946//2112 5047//2661 5048//2662
f 4946//2112 5048//2662 4945//2587
f 4947//2131 5046//2217 5047//2661
f 4947//2131 5047//2661 4946//2112
f 4948//2588 5045//2660 5046//2217
f 4948//2588 5046//2217 4947//2131
f 4949//2589 5044//2659 5045//2660
f 4949//2589 5045//2660 4948//2588
f 4950//2128 5043//2658 5044//2659
f 4950//2128 5044//2659 4949//2589
f 4951//2590 5042//2657 5043//2658
f 4951//2590 5043//2658 4950//2128
f 4952//2126 5041//2656 5042//2657
f 4952//2126 5042//2657 4951//2590
f 4953//2125 5040//2655 5041//2656
f 4953//2125 5041//2656 4952//2126
f 4954//2591 5039//2654 5040//2655
f 4954//2591 5040//2655 4953//2125
f 5060//2672 4808//2480 4811//2481
f 5060//2672 4811//2481 5061//2673
f 5061//2673 4811//2481 4813//2483
f 5061//2673 4813//2483 5062//2674
f 5062//2674 4813//2483 4815//2485
f 5062//2674 4815//2485 5063//2675
f 5063//2675 4815//2485 4817//2487
f 5063//2675 4817//2487 5064//2676
f 5064//2676 4817//2487 4819//2489
f 5064//2676 4819//2489 5065//2677
f 5065//2677 4819//2489 4821//2491
f 5065//2677 4821//2491 5066//2239
f 5066//2239 4821//2491 4823//2493
f 5066//2239 4823//2493 5067//2678
f 5067//2678 4823//2493 4825//1988
f 5067//2678 4825//1988 5068//2237
f 5068//2237 4825//1988 4827//2494
f 5068//2237 4827//2494 5069//2256
f 5069//2256 4827//2494 4829//2496
f 5069//2256 4829//2496 5070//2679
f 5070//2679 4829//2496 4831//2497
f 5070//2679 4831//2497 5071//2254
f 5071//2254 4831//2497 4833//2498
f 5071//2254 4833//2498 5072//2680
f 5072//2680 4833//2498 4835//2500
f 5072//2680 4835//2500 5073//2681
f 5073//2681 4835//2500 4837//2502
f 5073//2681 4837//2502 5074//2682
f 5074//2682 4837//2502 4839//2504
f 5074//2682 4839//2504 5075//2683
f 5075//2683 4839//2504 4841//2505
f 5075//2683 4841//2505 5076//2684
f 5076//2684 4841//2505 4843//2506
f 5076//2684 4843//2506 5077//2685
f 5077//2685 4843//2506 4845//2508
f 5077//2685 4845//2508 5078//2686
f 5078//2686 4845//2508 4847//2509
f 5078//2686 4847//2509 5079//2246
f 5079//2246 4847//2509 4849//2510
f 5079//2246 4849//2510 5080//2672
f 4930//2574 5079//2246 5080//2672
f 4930//2574 5080//2672 4932//2544
f 4928//2572 5078//2686 5079//2246
f 4928//2572 5079//2246 4930//2574
f 4926//2570 5077//2685 5078//2686
f 4926//2570 5078//2686 4928//2572
f 4924//2096 5076//2684 5077//2685
f 4924//2096 5077//2685 4926//2570
f 4922//2567 5075//2683 5076//2684
f 4922//2567 5076//2684 4924//2096
f 4920//2565 5074//2682 5075//2683
f 4920//2565 5075//2683 4922//2567
f 4918//2563 5073//2681 5074//2682
f 4918//2563 5074//2682 4920//2565
f 4916//2561 5072//2680 5073//2681
f 4916//2561 5073//2681 4918//2563
f 4914//2106 5071//2254 5072//2680
f 4914//2106 5072//2680 4916//2561
f 4912//2559 5070//2679 5071//2254
f 4912//2559 5071//2254 4914//2106
f 4910//2557 5069//2256 5070//2679
f 4910//2557 5070//2679 4912//2559
f 4908//2074 5068//2237 5069//2256
f 4908//2074 5069//2256 4910//2557
f 4906//2554 5067//2678 5068//2237
f 4906//2554 5068//2237 4908//2074
f 4904//2076 5066//2239 5067//2678
f 4904//2076 5067//2678 4906//2554
f 4902//2551 5065//2677 5066//2239
f 4902//2551 5066//2239 4904//2076
f 4900//2549 5064//2676 5065//2677
f 4900//2549 5065//2677 4902//2551
f 4898//2082 5063//2675 5064//2676
f 4898//2082 5064//2676 4900//2549
f 4896//2084 5062//2674 5063//2675
f 4896//2084 5063//2675 4898//2082
f 4894//2545 5061//2673 5062//2674
f 4894//2545 5062//2674 4896//2084
f 4893//2544 5060//2672 5061//2673
f 4893//2544 5061//2673 4894//2545
f 5081//2687 4976//2606 4977//2607
f 5081//2687 4977//2607 5082//2688
f 5082//2688 4977//2607 4978//2608
f 5082//2688 4978//2608 5083//2689
f 5083//2689 4978//2608 4979//2609
f 5083//2689 4979//2609 5084//2690
f 5084//2690 4979//2609 4980//2610
f 5084//2690 4980//2610 5085//2691
f 5085//2691 4980//2610 4981//2611
f 5085//2691 4981//2611 5086//2260
f 5086//2260 4981//2611 4982//2612
f 5086//2260 4982//2612 5087//2692
f 5087//2692 4982//2612 4983//2155
f 5087//2692 4983//2155 5088//2693
f 5088//2693 4983//2155 4984//2613
f 5088//2693 4984//2613 5089//2694
f 5089//2694 4984//2613 4985//2173
f 5089//2694 4985//2173 5090//2276
f 5090//2276 4985//2173 4986//2172
f 5090//2276 4986//2172 5091//2695
f 5091//2695 4986//2172 4987//2614
f 5091//2695 4987//2614 5092//2696
f 5092//2696 4987//2614 4988//2615
f 5092//2696 4988//2615 5093//2273
f 5093//2273 4988//2615 4989//2169
f 5093//2273 4989//2169 5094//2697
f 5094//2697 4989//2169 4990//2616
f 5094//2697 4990//2616 5095//2698
f 5095//2698 4990//2616 4991//2617
f 5095//2698 4991//2617 5096//2270
f 5096//2270 4991//2617 4992//2618
f 5096//2270 4992//2618 5097//2699
f 5097//2699 4992//2618 4993//2619
f 5097//2699 4993//2619 5098//2700
f 5098//2700 4993//2619 4994//2620
f 5098//2700 4994//2620 5099//2701
f 5099//2701 4994//2620 4995//2163
f 5099//2701 4995//2163 5100//2266
f 5100//2266 4995//2163 4996//2621
f 5100//2266 4996//2621 5101//2702
f 5038//2653 4890//2541 4888//2539
f 5038//2653 4888//2539 5037//2652
f 5037//2652 4888//2539 4886//2057
f 5037//2652 4886//2057 5036//2651
f 5036//2651 4886//2057 4884//2059
f 5036//2651 4884//2059 5035//2650
f 5035//2650 4884//2059 4882//2535
f 5035//2650 4882//2535 5034//2649
f 5034//2649 4882//2535 4880//2534
f 5034//2649 4880//2534 5033//2648
f 5033//2648 4880//2534 4878//2532
f 5033//2648 4878//2532 5032//2647
f 5032//2647 4878//2532 4876//2067
f 5032//2647 4876//2067 5031//2646
f 5031//2646 4876//2067 4874//2069
f 5031//2646 4874//2069 5030//2645
f 5030//2645 4874//2069 4872//2529
f 5030//2645 4872//2529 5029//2197
f 5029//2197 4872//2529 4870//2527
f 5029//2197 4870//2527 5028//2644
f 5028//2644 4870//2527 4868//2525
f 5028//2644 4868//2525 5027//2643
f 5027//2643 4868//2525 4866//2037
f 5027//2643 4866//2037 5026//2642
f 5026//2642 4866//2037 4864//2039
f 5026//2642 4864//2039 5025//2641
f 5025//2641 4864//2039 4862//2521
f 5025//2641 4862//2521 5024//2640
f 5024//2640 4862//2521 4860//2519
f 5024//2640 4860//2519 5023//2639
f 5023//2639 4860//2519 4858//2517
f 5023//2639 4858//2517 5022//2638
f 5022//2638 4858//2517 4856//2515
f 5022//2638 4856//2515 5021//2637
f 5021//2637 4856//2515 4854//2049
f 5021//2637 4854//2049 5020//2636
f 5020//2636 4854//2049 4850//2051
f 5020//2636 4850//2051 5018//2635
f 5018//2635 4850//2051 4853//2513
f 5018//2635 4853//2513 5019//2208
f 5102//2703 5103//2704 5104//2705
f 5102//2703 5104//2705 5105//2706
f 5103//2704 668//152 5106//2309
f 5103//2704 5106//2309 5104//2705
f 5107//2707 665//154 5108//2708
f 5107//2707 5108//2708 5109//2709
f 5108//2708 5110//2305 5111//1
f 5108//2708 5111//1 5109//2709
f 5110//2305 5112//2304 5113//2303
f 5110//2305 5113//2303 5111//1
f 5112//2304 678//185 5114//2302
f 5112//2304 5114//2302 5113//2303
f 5115//2710 675//148 5116//2300
f 5115//2710 5116//2300 5117//2711
f 5116//2300 5118//2298 5119//2712
f 5116//2300 5119//2712 5117//2711
f 5118//2298 5120//2296 5121//2295
f 5118//2298 5121//2295 5119//2712
f 5120//2296 5122//2294 5123//2293
f 5120//2296 5123//2293 5121//2295
f 5122//2294 5124//2292 5125//2291
f 5122//2294 5125//2291 5123//2293
f 5124//2292 688//141 5126//2713
f 5124//2292 5126//2713 5125//2291
f 5127//2714 685//187 5128//2288
f 5127//2714 5128//2288 5129//2715
f 5128//2288 5130//2286 5131//860
f 5128//2288 5131//860 5129//2715
f 5130//2286 5132//2285 5133//2284
f 5130//2286 5133//2284 5131//860
f 5132//2285 698//135 5134//2283
f 5132//2285 5134//2283 5133//2284
f 5135//2716 695//137 5136//2717
f 5135//2716 5136//2717 5137//2718
f 5136//2717 5138//2719 5139//2720
f 5136//2717 5139//2720 5137//2718
f 5138//2719 5140//2315 5141//2314
f 5138//2719 5141//2314 5139//2720
f 5140//2315 5142//2721 5143//2722
f 5140//2315 5143//2722 5141//2314
f 643//128 660//128 659//128
f 643//128 659//128 644//128
f 647//128 670//138 669//128
f 647//128 669//128 644//128
f 652//128 680//186 679//128
f 652//128 679//128 644//128
f 655//128 690//149 689//128
f 655//128 689//128 644//128
f 5144//2723 5145//2331 5103//2704
f 5144//2723 5103//2704 5102//2703
f 5146//2330 5147//2724 5110//2305
f 5146//2330 5110//2305 5108//2708
f 5147//2724 5148//2725 5112//2304
f 5147//2724 5112//2304 5110//2305
f 5149//2726 5150//2727 5118//2298
f 5149//2726 5118//2298 5116//2300
f 5150//2727 5151//2728 5120//2296
f 5150//2727 5120//2296 5118//2298
f 5151//2728 5152//2729 5122//2294
f 5151//2728 5122//2294 5120//2296
f 5152//2729 5153//2730 5124//2292
f 5152//2729 5124//2292 5122//2294
f 5154//2731 5155//2321 5130//2286
f 5154//2731 5130//2286 5128//2288
f 5155//2321 5156//2320 5132//2285
f 5155//2321 5132//2285 5130//2286
f 5157//2319 5158//2732 5138//2719
f 5157//2319 5138//2719 5136//2717
f 5158//2732 5159//2333 5140//2315
f 5158//2732 5140//2315 5138//2719
f 5159//2333 5160//2733 5142//2721
f 5159//2333 5142//2721 5140//2315
f 659//128 663//132 645//131
f 659//128 645//131 644//128
f 669//128 673//128 648//128
f 669//128 648//128 644//128
f 679//128 683//138 653//128
f 679//128 653//128 644//128
f 689//128 693//128 656//128
f 689//128 656//128 644//128
f 5107//2707 5161//2342 666//153
f 5107//2707 666//153 665//154
f 5161//2342 5162//2734 667//182
f 5161//2342 667//182 666//153
f 5162//2734 5106//2309 668//152
f 5162//2734 668//152 667//182
f 5115//2710 5163//2340 676//183
f 5115//2710 676//183 675//148
f 5163//2340 5164//2339 677//184
f 5163//2340 677//184 676//183
f 5164//2339 5114//2302 678//185
f 5164//2339 678//185 677//184
f 5127//2714 5165//2735 686//188
f 5127//2714 686//188 685//187
f 5165//2735 5166//2337 687//189
f 5165//2735 687//189 686//188
f 5166//2337 5126//2713 688//141
f 5166//2337 688//141 687//189
f 5135//2716 5167//2736 696//136
f 5135//2716 696//136 695//137
f 5167//2736 5168//2737 697//134
f 5167//2736 697//134 696//136
f 5168//2737 5134//2283 698//135
f 5168//2737 698//135 697//134
f 5169//2738 5170//2739 5171//2740
f 5169//2738 5171//2740 5172//2741
f 5170//2739 5173//2742 5174//2743
f 5170//2739 5174//2743 5171//2740
f 5173//2742 5175//2744 5176//2745
f 5173//2742 5176//2745 5174//2743
f 5175//2744 5177//1 5178//2746
f 5175//2744 5178//2746 5176//2745
f 5177//1 5179//2747 5180//2748
f 5177//1 5180//2748 5178//2746
f 5179//2747 5181//2749 5182//2750
f 5179//2747 5182//2750 5180//2748
f 5181//2749 5183//2751 5184//2752
f 5181//2749 5184//2752 5182//2750
f 5183//2751 5185//2753 5186//2754
f 5183//2751 5186//2754 5184//2752
f 5185//2753 5187//2755 5188//2756
f 5185//2753 5188//2756 5186//2754
f 5187//2755 5189//2757 5190//2758
f 5187//2755 5190//2758 5188//2756
f 5189//2757 5191//2759 5192//2760
f 5189//2757 5192//2760 5190//2758
f 5191//2759 5193//2761 5194//2762
f 5191//2759 5194//2762 5192//2760
f 5193//2761 5195//2763 5196//2764
f 5193//2761 5196//2764 5194//2762
f 5195//2763 5197//860 5198//2765
f 5195//2763 5198//2765 5196//2764
f 5197//860 5199//2766 5200//2767
f 5197//860 5200//2767 5198//2765
f 5199//2766 5201//2768 5202//2769
f 5199//2766 5202//2769 5200//2767
f 5201//2768 5203//2770 5204//2771
f 5201//2768 5204//2771 5202//2769
f 5203//2770 5205//2772 5206//2773
f 5203//2770 5206//2773 5204//2771
f 5205//2772 5207//2314 5208//2774
f 5205//2772 5208//2774 5206//2773
f 5207//2314 5209//2775 5210//2776
f 5207//2314 5210//2776 5208//2774
f 5210//2776 5211//2777 5212//2778
f 5210//2776 5212//2778 5208//2774
f 5213//2779 720//193 740//212
f 5213//2779 740//212 5214//2780
f 720//193 5213//2779 5215//2781
f 720//193 5215//2781 721//194
f 5216//2782 5172//2741 5171//2740
f 5216//2782 5171//2740 5217//2783
f 721//194 5215//2781 5218//2784
f 721//194 5218//2784 723//195
f 5217//2783 5171//2740 5174//2743
f 5217//2783 5174//2743 5219//2785
f 723//195 5218//2784 5220//2786
f 723//195 5220//2786 724//196
f 5219//2785 5174//2743 5176//2745
f 5219//2785 5176//2745 5221//2787
f 724//196 5220//2786 5222//2788
f 724//196 5222//2788 725//197
f 5221//2787 5176//2745 5178//2746
f 5221//2787 5178//2746 5223//2789
f 725//197 5222//2788 5224//2790
f 725//197 5224//2790 726//198
f 5223//2789 5178//2746 5180//2748
f 5223//2789 5180//2748 5225//2791
f 726//198 5224//2790 5226//2792
f 726//198 5226//2792 727//199
f 5225//2791 5180//2748 5182//2750
f 5225//2791 5182//2750 5227//2793
f 727//199 5226//2792 5228//2794
f 727//199 5228//2794 728//200
f 5227//2793 5182//2750 5184//2752
f 5227//2793 5184//2752 5229//2795
f 728//200 5228//2794 5230//2796
f 728//200 5230//2796 729//201
f 5229//2795 5184//2752 5186//2754
f 5229//2795 5186//2754 5231//2797
f 729//201 5230//2796 5232//2798
f 729//201 5232//2798 730//202
f 5231//2797 5186//2754 5188//2756
f 5231//2797 5188//2756 5233//2799
f 730//202 5232//2798 5234//2800
f 730//202 5234//2800 731//203
f 5233//2799 5188//2756 5190//2758
f 5233//2799 5190//2758 5235//2801
f 731//203 5234//2800 5236//2802
f 731//203 5236//2802 732//204
f 5235//2801 5190//2758 5192//2760
f 5235//2801 5192//2760 5237//2803
f 732//204 5236//2802 5238//2804
f 732//204 5238//2804 733//205
f 5237//2803 5192//2760 5194//2762
f 5237//2803 5194//2762 5239//2805
f 733//205 5238//2804 5240//2806
f 733//205 5240//2806 734//206
f 5239//2805 5194//2762 5196//2764
f 5239//2805 5196//2764 5241//2807
f 734//206 5240//2806 5242//2808
f 734//206 5242//2808 735//207
f 5241//2807 5196//2764 5198//2765
f 5241//2807 5198//2765 5243//2809
f 735//207 5242//2808 5244//2810
f 735//207 5244//2810 736//208
f 5243//2809 5198//2765 5200//2767
f 5243//2809 5200//2767 5245//2811
f 736//208 5244//2810 5246//2812
f 736//208 5246//2812 737//209
f 5245//2811 5200//2767 5202//2769
f 5245//2811 5202//2769 5247//2813
f 737//209 5246//2812 5248//2814
f 737//209 5248//2814 738//210
f 5247//2813 5202//2769 5204//2771
f 5247//2813 5204//2771 5249//2815
f 738//210 5248//2814 5250//2816
f 738//210 5250//2816 739//211
f 5249//2815 5204//2771 5206//2773
f 5249//2815 5206//2773 5251//2817
f 739//211 5250//2816 5214//2780
f 739//211 5214//2780 740//212
f 5251//2817 5206//2773 5208//2774
f 5251//2817 5208//2774 5212//2778
f 5252//2818 5253//2819 5254//2820
f 5252//2818 5254//2820 5255//2821
f 5255//2821 5254//2820 5256//2822
f 5255//2821 5256//2822 5257//2768
f 5257//2768 5256//2822 5258//2767
f 5257//2768 5258//2767 5259//2823
f 5259//2823 5258//2767 5260//2765
f 5259//2823 5260//2765 5261//860
f 5261//860 5260//2765 5262//2824
f 5261//860 5262//2824 5263//2825
f 5263//2825 5262//2824 5264//2826
f 5263//2825 5264//2826 5265//2827
f 5265//2827 5264//2826 5266//2828
f 5265//2827 5266//2828 5267//2829
f 5267//2829 5266//2828 5268//2758
f 5267//2829 5268//2758 5269//2830
f 5269//2830 5268//2758 5270//2831
f 5269//2830 5270//2831 5271//2832
f 5271//2832 5270//2831 5272//2754
f 5271//2832 5272//2754 5273//2833
f 5273//2833 5272//2754 5274//2752
f 5273//2833 5274//2752 5275//2751
f 5275//2751 5274//2752 5276//2834
f 5275//2751 5276//2834 5277//2835
f 5277//2835 5276//2834 5278//2836
f 5277//2835 5278//2836 5279//2747
f 5279//2747 5278//2836 5280//2746
f 5279//2747 5280//2746 5281//1
f 5281//1 5280//2746 5282//2837
f 5281//1 5282//2837 5283//2838
f 5283//2838 5282//2837 5284//2839
f 5283//2838 5284//2839 5285//2742
f 5285//2742 5284//2839 5286//2840
f 5285//2742 5286//2840 5287//2739
f 5287//2739 5286//2840 5288//2841
f 5287//2739 5288//2841 5289//2775
f 5289//2775 5288//2841 5290//2774
f 5289//2775 5290//2774 5291//2314
f 5291//2314 5290//2774 5292//2773
f 5291//2314 5292//2773 5293//2772
f 5292//2773 5290//2774 5294//2778
f 5292//2773 5294//2778 5295//2842
f 5296//2843 5297//2780 782//212
f 5296//2843 782//212 762//213
f 762//213 764//214 5298//2844
f 762//213 5298//2844 5296//2843
f 5299//2845 5300//2846 5254//2820
f 5299//2845 5254//2820 5253//2819
f 764//214 765//215 5301//2847
f 764//214 5301//2847 5298//2844
f 5300//2846 5302//2848 5256//2822
f 5300//2846 5256//2822 5254//2820
f 765//215 766//216 5303//2849
f 765//215 5303//2849 5301//2847
f 5302//2848 5304//2850 5258//2767
f 5302//2848 5258//2767 5256//2822
f 766//216 767//217 5305//2851
f 766//216 5305//2851 5303//2849
f 5304//2850 5306//2809 5260//2765
f 5304//2850 5260//2765 5258//2767
f 767//217 768//218 5307//2852
f 767//217 5307//2852 5305//2851
f 5306//2809 5308//2853 5262//2824
f 5306//2809 5262//2824 5260//2765
f 768//218 769//205 5309//2854
f 768//218 5309//2854 5307//2852
f 5308//2853 5310//2855 5264//2826
f 5308//2853 5264//2826 5262//2824
f 769//205 770//204 5311//2856
f 769//205 5311//2856 5309//2854
f 5310//2855 5312//2857 5266//2828
f 5310//2855 5266//2828 5264//2826
f 770//204 771//203 5313//2858
f 770//204 5313//2858 5311//2856
f 5312//2857 5314//2859 5268//2758
f 5312//2857 5268//2758 5266//2828
f 771//203 772//202 5315//2798
f 771//203 5315//2798 5313//2858
f 5314//2859 5316//2799 5270//2831
f 5314//2859 5270//2831 5268//2758
f 772//202 773//201 5317//2860
f 772//202 5317//2860 5315//2798
f 5316//2799 5318//2861 5272//2754
f 5316//2799 5272//2754 5270//2831
f 773//201 774//219 5319//2862
f 773//201 5319//2862 5317//2860
f 5318//2861 5320//2863 5274//2752
f 5318//2861 5274//2752 5272//2754
f 774//219 775//220 5321//2864
f 774//219 5321//2864 5319//2862
f 5320//2863 5322//2865 5276//2834
f 5320//2863 5276//2834 5274//2752
f 775//220 776//198 5323//2866
f 775//220 5323//2866 5321//2864
f 5322//2865 5324//2867 5278//2836
f 5322//2865 5278//2836 5276//2834
f 776//198 777//221 5325//2868
f 776//198 5325//2868 5323//2866
f 5324//2867 5326//2869 5280//2746
f 5324//2867 5280//2746 5278//2836
f 777//221 778//222 5327//2870
f 777//221 5327//2870 5325//2868
f 5326//2869 5328//2871 5282//2837
f 5326//2869 5282//2837 5280//2746
f 778//222 779//223 5329//2872
f 778//222 5329//2872 5327//2870
f 5328//2871 5330//2873 5284//2839
f 5328//2871 5284//2839 5282//2837
f 779//223 780//224 5331//2781
f 779//223 5331//2781 5329//2872
f 5330//2873 5332//2874 5286//2840
f 5330//2873 5286//2840 5284//2839
f 780//224 781//225 5333//2875
f 780//224 5333//2875 5331//2781
f 5332//2874 5334//2876 5288//2841
f 5332//2874 5288//2841 5286//2840
f 781//225 782//212 5297//2780
f 781//225 5297//2780 5333//2875
f 5334//2876 5294//2778 5290//2774
f 5334//2876 5290//2774 5288//2841
f 5335//2877 5336//849 5337//2344
f 5335//2877 5337//2344 5338//2878
f 5336//849 5339//1794 5340//850
f 5336//849 5340//850 5337//2344
f 5339//1794 5341//851 5342//1793
f 5339//1794 5342//1793 5340//850
f 5341//851 5343//254 5344//254
f 5341//851 5344//254 5342//1793
f 5343//254 5345//1811 5346//853
f 5343//254 5346//853 5344//254
f 5345//1811 5347//856 5348//1822
f 5345//1811 5348//1822 5346//853
f 5347//856 5349//1792 5350//857
f 5347//856 5350//857 5348//1822
f 5349//1792 5351//1820 5352//1820
f 5349//1792 5352//1820 5350//857
f 5351//1820 5353//860 5354//860
f 5351//1820 5354//860 5352//1820
f 5353//860 5355//861 5356//861
f 5353//860 5356//861 5354//860
f 5355//861 5357//862 5358//862
f 5355//861 5358//862 5356//861
f 5357//862 5359//863 5360//863
f 5357//862 5360//863 5358//862
f 5359//863 5361//865 5362//865
f 5359//863 5362//865 5360//863
f 5361//865 5363//273 5364//273
f 5361//865 5364//273 5362//865
f 5363//273 5365//867 5366//867
f 5363//273 5366//867 5364//273
f 5365//867 5367//868 5368//868
f 5365//867 5368//868 5366//867
f 5367//868 5369//869 5370//869
f 5367//868 5370//869 5368//868
f 5369//869 5371//870 5372//870
f 5369//869 5372//870 5370//869
f 5371//870 5373//1 5374//1
f 5371//870 5374//1 5372//870
f 5373//1 5375//871 5376//875
f 5373//1 5376//875 5374//1
f 5377//1825 5378//2879 5379//1827
f 5377//1825 5379//1827 5380//1828
f 5378//2879 5381//1829 5382//1830
f 5378//2879 5382//1830 5379//1827
f 5381//1829 5383//1831 5384//1832
f 5381//1829 5384//1832 5382//1830
f 5383//1831 5385//2350 5386//2880
f 5383//1831 5386//2880 5384//1832
f 5385//2350 5387//1835 5388//1836
f 5385//2350 5388//1836 5386//2880
f 5387//1835 5389//2349 5390//1838
f 5387//1835 5390//1838 5388//1836
f 5389//2349 5391//2348 5392//1840
f 5389//2349 5392//1840 5390//1838
f 5391//2348 5393//2345 5394//1842
f 5391//2348 5394//1842 5392//1840
f 5393//2345 5395//2881 5396//1844
f 5393//2345 5396//1844 5394//1842
f 5395//2881 5397//2882 5398//1846
f 5395//2881 5398//1846 5396//1844
f 5397//2882 5399//2883 5400//2884
f 5397//2882 5400//2884 5398//1846
f 5399//2883 5401//2364 5402//2885
f 5399//2883 5402//2885 5400//2884
f 5401//2364 5403//2363 5404//1852
f 5401//2364 5404//1852 5402//2885
f 5403//2363 5405//2886 5406//1854
f 5403//2363 5406//1854 5404//1852
f 5405//2886 5407//2887 5408//2359
f 5405//2886 5408//2359 5406//1854
f 5407//2887 5409//2358 5410//1858
f 5407//2887 5410//1858 5408//2359
f 5409//2358 5411//1859 5412//1860
f 5409//2358 5412//1860 5410//1858
f 5411//1859 5413//1861 5414//1862
f 5411//1859 5414//1862 5412//1860
f 5413//1861 5415//1863 5416//2355
f 5413//1861 5416//2355 5414//1862
f 5415//1863 5417//2888 5418//1866
f 5415//1863 5418//1866 5416//2355
f 5377//1825 5419//1867 5420//2889
f 5377//1825 5420//2889 5378//2879
f 5421//2890 825//226 826//227
f 5421//2890 5422//2384 825//226
f 5378//2879 5420//2889 5423//2891
f 5378//2879 5423//2891 5381//1829
f 5422//2384 828//228 825//226
f 5422//2384 5424//2892 828//228
f 5381//1829 5423//2891 5425//2893
f 5381//1829 5425//2893 5383//1831
f 5424//2892 829//91 828//228
f 5424//2892 5426//2894 829//91
f 5383//1831 5425//2893 5427//2377
f 5383//1831 5427//2377 5385//2350
f 5426//2894 831//158 829//91
f 5426//2894 5428//2378 831//158
f 5385//2350 5427//2377 5429//2895
f 5385//2350 5429//2895 5387//1835
f 5428//2378 833//229 831//158
f 5428//2378 5430//2896 833//229
f 5387//1835 5429//2895 5431//2897
f 5387//1835 5431//2897 5389//2349
f 5430//2896 835//230 833//229
f 5430//2896 5432//2898 835//230
f 5389//2349 5431//2897 5433//1386
f 5389//2349 5433//1386 5391//2348
f 5432//2898 837//231 835//230
f 5432//2898 5434//2372 837//231
f 5391//2348 5433//1386 5435//2899
f 5391//2348 5435//2899 5393//2345
f 5434//2372 839//232 837//231
f 5434//2372 5436//2900 839//232
f 5393//2345 5435//2899 5437//2901
f 5393//2345 5437//2901 5395//2881
f 5436//2900 840//97 839//232
f 5436//2900 5438//2902 840//97
f 5395//2881 5437//2901 5439//2903
f 5395//2881 5439//2903 5397//2882
f 5438//2902 841//98 840//97
f 5438//2902 5440//2904 841//98
f 5397//2882 5439//2903 5441//2905
f 5397//2882 5441//2905 5399//2883
f 5440//2904 842//233 841//98
f 5440//2904 5442//2906 842//233
f 5399//2883 5441//2905 5443//1890
f 5399//2883 5443//1890 5401//2364
f 5442//2906 843//100 842//233
f 5442//2906 5444//2907 843//100
f 5401//2364 5443//1890 5445//1892
f 5401//2364 5445//1892 5403//2363
f 5444//2907 845//234 843//100
f 5444//2907 5446//2908 845//234
f 5403//2363 5445//1892 5447//2909
f 5403//2363 5447//2909 5405//2886
f 5446//2908 847//168 845//234
f 5446//2908 5448//2397 847//168
f 5405//2886 5447//2909 5449//2910
f 5405//2886 5449//2910 5407//2887
f 5448//2397 849//235 847//168
f 5448//2397 5450//1897 849//235
f 5407//2887 5449//2910 5451//2911
f 5407//2887 5451//2911 5409//2358
f 5450//1897 851//236 849//235
f 5450//1897 5452//2912 851//236
f 5409//2358 5451//2911 5453//2913
f 5409//2358 5453//2913 5411//1859
f 5452//2912 853//237 851//236
f 5452//2912 5454//2914 853//237
f 5411//1859 5453//2913 5455//2915
f 5411//1859 5455//2915 5413//1861
f 5454//2914 854//106 853//237
f 5454//2914 5456//2916 854//106
f 5413//1861 5455//2915 5457//2917
f 5413//1861 5457//2917 5415//1863
f 5456//2916 855//238 854//106
f 5456//2916 5458//2918 855//238
f 826//227 5458//2918 5421//2890
f 826//227 855//238 5458//2918
f 5459//1906 5417//2888 5415//1863
f 5459//1906 5415//1863 5457//2917
f 5418//1866 5460//1907 5461//2919
f 5418//1866 5461//2919 5416//2355
f 5462//2920 856//108 886//127
f 5462//2920 886//127 5463//1910
f 856//108 5462//2920 5464//2921
f 856//108 5464//2921 857//239
f 5465//1912 5380//1828 5379//1827
f 5465//1912 5379//1827 5466//2922
f 857//239 5464//2921 5467//2923
f 857//239 5467//2923 859//240
f 5466//2922 5379//1827 5382//1830
f 5466//2922 5382//1830 5468//2924
f 859//240 5467//2923 5469//2421
f 859//240 5469//2421 860//177
f 5468//2924 5382//1830 5384//1832
f 5468//2924 5384//1832 5470//2925
f 860//177 5469//2421 5471//2419
f 860//177 5471//2419 862//112
f 5470//2925 5384//1832 5386//2880
f 5470//2925 5386//2880 5472//2420
f 862//112 5471//2419 5473//2417
f 862//112 5473//2417 864//113
f 5472//2420 5386//2880 5388//1836
f 5472//2420 5388//1836 5474//2926
f 864//113 5473//2417 5475//2927
f 864//113 5475//2927 866//241
f 5474//2926 5388//1836 5390//1838
f 5474//2926 5390//1838 5476//2928
f 866//241 5475//2927 5477//2929
f 866//241 5477//2929 868//242
f 5476//2928 5390//1838 5392//1840
f 5476//2928 5392//1840 5478//2930
f 868//242 5477//2929 5479//2931
f 868//242 5479//2931 870//174
f 5478//2930 5392//1840 5394//1842
f 5478//2930 5394//1842 5480//2932
f 870//174 5479//2931 5481//1411
f 870//174 5481//1411 871//117
f 5480//2932 5394//1842 5396//1844
f 5480//2932 5396//1844 5482//2933
f 871//117 5481//1411 5483//2934
f 871//117 5483//2934 872//118
f 5482//2933 5396//1844 5398//1846
f 5482//2933 5398//1846 5484//1930
f 872//118 5483//2934 5485//2444
f 872//118 5485//2444 873//119
f 5484//1930 5398//1846 5400//2884
f 5484//1930 5400//2884 5486//2935
f 873//119 5485//2444 5487//2936
f 873//119 5487//2936 874//243
f 5486//2935 5400//2884 5402//2885
f 5486//2935 5402//2885 5488//1934
f 874//243 5487//2936 5489//2440
f 874//243 5489//2440 876//121
f 5488//1934 5402//2885 5404//1852
f 5488//1934 5404//1852 5490//2937
f 876//121 5489//2440 5491//2438
f 876//121 5491//2438 878//122
f 5490//2937 5404//1852 5406//1854
f 5490//2937 5406//1854 5492//2938
f 878//122 5491//2438 5493//2436
f 878//122 5493//2436 880//123
f 5492//2938 5406//1854 5408//2359
f 5492//2938 5408//2359 5494//2939
f 880//123 5493//2436 5495//1941
f 880//123 5495//1941 882//124
f 5494//2939 5408//2359 5410//1858
f 5494//2939 5410//1858 5496//2940
f 882//124 5495//1941 5497//1943
f 882//124 5497//1943 884//244
f 5496//2940 5410//1858 5412//1860
f 5496//2940 5412//1860 5498//2941
f 884//244 5497//1943 5499//2942
f 884//244 5499//2942 885//179
f 5498//2941 5412//1860 5414//1862
f 5498//2941 5414//1862 5500//1946
f 885//179 5499//2942 5463//1910
f 885//179 5463//1910 886//127
f 5500//1946 5414//1862 5416//2355
f 5500//1946 5416//2355 5461//2919
f 5501//2943 5502//2462 5503//2461
f 5501//2943 5503//2461 5504//2944
f 5502//2462 5505//2945 5506//2459
f 5502//2462 5506//2459 5503//2461
f 5505//2945 5507//2458 5508//1954
f 5505//2945 5508//1954 5506//2459
f 5507//2458 5509//2946 5510//2947
f 5507//2458 5510//2947 5508//1954
f 5509//2946 5511//2948 5512//1958
f 5509//2946 5512//1958 5510//2947
f 5511//2948 5513//2949 5514//2950
f 5511//2948 5514//2950 5512//1958
f 5513//2949 5515//2951 5516//2450
f 5513//2949 5516//2450 5514//2950
f 5515//2951 5517//2479 5518//2449
f 5515//2951 5518//2449 5516//2450
f 5517//2479 5519//2952 5520//2478
f 5517//2479 5520//2478 5518//2449
f 5519//2952 5521//2953 5522//2954
f 5519//2952 5522//2954 5520//2478
f 5521//2953 5523//2955 5524//1970
f 5521//2953 5524//1970 5522//2954
f 5523//2955 5525//2956 5526//1972
f 5523//2955 5526//1972 5524//1970
f 5525//2956 5527//2957 5528//2958
f 5525//2956 5528//2958 5526//1972
f 5527//2957 5529//2959 5530//1976
f 5527//2957 5530//1976 5528//2958
f 5529//2959 5531//2470 5532//2469
f 5529//2959 5532//2469 5530//1976
f 5531//2470 5533//1979 5534//1980
f 5531//2470 5534//1980 5532//2469
f 5533//1979 5535//2960 5536//1982
f 5533//1979 5536//1982 5534//1980
f 5535//2960 5537//2961 5538//1984
f 5535//2960 5538//1984 5536//1982
f 5537//2961 5539//2465 5540//1986
f 5537//2961 5540//1986 5538//1984
f 5539//2465 5541//2943 5542//2944
f 5539//2465 5542//2944 5540//1986
f 5543//1988 5544//2962 5545//2963
f 5543//1988 5545//2963 5546//1991
f 5544//2962 5547//2964 5548//2490
f 5544//2962 5548//2490 5545//2963
f 5547//2964 5549//2489 5550//2965
f 5547//2964 5550//2965 5548//2490
f 5549//2489 5551//2966 5552//2967
f 5549//2489 5552//2967 5550//2965
f 5551//2966 5553//2485 5554//2968
f 5551//2966 5554//2968 5552//2967
f 5553//2485 5555//2483 5556//2482
f 5553//2485 5556//2482 5554//2968
f 5555//2483 5557//2969 5558//2970
f 5555//2483 5558//2970 5556//2482
f 5557//2969 5559//2971 5560//2005
f 5557//2969 5560//2005 5558//2970
f 5559//2971 5561//2972 5562//2007
f 5559//2971 5562//2007 5560//2005
f 5561//2972 5563//2973 5564//2009
f 5561//2972 5564//2009 5562//2007
f 5563//2973 5565//2974 5566//2011
f 5563//2973 5566//2011 5564//2009
f 5565//2974 5567//2975 5568//2013
f 5565//2974 5568//2013 5566//2011
f 5567//2975 5569//2504 5570//2976
f 5567//2975 5570//2976 5568//2013
f 5569//2504 5571//2502 5572//2501
f 5569//2504 5572//2501 5570//2976
f 5571//2502 5573//2977 5574//2499
f 5571//2502 5574//2499 5572//2501
f 5573//2977 5575//2020 5576//2021
f 5573//2977 5576//2021 5574//2499
f 5575//2020 5577//2978 5578//2023
f 5575//2020 5578//2023 5576//2021
f 5577//2978 5579//2496 5580//2979
f 5577//2978 5580//2979 5578//2023
f 5579//2496 5581//2980 5582//2027
f 5579//2496 5582//2027 5580//2979
f 5581//2980 5583//1988 5584//1991
f 5581//2980 5584//1991 5582//2027
f 5585//2981 5586//2069 5587//2530
f 5585//2981 5587//2530 5588//2982
f 5589//2033 5585//2981 5588//2982
f 5589//2033 5588//2982 5590//2983
f 5591//2984 5589//2033 5590//2983
f 5591//2984 5590//2983 5592//2985
f 5593//2037 5591//2984 5592//2985
f 5593//2037 5592//2985 5594//2986
f 5595//2039 5593//2037 5594//2986
f 5595//2039 5594//2986 5596//2987
f 5597//2988 5595//2039 5596//2987
f 5597//2988 5596//2987 5598//2522
f 5599//2519 5597//2988 5598//2522
f 5599//2519 5598//2522 5600//2989
f 5601//2990 5599//2519 5600//2989
f 5601//2990 5600//2989 5602//2991
f 5603//2992 5601//2990 5602//2991
f 5603//2992 5602//2991 5604//2993
f 5605//2994 5603//2992 5604//2993
f 5605//2994 5604//2993 5606//2514
f 5607//2995 5605//2994 5606//2514
f 5607//2995 5606//2514 5608//2511
f 5609//2053 5607//2995 5608//2511
f 5609//2053 5608//2511 5610//2512
f 5611//2996 5609//2053 5610//2512
f 5611//2996 5610//2512 5612//2997
f 5613//2998 5611//2996 5612//2997
f 5613//2998 5612//2997 5614//2538
f 5615//2999 5613//2998 5614//2538
f 5615//2999 5614//2538 5616//2537
f 5617//2535 5615//2999 5616//2537
f 5617//2535 5616//2537 5618//3000
f 5619//2534 5617//2535 5618//3000
f 5619//2534 5618//3000 5620//2064
f 5621//3001 5619//2534 5620//2064
f 5621//3001 5620//2064 5622//3002
f 5623//3003 5621//3001 5622//3002
f 5623//3003 5622//3002 5624//3004
f 5625//2069 5623//3003 5624//3004
f 5625//2069 5624//3004 5626//2070
f 5627//2556 5628//2555 5629//2554
f 5627//2556 5629//2554 5630//2074
f 5628//2555 5631//3005 5632//2076
f 5628//2555 5632//2076 5629//2554
f 5631//3005 5633//3006 5634//2551
f 5631//3005 5634//2551 5632//2076
f 5633//3006 5635//3007 5636//2549
f 5633//3006 5636//2549 5634//2551
f 5635//3007 5637//3008 5638//2082
f 5635//3007 5638//2082 5636//2549
f 5637//3008 5639//2547 5640//2084
f 5637//3008 5640//2084 5638//2082
f 5639//2547 5641//3009 5642//3010
f 5639//2547 5642//3010 5640//2084
f 5641//3009 5643//3011 5644//2544
f 5641//3009 5644//2544 5642//3010
f 5643//3011 5645//3012 5646//2574
f 5643//3011 5646//2574 5644//2544
f 5645//3012 5647//3013 5648//2572
f 5645//3012 5648//2572 5646//2574
f 5647//3013 5649//3014 5650//2094
f 5647//3013 5650//2094 5648//2572
f 5649//3014 5651//2095 5652//3015
f 5649//3014 5652//3015 5650//2094
f 5651//2095 5653//2568 5654//2567
f 5651//2095 5654//2567 5652//3015
f 5653//2568 5655//2566 5656//2565
f 5653//2568 5656//2565 5654//2567
f 5655//2566 5657//3016 5658//2563
f 5655//2566 5658//2563 5656//2565
f 5657//3016 5659//2103 5660//3017
f 5657//3016 5660//3017 5658//2563
f 5659//2103 5661//3018 5662//3019
f 5659//2103 5662//3019 5660//3017
f 5661//3018 5663//2560 5664//2108
f 5661//3018 5664//2108 5662//3019
f 5663//2560 5665//2558 5666//2557
f 5663//2560 5666//2557 5664//2108
f 5665//2558 5667//2556 5668//3020
f 5665//2558 5668//3020 5666//2557
f 5582//2027 5584//1991 5669//2132
f 5582//2027 5669//2132 5670//2587
f 5580//2979 5582//2027 5670//2587
f 5580//2979 5670//2587 5671//2114
f 5578//2023 5580//2979 5671//2114
f 5578//2023 5671//2114 5672//2585
f 5576//2021 5578//2023 5672//2585
f 5576//2021 5672//2585 5673//3021
f 5574//2499 5576//2021 5673//3021
f 5574//2499 5673//3021 5674//2583
f 5572//2501 5574//2499 5674//2583
f 5572//2501 5674//2583 5675//2582
f 5570//2976 5572//2501 5675//2582
f 5570//2976 5675//2582 5676//2581
f 5568//2013 5570//2976 5676//2581
f 5568//2013 5676//2581 5677//2580
f 5566//2011 5568//2013 5677//2580
f 5566//2011 5677//2580 5678//2579
f 5564//2009 5566//2011 5678//2579
f 5564//2009 5678//2579 5679//2578
f 5562//2007 5564//2009 5679//2578
f 5562//2007 5679//2578 5680//2576
f 5560//2005 5562//2007 5680//2576
f 5560//2005 5680//2576 5681//3022
f 5558//2970 5560//2005 5681//3022
f 5558//2970 5681//3022 5682//3023
f 5556//2482 5558//2970 5682//3023
f 5556//2482 5682//3023 5683//3024
f 5554//2968 5556//2482 5683//3024
f 5554//2968 5683//3024 5684//2590
f 5552//2967 5554//2968 5684//2590
f 5552//2967 5684//2590 5685//2128
f 5550//2965 5552//2967 5685//2128
f 5550//2965 5685//2128 5686//3025
f 5548//2490 5550//2965 5686//3025
f 5548//2490 5686//3025 5687//2588
f 5545//2963 5548//2490 5687//2588
f 5545//2963 5687//2588 5688//3026
f 5546//1991 5545//2963 5688//3026
f 5546//1991 5688//3026 5689//3027
f 5690//3028 5691//2598 5502//2462
f 5690//3028 5502//2462 5501//2943
f 5691//2598 5692//3029 5505//2945
f 5691//2598 5505//2945 5502//2462
f 5692//3029 5693//2597 5507//2458
f 5692//3029 5507//2458 5505//2945
f 5693//2597 5694//3030 5509//2946
f 5693//2597 5509//2946 5507//2458
f 5694//3030 5695//2595 5511//2948
f 5694//3030 5511//2948 5509//2946
f 5695//2595 5696//2139 5513//2949
f 5695//2595 5513//2949 5511//2948
f 5696//2139 5697//2593 5515//2951
f 5696//2139 5515//2951 5513//2949
f 5697//2593 5698//3031 5517//2479
f 5697//2593 5517//2479 5515//2951
f 5698//3031 5699//2142 5519//2952
f 5698//3031 5519//2952 5517//2479
f 5699//2142 5700//3032 5521//2953
f 5699//2142 5521//2953 5519//2952
f 5700//3032 5701//3033 5523//2955
f 5700//3032 5523//2955 5521//2953
f 5701//3033 5702//2604 5525//2956
f 5701//3033 5525//2956 5523//2955
f 5702//2604 5703//3034 5527//2957
f 5702//2604 5527//2957 5525//2956
f 5703//3034 5704//2602 5529//2959
f 5703//3034 5529//2959 5527//2957
f 5704//2602 5705//3035 5531//2470
f 5704//2602 5531//2470 5529//2959
f 5705//3035 5706//3036 5533//1979
f 5705//3035 5533//1979 5531//2470
f 5706//3036 5707//2601 5535//2960
f 5706//3036 5535//2960 5533//1979
f 5707//2601 5708//3037 5537//2961
f 5707//2601 5537//2961 5535//2960
f 5708//3037 5709//2152 5539//2465
f 5708//3037 5539//2465 5537//2961
f 5709//2152 5710//2153 5541//2943
f 5709//2152 5541//2943 5539//2465
f 5711//2154 5712//2155 5628//2555
f 5711//2154 5628//2555 5627//2556
f 5712//2155 5713//3038 5631//3005
f 5712//2155 5631//3005 5628//2555
f 5713//3038 5714//3039 5633//3006
f 5713//3038 5633//3006 5631//3005
f 5714//3039 5715//3040 5635//3007
f 5714//3039 5635//3007 5633//3006
f 5715//3040 5716//3041 5637//3008
f 5715//3040 5637//3008 5635//3007
f 5716//3041 5717//3042 5639//2547
f 5716//3041 5639//2547 5637//3008
f 5717//3042 5718//2161 5641//3009
f 5717//3042 5641//3009 5639//2547
f 5718//2161 5719//2162 5643//3011
f 5718//2161 5643//3011 5641//3009
f 5719//2162 5720//3043 5645//3012
f 5719//2162 5645//3012 5643//3011
f 5720//3043 5721//2164 5647//3013
f 5720//3043 5647//3013 5645//3012
f 5721//2164 5722//3044 5649//3014
f 5721//2164 5649//3014 5647//3013
f 5722//3044 5723//3045 5651//2095
f 5722//3044 5651//2095 5649//3014
f 5723//3045 5724//2167 5653//2568
f 5723//3045 5653//2568 5651//2095
f 5724//2167 5725//3046 5655//2566
f 5724//2167 5655//2566 5653//2568
f 5725//3046 5726//2169 5657//3016
f 5725//3046 5657//3016 5655//2566
f 5726//2169 5727//2170 5659//2103
f 5726//2169 5659//2103 5657//3016
f 5727//2170 5728//2171 5661//3018
f 5727//2170 5661//3018 5659//2103
f 5728//2171 5729//3047 5663//2560
f 5728//2171 5663//2560 5661//3018
f 5729//3047 5730//3048 5665//2558
f 5729//3047 5665//2558 5663//2560
f 5730//3048 5731//2154 5667//2556
f 5730//3048 5667//2556 5665//2558
f 5588//2982 5587//2530 5732//2175
f 5588//2982 5732//2175 5733//2176
f 5590//2983 5588//2982 5733//2176
f 5590//2983 5733//2176 5734//3049
f 5592//2985 5590//2983 5734//3049
f 5592//2985 5734//3049 5735//2628
f 5594//2986 5592//2985 5735//2628
f 5594//2986 5735//2628 5736//2627
f 5596//2987 5594//2986 5736//2627
f 5596//2987 5736//2627 5737//3050
f 5598//2522 5596//2987 5737//3050
f 5598//2522 5737//3050 5738//3051
f 5600//2989 5598//2522 5738//3051
f 5600//2989 5738//3051 5739//3052
f 5602//2991 5600//2989 5739//3052
f 5602//2991 5739//3052 5740//2623
f 5604//2993 5602//2991 5740//2623
f 5604//2993 5740//2623 5741//2184
f 5606//2514 5604//2993 5741//2184
f 5606//2514 5741//2184 5742//3053
f 5608//2511 5606//2514 5742//3053
f 5608//2511 5742//3053 5743//2186
f 5610//2512 5608//2511 5743//2186
f 5610//2512 5743//2186 5744//2622
f 5612//2997 5610//2512 5744//2622
f 5612//2997 5744//2622 5745//2633
f 5614//2538 5612//2997 5745//2633
f 5614//2538 5745//2633 5746//2189
f 5616//2537 5614//2538 5746//2189
f 5616//2537 5746//2189 5747//2632
f 5618//3000 5616//2537 5747//2632
f 5618//3000 5747//2632 5748//2191
f 5620//2064 5618//3000 5748//2191
f 5620//2064 5748//2191 5749//2631
f 5622//3002 5620//2064 5749//2631
f 5622//3002 5749//2631 5750//2193
f 5624//3004 5622//3002 5750//2193
f 5624//3004 5750//2193 5751//2630
f 5626//2070 5624//3004 5751//2630
f 5626//2070 5751//2630 5752//2195
f 5540//1986 5542//2944 5753//2645
f 5540//1986 5753//2645 5754//2197
f 5538//1984 5540//1986 5754//2197
f 5538//1984 5754//2197 5755//3054
f 5536//1982 5538//1984 5755//3054
f 5536//1982 5755//3054 5756//3055
f 5534//1980 5536//1982 5756//3055
f 5534//1980 5756//3055 5757//2642
f 5532//2469 5534//1980 5757//2642
f 5532//2469 5757//2642 5758//2641
f 5530//1976 5532//2469 5758//2641
f 5530//1976 5758//2641 5759//2640
f 5528//2958 5530//1976 5759//2640
f 5528//2958 5759//2640 5760//2639
f 5526//1972 5528//2958 5760//2639
f 5526//1972 5760//2639 5761//2638
f 5524//1970 5526//1972 5761//2638
f 5524//1970 5761//2638 5762//3056
f 5522//2954 5524//1970 5762//3056
f 5522//2954 5762//3056 5763//2636
f 5520//2478 5522//2954 5763//2636
f 5520//2478 5763//2636 5764//2207
f 5518//2449 5520//2478 5764//2207
f 5518//2449 5764//2207 5765//3057
f 5516//2450 5518//2449 5765//3057
f 5516//2450 5765//3057 5766//3058
f 5514//2950 5516//2450 5766//3058
f 5514//2950 5766//3058 5767//2651
f 5512//1958 5514//2950 5767//2651
f 5512//1958 5767//2651 5768//2650
f 5510//2947 5512//1958 5768//2650
f 5510//2947 5768//2650 5769//2649
f 5508//1954 5510//2947 5769//2649
f 5508//1954 5769//2649 5770//2648
f 5506//2459 5508//1954 5770//2648
f 5506//2459 5770//2648 5771//2647
f 5503//2461 5506//2459 5771//2647
f 5503//2461 5771//2647 5772//3059
f 5504//2944 5503//2461 5772//3059
f 5504//2944 5772//3059 5773//2645
f 5774//2661 5775//2217 5691//2598
f 5774//2661 5691//2598 5690//3028
f 5775//2217 5776//2660 5692//3029
f 5775//2217 5692//3029 5691//2598
f 5776//2660 5777//3060 5693//2597
f 5776//2660 5693//2597 5692//3029
f 5777//3060 5778//3061 5694//3030
f 5777//3060 5694//3030 5693//2597
f 5778//3061 5779//3062 5695//2595
f 5778//3061 5695//2595 5694//3030
f 5779//3062 5780//2656 5696//2139
f 5779//3062 5696//2139 5695//2595
f 5780//2656 5781//3063 5697//2593
f 5780//2656 5697//2593 5696//2139
f 5781//3063 5782//3064 5698//3031
f 5781//3063 5698//3031 5697//2593
f 5782//3064 5783//2225 5699//2142
f 5782//3064 5699//2142 5698//3031
f 5783//2225 5784//3065 5700//3032
f 5783//2225 5700//3032 5699//2142
f 5784//3065 5785//2670 5701//3033
f 5784//3065 5701//3033 5700//3032
f 5785//2670 5786//2669 5702//2604
f 5785//2670 5702//2604 5701//3033
f 5786//2669 5787//3066 5703//3034
f 5786//2669 5703//3034 5702//2604
f 5787//3066 5788//3067 5704//2602
f 5787//3066 5704//2602 5703//3034
f 5788//3067 5789//3068 5705//3035
f 5788//3067 5705//3035 5704//2602
f 5789//3068 5790//3069 5706//3036
f 5789//3068 5706//3036 5705//3035
f 5790//3069 5791//2233 5707//2601
f 5790//3069 5707//2601 5706//3036
f 5791//2233 5792//3070 5708//3037
f 5791//2233 5708//3037 5707//2601
f 5792//3070 5793//2662 5709//2152
f 5792//3070 5709//2152 5708//3037
f 5793//2662 5794//2661 5710//2153
f 5793//2662 5710//2153 5709//2152
f 5670//2587 5669//2132 5794//2661
f 5670//2587 5794//2661 5793//2662
f 5671//2114 5670//2587 5793//2662
f 5671//2114 5793//2662 5792//3070
f 5672//2585 5671//2114 5792//3070
f 5672//2585 5792//3070 5791//2233
f 5673//3021 5672//2585 5791//2233
f 5673//3021 5791//2233 5790//3069
f 5674//2583 5673//3021 5790//3069
f 5674//2583 5790//3069 5789//3068
f 5675//2582 5674//2583 5789//3068
f 5675//2582 5789//3068 5788//3067
f 5676//2581 5675//2582 5788//3067
f 5676//2581 5788//3067 5787//3066
f 5677//2580 5676//2581 5787//3066
f 5677//2580 5787//3066 5786//2669
f 5678//2579 5677//2580 5786//2669
f 5678//2579 5786//2669 5785//2670
f 5679//2578 5678//2579 5785//2670
f 5679//2578 5785//2670 5784//3065
f 5680//2576 5679//2578 5784//3065
f 5680//2576 5784//3065 5783//2225
f 5681//3022 5680//2576 5783//2225
f 5681//3022 5783//2225 5782//3064
f 5682//3023 5681//3022 5782//3064
f 5682//3023 5782//3064 5781//3063
f 5683//3024 5682//3023 5781//3063
f 5683//3024 5781//3063 5780//2656
f 5684//2590 5683//3024 5780//2656
f 5684//2590 5780//2656 5779//3062
f 5685//2128 5684//2590 5779//3062
f 5685//2128 5779//3062 5778//3061
f 5686//3025 5685//2128 5778//3061
f 5686//3025 5778//3061 5777//3060
f 5687//2588 5686//3025 5777//3060
f 5687//2588 5777//3060 5776//2660
f 5688//3026 5687//2588 5776//2660
f 5688//3026 5776//2660 5775//2217
f 5689//3027 5688//3026 5775//2217
f 5689//3027 5775//2217 5774//2661
f 5795//2237 5796//2238 5544//2962
f 5795//2237 5544//2962 5543//1988
f 5796//2238 5797//2239 5547//2964
f 5796//2238 5547//2964 5544//2962
f 5797//2239 5798//3071 5549//2489
f 5797//2239 5549//2489 5547//2964
f 5798//3071 5799//2241 5551//2966
f 5798//3071 5551//2966 5549//2489
f 5799//2241 5800//3072 5553//2485
f 5799//2241 5553//2485 5551//2966
f 5800//3072 5801//3073 5555//2483
f 5800//3072 5555//2483 5553//2485
f 5801//3073 5802//3074 5557//2969
f 5801//3073 5557//2969 5555//2483
f 5802//3074 5803//2672 5559//2971
f 5802//3074 5559//2971 5557//2969
f 5803//2672 5804//2246 5561//2972
f 5803//2672 5561//2972 5559//2971
f 5804//2246 5805//3075 5563//2973
f 5804//2246 5563//2973 5561//2972
f 5805//3075 5806//2248 5565//2974
f 5805//3075 5565//2974 5563//2973
f 5806//2248 5807//3076 5567//2975
f 5806//2248 5567//2975 5565//2974
f 5807//3076 5808//3077 5569//2504
f 5807//3076 5569//2504 5567//2975
f 5808//3077 5809//2251 5571//2502
f 5808//3077 5571//2502 5569//2504
f 5809//2251 5810//3078 5573//2977
f 5809//2251 5573//2977 5571//2502
f 5810//3078 5811//3079 5575//2020
f 5810//3078 5575//2020 5573//2977
f 5811//3079 5812//2254 5577//2978
f 5811//3079 5577//2978 5575//2020
f 5812//2254 5813//2255 5579//2496
f 5812//2254 5579//2496 5577//2978
f 5813//2255 5814//2256 5581//2980
f 5813//2255 5581//2980 5579//2496
f 5814//2256 5815//2237 5583//1988
f 5814//2256 5583//1988 5581//2980
f 5666//2557 5668//3020 5815//2237
f 5666//2557 5815//2237 5814//2256
f 5664//2108 5666//2557 5814//2256
f 5664//2108 5814//2256 5813//2255
f 5662//3019 5664//2108 5813//2255
f 5662//3019 5813//2255 5812//2254
f 5660//3017 5662//3019 5812//2254
f 5660//3017 5812//2254 5811//3079
f 5658//2563 5660//3017 5811//3079
f 5658//2563 5811//3079 5810//3078
f 5656//2565 5658//2563 5810//3078
f 5656//2565 5810//3078 5809//2251
f 5654//2567 5656//2565 5809//2251
f 5654//2567 5809//2251 5808//3077
f 5652//3015 5654//2567 5808//3077
f 5652//3015 5808//3077 5807//3076
f 5650//2094 5652//3015 5807//3076
f 5650//2094 5807//3076 5806//2248
f 5648//2572 5650//2094 5806//2248
f 5648//2572 5806//2248 5805//3075
f 5646//2574 5648//2572 5805//3075
f 5646//2574 5805//3075 5804//2246
f 5644//2544 5646//2574 5804//2246
f 5644//2544 5804//2246 5803//2672
f 5642//3010 5644//2544 5803//2672
f 5642//3010 5803//2672 5802//3074
f 5640//2084 5642//3010 5802//3074
f 5640//2084 5802//3074 5801//3073
f 5638//2082 5640//2084 5801//3073
f 5638//2082 5801//3073 5800//3072
f 5636//2549 5638//2082 5800//3072
f 5636//2549 5800//3072 5799//2241
f 5634//2551 5636//2549 5799//2241
f 5634//2551 5799//2241 5798//3071
f 5632//2076 5634//2551 5798//3071
f 5632//2076 5798//3071 5797//2239
f 5629//2554 5632//2076 5797//2239
f 5629//2554 5797//2239 5796//2238
f 5630//2074 5629//2554 5796//2238
f 5630//2074 5796//2238 5795//2237
f 5816//3080 5817//3081 5712//2155
f 5816//3080 5712//2155 5711//2154
f 5817//3081 5818//3082 5713//3038
f 5817//3081 5713//3038 5712//2155
f 5818//3082 5819//3083 5714//3039
f 5818//3082 5714//3039 5713//3038
f 5819//3083 5820//2691 5715//3040
f 5819//3083 5715//3040 5714//3039
f 5820//2691 5821//3084 5716//3041
f 5820//2691 5716//3041 5715//3040
f 5821//3084 5822//2263 5717//3042
f 5821//3084 5717//3042 5716//3041
f 5822//2263 5823//3085 5718//2161
f 5822//2263 5718//2161 5717//3042
f 5823//3085 5824//3086 5719//2162
f 5823//3085 5719//2162 5718//2161
f 5824//3086 5825//2266 5720//3043
f 5824//3086 5720//3043 5719//2162
f 5825//2266 5826//3087 5721//2164
f 5825//2266 5721//2164 5720//3043
f 5826//3087 5827//3088 5722//3044
f 5826//3087 5722//3044 5721//2164
f 5827//3088 5828//2699 5723//3045
f 5827//3088 5723//3045 5722//3044
f 5828//2699 5829//3089 5724//2167
f 5828//2699 5724//2167 5723//3045
f 5829//3089 5830//2698 5725//3046
f 5829//3089 5725//3046 5724//2167
f 5830//2698 5831//2272 5726//2169
f 5830//2698 5726//2169 5725//3046
f 5831//2272 5832//2273 5727//2170
f 5831//2272 5727//2170 5726//2169
f 5832//2273 5833//3090 5728//2171
f 5832//2273 5728//2171 5727//2170
f 5833//3090 5834//3091 5729//3047
f 5833//3090 5729//3047 5728//2171
f 5834//3091 5835//2276 5730//3048
f 5834//3091 5730//3048 5729//3047
f 5835//2276 5836//3092 5731//2154
f 5835//2276 5731//2154 5730//3048
f 5773//2645 5772//3059 5623//3003
f 5773//2645 5623//3003 5625//2069
f 5772//3059 5771//2647 5621//3001
f 5772//3059 5621//3001 5623//3003
f 5771//2647 5770//2648 5619//2534
f 5771//2647 5619//2534 5621//3001
f 5770//2648 5769//2649 5617//2535
f 5770//2648 5617//2535 5619//2534
f 5769//2649 5768//2650 5615//2999
f 5769//2649 5615//2999 5617//2535
f 5768//2650 5767//2651 5613//2998
f 5768//2650 5613//2998 5615//2999
f 5767//2651 5766//3058 5611//2996
f 5767//2651 5611//2996 5613//2998
f 5766//3058 5765//3057 5609//2053
f 5766//3058 5609//2053 5611//2996
f 5765//3057 5764//2207 5607//2995
f 5765//3057 5607//2995 5609//2053
f 5764//2207 5763//2636 5605//2994
f 5764//2207 5605//2994 5607//2995
f 5763//2636 5762//3056 5603//2992
f 5763//2636 5603//2992 5605//2994
f 5762//3056 5761//2638 5601//2990
f 5762//3056 5601//2990 5603//2992
f 5761//2638 5760//2639 5599//2519
f 5761//2638 5599//2519 5601//2990
f 5760//2639 5759//2640 5597//2988
f 5760//2639 5597//2988 5599//2519
f 5759//2640 5758//2641 5595//2039
f 5759//2640 5595//2039 5597//2988
f 5758//2641 5757//2642 5593//2037
f 5758//2641 5593//2037 5595//2039
f 5757//2642 5756//3055 5591//2984
f 5757//2642 5591//2984 5593//2037
f 5756//3055 5755//3054 5589//2033
f 5756//3055 5589//2033 5591//2984
f 5755//3054 5754//2197 5585//2981
f 5755//3054 5585//2981 5589//2033
f 5754//2197 5753//2645 5586//2069
f 5754//2197 5586//2069 5585//2981
f 5837//3093 5839//3094 5838//3095
f 5837//3093 5840//3096 5839//3094
f 5841//3097 5842//3097 5843//3098
f 5841//3097 5843//3098 5844//3098
f 5840//3099 5846//3100 5845//3101
f 5840//3099 5847//3102 5846//3100
f 5847//3103 5849//3104 5848//3105
f 5847//3103 5850//3103 5849//3104
f 5850//3106 5852//3107 5851//3108
f 5850//3106 5853//3109 5852//3107
f 5853//3110 5855//3111 5854//3112
f 5853//3110 5856//3113 5855//3111
f 5856//3114 5858//3115 5857//3116
f 5856//3114 5859//3117 5858//3115
f 5859//3118 5860//3119 5861//3120
f 5859//3118 5861//3120 5862//3120
f 5862//3121 5863//3121 5864//3122
f 5862//3121 5864//3122 5865//3123
f 5865//3124 5866//3125 5867//3126
f 5865//3124 5867//3126 5868//3126
f 5868//3127 5869//3127 5870//3128
f 5868//3127 5870//3128 5871//3128
f 5871//3129 5872//3130 5873//3131
f 5871//3129 5873//3131 5874//3132
f 5874//3133 5875//3134 5876//3135
f 5874//3133 5876//3135 5877//3136
f 5877//3137 5878//3138 5879//3139
f 5877//3137 5879//3139 5880//3139
f 5880//3140 5881//3140 5882//3141
f 5880//3140 5882//3141 5883//3141
f 5883//3142 5884//3142 5885//3143
f 5883//3142 5885//3143 5886//3143
f 5886//3144 5887//3144 5888//3145
f 5886//3144 5888//3145 5889//3145
f 5889//3146 5890//3147 5891//3148
f 5889//3146 5891//3148 5892//3148
f 5892//3149 5893//3150 5894//3151
f 5892//3149 5894//3151 5895//3151
f 5895//3152 5896//3153 5897//3154
f 5895//3152 5897//3154 5843//3154
f 5898//859 5899//857 5900//857
f 5898//859 5900//857 5901//859
f 5899//857 5902//856 5903//856
f 5899//857 5903//856 5900//857
f 5902//856 5904//853 5905//3155
f 5902//856 5905//3155 5903//856
f 5904//853 5906//254 5907//254
f 5904//853 5907//254 5905//3155
f 5906//254 5908//1793 5909//851
f 5906//254 5909//851 5907//254
f 5908//1793 5910//850 5911//850
f 5908//1793 5911//850 5909//851
f 5910//850 5912//849 5913//2344
f 5910//850 5913//2344 5911//850
f 5912//849 5914//1813 5915//1813
f 5912//849 5915//1813 5913//2344
f 5914//1813 5916//1 5917//1
f 5914//1813 5917//1 5915//1813
f 5916//1 5918//870 5919//870
f 5916//1 5919//870 5917//1
f 5918//870 5920//869 5921//869
f 5918//870 5921//869 5919//870
f 5920//869 5922//868 5923//868
f 5920//869 5923//868 5921//869
f 5922//868 5924//867 5925//867
f 5922//868 5925//867 5923//868
f 5924//867 5926//273 5927//273
f 5924//867 5927//273 5925//867
f 5926//273 5928//865 5929//865
f 5926//273 5929//865 5927//273
f 5928//865 5930//863 5931//863
f 5928//865 5931//863 5929//865
f 5930//863 5932//862 5933//3156
f 5930//863 5933//3156 5931//863
f 5932//862 5934//861 5935//861
f 5932//862 5935//861 5933//3156
f 5934//861 5936//860 5937//860
f 5934//861 5937//860 5935//861
f 5936//860 5938//1802 5939//1802
f 5936//860 5939//1802 5937//860
f 44//3 1014//286 5940//3157
f 1014//286 44//3 972//246
f 972//246 44//3 48//7
f 977//251 5940//3157 1015//287
f 5940//3157 977//251 44//3
f 44//3 977//251 45//4
f 54//9 1017//289 5941//3158
f 1017//289 54//9 981//255
f 981//255 54//9 58//13
f 985//259 5941//3158 1018//290
f 5941//3158 985//259 54//9
f 54//9 985//259 55//10
f 5942//3159 993//266 1022//294
f 993//266 5942//3159 68//18
f 68//18 5942//3159 64//14
f 997//270 5942//3159 1023//295
f 5942//3159 997//270 64//14
f 64//14 997//270 65//15
f 74//19 1025//297 5943//3160
f 1025//297 74//19 1001//274
f 1001//274 74//19 78//23
f 1005//278 5943//3160 1026//298
f 5943//3160 1005//278 75//20
f 5943//3160 75//20 74//19
f 5961//3161 5959//3162 5960//3163
f 5959//3162 5961//3161 5962//3162
f 5959//3162 5962//3162 5958//3164
f 5958//3164 5962//3162 5963//3161
f 5958//3164 5963//3161 5957//3165
f 5957//3165 5963//3161 5944//3161
f 5957//3165 5944//3161 5956//3163
f 5956//3163 5944//3161 5945//3161
f 5956//3163 5945//3161 5955//3166
f 5955//3166 5945//3161 5946//3166
f 5955//3166 5946//3166 5954//3166
f 5954//3166 5946//3166 5947//3161
f 5954//3166 5947//3161 5953//3165
f 5953//3165 5947//3161 5948//3163
f 5953//3165 5948//3163 5952//3166
f 5952//3166 5948//3163 5949//3161
f 5952//3166 5949//3161 5951//3167
f 5951//3167 5949//3161 5950//3168
f 5964//1 5983//1 5982//1
f 5982//1 5965//1 5964//1
f 5982//1 5981//1 5965//1
f 5981//1 5966//1 5965//1
f 5981//1 5980//1 5966//1
f 5980//1 5967//1 5966//1
f 5980//1 5979//1 5967//1
f 5979//1 5968//1 5967//1
f 5979//1 5978//1 5968//1
f 5978//1 5969//1 5968//1
f 5978//1 5977//1 5969//1
f 5977//1 5970//1 5969//1
f 5977//1 5976//1 5970//1
f 5976//1 5971//1 5970//1
f 5976//1 5975//8 5971//1
f 5975//8 5972//1 5971//1
f 5975//8 5974//1 5972//1
f 5974//1 5973//1 5972//1
f 5999//3169 5997//3170 5998//3171
f 5997//3170 5999//3169 6000//3172
f 5997//3170 6000//3172 5996//3170
f 5996//3170 6000//3172 6001//3173
f 5996//3170 6001//3173 5995//3172
f 5995//3172 6001//3173 6002//3169
f 5995//3172 6002//3169 5994//3169
f 5994//3169 6002//3169 6003//3170
f 5994//3169 6003//3170 5993//3169
f 5993//3169 6003//3170 5984//3170
f 5993//3169 5984//3170 5992//3172
f 5992//3172 5984//3170 5985//3174
f 5992//3172 5985//3174 5991//3172
f 5991//3172 5985//3174 5986//3175
f 5991//3172 5986//3175 5990//3170
f 5990//3170 5986//3175 5987//3175
f 5990//3170 5987//3175 5989//3170
f 5989//3170 5987//3175 5988//3172
f 6006//1 6004//1 6005//1
f 6004//1 6006//1 6007//8
f 6004//1 6007//8 6023//1
f 6023//1 6007//8 6008//1
f 6023//1 6008//1 6022//1
f 6022//1 6008//1 6009//1
f 6022//1 6009//1 6021//1
f 6021//1 6009//1 6010//1
f 6021//1 6010//1 6020//1
f 6020//1 6010//1 6011//1
f 6020//1 6011//1 6019//1
f 6019//1 6011//1 6012//1
f 6019//1 6012//1 6018//1
f 6018//1 6012//1 6013//1
f 6018//1 6013//1 6017//1
f 6017//1 6013//1 6014//1
f 6017//1 6014//1 6016//1
f 6016//1 6014//1 6015//1
f 4536//2281 6024//3176 4576//2319
f 6024//3176 4536//2281 440//133
f 440//133 4536//2281 444//137
f 440//133 4577//2320 6024//3176
f 4577//2320 440//133 4540//2285
f 4540//2285 440//133 442//135
f 4544//2288 6025//3177 4579//2322
f 6025//3177 4544//2288 450//139
f 450//139 4544//2288 454//143
f 450//139 4580//2323 6025//3177
f 4580//2323 450//139 4548//2292
f 4548//2292 450//139 452//141
f 4584//2327 460//144 6026//3178
f 460//144 4584//2327 4556//2300
f 460//144 4556//2300 464//148
f 6026//3178 4560//2304 4585//2328
f 4560//2304 6026//3178 460//144
f 4560//2304 460//144 462//146
f 4587//2330 470//150 6027//3179
f 470//150 4587//2330 4564//2307
f 470//150 4564//2307 474//154
f 6027//3179 4568//2311 4588//2331
f 4568//2311 6027//3179 470//150
f 4568//2311 470//150 472//152
f 6028//3179 5103//2704 5145//2331
f 5103//2704 6028//3179 664//150
f 5103//2704 664//150 668//152
f 5146//2330 664//150 6028//3179
f 664//150 5146//2330 5108//2708
f 664//150 5108//2708 665//154
f 6029//3178 5112//2304 5148//2725
f 5112//2304 6029//3178 674//144
f 5112//2304 674//144 678//185
f 5149//2726 674//144 6029//3178
f 674//144 5149//2726 5116//2300
f 674//144 5116//2300 675//148
f 684//139 5153//2730 6030//3177
f 5153//2730 684//139 5124//2292
f 5124//2292 684//139 688//141
f 5128//2288 6030//3177 5154//2731
f 6030//3177 5128//2288 684//139
f 684//139 5128//2288 685//187
f 694//133 5156//2320 6031//3176
f 5156//2320 694//133 5132//2285
f 5132//2285 694//133 698//135
f 5136//2717 6031//3176 5157//2319
f 6031//3176 5136//2717 694//133
f 694//133 5136//2717 695//137
