# Blender 4.4.1
# www.blender.org
mtllib SM_pasted__polySurface18_pasted__blinn2_0_0.mtl
o SM_pasted__polySurface18_pasted__blinn2_0_0
v 1.627546 -1.006115 0.028921
v 1.635493 -1.017270 0.039822
v 1.582279 -1.029637 0.051906
v 1.615167 -0.997262 0.020269
v 1.599570 -0.991577 0.014715
v 1.582279 -0.989619 0.012801
v 1.564989 -0.991577 0.014715
v 1.549391 -0.997262 0.020269
v 1.537013 -1.006115 0.028921
v 1.529065 -1.017270 0.039822
v 1.526327 -1.029637 0.051906
v 1.529065 -1.042003 0.063991
v 1.537013 -1.053159 0.074892
v 1.549391 -1.062012 0.083543
v 1.564989 -1.067696 0.089098
v 1.582279 -1.069654 0.091012
v 1.599570 -1.067696 0.089098
v 1.615167 -1.062012 0.083543
v 1.627546 -1.053159 0.074892
v 1.635493 -1.042003 0.063991
v 1.638232 -1.029637 0.051906
v 1.596056 0.047609 1.147875
v 1.582279 0.045680 1.152306
v 1.596765 0.044407 1.151004
v 1.593999 0.050497 1.145053
v 1.590794 0.052789 1.142813
v 1.586756 0.054261 1.141375
v 1.582279 0.054768 1.140880
v 1.577803 0.054261 1.141375
v 1.573765 0.052789 1.142813
v 1.570560 0.050497 1.145053
v 1.568503 0.047609 1.147875
v 1.567793 0.044407 1.151004
v 1.568503 0.041206 1.154132
v 1.570560 0.038318 1.156955
v 1.573765 0.036025 1.159195
v 1.577803 0.034554 1.160633
v 1.582279 0.034047 1.161128
v 1.586756 0.034554 1.160633
v 1.590794 0.036025 1.159195
v 1.593999 0.038318 1.156955
v 1.596056 0.041206 1.154132
v 3.653594 -1.006115 0.028921
v 3.661541 -1.017270 0.039822
v 3.608328 -1.029637 0.051906
v 3.641216 -0.997262 0.020269
v 3.625618 -0.991577 0.014715
v 3.608328 -0.989619 0.012801
v 3.591037 -0.991577 0.014715
v 3.575440 -0.997262 0.020269
v 3.563061 -1.006115 0.028921
v 3.555114 -1.017270 0.039822
v 3.552375 -1.029637 0.051906
v 3.555114 -1.042003 0.063991
v 3.563061 -1.053159 0.074892
v 3.575440 -1.062012 0.083543
v 3.591037 -1.067696 0.089098
v 3.608328 -1.069654 0.091012
v 3.625618 -1.067696 0.089098
v 3.641216 -1.062012 0.083543
v 3.653594 -1.053159 0.074892
v 3.661541 -1.042003 0.063991
v 3.664280 -1.029637 0.051906
v 3.622104 0.047609 1.147875
v 3.608328 0.045680 1.152306
v 3.622813 0.044407 1.151004
v 3.620047 0.050497 1.145053
v 3.616842 0.052789 1.142813
v 3.612804 0.054261 1.141375
v 3.608328 0.054768 1.140880
v 3.603851 0.054261 1.141375
v 3.599813 0.052789 1.142813
v 3.596608 0.050497 1.145053
v 3.594551 0.047609 1.147875
v 3.593842 0.044407 1.151004
v 3.594551 0.041206 1.154132
v 3.596608 0.038318 1.156955
v 3.599813 0.036025 1.159195
v 3.603851 0.034554 1.160633
v 3.608328 0.034047 1.161128
v 3.612804 0.034554 1.160633
v 3.616842 0.036025 1.159195
v 3.620047 0.038318 1.156955
v 3.622104 0.041206 1.154132
v -3.437575 -2.671595 0.028921
v -3.429628 -2.682751 0.039822
v -3.482841 -2.695117 0.051906
v -3.449954 -2.662742 0.020269
v -3.465551 -2.657058 0.014715
v -3.482841 -2.655099 0.012801
v -3.500132 -2.657058 0.014715
v -3.515729 -2.662742 0.020269
v -3.528108 -2.671595 0.028921
v -3.536055 -2.682751 0.039822
v -3.538794 -2.695117 0.051906
v -3.536055 -2.707483 0.063991
v -3.528108 -2.718639 0.074892
v -3.515729 -2.727492 0.083543
v -3.500132 -2.733176 0.089098
v -3.482841 -2.735135 0.091012
v -3.465551 -2.733176 0.089098
v -3.449954 -2.727492 0.083543
v -3.437575 -2.718639 0.074892
v -3.429628 -2.707483 0.063991
v -3.426889 -2.695117 0.051906
v -3.469065 -1.617872 1.147875
v -3.482841 -1.619800 1.152306
v -3.468356 -1.621073 1.151004
v -3.471122 -1.614983 1.145053
v -3.474327 -1.612691 1.142813
v -3.478365 -1.611220 1.141375
v -3.482841 -1.610713 1.140880
v -3.487318 -1.611220 1.141375
v -3.491356 -1.612691 1.142813
v -3.494561 -1.614983 1.145053
v -3.496618 -1.617872 1.147875
v -3.497327 -1.621073 1.151004
v -3.496618 -1.624275 1.154132
v -3.494561 -1.627163 1.156955
v -3.491356 -1.629455 1.159195
v -3.487318 -1.630926 1.160633
v -3.482841 -1.631433 1.161128
v -3.478365 -1.630926 1.160633
v -3.474327 -1.629455 1.159195
v -3.471122 -1.627163 1.156955
v -3.469065 -1.624275 1.154132
v -3.323019 1.054350 0.028921
v -3.315071 1.043194 0.039822
v -3.368285 1.030828 0.051906
v -3.335397 1.063203 0.020269
v -3.350995 1.068887 0.014715
v -3.368285 1.070845 0.012801
v -3.385575 1.068887 0.014715
v -3.401173 1.063203 0.020269
v -3.413551 1.054350 0.028921
v -3.421499 1.043194 0.039822
v -3.424237 1.030828 0.051906
v -3.421499 1.018461 0.063991
v -3.413551 1.007306 0.074892
v -3.401173 0.998453 0.083543
v -3.385575 0.992769 0.089098
v -3.368285 0.990810 0.091012
v -3.350995 0.992769 0.089098
v -3.335397 0.998453 0.083543
v -3.323019 1.007306 0.074892
v -3.315071 1.018461 0.063991
v -3.312333 1.030828 0.051906
v -3.354508 2.694333 1.747811
v -3.368285 2.693100 1.752953
v -3.353799 2.691132 1.750940
v -3.356566 2.697221 1.744989
v -3.359770 2.699513 1.742749
v -3.363809 2.700985 1.741311
v -3.368285 2.701492 1.740815
v -3.372761 2.700985 1.741311
v -3.376800 2.699513 1.742749
v -3.380004 2.697221 1.744989
v -3.382062 2.694333 1.747811
v -3.382771 2.691132 1.750940
v -3.382062 2.687930 1.754068
v -3.380004 2.685042 1.756890
v -3.376800 2.682750 1.759130
v -3.372761 2.681278 1.760568
v -3.368285 2.680771 1.761064
v -3.363809 2.681278 1.760568
v -3.359770 2.682750 1.759130
v -3.356566 2.685042 1.756890
v -3.354508 2.687930 1.754068
v 0.614522 -2.671595 0.028921
v 0.622469 -2.682751 0.039822
v 0.569255 -2.695117 0.051906
v 0.602143 -2.662742 0.020269
v 0.586545 -2.657058 0.014715
v 0.569255 -2.655099 0.012801
v 0.551965 -2.657058 0.014715
v 0.536367 -2.662742 0.020269
v 0.523989 -2.671595 0.028921
v 0.516041 -2.682751 0.039822
v 0.513303 -2.695117 0.051906
v 0.516041 -2.707483 0.063991
v 0.523989 -2.718639 0.074892
v 0.536367 -2.727492 0.083543
v 0.551965 -2.733176 0.089098
v 0.569255 -2.735135 0.091012
v 0.586545 -2.733176 0.089098
v 0.602143 -2.727492 0.083543
v 0.614522 -2.718639 0.074892
v 0.622469 -2.707483 0.063991
v 0.625207 -2.695117 0.051906
v 0.583032 -1.617872 1.147875
v 0.569255 -1.619800 1.152306
v 0.583741 -1.621073 1.151004
v 0.580974 -1.614983 1.145053
v 0.577770 -1.612691 1.142813
v 0.573731 -1.611220 1.141375
v 0.569255 -1.610713 1.140880
v 0.564779 -1.611220 1.141375
v 0.560740 -1.612691 1.142813
v 0.557536 -1.614983 1.145053
v 0.555478 -1.617872 1.147875
v 0.554769 -1.621073 1.151004
v 0.555478 -1.624275 1.154132
v 0.557536 -1.627163 1.156955
v 0.560740 -1.629455 1.159195
v 0.564779 -1.630926 1.160633
v 0.569255 -1.631433 1.161128
v 0.573731 -1.630926 1.160633
v 0.577770 -1.629455 1.159195
v 0.580974 -1.627163 1.156955
v 0.583032 -1.624275 1.154132
v 1.627546 -2.671595 0.028921
v 1.635493 -2.682751 0.039822
v 1.582279 -2.695117 0.051906
v 1.615167 -2.662742 0.020269
v 1.599570 -2.657058 0.014715
v 1.582279 -2.655099 0.012801
v 1.564989 -2.657058 0.014715
v 1.549391 -2.662742 0.020269
v 1.537013 -2.671595 0.028921
v 1.529065 -2.682751 0.039822
v 1.526327 -2.695117 0.051906
v 1.529065 -2.707483 0.063991
v 1.537013 -2.718639 0.074892
v 1.549391 -2.727492 0.083543
v 1.564989 -2.733176 0.089098
v 1.582279 -2.735135 0.091012
v 1.599570 -2.733176 0.089098
v 1.615167 -2.727492 0.083543
v 1.627546 -2.718639 0.074892
v 1.635493 -2.707483 0.063991
v 1.638232 -2.695117 0.051906
v 1.596056 -1.617872 1.147875
v 1.582279 -1.619800 1.152306
v 1.596765 -1.621073 1.151004
v 1.593999 -1.614983 1.145053
v 1.590794 -1.612691 1.142813
v 1.586756 -1.611220 1.141375
v 1.582279 -1.610713 1.140880
v 1.577803 -1.611220 1.141375
v 1.573765 -1.612691 1.142813
v 1.570560 -1.614983 1.145053
v 1.568503 -1.617872 1.147875
v 1.567793 -1.621073 1.151004
v 1.568503 -1.624275 1.154132
v 1.570560 -1.627163 1.156955
v 1.573765 -1.629455 1.159195
v 1.577803 -1.630926 1.160633
v 1.582279 -1.631433 1.161128
v 1.586756 -1.630926 1.160633
v 1.590794 -1.629455 1.159195
v 1.593999 -1.627163 1.156955
v 1.596056 -1.624275 1.154132
v 2.640570 -2.671595 0.028921
v 2.648517 -2.682751 0.039822
v 2.595304 -2.695117 0.051906
v 2.628191 -2.662742 0.020269
v 2.612594 -2.657058 0.014715
v 2.595304 -2.655099 0.012801
v 2.578013 -2.657058 0.014715
v 2.562416 -2.662742 0.020269
v 2.550037 -2.671595 0.028921
v 2.542089 -2.682751 0.039822
v 2.539351 -2.695117 0.051906
v 2.542089 -2.707483 0.063991
v 2.550037 -2.718639 0.074892
v 2.562416 -2.727492 0.083543
v 2.578013 -2.733176 0.089098
v 2.595304 -2.735135 0.091012
v 2.612594 -2.733176 0.089098
v 2.628191 -2.727492 0.083543
v 2.640570 -2.718639 0.074892
v 2.648517 -2.707483 0.063991
v 2.651256 -2.695117 0.051906
v 2.609080 -1.617872 1.147875
v 2.595304 -1.619800 1.152306
v 2.609789 -1.621073 1.151004
v 2.607023 -1.614983 1.145053
v 2.603818 -1.612691 1.142813
v 2.599780 -1.611220 1.141375
v 2.595304 -1.610713 1.140880
v 2.590827 -1.611220 1.141375
v 2.586789 -1.612691 1.142813
v 2.583584 -1.614983 1.145053
v 2.581527 -1.617872 1.147875
v 2.580818 -1.621073 1.151004
v 2.581527 -1.624275 1.154132
v 2.583584 -1.627163 1.156955
v 2.586789 -1.629455 1.159195
v 2.590827 -1.630926 1.160633
v 2.595304 -1.631433 1.161128
v 2.599780 -1.630926 1.160633
v 2.603818 -1.629455 1.159195
v 2.607023 -1.627163 1.156955
v 2.609080 -1.624275 1.154132
v 3.653594 -2.671595 0.028921
v 3.661541 -2.682751 0.039822
v 3.608328 -2.695117 0.051906
v 3.641216 -2.662742 0.020269
v 3.625618 -2.657058 0.014715
v 3.608328 -2.655099 0.012801
v 3.591037 -2.657058 0.014715
v 3.575440 -2.662742 0.020269
v 3.563061 -2.671595 0.028921
v 3.555114 -2.682751 0.039822
v 3.552375 -2.695117 0.051906
v 3.555114 -2.707483 0.063991
v 3.563061 -2.718639 0.074892
v 3.575440 -2.727492 0.083543
v 3.591037 -2.733176 0.089098
v 3.608328 -2.735135 0.091012
v 3.625618 -2.733176 0.089098
v 3.641216 -2.727492 0.083543
v 3.653594 -2.718639 0.074892
v 3.661541 -2.707483 0.063991
v 3.664280 -2.695117 0.051906
v 3.622104 -1.617872 1.147875
v 3.608328 -1.619800 1.152306
v 3.622813 -1.621073 1.151004
v 3.620047 -1.614983 1.145053
v 3.616842 -1.612691 1.142813
v 3.612804 -1.611220 1.141375
v 3.608328 -1.610713 1.140880
v 3.603851 -1.611220 1.141375
v 3.599813 -1.612691 1.142813
v 3.596608 -1.614983 1.145053
v 3.594551 -1.617872 1.147875
v 3.593842 -1.621073 1.151004
v 3.594551 -1.624275 1.154132
v 3.596608 -1.627163 1.156955
v 3.599813 -1.629455 1.159195
v 3.603851 -1.630926 1.160633
v 3.608328 -1.631433 1.161128
v 3.612804 -1.630926 1.160633
v 3.616842 -1.629455 1.159195
v 3.620047 -1.627163 1.156955
v 3.622104 -1.624275 1.154132
v -0.398503 -1.006115 0.028921
v -0.390555 -1.017270 0.039822
v -0.443769 -1.029637 0.051906
v -0.410881 -0.997262 0.020269
v -0.426479 -0.991577 0.014715
v -0.443769 -0.989619 0.012801
v -0.461059 -0.991577 0.014715
v -0.476657 -0.997262 0.020269
v -0.489035 -1.006115 0.028921
v -0.496983 -1.017270 0.039822
v -0.499721 -1.029637 0.051906
v -0.496983 -1.042003 0.063991
v -0.489035 -1.053159 0.074892
v -0.476657 -1.062012 0.083543
v -0.461059 -1.067696 0.089098
v -0.443769 -1.069654 0.091012
v -0.426479 -1.067696 0.089098
v -0.410881 -1.062012 0.083543
v -0.398503 -1.053159 0.074892
v -0.390555 -1.042003 0.063991
v -0.387817 -1.029637 0.051906
v -0.429992 0.047609 1.147875
v -0.443769 0.045680 1.152306
v -0.429283 0.044407 1.151004
v -0.432050 0.050497 1.145053
v -0.435254 0.052789 1.142813
v -0.439293 0.054261 1.141375
v -0.443769 0.054768 1.140880
v -0.448245 0.054261 1.141375
v -0.452284 0.052789 1.142813
v -0.455488 0.050497 1.145053
v -0.457546 0.047609 1.147875
v -0.458255 0.044407 1.151004
v -0.457546 0.041206 1.154132
v -0.455488 0.038318 1.156955
v -0.452284 0.036025 1.159195
v -0.448245 0.034554 1.160633
v -0.443769 0.034047 1.161128
v -0.439293 0.034554 1.160633
v -0.435255 0.036025 1.159195
v -0.432050 0.038318 1.156955
v -0.429992 0.041206 1.154132
v 0.614522 -1.006115 0.028921
v 0.622469 -1.017270 0.039822
v 0.569255 -1.029637 0.051906
v 0.602143 -0.997262 0.020269
v 0.586545 -0.991577 0.014715
v 0.569255 -0.989619 0.012801
v 0.551965 -0.991577 0.014715
v 0.536367 -0.997262 0.020269
v 0.523989 -1.006115 0.028921
v 0.516041 -1.017270 0.039822
v 0.513303 -1.029637 0.051906
v 0.516041 -1.042003 0.063991
v 0.523989 -1.053159 0.074892
v 0.536367 -1.062012 0.083543
v 0.551965 -1.067696 0.089098
v 0.569255 -1.069654 0.091012
v 0.586545 -1.067696 0.089098
v 0.602143 -1.062012 0.083543
v 0.614522 -1.053159 0.074892
v 0.622469 -1.042003 0.063991
v 0.625207 -1.029637 0.051906
v 0.583032 0.047609 1.147875
v 0.569255 0.045680 1.152306
v 0.583741 0.044407 1.151004
v 0.580974 0.050497 1.145053
v 0.577770 0.052789 1.142813
v 0.573731 0.054261 1.141375
v 0.569255 0.054768 1.140880
v 0.564779 0.054261 1.141375
v 0.560740 0.052789 1.142813
v 0.557536 0.050497 1.145053
v 0.555478 0.047609 1.147875
v 0.554769 0.044407 1.151004
v 0.555478 0.041206 1.154132
v 0.557536 0.038318 1.156955
v 0.560740 0.036025 1.159195
v 0.564779 0.034554 1.160633
v 0.569255 0.034047 1.161128
v 0.573731 0.034554 1.160633
v 0.577770 0.036025 1.159195
v 0.580974 0.038318 1.156955
v 0.583032 0.041206 1.154132
v -2.424551 -1.006115 0.028921
v -2.416603 -1.017270 0.039822
v -2.469817 -1.029637 0.051906
v -2.436929 -0.997262 0.020269
v -2.452527 -0.991577 0.014715
v -2.469817 -0.989619 0.012801
v -2.487108 -0.991577 0.014715
v -2.502705 -0.997262 0.020269
v -2.515084 -1.006115 0.028921
v -2.523031 -1.017270 0.039822
v -2.525769 -1.029637 0.051906
v -2.523031 -1.042003 0.063991
v -2.515084 -1.053159 0.074892
v -2.502705 -1.062012 0.083543
v -2.487108 -1.067696 0.089098
v -2.469817 -1.069654 0.091012
v -2.452527 -1.067696 0.089098
v -2.436929 -1.062012 0.083543
v -2.424551 -1.053159 0.074892
v -2.416603 -1.042003 0.063991
v -2.413865 -1.029637 0.051906
v -2.456040 0.047609 1.147875
v -2.469817 0.045680 1.152306
v -2.455331 0.044407 1.151004
v -2.458098 0.050497 1.145053
v -2.461303 0.052789 1.142813
v -2.465341 0.054261 1.141375
v -2.469817 0.054768 1.140880
v -2.474293 0.054261 1.141375
v -2.478332 0.052789 1.142813
v -2.481536 0.050497 1.145053
v -2.483594 0.047609 1.147875
v -2.484303 0.044407 1.151004
v -2.483594 0.041206 1.154132
v -2.481536 0.038318 1.156955
v -2.478332 0.036025 1.159195
v -2.474293 0.034554 1.160633
v -2.469817 0.034047 1.161128
v -2.465341 0.034554 1.160633
v -2.461303 0.036025 1.159195
v -2.458098 0.038318 1.156955
v -2.456040 0.041206 1.154132
v -1.411526 -1.006115 0.028921
v -1.403579 -1.017270 0.039822
v -1.456793 -1.029637 0.051906
v -1.423905 -0.997262 0.020269
v -1.439502 -0.991577 0.014715
v -1.456793 -0.989619 0.012801
v -1.474083 -0.991577 0.014715
v -1.489681 -0.997262 0.020269
v -1.502059 -1.006115 0.028921
v -1.510007 -1.017270 0.039822
v -1.512745 -1.029637 0.051906
v -1.510007 -1.042003 0.063991
v -1.502059 -1.053159 0.074892
v -1.489681 -1.062012 0.083543
v -1.474083 -1.067696 0.089098
v -1.456793 -1.069654 0.091012
v -1.439502 -1.067696 0.089098
v -1.423905 -1.062012 0.083543
v -1.411526 -1.053159 0.074892
v -1.403579 -1.042003 0.063991
v -1.400841 -1.029637 0.051906
v -1.443016 0.047609 1.147875
v -1.456793 0.045680 1.152306
v -1.442307 0.044407 1.151004
v -1.445074 0.050497 1.145053
v -1.448278 0.052789 1.142813
v -1.452317 0.054261 1.141375
v -1.456793 0.054768 1.140880
v -1.461269 0.054261 1.141375
v -1.465307 0.052789 1.142813
v -1.468512 0.050497 1.145053
v -1.470570 0.047609 1.147875
v -1.471279 0.044407 1.151004
v -1.470570 0.041206 1.154132
v -1.468512 0.038318 1.156955
v -1.465307 0.036025 1.159195
v -1.461269 0.034554 1.160633
v -1.456793 0.034047 1.161128
v -1.452317 0.034554 1.160633
v -1.448278 0.036025 1.159195
v -1.445074 0.038318 1.156955
v -1.443016 0.041206 1.154132
v 2.640570 -1.006115 0.028921
v 2.648517 -1.017270 0.039822
v 2.595304 -1.029637 0.051906
v 2.628191 -0.997262 0.020269
v 2.612594 -0.991577 0.014715
v 2.595304 -0.989619 0.012801
v 2.578013 -0.991577 0.014715
v 2.562416 -0.997262 0.020269
v 2.550037 -1.006115 0.028921
v 2.542089 -1.017270 0.039822
v 2.539351 -1.029637 0.051906
v 2.542089 -1.042003 0.063991
v 2.550037 -1.053159 0.074892
v 2.562416 -1.062012 0.083543
v 2.578013 -1.067696 0.089098
v 2.595304 -1.069654 0.091012
v 2.612594 -1.067696 0.089098
v 2.628191 -1.062012 0.083543
v 2.640570 -1.053159 0.074892
v 2.648517 -1.042003 0.063991
v 2.651256 -1.029637 0.051906
v 2.609080 0.047609 1.147875
v 2.595304 0.045680 1.152306
v 2.609789 0.044407 1.151004
v 2.607023 0.050497 1.145053
v 2.603818 0.052789 1.142813
v 2.599780 0.054261 1.141375
v 2.595304 0.054768 1.140880
v 2.590827 0.054261 1.141375
v 2.586789 0.052789 1.142813
v 2.583584 0.050497 1.145053
v 2.581527 0.047609 1.147875
v 2.580818 0.044407 1.151004
v 2.581527 0.041206 1.154132
v 2.583584 0.038318 1.156955
v 2.586789 0.036025 1.159195
v 2.590827 0.034554 1.160633
v 2.595304 0.034047 1.161128
v 2.599780 0.034554 1.160633
v 2.603818 0.036025 1.159195
v 2.607023 0.038318 1.156955
v 2.609080 0.041206 1.154132
v 3.396045 1.054350 0.028921
v 3.403993 1.043194 0.039822
v 3.350779 1.030828 0.051906
v 3.383667 1.063203 0.020269
v 3.368069 1.068887 0.014715
v 3.350779 1.070845 0.012801
v 3.333489 1.068887 0.014715
v 3.317891 1.063203 0.020269
v 3.305513 1.054350 0.028921
v 3.297565 1.043194 0.039822
v 3.294827 1.030828 0.051906
v 3.297565 1.018461 0.063991
v 3.305513 1.007306 0.074892
v 3.317891 0.998453 0.083543
v 3.333489 0.992769 0.089098
v 3.350779 0.990810 0.091012
v 3.368069 0.992769 0.089098
v 3.383667 0.998453 0.083543
v 3.396045 1.007306 0.074892
v 3.403993 1.018461 0.063991
v 3.406731 1.030828 0.051906
v 3.364556 2.694333 1.747811
v 3.350779 2.693100 1.752953
v 3.365265 2.691132 1.750940
v 3.362498 2.697221 1.744989
v 3.359294 2.699513 1.742749
v 3.355255 2.700985 1.741311
v 3.350779 2.701492 1.740815
v 3.346303 2.700985 1.741311
v 3.342264 2.699513 1.742749
v 3.339060 2.697221 1.744989
v 3.337002 2.694333 1.747811
v 3.336293 2.691132 1.750940
v 3.337002 2.687930 1.754068
v 3.339060 2.685042 1.756890
v 3.342264 2.682750 1.759130
v 3.346303 2.681278 1.760568
v 3.350779 2.680771 1.761064
v 3.355255 2.681278 1.760568
v 3.359294 2.682750 1.759130
v 3.362498 2.685042 1.756890
v 3.364556 2.687930 1.754068
v -2.605538 2.880794 0.028921
v -2.597591 2.869638 0.039822
v -2.650805 2.857272 0.051906
v -2.617917 2.889647 0.020269
v -2.633514 2.895331 0.014715
v -2.650805 2.897290 0.012801
v -2.668095 2.895331 0.014715
v -2.683693 2.889647 0.020269
v -2.696071 2.880794 0.028921
v -2.704019 2.869638 0.039822
v -2.706757 2.857272 0.051906
v -2.704019 2.844906 0.063991
v -2.696071 2.833750 0.074892
v -2.683693 2.824897 0.083543
v -2.668095 2.819213 0.089098
v -2.650805 2.817254 0.091012
v -2.633514 2.819213 0.089098
v -2.617917 2.824897 0.083543
v -2.605538 2.833750 0.074892
v -2.597591 2.844906 0.063991
v -2.594852 2.857272 0.051906
v -2.637028 4.520778 1.747811
v -2.650805 4.519544 1.752953
v -2.636319 4.517576 1.750940
v -2.639086 4.523665 1.744989
v -2.642290 4.525958 1.742749
v -2.646328 4.527429 1.741311
v -2.650805 4.527936 1.740815
v -2.655281 4.527429 1.741311
v -2.659319 4.525958 1.742749
v -2.662524 4.523665 1.744989
v -2.664582 4.520778 1.747811
v -2.665291 4.517576 1.750940
v -2.664582 4.514374 1.754068
v -2.662524 4.511486 1.756890
v -2.659319 4.509194 1.759130
v -2.655281 4.507722 1.760568
v -2.650805 4.507215 1.761064
v -2.646328 4.507722 1.760568
v -2.642290 4.509194 1.759130
v -2.639086 4.511486 1.756890
v -2.637028 4.514374 1.754068
v 0.079390 2.880794 0.028921
v 0.087337 2.869638 0.039822
v 0.034123 2.857272 0.051906
v 0.067011 2.889647 0.020269
v 0.051413 2.895331 0.014715
v 0.034123 2.897290 0.012801
v 0.016833 2.895331 0.014715
v 0.001235 2.889647 0.020269
v -0.011143 2.880794 0.028921
v -0.019091 2.869638 0.039822
v -0.021829 2.857272 0.051906
v -0.019091 2.844906 0.063991
v -0.011143 2.833750 0.074892
v 0.001235 2.824897 0.083543
v 0.016833 2.819213 0.089098
v 0.034123 2.817254 0.091012
v 0.051413 2.819213 0.089098
v 0.067011 2.824897 0.083543
v 0.079390 2.833750 0.074892
v 0.087337 2.844906 0.063991
v 0.090076 2.857272 0.051906
v 0.047900 4.520778 1.747811
v 0.034123 4.519544 1.752953
v 0.048609 4.517576 1.750940
v 0.045842 4.523665 1.744989
v 0.042638 4.525958 1.742749
v 0.038600 4.527429 1.741311
v 0.034123 4.527936 1.740815
v 0.029647 4.527429 1.741311
v 0.025609 4.525958 1.742749
v 0.022404 4.523665 1.744989
v 0.020346 4.520778 1.747811
v 0.019637 4.517576 1.750940
v 0.020346 4.514374 1.754068
v 0.022404 4.511486 1.756890
v 0.025609 4.509194 1.759130
v 0.029647 4.507722 1.760568
v 0.034123 4.507215 1.761064
v 0.038600 4.507722 1.760568
v 0.042638 4.509194 1.759130
v 0.045842 4.511486 1.756890
v 0.047900 4.514374 1.754068
v -1.979206 1.054350 0.028921
v -1.971258 1.043194 0.039822
v -2.024472 1.030828 0.051906
v -1.991584 1.063203 0.020269
v -2.007182 1.068887 0.014715
v -2.024472 1.070845 0.012801
v -2.041763 1.068887 0.014715
v -2.057360 1.063203 0.020269
v -2.069739 1.054350 0.028921
v -2.077686 1.043194 0.039822
v -2.080425 1.030828 0.051906
v -2.077686 1.018461 0.063991
v -2.069739 1.007306 0.074892
v -2.057360 0.998453 0.083543
v -2.041763 0.992769 0.089098
v -2.024472 0.990810 0.091012
v -2.007182 0.992769 0.089098
v -1.991584 0.998453 0.083543
v -1.979206 1.007306 0.074892
v -1.971258 1.018461 0.063991
v -1.968520 1.030828 0.051906
v -2.010695 2.694333 1.747811
v -2.024472 2.693100 1.752953
v -2.009986 2.691132 1.750940
v -2.012753 2.697221 1.744989
v -2.015958 2.699513 1.742749
v -2.019996 2.700985 1.741311
v -2.024472 2.701492 1.740815
v -2.028949 2.700985 1.741311
v -2.032987 2.699513 1.742749
v -2.036191 2.697221 1.744989
v -2.038249 2.694333 1.747811
v -2.038958 2.691132 1.750940
v -2.038249 2.687930 1.754068
v -2.036191 2.685042 1.756890
v -2.032987 2.682750 1.759130
v -2.028949 2.681278 1.760568
v -2.024472 2.680771 1.761064
v -2.019996 2.681278 1.760568
v -2.015958 2.682750 1.759130
v -2.012753 2.685042 1.756890
v -2.010695 2.687930 1.754068
v 1.421854 2.880794 0.028921
v 1.429801 2.869638 0.039822
v 1.376587 2.857272 0.051906
v 1.409475 2.889647 0.020269
v 1.393877 2.895331 0.014715
v 1.376587 2.897290 0.012801
v 1.359297 2.895331 0.014715
v 1.343699 2.889647 0.020269
v 1.331321 2.880794 0.028921
v 1.323373 2.869638 0.039822
v 1.320635 2.857272 0.051906
v 1.323373 2.844906 0.063991
v 1.331321 2.833750 0.074892
v 1.343699 2.824897 0.083543
v 1.359297 2.819213 0.089098
v 1.376587 2.817254 0.091012
v 1.393877 2.819213 0.089098
v 1.409475 2.824897 0.083543
v 1.421853 2.833750 0.074892
v 1.429801 2.844906 0.063991
v 1.432539 2.857272 0.051906
v 1.390364 4.520778 1.747811
v 1.376587 4.519544 1.752953
v 1.391073 4.517576 1.750940
v 1.388306 4.523665 1.744989
v 1.385102 4.525958 1.742749
v 1.381063 4.527429 1.741311
v 1.376587 4.527936 1.740815
v 1.372111 4.527429 1.741311
v 1.368073 4.525958 1.742749
v 1.364868 4.523665 1.744989
v 1.362810 4.520778 1.747811
v 1.362101 4.517576 1.750940
v 1.362810 4.514374 1.754068
v 1.364868 4.511486 1.756890
v 1.368073 4.509194 1.759130
v 1.372111 4.507722 1.760568
v 1.376587 4.507215 1.761064
v 1.381063 4.507722 1.760568
v 1.385102 4.509194 1.759130
v 1.388306 4.511486 1.756890
v 1.390364 4.514374 1.754068
v -1.263074 2.880794 0.028921
v -1.255127 2.869638 0.039822
v -1.308341 2.857272 0.051906
v -1.275453 2.889647 0.020269
v -1.291051 2.895331 0.014715
v -1.308341 2.897290 0.012801
v -1.325631 2.895331 0.014715
v -1.341229 2.889647 0.020269
v -1.353607 2.880794 0.028921
v -1.361555 2.869638 0.039822
v -1.364293 2.857272 0.051906
v -1.361555 2.844906 0.063991
v -1.353607 2.833750 0.074892
v -1.341229 2.824897 0.083543
v -1.325631 2.819213 0.089098
v -1.308341 2.817254 0.091012
v -1.291051 2.819213 0.089098
v -1.275453 2.824897 0.083543
v -1.263074 2.833750 0.074892
v -1.255127 2.844906 0.063991
v -1.252388 2.857272 0.051906
v -1.294564 4.520778 1.747811
v -1.308341 4.519544 1.752953
v -1.293855 4.517576 1.750940
v -1.296621 4.523665 1.744989
v -1.299826 4.525958 1.742749
v -1.303864 4.527429 1.741311
v -1.308341 4.527936 1.740815
v -1.312817 4.527429 1.741311
v -1.316855 4.525958 1.742749
v -1.320060 4.523665 1.744989
v -1.322118 4.520778 1.747811
v -1.322827 4.517576 1.750940
v -1.322118 4.514374 1.754068
v -1.320060 4.511486 1.756890
v -1.316855 4.509194 1.759130
v -1.312817 4.507722 1.760568
v -1.308341 4.507215 1.761064
v -1.303864 4.507722 1.760568
v -1.299826 4.509194 1.759130
v -1.296622 4.511486 1.756890
v -1.294564 4.514374 1.754068
v 2.764318 2.880794 0.028921
v 2.772265 2.869638 0.039822
v 2.719051 2.857272 0.051906
v 2.751939 2.889647 0.020269
v 2.736341 2.895331 0.014715
v 2.719051 2.897290 0.012801
v 2.701761 2.895331 0.014715
v 2.686163 2.889647 0.020269
v 2.673785 2.880794 0.028921
v 2.665837 2.869638 0.039822
v 2.663099 2.857272 0.051906
v 2.665837 2.844906 0.063991
v 2.673785 2.833750 0.074892
v 2.686163 2.824897 0.083543
v 2.701761 2.819213 0.089098
v 2.719051 2.817254 0.091012
v 2.736341 2.819213 0.089098
v 2.751939 2.824897 0.083543
v 2.764318 2.833750 0.074892
v 2.772265 2.844906 0.063991
v 2.775003 2.857272 0.051906
v 2.732828 4.520778 1.747811
v 2.719051 4.519544 1.752953
v 2.733537 4.517576 1.750940
v 2.730770 4.523665 1.744989
v 2.727566 4.525958 1.742749
v 2.723527 4.527429 1.741311
v 2.719051 4.527936 1.740815
v 2.714575 4.527429 1.741311
v 2.710536 4.525958 1.742749
v 2.707332 4.523665 1.744989
v 2.705274 4.520778 1.747811
v 2.704565 4.517576 1.750940
v 2.705274 4.514374 1.754068
v 2.707332 4.511486 1.756890
v 2.710536 4.509194 1.759130
v 2.714575 4.507722 1.760568
v 2.719051 4.507215 1.761064
v 2.723527 4.507722 1.760568
v 2.727566 4.509194 1.759130
v 2.730770 4.511486 1.756890
v 2.732828 4.514374 1.754068
v -3.437575 -1.006115 0.028921
v -3.429628 -1.017270 0.039822
v -3.482841 -1.029637 0.051906
v -3.449954 -0.997262 0.020269
v -3.465551 -0.991577 0.014715
v -3.482841 -0.989619 0.012801
v -3.500132 -0.991577 0.014715
v -3.515729 -0.997262 0.020269
v -3.528108 -1.006115 0.028921
v -3.536055 -1.017270 0.039822
v -3.538794 -1.029637 0.051906
v -3.536055 -1.042003 0.063991
v -3.528108 -1.053159 0.074892
v -3.515729 -1.062012 0.083543
v -3.500132 -1.067696 0.089098
v -3.482841 -1.069654 0.091012
v -3.465551 -1.067696 0.089098
v -3.449954 -1.062012 0.083543
v -3.437575 -1.053159 0.074892
v -3.429628 -1.042003 0.063991
v -3.426889 -1.029637 0.051906
v -3.469065 0.047609 1.147875
v -3.482841 0.045680 1.152306
v -3.468356 0.044407 1.151004
v -3.471122 0.050497 1.145053
v -3.474327 0.052789 1.142813
v -3.478365 0.054261 1.141375
v -3.482841 0.054768 1.140880
v -3.487318 0.054261 1.141375
v -3.491356 0.052789 1.142813
v -3.494561 0.050497 1.145053
v -3.496618 0.047609 1.147875
v -3.497327 0.044407 1.151004
v -3.496618 0.041206 1.154132
v -3.494561 0.038318 1.156955
v -3.491356 0.036025 1.159195
v -3.487318 0.034554 1.160633
v -3.482841 0.034047 1.161128
v -3.478365 0.034554 1.160633
v -3.474327 0.036025 1.159195
v -3.471122 0.038318 1.156955
v -3.469065 0.041206 1.154132
v -0.398503 -2.671595 0.028921
v -0.390555 -2.682751 0.039822
v -0.443769 -2.695117 0.051906
v -0.410881 -2.662742 0.020269
v -0.426479 -2.657058 0.014715
v -0.443769 -2.655099 0.012801
v -0.461059 -2.657058 0.014715
v -0.476657 -2.662742 0.020269
v -0.489035 -2.671595 0.028921
v -0.496983 -2.682751 0.039822
v -0.499721 -2.695117 0.051906
v -0.496983 -2.707483 0.063991
v -0.489035 -2.718639 0.074892
v -0.476657 -2.727492 0.083543
v -0.461059 -2.733176 0.089098
v -0.443769 -2.735135 0.091012
v -0.426479 -2.733176 0.089098
v -0.410881 -2.727492 0.083543
v -0.398503 -2.718639 0.074892
v -0.390555 -2.707483 0.063991
v -0.387817 -2.695117 0.051906
v -0.429992 -1.617872 1.147875
v -0.443769 -1.619800 1.152306
v -0.429283 -1.621073 1.151004
v -0.432050 -1.614983 1.145053
v -0.435254 -1.612691 1.142813
v -0.439293 -1.611220 1.141375
v -0.443769 -1.610713 1.140880
v -0.448245 -1.611220 1.141375
v -0.452284 -1.612691 1.142813
v -0.455488 -1.614983 1.145053
v -0.457546 -1.617872 1.147875
v -0.458255 -1.621073 1.151004
v -0.457546 -1.624275 1.154132
v -0.455488 -1.627163 1.156955
v -0.452284 -1.629455 1.159195
v -0.448245 -1.630926 1.160633
v -0.443769 -1.631433 1.161128
v -0.439293 -1.630926 1.160633
v -0.435255 -1.629455 1.159195
v -0.432050 -1.627163 1.156955
v -0.429992 -1.624275 1.154132
v -1.411526 -2.671595 0.028921
v -1.403579 -2.682751 0.039822
v -1.456793 -2.695117 0.051906
v -1.423905 -2.662742 0.020269
v -1.439502 -2.657058 0.014715
v -1.456793 -2.655099 0.012801
v -1.474083 -2.657058 0.014715
v -1.489681 -2.662742 0.020269
v -1.502059 -2.671595 0.028921
v -1.510007 -2.682751 0.039822
v -1.512745 -2.695117 0.051906
v -1.510007 -2.707483 0.063991
v -1.502059 -2.718639 0.074892
v -1.489681 -2.727492 0.083543
v -1.474083 -2.733176 0.089098
v -1.456793 -2.735135 0.091012
v -1.439502 -2.733176 0.089098
v -1.423905 -2.727492 0.083543
v -1.411526 -2.718639 0.074892
v -1.403579 -2.707483 0.063991
v -1.400841 -2.695117 0.051906
v -1.443016 -1.617872 1.147875
v -1.456793 -1.619800 1.152306
v -1.442307 -1.621073 1.151004
v -1.445074 -1.614983 1.145053
v -1.448278 -1.612691 1.142813
v -1.452317 -1.611220 1.141375
v -1.456793 -1.610713 1.140880
v -1.461269 -1.611220 1.141375
v -1.465307 -1.612691 1.142813
v -1.468512 -1.614983 1.145053
v -1.470570 -1.617872 1.147875
v -1.471279 -1.621073 1.151004
v -1.470570 -1.624275 1.154132
v -1.468512 -1.627163 1.156955
v -1.465307 -1.629455 1.159195
v -1.461269 -1.630926 1.160633
v -1.456793 -1.631433 1.161128
v -1.452317 -1.630926 1.160633
v -1.448278 -1.629455 1.159195
v -1.445074 -1.627163 1.156955
v -1.443016 -1.624275 1.154132
v -2.424551 -2.671595 0.028921
v -2.416603 -2.682751 0.039822
v -2.469817 -2.695117 0.051906
v -2.436929 -2.662742 0.020269
v -2.452527 -2.657058 0.014715
v -2.469817 -2.655099 0.012801
v -2.487108 -2.657058 0.014715
v -2.502705 -2.662742 0.020269
v -2.515084 -2.671595 0.028921
v -2.523031 -2.682751 0.039822
v -2.525769 -2.695117 0.051906
v -2.523031 -2.707483 0.063991
v -2.515084 -2.718639 0.074892
v -2.502705 -2.727492 0.083543
v -2.487108 -2.733176 0.089098
v -2.469817 -2.735135 0.091012
v -2.452527 -2.733176 0.089098
v -2.436929 -2.727492 0.083543
v -2.424551 -2.718639 0.074892
v -2.416603 -2.707483 0.063991
v -2.413865 -2.695117 0.051906
v -2.456040 -1.617872 1.147875
v -2.469817 -1.619800 1.152306
v -2.455331 -1.621073 1.151004
v -2.458098 -1.614983 1.145053
v -2.461303 -1.612691 1.142813
v -2.465341 -1.611220 1.141375
v -2.469817 -1.610713 1.140880
v -2.474293 -1.611220 1.141375
v -2.478332 -1.612691 1.142813
v -2.481536 -1.614983 1.145053
v -2.483594 -1.617872 1.147875
v -2.484303 -1.621073 1.151004
v -2.483594 -1.624275 1.154132
v -2.481536 -1.627163 1.156955
v -2.478332 -1.629455 1.159195
v -2.474293 -1.630926 1.160633
v -2.469817 -1.631433 1.161128
v -2.465341 -1.630926 1.160633
v -2.461303 -1.629455 1.159195
v -2.458098 -1.627163 1.156955
v -2.456040 -1.624275 1.154132
v 0.708420 1.054350 0.028921
v 0.716367 1.043194 0.039822
v 0.663153 1.030828 0.051906
v 0.696041 1.063203 0.020269
v 0.680444 1.068887 0.014715
v 0.663153 1.070845 0.012801
v 0.645863 1.068887 0.014715
v 0.630265 1.063203 0.020269
v 0.617887 1.054350 0.028921
v 0.609940 1.043194 0.039822
v 0.607201 1.030828 0.051906
v 0.609940 1.018461 0.063991
v 0.617887 1.007306 0.074892
v 0.630265 0.998453 0.083543
v 0.645863 0.992769 0.089098
v 0.663153 0.990810 0.091012
v 0.680444 0.992769 0.089098
v 0.696041 0.998453 0.083543
v 0.708420 1.007306 0.074892
v 0.716367 1.018461 0.063991
v 0.719106 1.030828 0.051906
v 0.676930 2.694333 1.747811
v 0.663153 2.693100 1.752953
v 0.677639 2.691132 1.750940
v 0.674873 2.697221 1.744989
v 0.671668 2.699513 1.742749
v 0.667630 2.700985 1.741311
v 0.663153 2.701492 1.740815
v 0.658677 2.700985 1.741311
v 0.654639 2.699513 1.742749
v 0.651434 2.697221 1.744989
v 0.649377 2.694333 1.747811
v 0.648668 2.691132 1.750940
v 0.649377 2.687930 1.754068
v 0.651434 2.685042 1.756890
v 0.654639 2.682750 1.759130
v 0.658677 2.681278 1.760568
v 0.663153 2.680771 1.761064
v 0.667630 2.681278 1.760568
v 0.671668 2.682750 1.759130
v 0.674873 2.685042 1.756890
v 0.676930 2.687930 1.754068
v 2.052233 1.054350 0.028921
v 2.060180 1.043194 0.039822
v 2.006966 1.030828 0.051906
v 2.039854 1.063203 0.020269
v 2.024257 1.068887 0.014715
v 2.006966 1.070845 0.012801
v 1.989676 1.068887 0.014715
v 1.974078 1.063203 0.020269
v 1.961700 1.054350 0.028921
v 1.953752 1.043194 0.039822
v 1.951014 1.030828 0.051906
v 1.953752 1.018461 0.063991
v 1.961700 1.007306 0.074892
v 1.974078 0.998453 0.083543
v 1.989676 0.992769 0.089098
v 2.006966 0.990810 0.091012
v 2.024257 0.992769 0.089098
v 2.039854 0.998453 0.083543
v 2.052233 1.007306 0.074892
v 2.060180 1.018461 0.063991
v 2.062919 1.030828 0.051906
v 2.020743 2.694333 1.747811
v 2.006966 2.693100 1.752953
v 2.021452 2.691132 1.750940
v 2.018686 2.697221 1.744989
v 2.015481 2.699513 1.742749
v 2.011443 2.700985 1.741311
v 2.006966 2.701492 1.740815
v 2.002490 2.700985 1.741311
v 1.998452 2.699513 1.742749
v 1.995247 2.697221 1.744989
v 1.993190 2.694333 1.747811
v 1.992481 2.691132 1.750940
v 1.993190 2.687930 1.754068
v 1.995247 2.685042 1.756890
v 1.998452 2.682750 1.759130
v 2.002490 2.681278 1.760568
v 2.006966 2.680771 1.761064
v 2.011443 2.681278 1.760568
v 2.015481 2.682750 1.759130
v 2.018686 2.685042 1.756890
v 2.020743 2.687930 1.754068
v -0.635393 1.054350 0.028921
v -0.627445 1.043194 0.039822
v -0.680659 1.030828 0.051906
v -0.647771 1.063203 0.020269
v -0.663369 1.068887 0.014715
v -0.680659 1.070845 0.012801
v -0.697950 1.068887 0.014715
v -0.713547 1.063203 0.020269
v -0.725926 1.054350 0.028921
v -0.733873 1.043194 0.039822
v -0.736612 1.030828 0.051906
v -0.733873 1.018461 0.063991
v -0.725926 1.007306 0.074892
v -0.713547 0.998453 0.083543
v -0.697950 0.992769 0.089098
v -0.680659 0.990810 0.091012
v -0.663369 0.992769 0.089098
v -0.647771 0.998453 0.083543
v -0.635393 1.007306 0.074892
v -0.627445 1.018461 0.063991
v -0.624707 1.030828 0.051906
v -0.666883 2.694333 1.747811
v -0.680659 2.693100 1.752953
v -0.666174 2.691132 1.750940
v -0.668940 2.697221 1.744989
v -0.672145 2.699513 1.742749
v -0.676183 2.700985 1.741311
v -0.680659 2.701492 1.740815
v -0.685136 2.700985 1.741311
v -0.689174 2.699513 1.742749
v -0.692379 2.697221 1.744989
v -0.694436 2.694333 1.747811
v -0.695145 2.691132 1.750940
v -0.694436 2.687930 1.754068
v -0.692379 2.685042 1.756890
v -0.689174 2.682750 1.759130
v -0.685136 2.681278 1.760568
v -0.680659 2.680771 1.761064
v -0.676183 2.681278 1.760568
v -0.672145 2.682750 1.759130
v -0.668940 2.685042 1.756890
v -0.666883 2.687930 1.754068
v 1.635493 -1.017270 0.039822
v 1.627546 -1.006115 0.028921
v 1.627546 0.031836 1.091083
v 1.635493 0.020680 1.101984
v 1.615167 -0.997262 0.020269
v 1.615167 0.040689 1.082431
v 1.599570 -0.991577 0.014715
v 1.599569 0.046373 1.076877
v 1.582279 -0.989619 0.012801
v 1.582279 0.048332 1.074963
v 1.564989 -0.991577 0.014715
v 1.564989 0.046373 1.076877
v 1.549391 -0.997262 0.020269
v 1.549391 0.040689 1.082431
v 1.537013 -1.006115 0.028921
v 1.537013 0.031836 1.091083
v 1.529065 -1.017270 0.039822
v 1.529065 0.020680 1.101984
v 1.526327 -1.029637 0.051906
v 1.526327 0.008314 1.114068
v 1.529065 -1.042003 0.063991
v 1.529065 -0.004052 1.126153
v 1.537013 -1.053159 0.074892
v 1.537013 -0.015208 1.137054
v 1.549391 -1.062012 0.083543
v 1.549391 -0.024061 1.145705
v 1.564989 -1.067696 0.089098
v 1.564989 -0.029745 1.151260
v 1.582279 -1.069654 0.091012
v 1.582279 -0.031704 1.153174
v 1.599570 -1.067696 0.089098
v 1.599569 -0.029745 1.151260
v 1.615167 -1.062012 0.083543
v 1.615167 -0.024061 1.145705
v 1.627546 -1.053159 0.074892
v 1.627546 -0.015208 1.137054
v 1.635493 -1.042003 0.063991
v 1.635493 -0.004052 1.126153
v 1.638232 -1.029637 0.051906
v 1.638232 0.008314 1.114068
v 1.635493 -1.017270 0.039822
v 1.635493 0.020680 1.101984
v 1.608889 0.046858 1.141141
v 1.610258 0.040674 1.147184
v 1.619909 0.043481 1.132562
v 1.621845 0.034736 1.141107
v 1.628365 0.037707 1.122722
v 1.619909 0.043481 1.132562
v 1.621845 0.034736 1.141107
v 1.630736 0.026997 1.133188
v 1.633680 0.029930 1.112293
v 1.636325 0.017985 1.123965
v 1.604915 0.052436 1.135690
v 1.614289 0.051369 1.124853
v 1.619909 0.043481 1.132562
v 1.628365 0.037707 1.122722
v 1.621482 0.047368 1.113281
v 1.614289 0.051369 1.124853
v 1.633680 0.029930 1.112293
v 1.626003 0.040706 1.101763
v 1.598725 0.056863 1.131364
v 1.605536 0.057630 1.118735
v 1.610762 0.055035 1.105789
v 1.605536 0.057630 1.118735
v 1.614047 0.049257 1.093406
v 1.590925 0.059706 1.128586
v 1.594506 0.061649 1.114808
v 1.597253 0.059958 1.100978
v 1.594506 0.061649 1.114808
v 1.598981 0.054747 1.088041
v 1.582279 0.060685 1.127629
v 1.582279 0.063034 1.113454
v 1.582279 0.061654 1.099321
v 1.582279 0.063034 1.113454
v 1.582279 0.056639 1.086192
v 1.573633 0.059706 1.128586
v 1.570053 0.061649 1.114808
v 1.567305 0.059958 1.100978
v 1.570053 0.061649 1.114808
v 1.565578 0.054747 1.088041
v 1.565834 0.056863 1.131364
v 1.559023 0.057630 1.118735
v 1.553797 0.055035 1.105789
v 1.559023 0.057630 1.118735
v 1.550512 0.049257 1.093406
v 1.559644 0.052436 1.135690
v 1.550270 0.051369 1.124853
v 1.543077 0.047368 1.113281
v 1.550270 0.051369 1.124853
v 1.538555 0.040706 1.101763
v 1.555670 0.046858 1.141141
v 1.544650 0.043481 1.132562
v 1.536194 0.037707 1.122722
v 1.544650 0.043481 1.132562
v 1.530878 0.029930 1.112293
v 1.554300 0.040674 1.147184
v 1.542713 0.034736 1.141107
v 1.533822 0.026997 1.133188
v 1.542713 0.034736 1.141107
v 1.528233 0.017985 1.123965
v 1.555670 0.034491 1.153227
v 1.544650 0.025991 1.149652
v 1.536194 0.016287 1.143653
v 1.544650 0.025991 1.149652
v 1.530878 0.006040 1.135638
v 1.559644 0.028912 1.158678
v 1.550270 0.018103 1.157361
v 1.543077 0.006626 1.153094
v 1.550270 0.018103 1.157361
v 1.538555 -0.004735 1.146168
v 1.565834 0.024485 1.163004
v 1.559023 0.011842 1.163479
v 1.553797 -0.001041 1.160586
v 1.559023 0.011842 1.163479
v 1.550512 -0.013287 1.154524
v 1.573633 0.021643 1.165781
v 1.570053 0.007823 1.167407
v 1.567305 -0.005964 1.165397
v 1.570053 0.007823 1.167407
v 1.565578 -0.018777 1.159890
v 1.582279 0.020663 1.166739
v 1.582279 0.006438 1.168760
v 1.582279 -0.007660 1.167055
v 1.582279 0.006438 1.168760
v 1.582279 -0.020669 1.161739
v 1.590925 0.021643 1.165781
v 1.594506 0.007823 1.167407
v 1.597253 -0.005964 1.165397
v 1.594506 0.007823 1.167407
v 1.598981 -0.018777 1.159890
v 1.598725 0.024485 1.163004
v 1.605536 0.011842 1.163479
v 1.610762 -0.001041 1.160586
v 1.605536 0.011842 1.163479
v 1.614047 -0.013287 1.154524
v 1.604915 0.028912 1.158678
v 1.614289 0.018103 1.157361
v 1.621482 0.006626 1.153094
v 1.614289 0.018103 1.157361
v 1.626003 -0.004735 1.146168
v 1.608889 0.034491 1.153227
v 1.619909 0.025991 1.149652
v 1.628365 0.016287 1.143653
v 1.619909 0.025991 1.149652
v 1.633680 0.006040 1.135638
v 1.557014 -0.696824 0.133586
v 1.557014 -0.696824 0.159896
v 1.607544 -0.696824 0.159896
v 1.607544 -0.696824 0.133586
v 1.551741 -1.133032 0.159896
v 1.551741 -1.133032 0.133586
v 1.612818 -1.133032 0.133586
v 1.612818 -1.133032 0.159896
v 1.717595 -0.897167 0.159896
v 1.717595 -0.897167 0.133586
v 1.689764 -0.763671 0.133586
v 1.689764 -0.763671 0.159896
v 1.446963 -0.897167 0.133586
v 1.446963 -0.897167 0.159896
v 1.474795 -0.763671 0.159896
v 1.474795 -0.763671 0.133586
v 1.751863 -0.993988 0.159896
v 1.751863 -0.993988 0.133586
v 1.412696 -0.993988 0.133586
v 1.412696 -0.993988 0.159896
v 1.482218 -1.114404 0.159896
v 1.482218 -1.114404 0.133586
v 1.431324 -1.063510 0.159896
v 1.431324 -1.063510 0.133586
v 1.431324 -1.063510 0.159896
v 1.431324 -1.063510 0.133586
v 1.733234 -1.063510 0.159896
v 1.733234 -1.063510 0.133586
v 1.733234 -1.063510 0.159896
v 1.682341 -1.114404 0.159896
v 1.682341 -1.114404 0.133586
v 1.733234 -1.063510 0.133586
v 1.490697 -0.729276 0.159896
v 1.490697 -0.729276 0.133586
v 1.520099 -0.705372 0.159896
v 1.520099 -0.705372 0.133586
v 1.490697 -0.729276 0.133586
v 1.644460 -0.705372 0.159896
v 1.644460 -0.705372 0.133586
v 1.673862 -0.729276 0.159896
v 1.673862 -0.729276 0.133586
v 1.673862 -0.729276 0.133586
v 3.661541 -1.017270 0.039822
v 3.653594 -1.006115 0.028921
v 3.653594 0.031836 1.091083
v 3.661541 0.020680 1.101984
v 3.641216 -0.997262 0.020269
v 3.641216 0.040689 1.082431
v 3.625618 -0.991577 0.014715
v 3.625618 0.046373 1.076877
v 3.608328 -0.989619 0.012801
v 3.608328 0.048332 1.074963
v 3.591037 -0.991577 0.014715
v 3.591037 0.046373 1.076877
v 3.575440 -0.997262 0.020269
v 3.575440 0.040689 1.082431
v 3.563061 -1.006115 0.028921
v 3.563061 0.031836 1.091083
v 3.555114 -1.017270 0.039822
v 3.555114 0.020680 1.101984
v 3.552375 -1.029637 0.051906
v 3.552375 0.008314 1.114068
v 3.555114 -1.042003 0.063991
v 3.555114 -0.004052 1.126153
v 3.563061 -1.053159 0.074892
v 3.563061 -0.015208 1.137054
v 3.575440 -1.062012 0.083543
v 3.575440 -0.024061 1.145705
v 3.591037 -1.067696 0.089098
v 3.591037 -0.029745 1.151260
v 3.608328 -1.069654 0.091012
v 3.608328 -0.031704 1.153174
v 3.625618 -1.067696 0.089098
v 3.625618 -0.029745 1.151260
v 3.641216 -1.062012 0.083543
v 3.641216 -0.024061 1.145705
v 3.653594 -1.053159 0.074892
v 3.653594 -0.015208 1.137054
v 3.661541 -1.042003 0.063991
v 3.661541 -0.004052 1.126153
v 3.664280 -1.029637 0.051906
v 3.664280 0.008314 1.114068
v 3.661541 -1.017270 0.039822
v 3.661541 0.020680 1.101984
v 3.634937 0.046858 1.141141
v 3.636307 0.040674 1.147184
v 3.645957 0.043481 1.132562
v 3.647894 0.034736 1.141107
v 3.654413 0.037707 1.122722
v 3.645957 0.043481 1.132562
v 3.647894 0.034736 1.141107
v 3.656785 0.026997 1.133188
v 3.659729 0.029930 1.112293
v 3.662374 0.017985 1.123965
v 3.630963 0.052436 1.135690
v 3.640337 0.051369 1.124853
v 3.645957 0.043481 1.132562
v 3.654413 0.037707 1.122722
v 3.647530 0.047368 1.113281
v 3.640337 0.051369 1.124853
v 3.659729 0.029930 1.112293
v 3.652052 0.040706 1.101763
v 3.624773 0.056863 1.131364
v 3.631584 0.057630 1.118735
v 3.636810 0.055035 1.105789
v 3.631584 0.057630 1.118735
v 3.640095 0.049257 1.093406
v 3.616974 0.059706 1.128586
v 3.620554 0.061649 1.114808
v 3.623302 0.059958 1.100978
v 3.620554 0.061649 1.114808
v 3.625029 0.054747 1.088041
v 3.608328 0.060685 1.127629
v 3.608328 0.063034 1.113454
v 3.608328 0.061654 1.099321
v 3.608328 0.063034 1.113454
v 3.608328 0.056639 1.086192
v 3.599682 0.059706 1.128586
v 3.596101 0.061649 1.114808
v 3.593354 0.059958 1.100978
v 3.596101 0.061649 1.114808
v 3.591626 0.054747 1.088041
v 3.591882 0.056863 1.131364
v 3.585071 0.057630 1.118735
v 3.579845 0.055035 1.105789
v 3.585071 0.057630 1.118735
v 3.576560 0.049257 1.093406
v 3.585692 0.052436 1.135690
v 3.576318 0.051369 1.124853
v 3.569125 0.047368 1.113281
v 3.576318 0.051369 1.124853
v 3.564603 0.040706 1.101763
v 3.581718 0.046858 1.141141
v 3.570698 0.043481 1.132562
v 3.562242 0.037707 1.122722
v 3.570698 0.043481 1.132562
v 3.556927 0.029930 1.112293
v 3.580348 0.040674 1.147184
v 3.568762 0.034736 1.141107
v 3.559871 0.026997 1.133188
v 3.568762 0.034736 1.141107
v 3.554281 0.017985 1.123965
v 3.581718 0.034491 1.153227
v 3.570698 0.025991 1.149652
v 3.562242 0.016287 1.143653
v 3.570698 0.025991 1.149652
v 3.556927 0.006040 1.135638
v 3.585692 0.028912 1.158678
v 3.576318 0.018103 1.157361
v 3.569125 0.006626 1.153094
v 3.576318 0.018103 1.157361
v 3.564603 -0.004735 1.146168
v 3.591882 0.024485 1.163004
v 3.585071 0.011842 1.163479
v 3.579845 -0.001041 1.160586
v 3.585071 0.011842 1.163479
v 3.576560 -0.013287 1.154524
v 3.599682 0.021643 1.165781
v 3.596101 0.007823 1.167407
v 3.593354 -0.005964 1.165397
v 3.596101 0.007823 1.167407
v 3.591626 -0.018777 1.159890
v 3.608328 0.020663 1.166739
v 3.608328 0.006438 1.168760
v 3.608328 -0.007660 1.167055
v 3.608328 0.006438 1.168760
v 3.608328 -0.020669 1.161739
v 3.616974 0.021643 1.165781
v 3.620554 0.007823 1.167407
v 3.623302 -0.005964 1.165397
v 3.620554 0.007823 1.167407
v 3.625029 -0.018777 1.159890
v 3.624773 0.024485 1.163004
v 3.631584 0.011842 1.163479
v 3.636810 -0.001041 1.160586
v 3.631584 0.011842 1.163479
v 3.640095 -0.013287 1.154524
v 3.630963 0.028912 1.158678
v 3.640337 0.018103 1.157361
v 3.647530 0.006626 1.153094
v 3.640337 0.018103 1.157361
v 3.652052 -0.004735 1.146168
v 3.634937 0.034491 1.153227
v 3.645957 0.025991 1.149652
v 3.654413 0.016287 1.143653
v 3.645957 0.025991 1.149652
v 3.659729 0.006040 1.135638
v 3.583063 -0.696824 0.133586
v 3.583063 -0.696824 0.159896
v 3.633593 -0.696824 0.159896
v 3.633593 -0.696824 0.133586
v 3.577789 -1.133032 0.159896
v 3.577789 -1.133032 0.133586
v 3.638866 -1.133032 0.133586
v 3.638866 -1.133032 0.159896
v 3.743644 -0.897167 0.159896
v 3.743644 -0.897167 0.133586
v 3.715812 -0.763671 0.133586
v 3.715812 -0.763671 0.159896
v 3.473012 -0.897167 0.133586
v 3.473012 -0.897167 0.159896
v 3.500843 -0.763671 0.159896
v 3.500843 -0.763671 0.133586
v 3.777911 -0.993988 0.159896
v 3.777911 -0.993988 0.133586
v 3.438744 -0.993988 0.133586
v 3.438744 -0.993988 0.159896
v 3.508266 -1.114404 0.159896
v 3.508266 -1.114404 0.133586
v 3.457373 -1.063510 0.159896
v 3.457373 -1.063510 0.133586
v 3.457373 -1.063510 0.159896
v 3.457373 -1.063510 0.133586
v 3.759283 -1.063510 0.159896
v 3.759283 -1.063510 0.133586
v 3.759283 -1.063510 0.159896
v 3.708389 -1.114404 0.159896
v 3.708389 -1.114404 0.133586
v 3.759283 -1.063510 0.133586
v 3.516745 -0.729276 0.159896
v 3.516745 -0.729276 0.133586
v 3.546147 -0.705372 0.159896
v 3.546147 -0.705372 0.133586
v 3.516745 -0.729276 0.133586
v 3.670508 -0.705372 0.159896
v 3.670508 -0.705372 0.133586
v 3.699910 -0.729276 0.159896
v 3.699910 -0.729276 0.133586
v 3.699910 -0.729276 0.133586
v -3.429628 -2.682751 0.039822
v -3.437575 -2.671595 0.028921
v -3.437575 -1.633644 1.091083
v -3.429628 -1.644800 1.101984
v -3.449954 -2.662742 0.020269
v -3.449954 -1.624791 1.082431
v -3.465551 -2.657058 0.014715
v -3.465551 -1.619107 1.076877
v -3.482841 -2.655099 0.012801
v -3.482841 -1.617149 1.074963
v -3.500132 -2.657058 0.014715
v -3.500132 -1.619107 1.076877
v -3.515729 -2.662742 0.020269
v -3.515729 -1.624791 1.082431
v -3.528108 -2.671595 0.028921
v -3.528108 -1.633644 1.091083
v -3.536055 -2.682751 0.039822
v -3.536055 -1.644800 1.101984
v -3.538794 -2.695117 0.051906
v -3.538794 -1.657166 1.114068
v -3.536055 -2.707483 0.063991
v -3.536055 -1.669533 1.126153
v -3.528108 -2.718639 0.074892
v -3.528108 -1.680688 1.137054
v -3.515729 -2.727492 0.083543
v -3.515729 -1.689541 1.145705
v -3.500132 -2.733176 0.089098
v -3.500132 -1.695226 1.151260
v -3.482841 -2.735135 0.091012
v -3.482841 -1.697184 1.153174
v -3.465551 -2.733176 0.089098
v -3.465551 -1.695226 1.151260
v -3.449954 -2.727492 0.083543
v -3.449954 -1.689541 1.145705
v -3.437575 -2.718639 0.074892
v -3.437575 -1.680688 1.137054
v -3.429628 -2.707483 0.063991
v -3.429628 -1.669533 1.126153
v -3.426889 -2.695117 0.051906
v -3.426889 -1.657166 1.114068
v -3.429628 -2.682751 0.039822
v -3.429628 -1.644800 1.101984
v -3.456232 -1.618622 1.141141
v -3.454862 -1.624806 1.147184
v -3.445212 -1.622000 1.132562
v -3.443275 -1.630744 1.141107
v -3.436756 -1.627774 1.122722
v -3.445212 -1.622000 1.132562
v -3.443275 -1.630744 1.141107
v -3.434385 -1.638483 1.133188
v -3.431441 -1.635550 1.112293
v -3.428796 -1.647495 1.123965
v -3.460206 -1.613044 1.135690
v -3.450832 -1.614111 1.124853
v -3.445212 -1.622000 1.132562
v -3.436756 -1.627774 1.122722
v -3.443639 -1.618112 1.113281
v -3.450832 -1.614111 1.124853
v -3.431441 -1.635550 1.112293
v -3.439117 -1.624775 1.101763
v -3.466396 -1.608617 1.131364
v -3.459585 -1.607851 1.118735
v -3.454359 -1.610445 1.105789
v -3.459585 -1.607851 1.118735
v -3.451074 -1.616223 1.093406
v -3.474195 -1.605775 1.128586
v -3.470615 -1.603831 1.114808
v -3.467868 -1.605523 1.100978
v -3.470615 -1.603831 1.114808
v -3.466140 -1.610733 1.088041
v -3.482841 -1.604795 1.127629
v -3.482841 -1.602446 1.113454
v -3.482841 -1.603826 1.099321
v -3.482841 -1.602446 1.113454
v -3.482841 -1.608841 1.086192
v -3.491488 -1.605775 1.128586
v -3.495068 -1.603831 1.114808
v -3.497816 -1.605523 1.100978
v -3.495068 -1.603831 1.114808
v -3.499543 -1.610733 1.088041
v -3.499287 -1.608617 1.131364
v -3.506098 -1.607851 1.118735
v -3.511324 -1.610445 1.105789
v -3.506098 -1.607851 1.118735
v -3.514609 -1.616223 1.093406
v -3.505477 -1.613044 1.135690
v -3.514851 -1.614111 1.124853
v -3.522044 -1.618112 1.113281
v -3.514851 -1.614111 1.124853
v -3.526566 -1.624775 1.101763
v -3.509451 -1.618622 1.141141
v -3.520471 -1.622000 1.132562
v -3.528927 -1.627774 1.122722
v -3.520471 -1.622000 1.132562
v -3.534242 -1.635550 1.112293
v -3.510821 -1.624806 1.147184
v -3.522408 -1.630744 1.141107
v -3.531298 -1.638483 1.133188
v -3.522408 -1.630744 1.141107
v -3.536888 -1.647495 1.123965
v -3.509451 -1.630990 1.153227
v -3.520471 -1.639489 1.149652
v -3.528927 -1.649193 1.143653
v -3.520471 -1.639489 1.149652
v -3.534242 -1.659440 1.135638
v -3.505477 -1.636568 1.158678
v -3.514851 -1.647377 1.157361
v -3.522044 -1.658854 1.153094
v -3.514851 -1.647377 1.157361
v -3.526566 -1.670216 1.146168
v -3.499287 -1.640995 1.163004
v -3.506098 -1.653638 1.163479
v -3.511324 -1.666521 1.160586
v -3.506098 -1.653638 1.163479
v -3.514609 -1.678767 1.154524
v -3.491488 -1.643838 1.165781
v -3.495068 -1.657657 1.167407
v -3.497816 -1.671444 1.165397
v -3.495068 -1.657657 1.167407
v -3.499543 -1.684258 1.159890
v -3.482841 -1.644817 1.166739
v -3.482841 -1.659042 1.168760
v -3.482841 -1.673140 1.167055
v -3.482841 -1.659042 1.168760
v -3.482841 -1.686150 1.161739
v -3.474195 -1.643838 1.165781
v -3.470615 -1.657657 1.167407
v -3.467868 -1.671444 1.165397
v -3.470615 -1.657657 1.167407
v -3.466140 -1.684258 1.159890
v -3.466396 -1.640995 1.163004
v -3.459585 -1.653638 1.163479
v -3.454359 -1.666521 1.160586
v -3.459585 -1.653638 1.163479
v -3.451074 -1.678767 1.154524
v -3.460206 -1.636568 1.158678
v -3.450832 -1.647377 1.157361
v -3.443639 -1.658854 1.153094
v -3.450832 -1.647377 1.157361
v -3.439117 -1.670216 1.146168
v -3.456232 -1.630990 1.153227
v -3.445212 -1.639489 1.149652
v -3.436756 -1.649193 1.143653
v -3.445212 -1.639489 1.149652
v -3.431441 -1.659440 1.135638
v -3.508106 -2.362305 0.133586
v -3.508106 -2.362305 0.159896
v -3.457577 -2.362305 0.159896
v -3.457577 -2.362305 0.133586
v -3.513380 -2.798512 0.159896
v -3.513380 -2.798512 0.133586
v -3.452303 -2.798512 0.133586
v -3.452303 -2.798512 0.159896
v -3.347526 -2.562648 0.159896
v -3.347526 -2.562648 0.133586
v -3.375357 -2.429151 0.133586
v -3.375357 -2.429151 0.159896
v -3.618157 -2.562648 0.133586
v -3.618157 -2.562648 0.159896
v -3.590326 -2.429151 0.159896
v -3.590326 -2.429151 0.133586
v -3.313258 -2.659468 0.159896
v -3.313258 -2.659468 0.133586
v -3.652425 -2.659468 0.133586
v -3.652425 -2.659468 0.159896
v -3.582903 -2.779884 0.159896
v -3.582903 -2.779884 0.133586
v -3.633796 -2.728990 0.159896
v -3.633796 -2.728990 0.133586
v -3.633796 -2.728990 0.159896
v -3.633796 -2.728990 0.133586
v -3.331887 -2.728990 0.159896
v -3.331887 -2.728990 0.133586
v -3.331887 -2.728990 0.159896
v -3.382780 -2.779884 0.159896
v -3.382780 -2.779884 0.133586
v -3.331887 -2.728990 0.133586
v -3.574424 -2.394757 0.159896
v -3.574424 -2.394757 0.133586
v -3.545022 -2.370852 0.159896
v -3.545022 -2.370852 0.133586
v -3.574424 -2.394757 0.133586
v -3.420661 -2.370852 0.159896
v -3.420661 -2.370852 0.133586
v -3.391259 -2.394757 0.159896
v -3.391259 -2.394757 0.133586
v -3.391259 -2.394757 0.133586
v -3.315071 1.043194 0.039822
v -3.323019 1.054350 0.028921
v -3.323019 2.658859 1.670857
v -3.315071 2.647703 1.681759
v -3.335397 1.063203 0.020269
v -3.335397 2.667712 1.662206
v -3.350995 1.068887 0.014715
v -3.350995 2.673396 1.656651
v -3.368285 1.070845 0.012801
v -3.368285 2.675354 1.654737
v -3.385575 1.068887 0.014715
v -3.385575 2.673396 1.656651
v -3.401173 1.063203 0.020269
v -3.401173 2.667712 1.662206
v -3.413551 1.054350 0.028921
v -3.413551 2.658859 1.670857
v -3.421499 1.043194 0.039822
v -3.421499 2.647703 1.681759
v -3.424237 1.030828 0.051906
v -3.424237 2.635337 1.693843
v -3.421499 1.018461 0.063991
v -3.421499 2.622971 1.705927
v -3.413551 1.007306 0.074892
v -3.413551 2.611815 1.716829
v -3.401173 0.998453 0.083543
v -3.401173 2.602962 1.725480
v -3.385575 0.992769 0.089098
v -3.385575 2.597278 1.731035
v -3.368285 0.990810 0.091012
v -3.368285 2.595319 1.732949
v -3.350995 0.992769 0.089098
v -3.350995 2.597278 1.731035
v -3.335397 0.998453 0.083543
v -3.335397 2.602962 1.725480
v -3.323019 1.007306 0.074892
v -3.323019 2.611815 1.716829
v -3.315071 1.018461 0.063991
v -3.315071 2.622971 1.705927
v -3.312333 1.030828 0.051906
v -3.312333 2.635337 1.693843
v -3.315071 1.043194 0.039822
v -3.315071 2.647703 1.681759
v -3.341675 2.691545 1.738991
v -3.340306 2.685361 1.745034
v -3.330655 2.684926 1.727095
v -3.328719 2.676182 1.735641
v -3.322200 2.674928 1.712933
v -3.330655 2.684926 1.727095
v -3.328719 2.676182 1.735641
v -3.319828 2.664218 1.723398
v -3.316884 2.662232 1.697469
v -3.314239 2.650287 1.709142
v -3.345649 2.697123 1.733540
v -3.336275 2.692815 1.719387
v -3.330655 2.684926 1.727095
v -3.322200 2.674928 1.712933
v -3.329082 2.684589 1.703492
v -3.336275 2.692815 1.719387
v -3.316884 2.662232 1.697469
v -3.324561 2.673007 1.686939
v -3.351839 2.701550 1.729214
v -3.345029 2.699075 1.713269
v -3.339803 2.692256 1.695999
v -3.345029 2.699075 1.713269
v -3.336517 2.681559 1.678583
v -3.359639 2.704393 1.726437
v -3.356058 2.703094 1.709341
v -3.353311 2.697179 1.691189
v -3.356058 2.703094 1.709341
v -3.351584 2.687049 1.673218
v -3.368285 2.705372 1.725479
v -3.368285 2.704480 1.707988
v -3.368285 2.698875 1.689531
v -3.368285 2.704480 1.707988
v -3.368285 2.688941 1.671369
v -3.376931 2.704393 1.726437
v -3.380512 2.703094 1.709341
v -3.383259 2.697179 1.691189
v -3.380512 2.703094 1.709341
v -3.384986 2.687049 1.673218
v -3.384731 2.701550 1.729214
v -3.391541 2.699075 1.713269
v -3.396767 2.692256 1.695999
v -3.391541 2.699075 1.713269
v -3.400053 2.681559 1.678583
v -3.390920 2.697123 1.733540
v -3.400295 2.692815 1.719387
v -3.407487 2.684589 1.703492
v -3.400295 2.692815 1.719387
v -3.412009 2.673007 1.686939
v -3.394895 2.691545 1.738991
v -3.405915 2.684926 1.727095
v -3.414370 2.674928 1.712933
v -3.405915 2.684926 1.727095
v -3.419686 2.662232 1.697469
v -3.396264 2.685361 1.745034
v -3.407851 2.676182 1.735641
v -3.416742 2.664218 1.723398
v -3.407851 2.676182 1.735641
v -3.422331 2.650287 1.709142
v -3.394895 2.679177 1.751077
v -3.405915 2.667437 1.744186
v -3.414370 2.653509 1.733864
v -3.405915 2.667437 1.744186
v -3.419686 2.638342 1.720815
v -3.390920 2.673599 1.756528
v -3.400295 2.659548 1.751895
v -3.407487 2.643847 1.743305
v -3.400295 2.659548 1.751895
v -3.412009 2.627567 1.731345
v -3.384731 2.669172 1.760854
v -3.391541 2.653288 1.758012
v -3.396767 2.636180 1.750797
v -3.391541 2.653288 1.758012
v -3.400052 2.619015 1.739701
v -3.376931 2.666330 1.763632
v -3.380512 2.649268 1.761940
v -3.383259 2.631258 1.755608
v -3.380512 2.649268 1.761940
v -3.384986 2.613524 1.745067
v -3.368285 2.665350 1.764589
v -3.368285 2.647883 1.763294
v -3.368285 2.629561 1.757265
v -3.368285 2.647883 1.763294
v -3.368285 2.611633 1.746915
v -3.359639 2.666330 1.763632
v -3.356058 2.649268 1.761940
v -3.353311 2.631258 1.755608
v -3.356058 2.649268 1.761940
v -3.351584 2.613524 1.745067
v -3.351839 2.669172 1.760854
v -3.345029 2.653288 1.758012
v -3.339803 2.636180 1.750797
v -3.345029 2.653288 1.758012
v -3.336518 2.619015 1.739701
v -3.345649 2.673599 1.756528
v -3.336275 2.659548 1.751895
v -3.329082 2.643847 1.743305
v -3.336275 2.659548 1.751895
v -3.324561 2.627567 1.731345
v -3.341675 2.679177 1.751077
v -3.330655 2.667437 1.744186
v -3.322200 2.653509 1.733864
v -3.330655 2.667437 1.744186
v -3.316884 2.638342 1.720815
v -3.393550 1.363640 0.133586
v -3.393550 1.363640 0.159896
v -3.343020 1.363640 0.159896
v -3.343020 1.363640 0.133586
v -3.398824 0.927432 0.159896
v -3.398824 0.927432 0.133586
v -3.337746 0.927432 0.133586
v -3.337746 0.927432 0.159896
v -3.232969 1.163297 0.159896
v -3.232969 1.163297 0.133586
v -3.260800 1.296794 0.133586
v -3.260800 1.296794 0.159896
v -3.503601 1.163297 0.133586
v -3.503601 1.163297 0.159896
v -3.475770 1.296794 0.159896
v -3.475770 1.296794 0.133586
v -3.198702 1.066477 0.159896
v -3.198702 1.066477 0.133586
v -3.537868 1.066477 0.133586
v -3.537868 1.066477 0.159896
v -3.468346 0.946061 0.159896
v -3.468346 0.946061 0.133586
v -3.519240 0.996955 0.159896
v -3.519240 0.996955 0.133586
v -3.519240 0.996955 0.159896
v -3.519240 0.996955 0.133586
v -3.217330 0.996955 0.159896
v -3.217330 0.996955 0.133586
v -3.217330 0.996955 0.159896
v -3.268224 0.946061 0.159896
v -3.268224 0.946061 0.133586
v -3.217330 0.996955 0.133586
v -3.459867 1.331188 0.159896
v -3.459867 1.331188 0.133586
v -3.430466 1.355092 0.159896
v -3.430466 1.355092 0.133586
v -3.459867 1.331188 0.133586
v -3.306104 1.355092 0.159896
v -3.306104 1.355092 0.133586
v -3.276703 1.331188 0.159896
v -3.276703 1.331188 0.133586
v -3.276703 1.331188 0.133586
v 0.622469 -2.682751 0.039822
v 0.614522 -2.671595 0.028921
v 0.614522 -1.633644 1.091083
v 0.622469 -1.644800 1.101984
v 0.602143 -2.662742 0.020269
v 0.602143 -1.624791 1.082431
v 0.586545 -2.657058 0.014715
v 0.586545 -1.619107 1.076877
v 0.569255 -2.655099 0.012801
v 0.569255 -1.617149 1.074963
v 0.551965 -2.657058 0.014715
v 0.551965 -1.619107 1.076877
v 0.536367 -2.662742 0.020269
v 0.536367 -1.624791 1.082431
v 0.523989 -2.671595 0.028921
v 0.523989 -1.633644 1.091083
v 0.516041 -2.682751 0.039822
v 0.516041 -1.644800 1.101984
v 0.513303 -2.695117 0.051906
v 0.513303 -1.657166 1.114068
v 0.516041 -2.707483 0.063991
v 0.516041 -1.669533 1.126153
v 0.523989 -2.718639 0.074892
v 0.523989 -1.680688 1.137054
v 0.536367 -2.727492 0.083543
v 0.536367 -1.689541 1.145705
v 0.551965 -2.733176 0.089098
v 0.551965 -1.695226 1.151260
v 0.569255 -2.735135 0.091012
v 0.569255 -1.697184 1.153174
v 0.586545 -2.733176 0.089098
v 0.586545 -1.695226 1.151260
v 0.602143 -2.727492 0.083543
v 0.602143 -1.689541 1.145705
v 0.614522 -2.718639 0.074892
v 0.614522 -1.680688 1.137054
v 0.622469 -2.707483 0.063991
v 0.622469 -1.669533 1.126153
v 0.625207 -2.695117 0.051906
v 0.625207 -1.657166 1.114068
v 0.622469 -2.682751 0.039822
v 0.622469 -1.644800 1.101984
v 0.595865 -1.618622 1.141141
v 0.597234 -1.624806 1.147184
v 0.606885 -1.622000 1.132562
v 0.608821 -1.630744 1.141107
v 0.615340 -1.627774 1.122722
v 0.606885 -1.622000 1.132562
v 0.608821 -1.630744 1.141107
v 0.617712 -1.638483 1.133188
v 0.620656 -1.635550 1.112293
v 0.623301 -1.647495 1.123965
v 0.591891 -1.613044 1.135690
v 0.601265 -1.614111 1.124853
v 0.606885 -1.622000 1.132562
v 0.615340 -1.627774 1.122722
v 0.608458 -1.618112 1.113281
v 0.601265 -1.614111 1.124853
v 0.620656 -1.635550 1.112293
v 0.612979 -1.624775 1.101763
v 0.585701 -1.608617 1.131364
v 0.592511 -1.607851 1.118735
v 0.597737 -1.610445 1.105789
v 0.592511 -1.607851 1.118735
v 0.601022 -1.616223 1.093406
v 0.577901 -1.605775 1.128586
v 0.581482 -1.603831 1.114808
v 0.584229 -1.605523 1.100978
v 0.581482 -1.603831 1.114808
v 0.585956 -1.610733 1.088041
v 0.569255 -1.604795 1.127629
v 0.569255 -1.602446 1.113454
v 0.569255 -1.603826 1.099321
v 0.569255 -1.602446 1.113454
v 0.569255 -1.608841 1.086192
v 0.560609 -1.605775 1.128586
v 0.557029 -1.603831 1.114808
v 0.554281 -1.605523 1.100978
v 0.557029 -1.603831 1.114808
v 0.552554 -1.610733 1.088041
v 0.552809 -1.608617 1.131364
v 0.545999 -1.607851 1.118735
v 0.540773 -1.610445 1.105789
v 0.545999 -1.607851 1.118735
v 0.537488 -1.616223 1.093406
v 0.546619 -1.613044 1.135690
v 0.537246 -1.614111 1.124853
v 0.530053 -1.618112 1.113281
v 0.537246 -1.614111 1.124853
v 0.525531 -1.624775 1.101763
v 0.542645 -1.618622 1.141141
v 0.531626 -1.622000 1.132562
v 0.523170 -1.627774 1.122722
v 0.531626 -1.622000 1.132562
v 0.517854 -1.635550 1.112293
v 0.541276 -1.624806 1.147184
v 0.529689 -1.630744 1.141107
v 0.520798 -1.638483 1.133188
v 0.529689 -1.630744 1.141107
v 0.515209 -1.647495 1.123965
v 0.542645 -1.630990 1.153227
v 0.531626 -1.639489 1.149652
v 0.523170 -1.649193 1.143653
v 0.531626 -1.639489 1.149652
v 0.517854 -1.659440 1.135638
v 0.546619 -1.636568 1.158678
v 0.537246 -1.647377 1.157361
v 0.530053 -1.658854 1.153094
v 0.537246 -1.647377 1.157361
v 0.525531 -1.670216 1.146168
v 0.552809 -1.640995 1.163004
v 0.545999 -1.653638 1.163479
v 0.540773 -1.666521 1.160586
v 0.545999 -1.653638 1.163479
v 0.537488 -1.678767 1.154524
v 0.560609 -1.643838 1.165781
v 0.557029 -1.657657 1.167407
v 0.554281 -1.671444 1.165397
v 0.557029 -1.657657 1.167407
v 0.552554 -1.684258 1.159890
v 0.569255 -1.644817 1.166739
v 0.569255 -1.659042 1.168760
v 0.569255 -1.673140 1.167055
v 0.569255 -1.659042 1.168760
v 0.569255 -1.686150 1.161739
v 0.577901 -1.643838 1.165781
v 0.581482 -1.657657 1.167407
v 0.584229 -1.671444 1.165397
v 0.581482 -1.657657 1.167407
v 0.585956 -1.684258 1.159890
v 0.585701 -1.640995 1.163004
v 0.592511 -1.653638 1.163479
v 0.597737 -1.666521 1.160586
v 0.592511 -1.653638 1.163479
v 0.601022 -1.678767 1.154524
v 0.591891 -1.636568 1.158678
v 0.601265 -1.647377 1.157361
v 0.608458 -1.658854 1.153094
v 0.601265 -1.647377 1.157361
v 0.612979 -1.670216 1.146168
v 0.595865 -1.630990 1.153227
v 0.606884 -1.639489 1.149652
v 0.615340 -1.649193 1.143653
v 0.606884 -1.639489 1.149652
v 0.620656 -1.659440 1.135638
v 0.543990 -2.362305 0.133586
v 0.543990 -2.362305 0.159896
v 0.594520 -2.362305 0.159896
v 0.594520 -2.362305 0.133586
v 0.538716 -2.798512 0.159896
v 0.538716 -2.798512 0.133586
v 0.599794 -2.798512 0.133586
v 0.599794 -2.798512 0.159896
v 0.704571 -2.562648 0.159896
v 0.704571 -2.562648 0.133586
v 0.676740 -2.429151 0.133586
v 0.676740 -2.429151 0.159896
v 0.433939 -2.562648 0.133586
v 0.433939 -2.562648 0.159896
v 0.461771 -2.429151 0.159896
v 0.461771 -2.429151 0.133586
v 0.738838 -2.659468 0.159896
v 0.738838 -2.659468 0.133586
v 0.399672 -2.659468 0.133586
v 0.399672 -2.659468 0.159896
v 0.469194 -2.779884 0.159896
v 0.469194 -2.779884 0.133586
v 0.418300 -2.728990 0.159896
v 0.418300 -2.728990 0.133586
v 0.418300 -2.728990 0.159896
v 0.418300 -2.728990 0.133586
v 0.720210 -2.728990 0.159896
v 0.720210 -2.728990 0.133586
v 0.720210 -2.728990 0.159896
v 0.669316 -2.779884 0.159896
v 0.669316 -2.779884 0.133586
v 0.720210 -2.728990 0.133586
v 0.477673 -2.394757 0.159896
v 0.477673 -2.394757 0.133586
v 0.507074 -2.370852 0.159896
v 0.507074 -2.370852 0.133586
v 0.477673 -2.394757 0.133586
v 0.631436 -2.370852 0.159896
v 0.631436 -2.370852 0.133586
v 0.660837 -2.394757 0.159896
v 0.660837 -2.394757 0.133586
v 0.660837 -2.394757 0.133586
v 1.635493 -2.682751 0.039822
v 1.627546 -2.671595 0.028921
v 1.627546 -1.633644 1.091083
v 1.635493 -1.644800 1.101984
v 1.615167 -2.662742 0.020269
v 1.615167 -1.624791 1.082431
v 1.599570 -2.657058 0.014715
v 1.599569 -1.619107 1.076877
v 1.582279 -2.655099 0.012801
v 1.582279 -1.617149 1.074963
v 1.564989 -2.657058 0.014715
v 1.564989 -1.619107 1.076877
v 1.549391 -2.662742 0.020269
v 1.549391 -1.624791 1.082431
v 1.537013 -2.671595 0.028921
v 1.537013 -1.633644 1.091083
v 1.529065 -2.682751 0.039822
v 1.529065 -1.644800 1.101984
v 1.526327 -2.695117 0.051906
v 1.526327 -1.657166 1.114068
v 1.529065 -2.707483 0.063991
v 1.529065 -1.669533 1.126153
v 1.537013 -2.718639 0.074892
v 1.537013 -1.680688 1.137054
v 1.549391 -2.727492 0.083543
v 1.549391 -1.689541 1.145705
v 1.564989 -2.733176 0.089098
v 1.564989 -1.695226 1.151260
v 1.582279 -2.735135 0.091012
v 1.582279 -1.697184 1.153174
v 1.599570 -2.733176 0.089098
v 1.599569 -1.695226 1.151260
v 1.615167 -2.727492 0.083543
v 1.615167 -1.689541 1.145705
v 1.627546 -2.718639 0.074892
v 1.627546 -1.680688 1.137054
v 1.635493 -2.707483 0.063991
v 1.635493 -1.669533 1.126153
v 1.638232 -2.695117 0.051906
v 1.638232 -1.657166 1.114068
v 1.635493 -2.682751 0.039822
v 1.635493 -1.644800 1.101984
v 1.608889 -1.618622 1.141141
v 1.610258 -1.624806 1.147184
v 1.619909 -1.622000 1.132562
v 1.621845 -1.630744 1.141107
v 1.628365 -1.627774 1.122722
v 1.619909 -1.622000 1.132562
v 1.621845 -1.630744 1.141107
v 1.630736 -1.638483 1.133188
v 1.633680 -1.635550 1.112293
v 1.636325 -1.647495 1.123965
v 1.604915 -1.613044 1.135690
v 1.614289 -1.614111 1.124853
v 1.619909 -1.622000 1.132562
v 1.628365 -1.627774 1.122722
v 1.621482 -1.618112 1.113281
v 1.614289 -1.614111 1.124853
v 1.633680 -1.635550 1.112293
v 1.626003 -1.624775 1.101763
v 1.598725 -1.608617 1.131364
v 1.605536 -1.607851 1.118735
v 1.610762 -1.610445 1.105789
v 1.605536 -1.607851 1.118735
v 1.614047 -1.616223 1.093406
v 1.590925 -1.605775 1.128586
v 1.594506 -1.603831 1.114808
v 1.597253 -1.605523 1.100978
v 1.594506 -1.603831 1.114808
v 1.598981 -1.610733 1.088041
v 1.582279 -1.604795 1.127629
v 1.582279 -1.602446 1.113454
v 1.582279 -1.603826 1.099321
v 1.582279 -1.602446 1.113454
v 1.582279 -1.608841 1.086192
v 1.573633 -1.605775 1.128586
v 1.570053 -1.603831 1.114808
v 1.567305 -1.605523 1.100978
v 1.570053 -1.603831 1.114808
v 1.565578 -1.610733 1.088041
v 1.565834 -1.608617 1.131364
v 1.559023 -1.607851 1.118735
v 1.553797 -1.610445 1.105789
v 1.559023 -1.607851 1.118735
v 1.550512 -1.616223 1.093406
v 1.559644 -1.613044 1.135690
v 1.550270 -1.614111 1.124853
v 1.543077 -1.618112 1.113281
v 1.550270 -1.614111 1.124853
v 1.538555 -1.624775 1.101763
v 1.555670 -1.618622 1.141141
v 1.544650 -1.622000 1.132562
v 1.536194 -1.627774 1.122722
v 1.544650 -1.622000 1.132562
v 1.530878 -1.635550 1.112293
v 1.554300 -1.624806 1.147184
v 1.542713 -1.630744 1.141107
v 1.533822 -1.638483 1.133188
v 1.542713 -1.630744 1.141107
v 1.528233 -1.647495 1.123965
v 1.555670 -1.630990 1.153227
v 1.544650 -1.639489 1.149652
v 1.536194 -1.649193 1.143653
v 1.544650 -1.639489 1.149652
v 1.530878 -1.659440 1.135638
v 1.559644 -1.636568 1.158678
v 1.550270 -1.647377 1.157361
v 1.543077 -1.658854 1.153094
v 1.550270 -1.647377 1.157361
v 1.538555 -1.670216 1.146168
v 1.565834 -1.640995 1.163004
v 1.559023 -1.653638 1.163479
v 1.553797 -1.666521 1.160586
v 1.559023 -1.653638 1.163479
v 1.550512 -1.678767 1.154524
v 1.573633 -1.643838 1.165781
v 1.570053 -1.657657 1.167407
v 1.567305 -1.671444 1.165397
v 1.570053 -1.657657 1.167407
v 1.565578 -1.684258 1.159890
v 1.582279 -1.644817 1.166739
v 1.582279 -1.659042 1.168760
v 1.582279 -1.673140 1.167055
v 1.582279 -1.659042 1.168760
v 1.582279 -1.686150 1.161739
v 1.590925 -1.643838 1.165781
v 1.594506 -1.657657 1.167407
v 1.597253 -1.671444 1.165397
v 1.594506 -1.657657 1.167407
v 1.598981 -1.684258 1.159890
v 1.598725 -1.640995 1.163004
v 1.605536 -1.653638 1.163479
v 1.610762 -1.666521 1.160586
v 1.605536 -1.653638 1.163479
v 1.614047 -1.678767 1.154524
v 1.604915 -1.636568 1.158678
v 1.614289 -1.647377 1.157361
v 1.621482 -1.658854 1.153094
v 1.614289 -1.647377 1.157361
v 1.626003 -1.670216 1.146168
v 1.608889 -1.630990 1.153227
v 1.619909 -1.639489 1.149652
v 1.628365 -1.649193 1.143653
v 1.619909 -1.639489 1.149652
v 1.633680 -1.659440 1.135638
v 1.557014 -2.362305 0.133586
v 1.557014 -2.362305 0.159896
v 1.607544 -2.362305 0.159896
v 1.607544 -2.362305 0.133586
v 1.551741 -2.798512 0.159896
v 1.551741 -2.798512 0.133586
v 1.612818 -2.798512 0.133586
v 1.612818 -2.798512 0.159896
v 1.717595 -2.562648 0.159896
v 1.717595 -2.562648 0.133586
v 1.689764 -2.429151 0.133586
v 1.689764 -2.429151 0.159896
v 1.446963 -2.562648 0.133586
v 1.446963 -2.562648 0.159896
v 1.474795 -2.429151 0.159896
v 1.474795 -2.429151 0.133586
v 1.751863 -2.659468 0.159896
v 1.751863 -2.659468 0.133586
v 1.412696 -2.659468 0.133586
v 1.412696 -2.659468 0.159896
v 1.482218 -2.779884 0.159896
v 1.482218 -2.779884 0.133586
v 1.431324 -2.728990 0.159896
v 1.431324 -2.728990 0.133586
v 1.431324 -2.728990 0.159896
v 1.431324 -2.728990 0.133586
v 1.733234 -2.728990 0.159896
v 1.733234 -2.728990 0.133586
v 1.733234 -2.728990 0.159896
v 1.682341 -2.779884 0.159896
v 1.682341 -2.779884 0.133586
v 1.733234 -2.728990 0.133586
v 1.490697 -2.394757 0.159896
v 1.490697 -2.394757 0.133586
v 1.520099 -2.370852 0.159896
v 1.520099 -2.370852 0.133586
v 1.490697 -2.394757 0.133586
v 1.644460 -2.370852 0.159896
v 1.644460 -2.370852 0.133586
v 1.673862 -2.394757 0.159896
v 1.673862 -2.394757 0.133586
v 1.673862 -2.394757 0.133586
v 2.648517 -2.682751 0.039822
v 2.640570 -2.671595 0.028921
v 2.640570 -1.633644 1.091083
v 2.648517 -1.644800 1.101984
v 2.628191 -2.662742 0.020269
v 2.628191 -1.624791 1.082431
v 2.612594 -2.657058 0.014715
v 2.612594 -1.619107 1.076877
v 2.595304 -2.655099 0.012801
v 2.595304 -1.617149 1.074963
v 2.578013 -2.657058 0.014715
v 2.578013 -1.619107 1.076877
v 2.562416 -2.662742 0.020269
v 2.562416 -1.624791 1.082431
v 2.550037 -2.671595 0.028921
v 2.550037 -1.633644 1.091083
v 2.542089 -2.682751 0.039822
v 2.542089 -1.644800 1.101984
v 2.539351 -2.695117 0.051906
v 2.539351 -1.657166 1.114068
v 2.542089 -2.707483 0.063991
v 2.542089 -1.669533 1.126153
v 2.550037 -2.718639 0.074892
v 2.550037 -1.680688 1.137054
v 2.562416 -2.727492 0.083543
v 2.562416 -1.689541 1.145705
v 2.578013 -2.733176 0.089098
v 2.578013 -1.695226 1.151260
v 2.595304 -2.735135 0.091012
v 2.595304 -1.697184 1.153174
v 2.612594 -2.733176 0.089098
v 2.612594 -1.695226 1.151260
v 2.628191 -2.727492 0.083543
v 2.628191 -1.689541 1.145705
v 2.640570 -2.718639 0.074892
v 2.640570 -1.680688 1.137054
v 2.648517 -2.707483 0.063991
v 2.648517 -1.669533 1.126153
v 2.651256 -2.695117 0.051906
v 2.651256 -1.657166 1.114068
v 2.648517 -2.682751 0.039822
v 2.648517 -1.644800 1.101984
v 2.621913 -1.618622 1.141141
v 2.623282 -1.624806 1.147184
v 2.632933 -1.622000 1.132562
v 2.634870 -1.630744 1.141107
v 2.641389 -1.627774 1.122722
v 2.632933 -1.622000 1.132562
v 2.634870 -1.630744 1.141107
v 2.643760 -1.638483 1.133188
v 2.646704 -1.635550 1.112293
v 2.649349 -1.647495 1.123965
v 2.617939 -1.613044 1.135690
v 2.627313 -1.614111 1.124853
v 2.632933 -1.622000 1.132562
v 2.641389 -1.627774 1.122722
v 2.634506 -1.618112 1.113281
v 2.627313 -1.614111 1.124853
v 2.646704 -1.635550 1.112293
v 2.639028 -1.624775 1.101763
v 2.611749 -1.608617 1.131364
v 2.618560 -1.607851 1.118735
v 2.623785 -1.610445 1.105789
v 2.618560 -1.607851 1.118735
v 2.627071 -1.616223 1.093406
v 2.603950 -1.605775 1.128586
v 2.607530 -1.603831 1.114808
v 2.610277 -1.605523 1.100978
v 2.607530 -1.603831 1.114808
v 2.612005 -1.610733 1.088041
v 2.595304 -1.604795 1.127629
v 2.595304 -1.602446 1.113454
v 2.595304 -1.603826 1.099321
v 2.595304 -1.602446 1.113454
v 2.595304 -1.608841 1.086192
v 2.586658 -1.605775 1.128586
v 2.583077 -1.603831 1.114808
v 2.580329 -1.605523 1.100978
v 2.583077 -1.603831 1.114808
v 2.578602 -1.610733 1.088041
v 2.578858 -1.608617 1.131364
v 2.572047 -1.607851 1.118735
v 2.566821 -1.610445 1.105789
v 2.572047 -1.607851 1.118735
v 2.563536 -1.616223 1.093406
v 2.572668 -1.613044 1.135690
v 2.563294 -1.614111 1.124853
v 2.556101 -1.618112 1.113281
v 2.563294 -1.614111 1.124853
v 2.551579 -1.624775 1.101763
v 2.568694 -1.618622 1.141141
v 2.557674 -1.622000 1.132562
v 2.549218 -1.627774 1.122722
v 2.557674 -1.622000 1.132562
v 2.543902 -1.635550 1.112293
v 2.567324 -1.624806 1.147184
v 2.555737 -1.630744 1.141107
v 2.546846 -1.638483 1.133188
v 2.555737 -1.630744 1.141107
v 2.541257 -1.647495 1.123965
v 2.568694 -1.630990 1.153227
v 2.557674 -1.639489 1.149652
v 2.549218 -1.649193 1.143653
v 2.557674 -1.639489 1.149652
v 2.543902 -1.659440 1.135638
v 2.572668 -1.636568 1.158678
v 2.563294 -1.647377 1.157361
v 2.556101 -1.658854 1.153094
v 2.563294 -1.647377 1.157361
v 2.551579 -1.670216 1.146168
v 2.578858 -1.640995 1.163004
v 2.572047 -1.653638 1.163479
v 2.566821 -1.666521 1.160586
v 2.572047 -1.653638 1.163479
v 2.563536 -1.678767 1.154524
v 2.586658 -1.643838 1.165781
v 2.583077 -1.657657 1.167407
v 2.580329 -1.671444 1.165397
v 2.583077 -1.657657 1.167407
v 2.578602 -1.684258 1.159890
v 2.595304 -1.644817 1.166739
v 2.595304 -1.659042 1.168760
v 2.595304 -1.673140 1.167055
v 2.595304 -1.659042 1.168760
v 2.595304 -1.686150 1.161739
v 2.603950 -1.643838 1.165781
v 2.607530 -1.657657 1.167407
v 2.610277 -1.671444 1.165397
v 2.607530 -1.657657 1.167407
v 2.612005 -1.684258 1.159890
v 2.611749 -1.640995 1.163004
v 2.618560 -1.653638 1.163479
v 2.623785 -1.666521 1.160586
v 2.618560 -1.653638 1.163479
v 2.627071 -1.678767 1.154524
v 2.617939 -1.636568 1.158678
v 2.627313 -1.647377 1.157361
v 2.634506 -1.658854 1.153094
v 2.627313 -1.647377 1.157361
v 2.639028 -1.670216 1.146168
v 2.621913 -1.630990 1.153227
v 2.632933 -1.639489 1.149652
v 2.641389 -1.649193 1.143653
v 2.632933 -1.639489 1.149652
v 2.646704 -1.659440 1.135638
v 2.570038 -2.362305 0.133586
v 2.570038 -2.362305 0.159896
v 2.620568 -2.362305 0.159896
v 2.620568 -2.362305 0.133586
v 2.564764 -2.798512 0.159896
v 2.564764 -2.798512 0.133586
v 2.625842 -2.798512 0.133586
v 2.625842 -2.798512 0.159896
v 2.730619 -2.562648 0.159896
v 2.730619 -2.562648 0.133586
v 2.702788 -2.429151 0.133586
v 2.702788 -2.429151 0.159896
v 2.459988 -2.562648 0.133586
v 2.459988 -2.562648 0.159896
v 2.487819 -2.429151 0.159896
v 2.487819 -2.429151 0.133586
v 2.764887 -2.659468 0.159896
v 2.764887 -2.659468 0.133586
v 2.425720 -2.659468 0.133586
v 2.425720 -2.659468 0.159896
v 2.495242 -2.779884 0.159896
v 2.495242 -2.779884 0.133586
v 2.444348 -2.728990 0.159896
v 2.444348 -2.728990 0.133586
v 2.444348 -2.728990 0.159896
v 2.444348 -2.728990 0.133586
v 2.746258 -2.728990 0.159896
v 2.746258 -2.728990 0.133586
v 2.746258 -2.728990 0.159896
v 2.695364 -2.779884 0.159896
v 2.695364 -2.779884 0.133586
v 2.746258 -2.728990 0.133586
v 2.503721 -2.394757 0.159896
v 2.503721 -2.394757 0.133586
v 2.533123 -2.370852 0.159896
v 2.533123 -2.370852 0.133586
v 2.503721 -2.394757 0.133586
v 2.657484 -2.370852 0.159896
v 2.657484 -2.370852 0.133586
v 2.686886 -2.394757 0.159896
v 2.686886 -2.394757 0.133586
v 2.686886 -2.394757 0.133586
v 3.661541 -2.682751 0.039822
v 3.653594 -2.671595 0.028921
v 3.653594 -1.633644 1.091083
v 3.661541 -1.644800 1.101984
v 3.641216 -2.662742 0.020269
v 3.641216 -1.624791 1.082431
v 3.625618 -2.657058 0.014715
v 3.625618 -1.619107 1.076877
v 3.608328 -2.655099 0.012801
v 3.608328 -1.617149 1.074963
v 3.591037 -2.657058 0.014715
v 3.591037 -1.619107 1.076877
v 3.575440 -2.662742 0.020269
v 3.575440 -1.624791 1.082431
v 3.563061 -2.671595 0.028921
v 3.563061 -1.633644 1.091083
v 3.555114 -2.682751 0.039822
v 3.555114 -1.644800 1.101984
v 3.552375 -2.695117 0.051906
v 3.552375 -1.657166 1.114068
v 3.555114 -2.707483 0.063991
v 3.555114 -1.669533 1.126153
v 3.563061 -2.718639 0.074892
v 3.563061 -1.680688 1.137054
v 3.575440 -2.727492 0.083543
v 3.575440 -1.689541 1.145705
v 3.591037 -2.733176 0.089098
v 3.591037 -1.695226 1.151260
v 3.608328 -2.735135 0.091012
v 3.608328 -1.697184 1.153174
v 3.625618 -2.733176 0.089098
v 3.625618 -1.695226 1.151260
v 3.641216 -2.727492 0.083543
v 3.641216 -1.689541 1.145705
v 3.653594 -2.718639 0.074892
v 3.653594 -1.680688 1.137054
v 3.661541 -2.707483 0.063991
v 3.661541 -1.669533 1.126153
v 3.664280 -2.695117 0.051906
v 3.664280 -1.657166 1.114068
v 3.661541 -2.682751 0.039822
v 3.661541 -1.644800 1.101984
v 3.634937 -1.618622 1.141141
v 3.636307 -1.624806 1.147184
v 3.645957 -1.622000 1.132562
v 3.647894 -1.630744 1.141107
v 3.654413 -1.627774 1.122722
v 3.645957 -1.622000 1.132562
v 3.647894 -1.630744 1.141107
v 3.656785 -1.638483 1.133188
v 3.659729 -1.635550 1.112293
v 3.662374 -1.647495 1.123965
v 3.630963 -1.613044 1.135690
v 3.640337 -1.614111 1.124853
v 3.645957 -1.622000 1.132562
v 3.654413 -1.627774 1.122722
v 3.647530 -1.618112 1.113281
v 3.640337 -1.614111 1.124853
v 3.659729 -1.635550 1.112293
v 3.652052 -1.624775 1.101763
v 3.624773 -1.608617 1.131364
v 3.631584 -1.607851 1.118735
v 3.636810 -1.610445 1.105789
v 3.631584 -1.607851 1.118735
v 3.640095 -1.616223 1.093406
v 3.616974 -1.605775 1.128586
v 3.620554 -1.603831 1.114808
v 3.623302 -1.605523 1.100978
v 3.620554 -1.603831 1.114808
v 3.625029 -1.610733 1.088041
v 3.608328 -1.604795 1.127629
v 3.608328 -1.602446 1.113454
v 3.608328 -1.603826 1.099321
v 3.608328 -1.602446 1.113454
v 3.608328 -1.608841 1.086192
v 3.599682 -1.605775 1.128586
v 3.596101 -1.603831 1.114808
v 3.593354 -1.605523 1.100978
v 3.596101 -1.603831 1.114808
v 3.591626 -1.610733 1.088041
v 3.591882 -1.608617 1.131364
v 3.585071 -1.607851 1.118735
v 3.579845 -1.610445 1.105789
v 3.585071 -1.607851 1.118735
v 3.576560 -1.616223 1.093406
v 3.585692 -1.613044 1.135690
v 3.576318 -1.614111 1.124853
v 3.569125 -1.618112 1.113281
v 3.576318 -1.614111 1.124853
v 3.564603 -1.624775 1.101763
v 3.581718 -1.618622 1.141141
v 3.570698 -1.622000 1.132562
v 3.562242 -1.627774 1.122722
v 3.570698 -1.622000 1.132562
v 3.556927 -1.635550 1.112293
v 3.580348 -1.624806 1.147184
v 3.568762 -1.630744 1.141107
v 3.559871 -1.638483 1.133188
v 3.568762 -1.630744 1.141107
v 3.554281 -1.647495 1.123965
v 3.581718 -1.630990 1.153227
v 3.570698 -1.639489 1.149652
v 3.562242 -1.649193 1.143653
v 3.570698 -1.639489 1.149652
v 3.556927 -1.659440 1.135638
v 3.585692 -1.636568 1.158678
v 3.576318 -1.647377 1.157361
v 3.569125 -1.658854 1.153094
v 3.576318 -1.647377 1.157361
v 3.564603 -1.670216 1.146168
v 3.591882 -1.640995 1.163004
v 3.585071 -1.653638 1.163479
v 3.579845 -1.666521 1.160586
v 3.585071 -1.653638 1.163479
v 3.576560 -1.678767 1.154524
v 3.599682 -1.643838 1.165781
v 3.596101 -1.657657 1.167407
v 3.593354 -1.671444 1.165397
v 3.596101 -1.657657 1.167407
v 3.591626 -1.684258 1.159890
v 3.608328 -1.644817 1.166739
v 3.608328 -1.659042 1.168760
v 3.608328 -1.673140 1.167055
v 3.608328 -1.659042 1.168760
v 3.608328 -1.686150 1.161739
v 3.616974 -1.643838 1.165781
v 3.620554 -1.657657 1.167407
v 3.623302 -1.671444 1.165397
v 3.620554 -1.657657 1.167407
v 3.625029 -1.684258 1.159890
v 3.624773 -1.640995 1.163004
v 3.631584 -1.653638 1.163479
v 3.636810 -1.666521 1.160586
v 3.631584 -1.653638 1.163479
v 3.640095 -1.678767 1.154524
v 3.630963 -1.636568 1.158678
v 3.640337 -1.647377 1.157361
v 3.647530 -1.658854 1.153094
v 3.640337 -1.647377 1.157361
v 3.652052 -1.670216 1.146168
v 3.634937 -1.630990 1.153227
v 3.645957 -1.639489 1.149652
v 3.654413 -1.649193 1.143653
v 3.645957 -1.639489 1.149652
v 3.659729 -1.659440 1.135638
v 3.583063 -2.362305 0.133586
v 3.583063 -2.362305 0.159896
v 3.633593 -2.362305 0.159896
v 3.633593 -2.362305 0.133586
v 3.577789 -2.798512 0.159896
v 3.577789 -2.798512 0.133586
v 3.638866 -2.798512 0.133586
v 3.638866 -2.798512 0.159896
v 3.743644 -2.562648 0.159896
v 3.743644 -2.562648 0.133586
v 3.715812 -2.429151 0.133586
v 3.715812 -2.429151 0.159896
v 3.473012 -2.562648 0.133586
v 3.473012 -2.562648 0.159896
v 3.500843 -2.429151 0.159896
v 3.500843 -2.429151 0.133586
v 3.777911 -2.659468 0.159896
v 3.777911 -2.659468 0.133586
v 3.438744 -2.659468 0.133586
v 3.438744 -2.659468 0.159896
v 3.508266 -2.779884 0.159896
v 3.508266 -2.779884 0.133586
v 3.457373 -2.728990 0.159896
v 3.457373 -2.728990 0.133586
v 3.457373 -2.728990 0.159896
v 3.457373 -2.728990 0.133586
v 3.759283 -2.728990 0.159896
v 3.759283 -2.728990 0.133586
v 3.759283 -2.728990 0.159896
v 3.708389 -2.779884 0.159896
v 3.708389 -2.779884 0.133586
v 3.759283 -2.728990 0.133586
v 3.516745 -2.394757 0.159896
v 3.516745 -2.394757 0.133586
v 3.546147 -2.370852 0.159896
v 3.546147 -2.370852 0.133586
v 3.516745 -2.394757 0.133586
v 3.670508 -2.370852 0.159896
v 3.670508 -2.370852 0.133586
v 3.699910 -2.394757 0.159896
v 3.699910 -2.394757 0.133586
v 3.699910 -2.394757 0.133586
v -0.390555 -1.017270 0.039822
v -0.398503 -1.006115 0.028921
v -0.398503 0.031836 1.091083
v -0.390555 0.020680 1.101984
v -0.410881 -0.997262 0.020269
v -0.410881 0.040689 1.082431
v -0.426479 -0.991577 0.014715
v -0.426479 0.046373 1.076877
v -0.443769 -0.989619 0.012801
v -0.443769 0.048332 1.074963
v -0.461059 -0.991577 0.014715
v -0.461059 0.046373 1.076877
v -0.476657 -0.997262 0.020269
v -0.476657 0.040689 1.082431
v -0.489035 -1.006115 0.028921
v -0.489035 0.031836 1.091083
v -0.496983 -1.017270 0.039822
v -0.496983 0.020680 1.101984
v -0.499721 -1.029637 0.051906
v -0.499722 0.008314 1.114068
v -0.496983 -1.042003 0.063991
v -0.496983 -0.004052 1.126153
v -0.489035 -1.053159 0.074892
v -0.489035 -0.015208 1.137054
v -0.476657 -1.062012 0.083543
v -0.476657 -0.024061 1.145705
v -0.461059 -1.067696 0.089098
v -0.461059 -0.029745 1.151260
v -0.443769 -1.069654 0.091012
v -0.443769 -0.031704 1.153174
v -0.426479 -1.067696 0.089098
v -0.426479 -0.029745 1.151260
v -0.410881 -1.062012 0.083543
v -0.410881 -0.024061 1.145705
v -0.398503 -1.053159 0.074892
v -0.398503 -0.015208 1.137054
v -0.390555 -1.042003 0.063991
v -0.390555 -0.004052 1.126153
v -0.387817 -1.029637 0.051906
v -0.387817 0.008314 1.114068
v -0.390555 -1.017270 0.039822
v -0.390555 0.020680 1.101984
v -0.417159 0.046858 1.141141
v -0.415790 0.040674 1.147184
v -0.406139 0.043481 1.132562
v -0.404203 0.034736 1.141107
v -0.397684 0.037707 1.122722
v -0.406139 0.043481 1.132562
v -0.404203 0.034736 1.141107
v -0.395312 0.026997 1.133188
v -0.392368 0.029930 1.112293
v -0.389723 0.017985 1.123965
v -0.421134 0.052436 1.135690
v -0.411759 0.051369 1.124853
v -0.406139 0.043481 1.132562
v -0.397684 0.037707 1.122722
v -0.404567 0.047368 1.113281
v -0.411759 0.051369 1.124853
v -0.392368 0.029930 1.112293
v -0.400045 0.040706 1.101763
v -0.427323 0.056863 1.131364
v -0.420513 0.057630 1.118735
v -0.415287 0.055035 1.105789
v -0.420513 0.057630 1.118735
v -0.412002 0.049257 1.093406
v -0.435123 0.059706 1.128586
v -0.431542 0.061649 1.114808
v -0.428795 0.059958 1.100978
v -0.431542 0.061649 1.114808
v -0.427068 0.054747 1.088041
v -0.443769 0.060685 1.127629
v -0.443769 0.063034 1.113454
v -0.443769 0.061654 1.099321
v -0.443769 0.063034 1.113454
v -0.443769 0.056639 1.086192
v -0.452415 0.059706 1.128586
v -0.455996 0.061649 1.114808
v -0.458743 0.059958 1.100978
v -0.455996 0.061649 1.114808
v -0.460470 0.054747 1.088041
v -0.460215 0.056863 1.131364
v -0.467025 0.057630 1.118735
v -0.472251 0.055035 1.105789
v -0.467025 0.057630 1.118735
v -0.475537 0.049257 1.093406
v -0.466405 0.052436 1.135690
v -0.475779 0.051369 1.124853
v -0.482971 0.047368 1.113281
v -0.475779 0.051369 1.124853
v -0.487493 0.040706 1.101763
v -0.470379 0.046858 1.141141
v -0.481399 0.043481 1.132562
v -0.489854 0.037707 1.122722
v -0.481399 0.043481 1.132562
v -0.495170 0.029930 1.112293
v -0.471748 0.040674 1.147184
v -0.483335 0.034736 1.141107
v -0.492226 0.026997 1.133188
v -0.483335 0.034736 1.141107
v -0.497815 0.017985 1.123965
v -0.470379 0.034491 1.153227
v -0.481399 0.025991 1.149652
v -0.489854 0.016287 1.143653
v -0.481399 0.025991 1.149652
v -0.495170 0.006040 1.135638
v -0.466405 0.028912 1.158678
v -0.475779 0.018103 1.157361
v -0.482971 0.006626 1.153094
v -0.475779 0.018103 1.157361
v -0.487493 -0.004735 1.146168
v -0.460215 0.024485 1.163004
v -0.467025 0.011842 1.163479
v -0.472251 -0.001041 1.160586
v -0.467025 0.011842 1.163479
v -0.475537 -0.013287 1.154524
v -0.452415 0.021643 1.165781
v -0.455996 0.007823 1.167407
v -0.458743 -0.005964 1.165397
v -0.455996 0.007823 1.167407
v -0.460470 -0.018777 1.159890
v -0.443769 0.020663 1.166739
v -0.443769 0.006438 1.168760
v -0.443769 -0.007660 1.167055
v -0.443769 0.006438 1.168760
v -0.443769 -0.020669 1.161739
v -0.435123 0.021643 1.165781
v -0.431542 0.007823 1.167407
v -0.428795 -0.005964 1.165397
v -0.431542 0.007823 1.167407
v -0.427068 -0.018777 1.159890
v -0.427323 0.024485 1.163004
v -0.420513 0.011842 1.163479
v -0.415287 -0.001041 1.160586
v -0.420513 0.011842 1.163479
v -0.412002 -0.013287 1.154524
v -0.421134 0.028912 1.158678
v -0.411759 0.018103 1.157361
v -0.404567 0.006626 1.153094
v -0.411759 0.018103 1.157361
v -0.400045 -0.004735 1.146168
v -0.417159 0.034491 1.153227
v -0.406140 0.025991 1.149652
v -0.397684 0.016287 1.143653
v -0.406140 0.025991 1.149652
v -0.392368 0.006040 1.135638
v -0.469034 -0.696824 0.133586
v -0.469034 -0.696824 0.159896
v -0.418504 -0.696824 0.159896
v -0.418504 -0.696824 0.133586
v -0.474308 -1.133032 0.159896
v -0.474308 -1.133032 0.133586
v -0.413230 -1.133032 0.133586
v -0.413230 -1.133032 0.159896
v -0.308453 -0.897167 0.159896
v -0.308453 -0.897167 0.133586
v -0.336284 -0.763671 0.133586
v -0.336284 -0.763671 0.159896
v -0.579085 -0.897167 0.133586
v -0.579085 -0.897167 0.159896
v -0.551254 -0.763671 0.159896
v -0.551254 -0.763671 0.133586
v -0.274186 -0.993988 0.159896
v -0.274186 -0.993988 0.133586
v -0.613352 -0.993988 0.133586
v -0.613352 -0.993988 0.159896
v -0.543830 -1.114404 0.159896
v -0.543830 -1.114404 0.133586
v -0.594724 -1.063510 0.159896
v -0.594724 -1.063510 0.133586
v -0.594724 -1.063510 0.159896
v -0.594724 -1.063510 0.133586
v -0.292814 -1.063510 0.159896
v -0.292814 -1.063510 0.133586
v -0.292814 -1.063510 0.159896
v -0.343708 -1.114404 0.159896
v -0.343708 -1.114404 0.133586
v -0.292814 -1.063510 0.133586
v -0.535351 -0.729276 0.159896
v -0.535351 -0.729276 0.133586
v -0.505950 -0.705372 0.159896
v -0.505950 -0.705372 0.133586
v -0.535351 -0.729276 0.133586
v -0.381588 -0.705372 0.159896
v -0.381588 -0.705372 0.133586
v -0.352187 -0.729276 0.159896
v -0.352187 -0.729276 0.133586
v -0.352187 -0.729276 0.133586
v 0.622469 -1.017270 0.039822
v 0.614522 -1.006115 0.028921
v 0.614522 0.031836 1.091083
v 0.622469 0.020680 1.101984
v 0.602143 -0.997262 0.020269
v 0.602143 0.040689 1.082431
v 0.586545 -0.991577 0.014715
v 0.586545 0.046373 1.076877
v 0.569255 -0.989619 0.012801
v 0.569255 0.048332 1.074963
v 0.551965 -0.991577 0.014715
v 0.551965 0.046373 1.076877
v 0.536367 -0.997262 0.020269
v 0.536367 0.040689 1.082431
v 0.523989 -1.006115 0.028921
v 0.523989 0.031836 1.091083
v 0.516041 -1.017270 0.039822
v 0.516041 0.020680 1.101984
v 0.513303 -1.029637 0.051906
v 0.513303 0.008314 1.114068
v 0.516041 -1.042003 0.063991
v 0.516041 -0.004052 1.126153
v 0.523989 -1.053159 0.074892
v 0.523989 -0.015208 1.137054
v 0.536367 -1.062012 0.083543
v 0.536367 -0.024061 1.145705
v 0.551965 -1.067696 0.089098
v 0.551965 -0.029745 1.151260
v 0.569255 -1.069654 0.091012
v 0.569255 -0.031704 1.153174
v 0.586545 -1.067696 0.089098
v 0.586545 -0.029745 1.151260
v 0.602143 -1.062012 0.083543
v 0.602143 -0.024061 1.145705
v 0.614522 -1.053159 0.074892
v 0.614522 -0.015208 1.137054
v 0.622469 -1.042003 0.063991
v 0.622469 -0.004052 1.126153
v 0.625207 -1.029637 0.051906
v 0.625207 0.008314 1.114068
v 0.622469 -1.017270 0.039822
v 0.622469 0.020680 1.101984
v 0.595865 0.046858 1.141141
v 0.597234 0.040674 1.147184
v 0.606885 0.043481 1.132562
v 0.608821 0.034736 1.141107
v 0.615340 0.037707 1.122722
v 0.606885 0.043481 1.132562
v 0.608821 0.034736 1.141107
v 0.617712 0.026997 1.133188
v 0.620656 0.029930 1.112293
v 0.623301 0.017985 1.123965
v 0.591891 0.052436 1.135690
v 0.601265 0.051369 1.124853
v 0.606885 0.043481 1.132562
v 0.615340 0.037707 1.122722
v 0.608458 0.047368 1.113281
v 0.601265 0.051369 1.124853
v 0.620656 0.029930 1.112293
v 0.612979 0.040706 1.101763
v 0.585701 0.056863 1.131364
v 0.592511 0.057630 1.118735
v 0.597737 0.055035 1.105789
v 0.592511 0.057630 1.118735
v 0.601022 0.049257 1.093406
v 0.577901 0.059706 1.128586
v 0.581482 0.061649 1.114808
v 0.584229 0.059958 1.100978
v 0.581482 0.061649 1.114808
v 0.585956 0.054747 1.088041
v 0.569255 0.060685 1.127629
v 0.569255 0.063034 1.113454
v 0.569255 0.061654 1.099321
v 0.569255 0.063034 1.113454
v 0.569255 0.056639 1.086192
v 0.560609 0.059706 1.128586
v 0.557029 0.061649 1.114808
v 0.554281 0.059958 1.100978
v 0.557029 0.061649 1.114808
v 0.552554 0.054747 1.088041
v 0.552809 0.056863 1.131364
v 0.545999 0.057630 1.118735
v 0.540773 0.055035 1.105789
v 0.545999 0.057630 1.118735
v 0.537488 0.049257 1.093406
v 0.546619 0.052436 1.135690
v 0.537246 0.051369 1.124853
v 0.530053 0.047368 1.113281
v 0.537246 0.051369 1.124853
v 0.525531 0.040706 1.101763
v 0.542645 0.046858 1.141141
v 0.531626 0.043481 1.132562
v 0.523170 0.037707 1.122722
v 0.531626 0.043481 1.132562
v 0.517854 0.029930 1.112293
v 0.541276 0.040674 1.147184
v 0.529689 0.034736 1.141107
v 0.520798 0.026997 1.133188
v 0.529689 0.034736 1.141107
v 0.515209 0.017985 1.123965
v 0.542645 0.034491 1.153227
v 0.531626 0.025991 1.149652
v 0.523170 0.016287 1.143653
v 0.531626 0.025991 1.149652
v 0.517854 0.006040 1.135638
v 0.546619 0.028912 1.158678
v 0.537246 0.018103 1.157361
v 0.530053 0.006626 1.153094
v 0.537246 0.018103 1.157361
v 0.525531 -0.004735 1.146168
v 0.552809 0.024485 1.163004
v 0.545999 0.011842 1.163479
v 0.540773 -0.001041 1.160586
v 0.545999 0.011842 1.163479
v 0.537488 -0.013287 1.154524
v 0.560609 0.021643 1.165781
v 0.557029 0.007823 1.167407
v 0.554281 -0.005964 1.165397
v 0.557029 0.007823 1.167407
v 0.552554 -0.018777 1.159890
v 0.569255 0.020663 1.166739
v 0.569255 0.006438 1.168760
v 0.569255 -0.007660 1.167055
v 0.569255 0.006438 1.168760
v 0.569255 -0.020669 1.161739
v 0.577901 0.021643 1.165781
v 0.581482 0.007823 1.167407
v 0.584229 -0.005964 1.165397
v 0.581482 0.007823 1.167407
v 0.585956 -0.018777 1.159890
v 0.585701 0.024485 1.163004
v 0.592511 0.011842 1.163479
v 0.597737 -0.001041 1.160586
v 0.592511 0.011842 1.163479
v 0.601022 -0.013287 1.154524
v 0.591891 0.028912 1.158678
v 0.601265 0.018103 1.157361
v 0.608458 0.006626 1.153094
v 0.601265 0.018103 1.157361
v 0.612979 -0.004735 1.146168
v 0.595865 0.034491 1.153227
v 0.606884 0.025991 1.149652
v 0.615340 0.016287 1.143653
v 0.606884 0.025991 1.149652
v 0.620656 0.006040 1.135638
v 0.543990 -0.696824 0.133586
v 0.543990 -0.696824 0.159896
v 0.594520 -0.696824 0.159896
v 0.594520 -0.696824 0.133586
v 0.538716 -1.133032 0.159896
v 0.538716 -1.133032 0.133586
v 0.599794 -1.133032 0.133586
v 0.599794 -1.133032 0.159896
v 0.704571 -0.897167 0.159896
v 0.704571 -0.897167 0.133586
v 0.676740 -0.763671 0.133586
v 0.676740 -0.763671 0.159896
v 0.433939 -0.897167 0.133586
v 0.433939 -0.897167 0.159896
v 0.461771 -0.763671 0.159896
v 0.461771 -0.763671 0.133586
v 0.738838 -0.993988 0.159896
v 0.738838 -0.993988 0.133586
v 0.399672 -0.993988 0.133586
v 0.399672 -0.993988 0.159896
v 0.469194 -1.114404 0.159896
v 0.469194 -1.114404 0.133586
v 0.418300 -1.063510 0.159896
v 0.418300 -1.063510 0.133586
v 0.418300 -1.063510 0.159896
v 0.418300 -1.063510 0.133586
v 0.720210 -1.063510 0.159896
v 0.720210 -1.063510 0.133586
v 0.720210 -1.063510 0.159896
v 0.669316 -1.114404 0.159896
v 0.669316 -1.114404 0.133586
v 0.720210 -1.063510 0.133586
v 0.477673 -0.729276 0.159896
v 0.477673 -0.729276 0.133586
v 0.507074 -0.705372 0.159896
v 0.507074 -0.705372 0.133586
v 0.477673 -0.729276 0.133586
v 0.631436 -0.705372 0.159896
v 0.631436 -0.705372 0.133586
v 0.660837 -0.729276 0.159896
v 0.660837 -0.729276 0.133586
v 0.660837 -0.729276 0.133586
v -2.416603 -1.017270 0.039822
v -2.424551 -1.006115 0.028921
v -2.424551 0.031836 1.091083
v -2.416603 0.020680 1.101984
v -2.436929 -0.997262 0.020269
v -2.436929 0.040689 1.082431
v -2.452527 -0.991577 0.014715
v -2.452527 0.046373 1.076877
v -2.469817 -0.989619 0.012801
v -2.469817 0.048332 1.074963
v -2.487108 -0.991577 0.014715
v -2.487108 0.046373 1.076877
v -2.502705 -0.997262 0.020269
v -2.502705 0.040689 1.082431
v -2.515084 -1.006115 0.028921
v -2.515084 0.031836 1.091083
v -2.523031 -1.017270 0.039822
v -2.523031 0.020680 1.101984
v -2.525769 -1.029637 0.051906
v -2.525770 0.008314 1.114068
v -2.523031 -1.042003 0.063991
v -2.523031 -0.004052 1.126153
v -2.515084 -1.053159 0.074892
v -2.515084 -0.015208 1.137054
v -2.502705 -1.062012 0.083543
v -2.502705 -0.024061 1.145705
v -2.487108 -1.067696 0.089098
v -2.487108 -0.029745 1.151260
v -2.469817 -1.069654 0.091012
v -2.469817 -0.031704 1.153174
v -2.452527 -1.067696 0.089098
v -2.452527 -0.029745 1.151260
v -2.436929 -1.062012 0.083543
v -2.436929 -0.024061 1.145705
v -2.424551 -1.053159 0.074892
v -2.424551 -0.015208 1.137054
v -2.416603 -1.042003 0.063991
v -2.416603 -0.004052 1.126153
v -2.413865 -1.029637 0.051906
v -2.413865 0.008314 1.114068
v -2.416603 -1.017270 0.039822
v -2.416603 0.020680 1.101984
v -2.443208 0.046858 1.141141
v -2.441838 0.040674 1.147184
v -2.432188 0.043481 1.132562
v -2.430251 0.034736 1.141107
v -2.423732 0.037707 1.122722
v -2.432188 0.043481 1.132562
v -2.430251 0.034736 1.141107
v -2.421360 0.026997 1.133188
v -2.418416 0.029930 1.112293
v -2.415771 0.017985 1.123965
v -2.447182 0.052436 1.135690
v -2.437808 0.051369 1.124853
v -2.432188 0.043481 1.132562
v -2.423732 0.037707 1.122722
v -2.430615 0.047368 1.113281
v -2.437808 0.051369 1.124853
v -2.418416 0.029930 1.112293
v -2.426093 0.040706 1.101763
v -2.453372 0.056863 1.131364
v -2.446561 0.057630 1.118735
v -2.441335 0.055035 1.105789
v -2.446561 0.057630 1.118735
v -2.438050 0.049257 1.093406
v -2.461171 0.059706 1.128586
v -2.457591 0.061649 1.114808
v -2.454843 0.059958 1.100978
v -2.457591 0.061649 1.114808
v -2.453116 0.054747 1.088041
v -2.469817 0.060685 1.127629
v -2.469817 0.063034 1.113454
v -2.469817 0.061654 1.099321
v -2.469817 0.063034 1.113454
v -2.469817 0.056639 1.086192
v -2.478463 0.059706 1.128586
v -2.482044 0.061649 1.114808
v -2.484791 0.059958 1.100978
v -2.482044 0.061649 1.114808
v -2.486518 0.054747 1.088041
v -2.486263 0.056863 1.131364
v -2.493073 0.057630 1.118735
v -2.498300 0.055035 1.105789
v -2.493073 0.057630 1.118735
v -2.501585 0.049257 1.093406
v -2.492453 0.052436 1.135690
v -2.501827 0.051369 1.124853
v -2.509020 0.047368 1.113281
v -2.501827 0.051369 1.124853
v -2.513541 0.040706 1.101763
v -2.496427 0.046858 1.141141
v -2.507447 0.043481 1.132562
v -2.515903 0.037707 1.122722
v -2.507447 0.043481 1.132562
v -2.521218 0.029930 1.112293
v -2.497796 0.040674 1.147184
v -2.509383 0.034736 1.141107
v -2.518274 0.026997 1.133188
v -2.509383 0.034736 1.141107
v -2.523863 0.017985 1.123965
v -2.496427 0.034491 1.153227
v -2.507447 0.025991 1.149652
v -2.515903 0.016287 1.143653
v -2.507447 0.025991 1.149652
v -2.521218 0.006040 1.135638
v -2.492453 0.028912 1.158678
v -2.501827 0.018103 1.157361
v -2.509020 0.006626 1.153094
v -2.501827 0.018103 1.157361
v -2.513541 -0.004735 1.146168
v -2.486263 0.024485 1.163004
v -2.493073 0.011842 1.163479
v -2.498300 -0.001041 1.160586
v -2.493073 0.011842 1.163479
v -2.501585 -0.013287 1.154524
v -2.478463 0.021643 1.165781
v -2.482044 0.007823 1.167407
v -2.484791 -0.005964 1.165397
v -2.482044 0.007823 1.167407
v -2.486518 -0.018777 1.159890
v -2.469817 0.020663 1.166739
v -2.469817 0.006438 1.168760
v -2.469817 -0.007660 1.167055
v -2.469817 0.006438 1.168760
v -2.469817 -0.020669 1.161739
v -2.461171 0.021643 1.165781
v -2.457591 0.007823 1.167407
v -2.454843 -0.005964 1.165397
v -2.457591 0.007823 1.167407
v -2.453116 -0.018777 1.159890
v -2.453372 0.024485 1.163004
v -2.446561 0.011842 1.163479
v -2.441335 -0.001041 1.160586
v -2.446561 0.011842 1.163479
v -2.438050 -0.013287 1.154524
v -2.447182 0.028912 1.158678
v -2.437808 0.018103 1.157361
v -2.430615 0.006626 1.153094
v -2.437808 0.018103 1.157361
v -2.426093 -0.004735 1.146168
v -2.443208 0.034491 1.153227
v -2.432188 0.025991 1.149652
v -2.423732 0.016287 1.143653
v -2.432188 0.025991 1.149652
v -2.418416 0.006040 1.135638
v -2.495082 -0.696824 0.133586
v -2.495082 -0.696824 0.159896
v -2.444552 -0.696824 0.159896
v -2.444552 -0.696824 0.133586
v -2.500356 -1.133032 0.159896
v -2.500356 -1.133032 0.133586
v -2.439278 -1.133032 0.133586
v -2.439278 -1.133032 0.159896
v -2.334501 -0.897167 0.159896
v -2.334501 -0.897167 0.133586
v -2.362333 -0.763671 0.133586
v -2.362333 -0.763671 0.159896
v -2.605133 -0.897167 0.133586
v -2.605133 -0.897167 0.159896
v -2.577302 -0.763671 0.159896
v -2.577302 -0.763671 0.133586
v -2.300234 -0.993988 0.159896
v -2.300234 -0.993988 0.133586
v -2.639400 -0.993988 0.133586
v -2.639400 -0.993988 0.159896
v -2.569878 -1.114404 0.159896
v -2.569878 -1.114404 0.133586
v -2.620772 -1.063510 0.159896
v -2.620772 -1.063510 0.133586
v -2.620772 -1.063510 0.159896
v -2.620772 -1.063510 0.133586
v -2.318862 -1.063510 0.159896
v -2.318862 -1.063510 0.133586
v -2.318862 -1.063510 0.159896
v -2.369756 -1.114404 0.159896
v -2.369756 -1.114404 0.133586
v -2.318862 -1.063510 0.133586
v -2.561399 -0.729276 0.159896
v -2.561399 -0.729276 0.133586
v -2.531998 -0.705372 0.159896
v -2.531998 -0.705372 0.133586
v -2.561399 -0.729276 0.133586
v -2.407636 -0.705372 0.159896
v -2.407636 -0.705372 0.133586
v -2.378235 -0.729276 0.159896
v -2.378235 -0.729276 0.133586
v -2.378235 -0.729276 0.133586
v -1.403579 -1.017270 0.039822
v -1.411526 -1.006115 0.028921
v -1.411526 0.031836 1.091083
v -1.403579 0.020680 1.101984
v -1.423905 -0.997262 0.020269
v -1.423905 0.040689 1.082431
v -1.439502 -0.991577 0.014715
v -1.439503 0.046373 1.076877
v -1.456793 -0.989619 0.012801
v -1.456793 0.048332 1.074963
v -1.474083 -0.991577 0.014715
v -1.474083 0.046373 1.076877
v -1.489681 -0.997262 0.020269
v -1.489681 0.040689 1.082431
v -1.502059 -1.006115 0.028921
v -1.502059 0.031836 1.091083
v -1.510007 -1.017270 0.039822
v -1.510007 0.020680 1.101984
v -1.512745 -1.029637 0.051906
v -1.512745 0.008314 1.114068
v -1.510007 -1.042003 0.063991
v -1.510007 -0.004052 1.126153
v -1.502059 -1.053159 0.074892
v -1.502059 -0.015208 1.137054
v -1.489681 -1.062012 0.083543
v -1.489681 -0.024061 1.145705
v -1.474083 -1.067696 0.089098
v -1.474083 -0.029745 1.151260
v -1.456793 -1.069654 0.091012
v -1.456793 -0.031704 1.153174
v -1.439502 -1.067696 0.089098
v -1.439503 -0.029745 1.151260
v -1.423905 -1.062012 0.083543
v -1.423905 -0.024061 1.145705
v -1.411526 -1.053159 0.074892
v -1.411526 -0.015208 1.137054
v -1.403579 -1.042003 0.063991
v -1.403579 -0.004052 1.126153
v -1.400841 -1.029637 0.051906
v -1.400841 0.008314 1.114068
v -1.403579 -1.017270 0.039822
v -1.403579 0.020680 1.101984
v -1.430183 0.046858 1.141141
v -1.428814 0.040674 1.147184
v -1.419163 0.043481 1.132562
v -1.417227 0.034736 1.141107
v -1.410707 0.037707 1.122722
v -1.419163 0.043481 1.132562
v -1.417227 0.034736 1.141107
v -1.408336 0.026997 1.133188
v -1.405392 0.029930 1.112293
v -1.402747 0.017985 1.123965
v -1.434157 0.052436 1.135690
v -1.424783 0.051369 1.124853
v -1.419163 0.043481 1.132562
v -1.410707 0.037707 1.122722
v -1.417590 0.047368 1.113281
v -1.424783 0.051369 1.124853
v -1.405392 0.029930 1.112293
v -1.413069 0.040706 1.101763
v -1.440347 0.056863 1.131364
v -1.433537 0.057630 1.118735
v -1.428311 0.055035 1.105789
v -1.433537 0.057630 1.118735
v -1.425025 0.049257 1.093406
v -1.448147 0.059706 1.128586
v -1.444566 0.061649 1.114808
v -1.441819 0.059958 1.100978
v -1.444566 0.061649 1.114808
v -1.440092 0.054747 1.088041
v -1.456793 0.060685 1.127629
v -1.456793 0.063034 1.113454
v -1.456793 0.061654 1.099321
v -1.456793 0.063034 1.113454
v -1.456793 0.056639 1.086192
v -1.465439 0.059706 1.128586
v -1.469019 0.061649 1.114808
v -1.471767 0.059958 1.100978
v -1.469019 0.061649 1.114808
v -1.473494 0.054747 1.088041
v -1.473238 0.056863 1.131364
v -1.480049 0.057630 1.118735
v -1.485275 0.055035 1.105789
v -1.480049 0.057630 1.118735
v -1.488560 0.049257 1.093406
v -1.479429 0.052436 1.135690
v -1.488802 0.051369 1.124853
v -1.495995 0.047368 1.113281
v -1.488802 0.051369 1.124853
v -1.500517 0.040706 1.101763
v -1.483402 0.046858 1.141141
v -1.494422 0.043481 1.132562
v -1.502878 0.037707 1.122722
v -1.494422 0.043481 1.132562
v -1.508194 0.029930 1.112293
v -1.484772 0.040674 1.147184
v -1.496359 0.034736 1.141107
v -1.505250 0.026997 1.133188
v -1.496359 0.034736 1.141107
v -1.510839 0.017985 1.123965
v -1.483402 0.034491 1.153227
v -1.494422 0.025991 1.149652
v -1.502878 0.016287 1.143653
v -1.494422 0.025991 1.149652
v -1.508194 0.006040 1.135638
v -1.479429 0.028912 1.158678
v -1.488802 0.018103 1.157361
v -1.495995 0.006626 1.153094
v -1.488802 0.018103 1.157361
v -1.500517 -0.004735 1.146168
v -1.473238 0.024485 1.163004
v -1.480049 0.011842 1.163479
v -1.485275 -0.001041 1.160586
v -1.480049 0.011842 1.163479
v -1.488560 -0.013287 1.154524
v -1.465439 0.021643 1.165781
v -1.469019 0.007823 1.167407
v -1.471767 -0.005964 1.165397
v -1.469019 0.007823 1.167407
v -1.473494 -0.018777 1.159890
v -1.456793 0.020663 1.166739
v -1.456793 0.006438 1.168760
v -1.456793 -0.007660 1.167055
v -1.456793 0.006438 1.168760
v -1.456793 -0.020669 1.161739
v -1.448147 0.021643 1.165781
v -1.444566 0.007823 1.167407
v -1.441819 -0.005964 1.165397
v -1.444566 0.007823 1.167407
v -1.440092 -0.018777 1.159890
v -1.440347 0.024485 1.163004
v -1.433537 0.011842 1.163479
v -1.428311 -0.001041 1.160586
v -1.433537 0.011842 1.163479
v -1.425025 -0.013287 1.154524
v -1.434157 0.028912 1.158678
v -1.424783 0.018103 1.157361
v -1.417590 0.006626 1.153094
v -1.424783 0.018103 1.157361
v -1.413069 -0.004735 1.146168
v -1.430183 0.034491 1.153227
v -1.419163 0.025991 1.149652
v -1.410707 0.016287 1.143653
v -1.419163 0.025991 1.149652
v -1.405392 0.006040 1.135638
v -1.482058 -0.696824 0.133586
v -1.482058 -0.696824 0.159896
v -1.431528 -0.696824 0.159896
v -1.431528 -0.696824 0.133586
v -1.487332 -1.133032 0.159896
v -1.487332 -1.133032 0.133586
v -1.426254 -1.133032 0.133586
v -1.426254 -1.133032 0.159896
v -1.321477 -0.897167 0.159896
v -1.321477 -0.897167 0.133586
v -1.349308 -0.763671 0.133586
v -1.349308 -0.763671 0.159896
v -1.592109 -0.897167 0.133586
v -1.592109 -0.897167 0.159896
v -1.564277 -0.763671 0.159896
v -1.564277 -0.763671 0.133586
v -1.287210 -0.993988 0.159896
v -1.287210 -0.993988 0.133586
v -1.626376 -0.993988 0.133586
v -1.626376 -0.993988 0.159896
v -1.556854 -1.114404 0.159896
v -1.556854 -1.114404 0.133586
v -1.607748 -1.063510 0.159896
v -1.607748 -1.063510 0.133586
v -1.607748 -1.063510 0.159896
v -1.607748 -1.063510 0.133586
v -1.305838 -1.063510 0.159896
v -1.305838 -1.063510 0.133586
v -1.305838 -1.063510 0.159896
v -1.356732 -1.114404 0.159896
v -1.356732 -1.114404 0.133586
v -1.305838 -1.063510 0.133586
v -1.548375 -0.729276 0.159896
v -1.548375 -0.729276 0.133586
v -1.518974 -0.705372 0.159896
v -1.518974 -0.705372 0.133586
v -1.548375 -0.729276 0.133586
v -1.394612 -0.705372 0.159896
v -1.394612 -0.705372 0.133586
v -1.365211 -0.729276 0.159896
v -1.365211 -0.729276 0.133586
v -1.365211 -0.729276 0.133586
v 2.648517 -1.017270 0.039822
v 2.640570 -1.006115 0.028921
v 2.640570 0.031836 1.091083
v 2.648517 0.020680 1.101984
v 2.628191 -0.997262 0.020269
v 2.628191 0.040689 1.082431
v 2.612594 -0.991577 0.014715
v 2.612594 0.046373 1.076877
v 2.595304 -0.989619 0.012801
v 2.595304 0.048332 1.074963
v 2.578013 -0.991577 0.014715
v 2.578013 0.046373 1.076877
v 2.562416 -0.997262 0.020269
v 2.562416 0.040689 1.082431
v 2.550037 -1.006115 0.028921
v 2.550037 0.031836 1.091083
v 2.542089 -1.017270 0.039822
v 2.542089 0.020680 1.101984
v 2.539351 -1.029637 0.051906
v 2.539351 0.008314 1.114068
v 2.542089 -1.042003 0.063991
v 2.542089 -0.004052 1.126153
v 2.550037 -1.053159 0.074892
v 2.550037 -0.015208 1.137054
v 2.562416 -1.062012 0.083543
v 2.562416 -0.024061 1.145705
v 2.578013 -1.067696 0.089098
v 2.578013 -0.029745 1.151260
v 2.595304 -1.069654 0.091012
v 2.595304 -0.031704 1.153174
v 2.612594 -1.067696 0.089098
v 2.612594 -0.029745 1.151260
v 2.628191 -1.062012 0.083543
v 2.628191 -0.024061 1.145705
v 2.640570 -1.053159 0.074892
v 2.640570 -0.015208 1.137054
v 2.648517 -1.042003 0.063991
v 2.648517 -0.004052 1.126153
v 2.651256 -1.029637 0.051906
v 2.651256 0.008314 1.114068
v 2.648517 -1.017270 0.039822
v 2.648517 0.020680 1.101984
v 2.621913 0.046858 1.141141
v 2.623282 0.040674 1.147184
v 2.632933 0.043481 1.132562
v 2.634870 0.034736 1.141107
v 2.641389 0.037707 1.122722
v 2.632933 0.043481 1.132562
v 2.634870 0.034736 1.141107
v 2.643760 0.026997 1.133188
v 2.646704 0.029930 1.112293
v 2.649349 0.017985 1.123965
v 2.617939 0.052436 1.135690
v 2.627313 0.051369 1.124853
v 2.632933 0.043481 1.132562
v 2.641389 0.037707 1.122722
v 2.634506 0.047368 1.113281
v 2.627313 0.051369 1.124853
v 2.646704 0.029930 1.112293
v 2.639028 0.040706 1.101763
v 2.611749 0.056863 1.131364
v 2.618560 0.057630 1.118735
v 2.623785 0.055035 1.105789
v 2.618560 0.057630 1.118735
v 2.627071 0.049257 1.093406
v 2.603950 0.059706 1.128586
v 2.607530 0.061649 1.114808
v 2.610277 0.059958 1.100978
v 2.607530 0.061649 1.114808
v 2.612005 0.054747 1.088041
v 2.595304 0.060685 1.127629
v 2.595304 0.063034 1.113454
v 2.595304 0.061654 1.099321
v 2.595304 0.063034 1.113454
v 2.595304 0.056639 1.086192
v 2.586658 0.059706 1.128586
v 2.583077 0.061649 1.114808
v 2.580329 0.059958 1.100978
v 2.583077 0.061649 1.114808
v 2.578602 0.054747 1.088041
v 2.578858 0.056863 1.131364
v 2.572047 0.057630 1.118735
v 2.566821 0.055035 1.105789
v 2.572047 0.057630 1.118735
v 2.563536 0.049257 1.093406
v 2.572668 0.052436 1.135690
v 2.563294 0.051369 1.124853
v 2.556101 0.047368 1.113281
v 2.563294 0.051369 1.124853
v 2.551579 0.040706 1.101763
v 2.568694 0.046858 1.141141
v 2.557674 0.043481 1.132562
v 2.549218 0.037707 1.122722
v 2.557674 0.043481 1.132562
v 2.543902 0.029930 1.112293
v 2.567324 0.040674 1.147184
v 2.555737 0.034736 1.141107
v 2.546846 0.026997 1.133188
v 2.555737 0.034736 1.141107
v 2.541257 0.017985 1.123965
v 2.568694 0.034491 1.153227
v 2.557674 0.025991 1.149652
v 2.549218 0.016287 1.143653
v 2.557674 0.025991 1.149652
v 2.543902 0.006040 1.135638
v 2.572668 0.028912 1.158678
v 2.563294 0.018103 1.157361
v 2.556101 0.006626 1.153094
v 2.563294 0.018103 1.157361
v 2.551579 -0.004735 1.146168
v 2.578858 0.024485 1.163004
v 2.572047 0.011842 1.163479
v 2.566821 -0.001041 1.160586
v 2.572047 0.011842 1.163479
v 2.563536 -0.013287 1.154524
v 2.586658 0.021643 1.165781
v 2.583077 0.007823 1.167407
v 2.580329 -0.005964 1.165397
v 2.583077 0.007823 1.167407
v 2.578602 -0.018777 1.159890
v 2.595304 0.020663 1.166739
v 2.595304 0.006438 1.168760
v 2.595304 -0.007660 1.167055
v 2.595304 0.006438 1.168760
v 2.595304 -0.020669 1.161739
v 2.603950 0.021643 1.165781
v 2.607530 0.007823 1.167407
v 2.610277 -0.005964 1.165397
v 2.607530 0.007823 1.167407
v 2.612005 -0.018777 1.159890
v 2.611749 0.024485 1.163004
v 2.618560 0.011842 1.163479
v 2.623785 -0.001041 1.160586
v 2.618560 0.011842 1.163479
v 2.627071 -0.013287 1.154524
v 2.617939 0.028912 1.158678
v 2.627313 0.018103 1.157361
v 2.634506 0.006626 1.153094
v 2.627313 0.018103 1.157361
v 2.639028 -0.004735 1.146168
v 2.621913 0.034491 1.153227
v 2.632933 0.025991 1.149652
v 2.641389 0.016287 1.143653
v 2.632933 0.025991 1.149652
v 2.646704 0.006040 1.135638
v 2.570038 -0.696824 0.133586
v 2.570038 -0.696824 0.159896
v 2.620568 -0.696824 0.159896
v 2.620568 -0.696824 0.133586
v 2.564764 -1.133032 0.159896
v 2.564764 -1.133032 0.133586
v 2.625842 -1.133032 0.133586
v 2.625842 -1.133032 0.159896
v 2.730619 -0.897167 0.159896
v 2.730619 -0.897167 0.133586
v 2.702788 -0.763671 0.133586
v 2.702788 -0.763671 0.159896
v 2.459988 -0.897167 0.133586
v 2.459988 -0.897167 0.159896
v 2.487819 -0.763671 0.159896
v 2.487819 -0.763671 0.133586
v 2.764887 -0.993988 0.159896
v 2.764887 -0.993988 0.133586
v 2.425720 -0.993988 0.133586
v 2.425720 -0.993988 0.159896
v 2.495242 -1.114404 0.159896
v 2.495242 -1.114404 0.133586
v 2.444348 -1.063510 0.159896
v 2.444348 -1.063510 0.133586
v 2.444348 -1.063510 0.159896
v 2.444348 -1.063510 0.133586
v 2.746258 -1.063510 0.159896
v 2.746258 -1.063510 0.133586
v 2.746258 -1.063510 0.159896
v 2.695364 -1.114404 0.159896
v 2.695364 -1.114404 0.133586
v 2.746258 -1.063510 0.133586
v 2.503721 -0.729276 0.159896
v 2.503721 -0.729276 0.133586
v 2.533123 -0.705372 0.159896
v 2.533123 -0.705372 0.133586
v 2.503721 -0.729276 0.133586
v 2.657484 -0.705372 0.159896
v 2.657484 -0.705372 0.133586
v 2.686886 -0.729276 0.159896
v 2.686886 -0.729276 0.133586
v 2.686886 -0.729276 0.133586
v 3.403993 1.043194 0.039822
v 3.396045 1.054350 0.028921
v 3.396045 2.658859 1.670857
v 3.403993 2.647703 1.681759
v 3.383667 1.063203 0.020269
v 3.383667 2.667712 1.662206
v 3.368069 1.068887 0.014715
v 3.368069 2.673396 1.656651
v 3.350779 1.070845 0.012801
v 3.350779 2.675354 1.654737
v 3.333489 1.068887 0.014715
v 3.333489 2.673396 1.656651
v 3.317891 1.063203 0.020269
v 3.317891 2.667712 1.662206
v 3.305513 1.054350 0.028921
v 3.305513 2.658859 1.670857
v 3.297565 1.043194 0.039822
v 3.297565 2.647703 1.681759
v 3.294827 1.030828 0.051906
v 3.294827 2.635337 1.693843
v 3.297565 1.018461 0.063991
v 3.297565 2.622971 1.705927
v 3.305513 1.007306 0.074892
v 3.305513 2.611815 1.716829
v 3.317891 0.998453 0.083543
v 3.317891 2.602962 1.725480
v 3.333489 0.992769 0.089098
v 3.333489 2.597278 1.731035
v 3.350779 0.990810 0.091012
v 3.350779 2.595319 1.732949
v 3.368069 0.992769 0.089098
v 3.368069 2.597278 1.731035
v 3.383667 0.998453 0.083543
v 3.383667 2.602962 1.725480
v 3.396045 1.007306 0.074892
v 3.396045 2.611815 1.716829
v 3.403993 1.018461 0.063991
v 3.403993 2.622971 1.705927
v 3.406731 1.030828 0.051906
v 3.406731 2.635337 1.693843
v 3.403993 1.043194 0.039822
v 3.403993 2.647703 1.681759
v 3.377389 2.691545 1.738991
v 3.378758 2.685361 1.745034
v 3.388409 2.684926 1.727095
v 3.390345 2.676182 1.735641
v 3.396864 2.674928 1.712933
v 3.388409 2.684926 1.727095
v 3.390345 2.676182 1.735641
v 3.399236 2.664218 1.723398
v 3.402180 2.662232 1.697469
v 3.404825 2.650287 1.709142
v 3.373415 2.697123 1.733540
v 3.382789 2.692815 1.719387
v 3.388409 2.684926 1.727095
v 3.396864 2.674928 1.712933
v 3.389982 2.684589 1.703492
v 3.382789 2.692815 1.719387
v 3.402180 2.662232 1.697469
v 3.394503 2.673007 1.686939
v 3.367225 2.701550 1.729214
v 3.374035 2.699075 1.713269
v 3.379261 2.692256 1.695999
v 3.374035 2.699075 1.713269
v 3.382547 2.681559 1.678583
v 3.359425 2.704393 1.726437
v 3.363006 2.703094 1.709341
v 3.365753 2.697179 1.691189
v 3.363006 2.703094 1.709341
v 3.367480 2.687049 1.673218
v 3.350779 2.705372 1.725479
v 3.350779 2.704480 1.707988
v 3.350779 2.698875 1.689531
v 3.350779 2.704480 1.707988
v 3.350779 2.688941 1.671369
v 3.342133 2.704393 1.726437
v 3.338552 2.703094 1.709341
v 3.335805 2.697179 1.691189
v 3.338552 2.703094 1.709341
v 3.334078 2.687049 1.673218
v 3.334333 2.701550 1.729214
v 3.327523 2.699075 1.713269
v 3.322297 2.692256 1.695999
v 3.327523 2.699075 1.713269
v 3.319012 2.681559 1.678583
v 3.328144 2.697123 1.733540
v 3.318769 2.692815 1.719387
v 3.311577 2.684589 1.703492
v 3.318769 2.692815 1.719387
v 3.307055 2.673007 1.686939
v 3.324169 2.691545 1.738991
v 3.313149 2.684926 1.727095
v 3.304694 2.674928 1.712933
v 3.313149 2.684926 1.727095
v 3.299378 2.662232 1.697469
v 3.322800 2.685361 1.745034
v 3.311213 2.676182 1.735641
v 3.302322 2.664218 1.723398
v 3.311213 2.676182 1.735641
v 3.296733 2.650287 1.709142
v 3.324169 2.679177 1.751077
v 3.313149 2.667437 1.744186
v 3.304694 2.653509 1.733864
v 3.313149 2.667437 1.744186
v 3.299378 2.638342 1.720815
v 3.328144 2.673599 1.756528
v 3.318769 2.659548 1.751895
v 3.311577 2.643847 1.743305
v 3.318769 2.659548 1.751895
v 3.307055 2.627567 1.731345
v 3.334333 2.669172 1.760854
v 3.327523 2.653288 1.758012
v 3.322297 2.636180 1.750797
v 3.327523 2.653288 1.758012
v 3.319012 2.619015 1.739701
v 3.342133 2.666330 1.763632
v 3.338552 2.649268 1.761940
v 3.335805 2.631258 1.755608
v 3.338552 2.649268 1.761940
v 3.334078 2.613524 1.745067
v 3.350779 2.665350 1.764589
v 3.350779 2.647883 1.763294
v 3.350779 2.629561 1.757265
v 3.350779 2.647883 1.763294
v 3.350779 2.611633 1.746915
v 3.359425 2.666330 1.763632
v 3.363006 2.649268 1.761940
v 3.365753 2.631258 1.755608
v 3.363006 2.649268 1.761940
v 3.367480 2.613524 1.745067
v 3.367225 2.669172 1.760854
v 3.374035 2.653288 1.758012
v 3.379261 2.636180 1.750797
v 3.374035 2.653288 1.758012
v 3.382546 2.619015 1.739701
v 3.373415 2.673599 1.756528
v 3.382789 2.659548 1.751895
v 3.389982 2.643847 1.743305
v 3.382789 2.659548 1.751895
v 3.394503 2.627567 1.731345
v 3.377389 2.679177 1.751077
v 3.388409 2.667437 1.744186
v 3.396864 2.653509 1.733864
v 3.388409 2.667437 1.744186
v 3.402180 2.638342 1.720815
v 3.325514 1.363640 0.133586
v 3.325514 1.363640 0.159896
v 3.376044 1.363640 0.159896
v 3.376044 1.363640 0.133586
v 3.320240 0.927432 0.159896
v 3.320240 0.927432 0.133586
v 3.381318 0.927432 0.133586
v 3.381318 0.927432 0.159896
v 3.486095 1.163297 0.159896
v 3.486095 1.163297 0.133586
v 3.458264 1.296794 0.133586
v 3.458264 1.296794 0.159896
v 3.215463 1.163297 0.133586
v 3.215463 1.163297 0.159896
v 3.243294 1.296794 0.159896
v 3.243294 1.296794 0.133586
v 3.520362 1.066477 0.159896
v 3.520362 1.066477 0.133586
v 3.181196 1.066477 0.133586
v 3.181196 1.066477 0.159896
v 3.250718 0.946061 0.159896
v 3.250718 0.946061 0.133586
v 3.199824 0.996955 0.159896
v 3.199824 0.996955 0.133586
v 3.199824 0.996955 0.159896
v 3.199824 0.996955 0.133586
v 3.501734 0.996955 0.159896
v 3.501734 0.996955 0.133586
v 3.501734 0.996955 0.159896
v 3.450840 0.946061 0.159896
v 3.450840 0.946061 0.133586
v 3.501734 0.996955 0.133586
v 3.259197 1.331188 0.159896
v 3.259197 1.331188 0.133586
v 3.288598 1.355092 0.159896
v 3.288598 1.355092 0.133586
v 3.259197 1.331188 0.133586
v 3.412960 1.355092 0.159896
v 3.412960 1.355092 0.133586
v 3.442361 1.331188 0.159896
v 3.442361 1.331188 0.133586
v 3.442361 1.331188 0.133586
v -2.597591 2.869638 0.039822
v -2.605538 2.880794 0.028921
v -2.605538 4.485303 1.670857
v -2.597591 4.474147 1.681759
v -2.617917 2.889647 0.020269
v -2.617917 4.494156 1.662206
v -2.633514 2.895331 0.014715
v -2.633514 4.499840 1.656651
v -2.650805 2.897290 0.012801
v -2.650805 4.501799 1.654737
v -2.668095 2.895331 0.014715
v -2.668095 4.499840 1.656651
v -2.683693 2.889647 0.020269
v -2.683693 4.494156 1.662206
v -2.696071 2.880794 0.028921
v -2.696071 4.485303 1.670857
v -2.704019 2.869638 0.039822
v -2.704019 4.474147 1.681759
v -2.706757 2.857272 0.051906
v -2.706757 4.461781 1.693843
v -2.704019 2.844906 0.063991
v -2.704019 4.449415 1.705927
v -2.696071 2.833750 0.074892
v -2.696071 4.438259 1.716829
v -2.683693 2.824897 0.083543
v -2.683693 4.429406 1.725480
v -2.668095 2.819213 0.089098
v -2.668095 4.423722 1.731035
v -2.650805 2.817254 0.091012
v -2.650805 4.421763 1.732949
v -2.633514 2.819213 0.089098
v -2.633514 4.423722 1.731035
v -2.617917 2.824897 0.083543
v -2.617917 4.429406 1.725480
v -2.605538 2.833750 0.074892
v -2.605538 4.438259 1.716829
v -2.597591 2.844906 0.063991
v -2.597591 4.449415 1.705927
v -2.594852 2.857272 0.051906
v -2.594852 4.461781 1.693843
v -2.597591 2.869638 0.039822
v -2.597591 4.474147 1.681759
v -2.624195 4.517989 1.738991
v -2.622826 4.511806 1.745034
v -2.613175 4.511370 1.727095
v -2.611239 4.502625 1.735641
v -2.604719 4.501372 1.712933
v -2.613175 4.511370 1.727095
v -2.611239 4.502625 1.735641
v -2.602348 4.490663 1.723398
v -2.599404 4.488676 1.697469
v -2.596759 4.476731 1.709142
v -2.628169 4.523567 1.733540
v -2.618795 4.519259 1.719387
v -2.613175 4.511370 1.727095
v -2.604719 4.501372 1.712933
v -2.611602 4.511033 1.703492
v -2.618795 4.519259 1.719387
v -2.599404 4.488676 1.697469
v -2.607080 4.499452 1.686939
v -2.634359 4.527994 1.729214
v -2.627548 4.525519 1.713269
v -2.622323 4.518701 1.695999
v -2.627548 4.525519 1.713269
v -2.619037 4.508003 1.678583
v -2.642159 4.530837 1.726437
v -2.638578 4.529539 1.709341
v -2.635831 4.523623 1.691189
v -2.638578 4.529539 1.709341
v -2.634104 4.513494 1.673218
v -2.650805 4.531816 1.725479
v -2.650805 4.530924 1.707988
v -2.650805 4.525320 1.689531
v -2.650805 4.530924 1.707988
v -2.650805 4.515386 1.671369
v -2.659451 4.530837 1.726437
v -2.663031 4.529539 1.709341
v -2.665779 4.523623 1.691189
v -2.663031 4.529539 1.709341
v -2.667506 4.513494 1.673218
v -2.667250 4.527994 1.729214
v -2.674061 4.525519 1.713269
v -2.679287 4.518701 1.695999
v -2.674061 4.525519 1.713269
v -2.682572 4.508003 1.678583
v -2.673440 4.523567 1.733540
v -2.682814 4.519259 1.719387
v -2.690007 4.511033 1.703492
v -2.682814 4.519259 1.719387
v -2.694529 4.499452 1.686939
v -2.677414 4.517989 1.738991
v -2.688434 4.511370 1.727095
v -2.696890 4.501372 1.712933
v -2.688434 4.511370 1.727095
v -2.702206 4.488676 1.697469
v -2.678784 4.511806 1.745034
v -2.690371 4.502625 1.735641
v -2.699262 4.490663 1.723398
v -2.690371 4.502625 1.735641
v -2.704851 4.476731 1.709142
v -2.677414 4.505621 1.751077
v -2.688434 4.493881 1.744186
v -2.696890 4.479953 1.733864
v -2.688434 4.493881 1.744186
v -2.702206 4.464787 1.720815
v -2.673440 4.500043 1.756528
v -2.682814 4.485992 1.751895
v -2.690007 4.470292 1.743305
v -2.682814 4.485992 1.751895
v -2.694529 4.454011 1.731345
v -2.667250 4.495616 1.760854
v -2.674061 4.479732 1.758012
v -2.679287 4.462625 1.750797
v -2.674061 4.479732 1.758012
v -2.682572 4.445459 1.739701
v -2.659451 4.492774 1.763632
v -2.663031 4.475713 1.761940
v -2.665779 4.457702 1.755608
v -2.663031 4.475713 1.761940
v -2.667506 4.439969 1.745067
v -2.650805 4.491795 1.764589
v -2.650805 4.474328 1.763294
v -2.650805 4.456006 1.757265
v -2.650805 4.474328 1.763294
v -2.650805 4.438077 1.746915
v -2.642159 4.492774 1.763632
v -2.638578 4.475713 1.761940
v -2.635831 4.457702 1.755608
v -2.638578 4.475713 1.761940
v -2.634104 4.439969 1.745067
v -2.634359 4.495616 1.760854
v -2.627548 4.479732 1.758012
v -2.622323 4.462625 1.750797
v -2.627548 4.479732 1.758012
v -2.619037 4.445459 1.739701
v -2.628169 4.500043 1.756528
v -2.618795 4.485992 1.751895
v -2.611602 4.470292 1.743305
v -2.618795 4.485992 1.751895
v -2.607080 4.454011 1.731345
v -2.624195 4.505621 1.751077
v -2.613175 4.493881 1.744186
v -2.604719 4.479953 1.733864
v -2.613175 4.493881 1.744186
v -2.599404 4.464787 1.720815
v -2.676070 3.190084 0.133586
v -2.676070 3.190084 0.159896
v -2.625540 3.190084 0.159896
v -2.625540 3.190084 0.133586
v -2.681344 2.753876 0.159896
v -2.681344 2.753876 0.133586
v -2.620266 2.753876 0.133586
v -2.620266 2.753876 0.159896
v -2.515489 2.989741 0.159896
v -2.515489 2.989741 0.133586
v -2.543320 3.123238 0.133586
v -2.543320 3.123238 0.159896
v -2.786121 2.989741 0.133586
v -2.786121 2.989741 0.159896
v -2.758289 3.123238 0.159896
v -2.758289 3.123238 0.133586
v -2.481221 2.892921 0.159896
v -2.481221 2.892921 0.133586
v -2.820388 2.892921 0.133586
v -2.820388 2.892921 0.159896
v -2.750866 2.772505 0.159896
v -2.750866 2.772505 0.133586
v -2.801760 2.823399 0.159896
v -2.801760 2.823399 0.133586
v -2.801760 2.823399 0.159896
v -2.801760 2.823399 0.133586
v -2.499850 2.823399 0.159896
v -2.499850 2.823399 0.133586
v -2.499850 2.823399 0.159896
v -2.550744 2.772505 0.159896
v -2.550744 2.772505 0.133586
v -2.499850 2.823399 0.133586
v -2.742387 3.157632 0.159896
v -2.742387 3.157632 0.133586
v -2.712986 3.181536 0.159896
v -2.712986 3.181536 0.133586
v -2.742387 3.157632 0.133586
v -2.588624 3.181536 0.159896
v -2.588624 3.181536 0.133586
v -2.559223 3.157632 0.159896
v -2.559223 3.157632 0.133586
v -2.559223 3.157632 0.133586
v 0.087337 2.869638 0.039822
v 0.079390 2.880794 0.028921
v 0.079390 4.485303 1.670857
v 0.087337 4.474147 1.681759
v 0.067011 2.889647 0.020269
v 0.067011 4.494156 1.662206
v 0.051413 2.895331 0.014715
v 0.051413 4.499840 1.656651
v 0.034123 2.897290 0.012801
v 0.034123 4.501799 1.654737
v 0.016833 2.895331 0.014715
v 0.016833 4.499840 1.656651
v 0.001235 2.889647 0.020269
v 0.001235 4.494156 1.662206
v -0.011143 2.880794 0.028921
v -0.011143 4.485303 1.670857
v -0.019091 2.869638 0.039822
v -0.019091 4.474147 1.681759
v -0.021829 2.857272 0.051906
v -0.021829 4.461781 1.693843
v -0.019091 2.844906 0.063991
v -0.019091 4.449415 1.705927
v -0.011143 2.833750 0.074892
v -0.011143 4.438259 1.716829
v 0.001235 2.824897 0.083543
v 0.001235 4.429406 1.725480
v 0.016833 2.819213 0.089098
v 0.016833 4.423722 1.731035
v 0.034123 2.817254 0.091012
v 0.034123 4.421763 1.732949
v 0.051413 2.819213 0.089098
v 0.051413 4.423722 1.731035
v 0.067011 2.824897 0.083543
v 0.067011 4.429406 1.725480
v 0.079390 2.833750 0.074892
v 0.079390 4.438259 1.716829
v 0.087337 2.844906 0.063991
v 0.087337 4.449415 1.705927
v 0.090076 2.857272 0.051906
v 0.090076 4.461781 1.693843
v 0.087337 2.869638 0.039822
v 0.087337 4.474147 1.681759
v 0.060733 4.517989 1.738991
v 0.062102 4.511806 1.745034
v 0.071753 4.511370 1.727095
v 0.073689 4.502625 1.735641
v 0.080208 4.501372 1.712933
v 0.071753 4.511370 1.727095
v 0.073689 4.502625 1.735641
v 0.082580 4.490663 1.723398
v 0.085524 4.488676 1.697469
v 0.088169 4.476731 1.709142
v 0.056759 4.523567 1.733540
v 0.066133 4.519259 1.719387
v 0.071753 4.511370 1.727095
v 0.080208 4.501372 1.712933
v 0.073326 4.511033 1.703492
v 0.066133 4.519259 1.719387
v 0.085524 4.488676 1.697469
v 0.077847 4.499452 1.686939
v 0.050569 4.527994 1.729214
v 0.057379 4.525519 1.713269
v 0.062605 4.518701 1.695999
v 0.057379 4.525519 1.713269
v 0.065891 4.508003 1.678583
v 0.042769 4.530837 1.726437
v 0.046350 4.529539 1.709341
v 0.049097 4.523623 1.691189
v 0.046350 4.529539 1.709341
v 0.050824 4.513494 1.673218
v 0.034123 4.531816 1.725479
v 0.034123 4.530924 1.707988
v 0.034123 4.525320 1.689531
v 0.034123 4.530924 1.707988
v 0.034123 4.515386 1.671369
v 0.025477 4.530837 1.726437
v 0.021897 4.529539 1.709341
v 0.019149 4.523623 1.691189
v 0.021897 4.529539 1.709341
v 0.017422 4.513494 1.673218
v 0.017677 4.527994 1.729214
v 0.010867 4.525519 1.713269
v 0.005641 4.518701 1.695999
v 0.010867 4.525519 1.713269
v 0.002356 4.508003 1.678583
v 0.011488 4.523567 1.733540
v 0.002114 4.519259 1.719387
v -0.005079 4.511033 1.703492
v 0.002114 4.519259 1.719387
v -0.009601 4.499452 1.686939
v 0.007513 4.517989 1.738991
v -0.003506 4.511370 1.727095
v -0.011962 4.501372 1.712933
v -0.003506 4.511370 1.727095
v -0.017278 4.488676 1.697469
v 0.006144 4.511806 1.745034
v -0.005443 4.502625 1.735641
v -0.014334 4.490663 1.723398
v -0.005443 4.502625 1.735641
v -0.019923 4.476731 1.709142
v 0.007513 4.505621 1.751077
v -0.003506 4.493881 1.744186
v -0.011962 4.479953 1.733864
v -0.003506 4.493881 1.744186
v -0.017278 4.464787 1.720815
v 0.011488 4.500043 1.756528
v 0.002114 4.485992 1.751895
v -0.005079 4.470292 1.743305
v 0.002114 4.485992 1.751895
v -0.009601 4.454011 1.731345
v 0.017677 4.495616 1.760854
v 0.010867 4.479732 1.758012
v 0.005641 4.462625 1.750797
v 0.010867 4.479732 1.758012
v 0.002356 4.445459 1.739701
v 0.025477 4.492774 1.763632
v 0.021897 4.475713 1.761940
v 0.019149 4.457702 1.755608
v 0.021897 4.475713 1.761940
v 0.017422 4.439969 1.745067
v 0.034123 4.491795 1.764589
v 0.034123 4.474328 1.763294
v 0.034123 4.456006 1.757265
v 0.034123 4.474328 1.763294
v 0.034123 4.438077 1.746915
v 0.042769 4.492774 1.763632
v 0.046350 4.475713 1.761940
v 0.049097 4.457702 1.755608
v 0.046350 4.475713 1.761940
v 0.050824 4.439969 1.745067
v 0.050569 4.495616 1.760854
v 0.057379 4.479732 1.758012
v 0.062605 4.462625 1.750797
v 0.057379 4.479732 1.758012
v 0.065891 4.445459 1.739701
v 0.056759 4.500043 1.756528
v 0.066133 4.485992 1.751895
v 0.073326 4.470292 1.743305
v 0.066133 4.485992 1.751895
v 0.077847 4.454011 1.731345
v 0.060733 4.505621 1.751077
v 0.071753 4.493881 1.744186
v 0.080208 4.479953 1.733864
v 0.071753 4.493881 1.744186
v 0.085524 4.464787 1.720815
v 0.008858 3.190084 0.133586
v 0.008858 3.190084 0.159896
v 0.059388 3.190084 0.159896
v 0.059388 3.190084 0.133586
v 0.003584 2.753876 0.159896
v 0.003584 2.753876 0.133586
v 0.064662 2.753876 0.133586
v 0.064662 2.753876 0.159896
v 0.169439 2.989741 0.159896
v 0.169439 2.989741 0.133586
v 0.141608 3.123238 0.133586
v 0.141608 3.123238 0.159896
v -0.101193 2.989741 0.133586
v -0.101193 2.989741 0.159896
v -0.073361 3.123238 0.159896
v -0.073361 3.123238 0.133586
v 0.203706 2.892921 0.159896
v 0.203706 2.892921 0.133586
v -0.135460 2.892921 0.133586
v -0.135460 2.892921 0.159896
v -0.065938 2.772505 0.159896
v -0.065938 2.772505 0.133586
v -0.116832 2.823399 0.159896
v -0.116832 2.823399 0.133586
v -0.116832 2.823399 0.159896
v -0.116832 2.823399 0.133586
v 0.185078 2.823399 0.159896
v 0.185078 2.823399 0.133586
v 0.185078 2.823399 0.159896
v 0.134184 2.772505 0.159896
v 0.134184 2.772505 0.133586
v 0.185078 2.823399 0.133586
v -0.057459 3.157632 0.159896
v -0.057459 3.157632 0.133586
v -0.028058 3.181536 0.159896
v -0.028058 3.181536 0.133586
v -0.057459 3.157632 0.133586
v 0.096304 3.181536 0.159896
v 0.096304 3.181536 0.133586
v 0.125705 3.157632 0.159896
v 0.125705 3.157632 0.133586
v 0.125705 3.157632 0.133586
v -1.971258 1.043194 0.039822
v -1.979206 1.054350 0.028921
v -1.979206 2.658859 1.670857
v -1.971258 2.647703 1.681759
v -1.991584 1.063203 0.020269
v -1.991584 2.667712 1.662206
v -2.007182 1.068887 0.014715
v -2.007182 2.673396 1.656651
v -2.024472 1.070845 0.012801
v -2.024472 2.675354 1.654737
v -2.041763 1.068887 0.014715
v -2.041763 2.673396 1.656651
v -2.057360 1.063203 0.020269
v -2.057360 2.667712 1.662206
v -2.069739 1.054350 0.028921
v -2.069739 2.658859 1.670857
v -2.077686 1.043194 0.039822
v -2.077686 2.647703 1.681759
v -2.080425 1.030828 0.051906
v -2.080425 2.635337 1.693843
v -2.077686 1.018461 0.063991
v -2.077686 2.622971 1.705927
v -2.069739 1.007306 0.074892
v -2.069739 2.611815 1.716829
v -2.057360 0.998453 0.083543
v -2.057360 2.602962 1.725480
v -2.041763 0.992769 0.089098
v -2.041763 2.597278 1.731035
v -2.024472 0.990810 0.091012
v -2.024472 2.595319 1.732949
v -2.007182 0.992769 0.089098
v -2.007182 2.597278 1.731035
v -1.991584 0.998453 0.083543
v -1.991584 2.602962 1.725480
v -1.979206 1.007306 0.074892
v -1.979206 2.611815 1.716829
v -1.971258 1.018461 0.063991
v -1.971258 2.622971 1.705927
v -1.968520 1.030828 0.051906
v -1.968520 2.635337 1.693843
v -1.971258 1.043194 0.039822
v -1.971258 2.647703 1.681759
v -1.997863 2.691545 1.738991
v -1.996493 2.685361 1.745034
v -1.986843 2.684926 1.727095
v -1.984906 2.676182 1.735641
v -1.978387 2.674928 1.712933
v -1.986843 2.684926 1.727095
v -1.984906 2.676182 1.735641
v -1.976015 2.664218 1.723398
v -1.973071 2.662232 1.697469
v -1.970426 2.650287 1.709142
v -2.001837 2.697123 1.733540
v -1.992463 2.692815 1.719387
v -1.986843 2.684926 1.727095
v -1.978387 2.674928 1.712933
v -1.985270 2.684589 1.703492
v -1.992463 2.692815 1.719387
v -1.973071 2.662232 1.697469
v -1.980748 2.673007 1.686939
v -2.008027 2.701550 1.729214
v -2.001216 2.699075 1.713269
v -1.995990 2.692256 1.695999
v -2.001216 2.699075 1.713269
v -1.992705 2.681559 1.678583
v -2.015826 2.704393 1.726437
v -2.012246 2.703094 1.709341
v -2.009498 2.697179 1.691189
v -2.012246 2.703094 1.709341
v -2.007771 2.687049 1.673218
v -2.024472 2.705372 1.725479
v -2.024472 2.704480 1.707988
v -2.024472 2.698875 1.689531
v -2.024472 2.704480 1.707988
v -2.024472 2.688941 1.671369
v -2.033118 2.704393 1.726437
v -2.036699 2.703094 1.709341
v -2.039446 2.697179 1.691189
v -2.036699 2.703094 1.709341
v -2.041173 2.687049 1.673218
v -2.040918 2.701550 1.729214
v -2.047729 2.699075 1.713269
v -2.052954 2.692256 1.695999
v -2.047729 2.699075 1.713269
v -2.056240 2.681559 1.678583
v -2.047108 2.697123 1.733540
v -2.056482 2.692815 1.719387
v -2.063675 2.684589 1.703492
v -2.056482 2.692815 1.719387
v -2.068197 2.673007 1.686939
v -2.051082 2.691545 1.738991
v -2.062102 2.684926 1.727095
v -2.070558 2.674928 1.712933
v -2.062102 2.684926 1.727095
v -2.075873 2.662232 1.697469
v -2.052451 2.685361 1.745034
v -2.064038 2.676182 1.735641
v -2.072929 2.664218 1.723398
v -2.064038 2.676182 1.735641
v -2.078518 2.650287 1.709142
v -2.051082 2.679177 1.751077
v -2.062102 2.667437 1.744186
v -2.070558 2.653509 1.733864
v -2.062102 2.667437 1.744186
v -2.075873 2.638342 1.720815
v -2.047108 2.673599 1.756528
v -2.056482 2.659548 1.751895
v -2.063675 2.643847 1.743305
v -2.056482 2.659548 1.751895
v -2.068197 2.627567 1.731345
v -2.040918 2.669172 1.760854
v -2.047729 2.653288 1.758012
v -2.052954 2.636180 1.750797
v -2.047729 2.653288 1.758012
v -2.056240 2.619015 1.739701
v -2.033118 2.666330 1.763632
v -2.036699 2.649268 1.761940
v -2.039446 2.631258 1.755608
v -2.036699 2.649268 1.761940
v -2.041173 2.613524 1.745067
v -2.024472 2.665350 1.764589
v -2.024472 2.647883 1.763294
v -2.024472 2.629561 1.757265
v -2.024472 2.647883 1.763294
v -2.024472 2.611633 1.746915
v -2.015826 2.666330 1.763632
v -2.012246 2.649268 1.761940
v -2.009498 2.631258 1.755608
v -2.012246 2.649268 1.761940
v -2.007771 2.613524 1.745067
v -2.008027 2.669172 1.760854
v -2.001216 2.653288 1.758012
v -1.995990 2.636180 1.750797
v -2.001216 2.653288 1.758012
v -1.992705 2.619015 1.739701
v -2.001837 2.673599 1.756528
v -1.992463 2.659548 1.751895
v -1.985270 2.643847 1.743305
v -1.992463 2.659548 1.751895
v -1.980748 2.627567 1.731345
v -1.997863 2.679177 1.751077
v -1.986843 2.667437 1.744186
v -1.978387 2.653509 1.733864
v -1.986843 2.667437 1.744186
v -1.973071 2.638342 1.720815
v -2.049737 1.363640 0.133586
v -2.049737 1.363640 0.159896
v -1.999207 1.363640 0.159896
v -1.999207 1.363640 0.133586
v -2.055011 0.927432 0.159896
v -2.055011 0.927432 0.133586
v -1.993933 0.927432 0.133586
v -1.993933 0.927432 0.159896
v -1.889156 1.163297 0.159896
v -1.889156 1.163297 0.133586
v -1.916988 1.296794 0.133586
v -1.916988 1.296794 0.159896
v -2.159788 1.163297 0.133586
v -2.159788 1.163297 0.159896
v -2.131957 1.296794 0.159896
v -2.131957 1.296794 0.133586
v -1.854889 1.066477 0.159896
v -1.854889 1.066477 0.133586
v -2.194056 1.066477 0.133586
v -2.194056 1.066477 0.159896
v -2.124533 0.946061 0.159896
v -2.124533 0.946061 0.133586
v -2.175427 0.996955 0.159896
v -2.175427 0.996955 0.133586
v -2.175427 0.996955 0.159896
v -2.175427 0.996955 0.133586
v -1.873517 0.996955 0.159896
v -1.873517 0.996955 0.133586
v -1.873517 0.996955 0.159896
v -1.924411 0.946061 0.159896
v -1.924411 0.946061 0.133586
v -1.873517 0.996955 0.133586
v -2.116055 1.331188 0.159896
v -2.116055 1.331188 0.133586
v -2.086653 1.355092 0.159896
v -2.086653 1.355092 0.133586
v -2.116055 1.331188 0.133586
v -1.962291 1.355092 0.159896
v -1.962291 1.355092 0.133586
v -1.932890 1.331188 0.159896
v -1.932890 1.331188 0.133586
v -1.932890 1.331188 0.133586
v 1.429801 2.869638 0.039822
v 1.421854 2.880794 0.028921
v 1.421854 4.485303 1.670857
v 1.429801 4.474147 1.681759
v 1.409475 2.889647 0.020269
v 1.409475 4.494156 1.662206
v 1.393877 2.895331 0.014715
v 1.393877 4.499840 1.656651
v 1.376587 2.897290 0.012801
v 1.376587 4.501799 1.654737
v 1.359297 2.895331 0.014715
v 1.359297 4.499840 1.656651
v 1.343699 2.889647 0.020269
v 1.343699 4.494156 1.662206
v 1.331321 2.880794 0.028921
v 1.331321 4.485303 1.670857
v 1.323373 2.869638 0.039822
v 1.323373 4.474147 1.681759
v 1.320635 2.857272 0.051906
v 1.320635 4.461781 1.693843
v 1.323373 2.844906 0.063991
v 1.323373 4.449415 1.705927
v 1.331321 2.833750 0.074892
v 1.331321 4.438259 1.716829
v 1.343699 2.824897 0.083543
v 1.343699 4.429406 1.725480
v 1.359297 2.819213 0.089098
v 1.359297 4.423722 1.731035
v 1.376587 2.817254 0.091012
v 1.376587 4.421763 1.732949
v 1.393877 2.819213 0.089098
v 1.393877 4.423722 1.731035
v 1.409475 2.824897 0.083543
v 1.409475 4.429406 1.725480
v 1.421853 2.833750 0.074892
v 1.421853 4.438259 1.716829
v 1.429801 2.844906 0.063991
v 1.429801 4.449415 1.705927
v 1.432539 2.857272 0.051906
v 1.432539 4.461781 1.693843
v 1.429801 2.869638 0.039822
v 1.429801 4.474147 1.681759
v 1.403197 4.517989 1.738991
v 1.404566 4.511806 1.745034
v 1.414217 4.511370 1.727095
v 1.416153 4.502625 1.735641
v 1.422672 4.501372 1.712933
v 1.414217 4.511370 1.727095
v 1.416153 4.502625 1.735641
v 1.425044 4.490663 1.723398
v 1.427988 4.488676 1.697469
v 1.430633 4.476731 1.709142
v 1.399223 4.523567 1.733540
v 1.408597 4.519259 1.719387
v 1.414217 4.511370 1.727095
v 1.422672 4.501372 1.712933
v 1.415790 4.511033 1.703492
v 1.408597 4.519259 1.719387
v 1.427988 4.488676 1.697469
v 1.420311 4.499452 1.686939
v 1.393033 4.527994 1.729214
v 1.399843 4.525519 1.713269
v 1.405069 4.518701 1.695999
v 1.399843 4.525519 1.713269
v 1.408355 4.508003 1.678583
v 1.385233 4.530837 1.726437
v 1.388814 4.529539 1.709341
v 1.391561 4.523623 1.691189
v 1.388814 4.529539 1.709341
v 1.393288 4.513494 1.673218
v 1.376587 4.531816 1.725479
v 1.376587 4.530924 1.707988
v 1.376587 4.525320 1.689531
v 1.376587 4.530924 1.707988
v 1.376587 4.515386 1.671369
v 1.367941 4.530837 1.726437
v 1.364360 4.529539 1.709341
v 1.361613 4.523623 1.691189
v 1.364360 4.529539 1.709341
v 1.359886 4.513494 1.673218
v 1.360141 4.527994 1.729214
v 1.353331 4.525519 1.713269
v 1.348105 4.518701 1.695999
v 1.353331 4.525519 1.713269
v 1.344820 4.508003 1.678583
v 1.353951 4.523567 1.733540
v 1.344577 4.519259 1.719387
v 1.337384 4.511033 1.703492
v 1.344577 4.519259 1.719387
v 1.332863 4.499452 1.686939
v 1.349977 4.517989 1.738991
v 1.338958 4.511370 1.727095
v 1.330502 4.501372 1.712933
v 1.338958 4.511370 1.727095
v 1.325186 4.488676 1.697469
v 1.348608 4.511806 1.745034
v 1.337021 4.502625 1.735641
v 1.328130 4.490663 1.723398
v 1.337021 4.502625 1.735641
v 1.322541 4.476731 1.709142
v 1.349977 4.505621 1.751077
v 1.338958 4.493881 1.744186
v 1.330502 4.479953 1.733864
v 1.338958 4.493881 1.744186
v 1.325186 4.464787 1.720815
v 1.353951 4.500043 1.756528
v 1.344577 4.485992 1.751895
v 1.337384 4.470292 1.743305
v 1.344577 4.485992 1.751895
v 1.332863 4.454011 1.731345
v 1.360141 4.495616 1.760854
v 1.353331 4.479732 1.758012
v 1.348105 4.462625 1.750797
v 1.353331 4.479732 1.758012
v 1.344820 4.445459 1.739701
v 1.367941 4.492774 1.763632
v 1.364360 4.475713 1.761940
v 1.361613 4.457702 1.755608
v 1.364360 4.475713 1.761940
v 1.359886 4.439969 1.745067
v 1.376587 4.491795 1.764589
v 1.376587 4.474328 1.763294
v 1.376587 4.456006 1.757265
v 1.376587 4.474328 1.763294
v 1.376587 4.438077 1.746915
v 1.385233 4.492774 1.763632
v 1.388814 4.475713 1.761940
v 1.391561 4.457702 1.755608
v 1.388814 4.475713 1.761940
v 1.393288 4.439969 1.745067
v 1.393033 4.495616 1.760854
v 1.399843 4.479732 1.758012
v 1.405069 4.462625 1.750797
v 1.399843 4.479732 1.758012
v 1.408355 4.445459 1.739701
v 1.399223 4.500043 1.756528
v 1.408597 4.485992 1.751895
v 1.415789 4.470292 1.743305
v 1.408597 4.485992 1.751895
v 1.420311 4.454011 1.731345
v 1.403197 4.505621 1.751077
v 1.414217 4.493881 1.744186
v 1.422672 4.479953 1.733864
v 1.414217 4.493881 1.744186
v 1.427988 4.464787 1.720815
v 1.351322 3.190084 0.133586
v 1.351322 3.190084 0.159896
v 1.401852 3.190084 0.159896
v 1.401852 3.190084 0.133586
v 1.346048 2.753876 0.159896
v 1.346048 2.753876 0.133586
v 1.407126 2.753876 0.133586
v 1.407126 2.753876 0.159896
v 1.511903 2.989741 0.159896
v 1.511903 2.989741 0.133586
v 1.484071 3.123238 0.133586
v 1.484071 3.123238 0.159896
v 1.241271 2.989741 0.133586
v 1.241271 2.989741 0.159896
v 1.269103 3.123238 0.159896
v 1.269103 3.123238 0.133586
v 1.546170 2.892921 0.159896
v 1.546170 2.892921 0.133586
v 1.207004 2.892921 0.133586
v 1.207004 2.892921 0.159896
v 1.276526 2.772505 0.159896
v 1.276526 2.772505 0.133586
v 1.225632 2.823399 0.159896
v 1.225632 2.823399 0.133586
v 1.225632 2.823399 0.159896
v 1.225632 2.823399 0.133586
v 1.527542 2.823399 0.159896
v 1.527542 2.823399 0.133586
v 1.527542 2.823399 0.159896
v 1.476648 2.772505 0.159896
v 1.476648 2.772505 0.133586
v 1.527542 2.823399 0.133586
v 1.285005 3.157632 0.159896
v 1.285005 3.157632 0.133586
v 1.314406 3.181536 0.159896
v 1.314406 3.181536 0.133586
v 1.285005 3.157632 0.133586
v 1.438768 3.181536 0.159896
v 1.438768 3.181536 0.133586
v 1.468169 3.157632 0.159896
v 1.468169 3.157632 0.133586
v 1.468169 3.157632 0.133586
v -1.255127 2.869638 0.039822
v -1.263074 2.880794 0.028921
v -1.263074 4.485303 1.670857
v -1.255127 4.474147 1.681759
v -1.275453 2.889647 0.020269
v -1.275453 4.494156 1.662206
v -1.291051 2.895331 0.014715
v -1.291051 4.499840 1.656651
v -1.308341 2.897290 0.012801
v -1.308341 4.501799 1.654737
v -1.325631 2.895331 0.014715
v -1.325631 4.499840 1.656651
v -1.341229 2.889647 0.020269
v -1.341229 4.494156 1.662206
v -1.353607 2.880794 0.028921
v -1.353607 4.485303 1.670857
v -1.361555 2.869638 0.039822
v -1.361555 4.474147 1.681759
v -1.364293 2.857272 0.051906
v -1.364293 4.461781 1.693843
v -1.361555 2.844906 0.063991
v -1.361555 4.449415 1.705927
v -1.353607 2.833750 0.074892
v -1.353607 4.438259 1.716829
v -1.341229 2.824897 0.083543
v -1.341229 4.429406 1.725480
v -1.325631 2.819213 0.089098
v -1.325631 4.423722 1.731035
v -1.308341 2.817254 0.091012
v -1.308341 4.421763 1.732949
v -1.291051 2.819213 0.089098
v -1.291051 4.423722 1.731035
v -1.275453 2.824897 0.083543
v -1.275453 4.429406 1.725480
v -1.263074 2.833750 0.074892
v -1.263074 4.438259 1.716829
v -1.255127 2.844906 0.063991
v -1.255127 4.449415 1.705927
v -1.252388 2.857272 0.051906
v -1.252388 4.461781 1.693843
v -1.255127 2.869638 0.039822
v -1.255127 4.474147 1.681759
v -1.281731 4.517989 1.738991
v -1.280362 4.511806 1.745034
v -1.270711 4.511370 1.727095
v -1.268775 4.502625 1.735641
v -1.262255 4.501372 1.712933
v -1.270711 4.511370 1.727095
v -1.268775 4.502625 1.735641
v -1.259884 4.490663 1.723398
v -1.256940 4.488676 1.697469
v -1.254295 4.476731 1.709142
v -1.285705 4.523567 1.733540
v -1.276331 4.519259 1.719387
v -1.270711 4.511370 1.727095
v -1.262255 4.501372 1.712933
v -1.269138 4.511033 1.703492
v -1.276331 4.519259 1.719387
v -1.256940 4.488676 1.697469
v -1.264617 4.499452 1.686939
v -1.291895 4.527994 1.729214
v -1.285084 4.525519 1.713269
v -1.279858 4.518701 1.695999
v -1.285084 4.525519 1.713269
v -1.276573 4.508003 1.678583
v -1.299695 4.530837 1.726437
v -1.296114 4.529539 1.709341
v -1.293367 4.523623 1.691189
v -1.296114 4.529539 1.709341
v -1.291640 4.513494 1.673218
v -1.308341 4.531816 1.725479
v -1.308341 4.530924 1.707988
v -1.308341 4.525320 1.689531
v -1.308341 4.530924 1.707988
v -1.308341 4.515386 1.671369
v -1.316987 4.530837 1.726437
v -1.320567 4.529539 1.709341
v -1.323315 4.523623 1.691189
v -1.320567 4.529539 1.709341
v -1.325042 4.513494 1.673218
v -1.324786 4.527994 1.729214
v -1.331597 4.525519 1.713269
v -1.336823 4.518701 1.695999
v -1.331597 4.525519 1.713269
v -1.340108 4.508003 1.678583
v -1.330976 4.523567 1.733540
v -1.340350 4.519259 1.719387
v -1.347543 4.511033 1.703492
v -1.340350 4.519259 1.719387
v -1.352065 4.499452 1.686939
v -1.334950 4.517989 1.738991
v -1.345970 4.511370 1.727095
v -1.354426 4.501372 1.712933
v -1.345970 4.511370 1.727095
v -1.359742 4.488676 1.697469
v -1.336320 4.511806 1.745034
v -1.347907 4.502625 1.735641
v -1.356798 4.490663 1.723398
v -1.347907 4.502625 1.735641
v -1.362387 4.476731 1.709142
v -1.334950 4.505621 1.751077
v -1.345970 4.493881 1.744186
v -1.354426 4.479953 1.733864
v -1.345970 4.493881 1.744186
v -1.359742 4.464787 1.720815
v -1.330976 4.500043 1.756528
v -1.340350 4.485992 1.751895
v -1.347543 4.470292 1.743305
v -1.340350 4.485992 1.751895
v -1.352065 4.454011 1.731345
v -1.324786 4.495616 1.760854
v -1.331597 4.479732 1.758012
v -1.336823 4.462625 1.750797
v -1.331597 4.479732 1.758012
v -1.340108 4.445459 1.739701
v -1.316987 4.492774 1.763632
v -1.320567 4.475713 1.761940
v -1.323315 4.457702 1.755608
v -1.320567 4.475713 1.761940
v -1.325042 4.439969 1.745067
v -1.308341 4.491795 1.764589
v -1.308341 4.474328 1.763294
v -1.308341 4.456006 1.757265
v -1.308341 4.474328 1.763294
v -1.308341 4.438077 1.746915
v -1.299695 4.492774 1.763632
v -1.296114 4.475713 1.761940
v -1.293367 4.457702 1.755608
v -1.296114 4.475713 1.761940
v -1.291640 4.439969 1.745067
v -1.291895 4.495616 1.760854
v -1.285084 4.479732 1.758012
v -1.279858 4.462625 1.750797
v -1.285084 4.479732 1.758012
v -1.276573 4.445459 1.739701
v -1.285705 4.500043 1.756528
v -1.276331 4.485992 1.751895
v -1.269138 4.470292 1.743305
v -1.276331 4.485992 1.751895
v -1.264617 4.454011 1.731345
v -1.281731 4.505621 1.751077
v -1.270711 4.493881 1.744186
v -1.262255 4.479953 1.733864
v -1.270711 4.493881 1.744186
v -1.256940 4.464787 1.720815
v -1.333606 3.190084 0.133586
v -1.333606 3.190084 0.159896
v -1.283076 3.190084 0.159896
v -1.283076 3.190084 0.133586
v -1.338880 2.753876 0.159896
v -1.338880 2.753876 0.133586
v -1.277802 2.753876 0.133586
v -1.277802 2.753876 0.159896
v -1.173025 2.989741 0.159896
v -1.173025 2.989741 0.133586
v -1.200856 3.123238 0.133586
v -1.200856 3.123238 0.159896
v -1.443657 2.989741 0.133586
v -1.443657 2.989741 0.159896
v -1.415825 3.123238 0.159896
v -1.415825 3.123238 0.133586
v -1.138757 2.892921 0.159896
v -1.138757 2.892921 0.133586
v -1.477924 2.892921 0.133586
v -1.477924 2.892921 0.159896
v -1.408402 2.772505 0.159896
v -1.408402 2.772505 0.133586
v -1.459296 2.823399 0.159896
v -1.459296 2.823399 0.133586
v -1.459296 2.823399 0.159896
v -1.459296 2.823399 0.133586
v -1.157386 2.823399 0.159896
v -1.157386 2.823399 0.133586
v -1.157386 2.823399 0.159896
v -1.208280 2.772505 0.159896
v -1.208280 2.772505 0.133586
v -1.157386 2.823399 0.133586
v -1.399923 3.157632 0.159896
v -1.399923 3.157632 0.133586
v -1.370522 3.181536 0.159896
v -1.370522 3.181536 0.133586
v -1.399923 3.157632 0.133586
v -1.246160 3.181536 0.159896
v -1.246160 3.181536 0.133586
v -1.216759 3.157632 0.159896
v -1.216759 3.157632 0.133586
v -1.216759 3.157632 0.133586
v 2.772265 2.869638 0.039822
v 2.764318 2.880794 0.028921
v 2.764318 4.485303 1.670857
v 2.772265 4.474147 1.681759
v 2.751939 2.889647 0.020269
v 2.751939 4.494156 1.662206
v 2.736341 2.895331 0.014715
v 2.736341 4.499840 1.656651
v 2.719051 2.897290 0.012801
v 2.719051 4.501799 1.654737
v 2.701761 2.895331 0.014715
v 2.701761 4.499840 1.656651
v 2.686163 2.889647 0.020269
v 2.686163 4.494156 1.662206
v 2.673785 2.880794 0.028921
v 2.673785 4.485303 1.670857
v 2.665837 2.869638 0.039822
v 2.665837 4.474147 1.681759
v 2.663099 2.857272 0.051906
v 2.663099 4.461781 1.693843
v 2.665837 2.844906 0.063991
v 2.665837 4.449415 1.705927
v 2.673785 2.833750 0.074892
v 2.673785 4.438259 1.716829
v 2.686163 2.824897 0.083543
v 2.686163 4.429406 1.725480
v 2.701761 2.819213 0.089098
v 2.701761 4.423722 1.731035
v 2.719051 2.817254 0.091012
v 2.719051 4.421763 1.732949
v 2.736341 2.819213 0.089098
v 2.736341 4.423722 1.731035
v 2.751939 2.824897 0.083543
v 2.751939 4.429406 1.725480
v 2.764318 2.833750 0.074892
v 2.764318 4.438259 1.716829
v 2.772265 2.844906 0.063991
v 2.772265 4.449415 1.705927
v 2.775003 2.857272 0.051906
v 2.775003 4.461781 1.693843
v 2.772265 2.869638 0.039822
v 2.772265 4.474147 1.681759
v 2.745661 4.517989 1.738991
v 2.747030 4.511806 1.745034
v 2.756681 4.511370 1.727095
v 2.758617 4.502625 1.735641
v 2.765136 4.501372 1.712933
v 2.756681 4.511370 1.727095
v 2.758617 4.502625 1.735641
v 2.767508 4.490663 1.723398
v 2.770452 4.488676 1.697469
v 2.773097 4.476731 1.709142
v 2.741687 4.523567 1.733540
v 2.751061 4.519259 1.719387
v 2.756681 4.511370 1.727095
v 2.765136 4.501372 1.712933
v 2.758254 4.511033 1.703492
v 2.751061 4.519259 1.719387
v 2.770452 4.488676 1.697469
v 2.762775 4.499452 1.686939
v 2.735497 4.527994 1.729214
v 2.742307 4.525519 1.713269
v 2.747533 4.518701 1.695999
v 2.742307 4.525519 1.713269
v 2.750819 4.508003 1.678583
v 2.727697 4.530837 1.726437
v 2.731278 4.529539 1.709341
v 2.734025 4.523623 1.691189
v 2.731278 4.529539 1.709341
v 2.735752 4.513494 1.673218
v 2.719051 4.531816 1.725479
v 2.719051 4.530924 1.707988
v 2.719051 4.525320 1.689531
v 2.719051 4.530924 1.707988
v 2.719051 4.515386 1.671369
v 2.710405 4.530837 1.726437
v 2.706825 4.529539 1.709341
v 2.704077 4.523623 1.691189
v 2.706825 4.529539 1.709341
v 2.702350 4.513494 1.673218
v 2.702605 4.527994 1.729214
v 2.695795 4.525519 1.713269
v 2.690569 4.518701 1.695999
v 2.695795 4.525519 1.713269
v 2.687284 4.508003 1.678583
v 2.696416 4.523567 1.733540
v 2.687042 4.519259 1.719387
v 2.679849 4.511033 1.703492
v 2.687042 4.519259 1.719387
v 2.675327 4.499452 1.686939
v 2.692441 4.517989 1.738991
v 2.681422 4.511370 1.727095
v 2.672966 4.501372 1.712933
v 2.681422 4.511370 1.727095
v 2.667650 4.488676 1.697469
v 2.691072 4.511806 1.745034
v 2.679485 4.502625 1.735641
v 2.670594 4.490663 1.723398
v 2.679485 4.502625 1.735641
v 2.665005 4.476731 1.709142
v 2.692441 4.505621 1.751077
v 2.681422 4.493881 1.744186
v 2.672966 4.479953 1.733864
v 2.681422 4.493881 1.744186
v 2.667650 4.464787 1.720815
v 2.696416 4.500043 1.756528
v 2.687042 4.485992 1.751895
v 2.679849 4.470292 1.743305
v 2.687042 4.485992 1.751895
v 2.675327 4.454011 1.731345
v 2.702605 4.495616 1.760854
v 2.695795 4.479732 1.758012
v 2.690569 4.462625 1.750797
v 2.695795 4.479732 1.758012
v 2.687284 4.445459 1.739701
v 2.710405 4.492774 1.763632
v 2.706825 4.475713 1.761940
v 2.704077 4.457702 1.755608
v 2.706825 4.475713 1.761940
v 2.702350 4.439969 1.745067
v 2.719051 4.491795 1.764589
v 2.719051 4.474328 1.763294
v 2.719051 4.456006 1.757265
v 2.719051 4.474328 1.763294
v 2.719051 4.438077 1.746915
v 2.727697 4.492774 1.763632
v 2.731278 4.475713 1.761940
v 2.734025 4.457702 1.755608
v 2.731278 4.475713 1.761940
v 2.735752 4.439969 1.745067
v 2.735497 4.495616 1.760854
v 2.742307 4.479732 1.758012
v 2.747533 4.462625 1.750797
v 2.742307 4.479732 1.758012
v 2.750818 4.445459 1.739701
v 2.741687 4.500043 1.756528
v 2.751061 4.485992 1.751895
v 2.758254 4.470292 1.743305
v 2.751061 4.485992 1.751895
v 2.762775 4.454011 1.731345
v 2.745661 4.505621 1.751077
v 2.756681 4.493881 1.744186
v 2.765136 4.479953 1.733864
v 2.756681 4.493881 1.744186
v 2.770452 4.464787 1.720815
v 2.693786 3.190084 0.133586
v 2.693786 3.190084 0.159896
v 2.744316 3.190084 0.159896
v 2.744316 3.190084 0.133586
v 2.688512 2.753876 0.159896
v 2.688512 2.753876 0.133586
v 2.749590 2.753876 0.133586
v 2.749590 2.753876 0.159896
v 2.854367 2.989741 0.159896
v 2.854367 2.989741 0.133586
v 2.826536 3.123238 0.133586
v 2.826536 3.123238 0.159896
v 2.583735 2.989741 0.133586
v 2.583735 2.989741 0.159896
v 2.611567 3.123238 0.159896
v 2.611567 3.123238 0.133586
v 2.888634 2.892921 0.159896
v 2.888634 2.892921 0.133586
v 2.549468 2.892921 0.133586
v 2.549468 2.892921 0.159896
v 2.618990 2.772505 0.159896
v 2.618990 2.772505 0.133586
v 2.568096 2.823399 0.159896
v 2.568096 2.823399 0.133586
v 2.568096 2.823399 0.159896
v 2.568096 2.823399 0.133586
v 2.870006 2.823399 0.159896
v 2.870006 2.823399 0.133586
v 2.870006 2.823399 0.159896
v 2.819112 2.772505 0.159896
v 2.819112 2.772505 0.133586
v 2.870006 2.823399 0.133586
v 2.627469 3.157632 0.159896
v 2.627469 3.157632 0.133586
v 2.656870 3.181536 0.159896
v 2.656870 3.181536 0.133586
v 2.627469 3.157632 0.133586
v 2.781232 3.181536 0.159896
v 2.781232 3.181536 0.133586
v 2.810633 3.157632 0.159896
v 2.810633 3.157632 0.133586
v 2.810633 3.157632 0.133586
v -3.429628 -1.017270 0.039822
v -3.437575 -1.006115 0.028921
v -3.437575 0.031836 1.091083
v -3.429628 0.020680 1.101984
v -3.449954 -0.997262 0.020269
v -3.449954 0.040689 1.082431
v -3.465551 -0.991577 0.014715
v -3.465551 0.046373 1.076877
v -3.482841 -0.989619 0.012801
v -3.482841 0.048332 1.074963
v -3.500132 -0.991577 0.014715
v -3.500132 0.046373 1.076877
v -3.515729 -0.997262 0.020269
v -3.515729 0.040689 1.082431
v -3.528108 -1.006115 0.028921
v -3.528108 0.031836 1.091083
v -3.536055 -1.017270 0.039822
v -3.536055 0.020680 1.101984
v -3.538794 -1.029637 0.051906
v -3.538794 0.008314 1.114068
v -3.536055 -1.042003 0.063991
v -3.536055 -0.004052 1.126153
v -3.528108 -1.053159 0.074892
v -3.528108 -0.015208 1.137054
v -3.515729 -1.062012 0.083543
v -3.515729 -0.024061 1.145705
v -3.500132 -1.067696 0.089098
v -3.500132 -0.029745 1.151260
v -3.482841 -1.069654 0.091012
v -3.482841 -0.031704 1.153174
v -3.465551 -1.067696 0.089098
v -3.465551 -0.029745 1.151260
v -3.449954 -1.062012 0.083543
v -3.449954 -0.024061 1.145705
v -3.437575 -1.053159 0.074892
v -3.437575 -0.015208 1.137054
v -3.429628 -1.042003 0.063991
v -3.429628 -0.004052 1.126153
v -3.426889 -1.029637 0.051906
v -3.426889 0.008314 1.114068
v -3.429628 -1.017270 0.039822
v -3.429628 0.020680 1.101984
v -3.456232 0.046858 1.141141
v -3.454862 0.040674 1.147184
v -3.445212 0.043481 1.132562
v -3.443275 0.034736 1.141107
v -3.436756 0.037707 1.122722
v -3.445212 0.043481 1.132562
v -3.443275 0.034736 1.141107
v -3.434385 0.026997 1.133188
v -3.431441 0.029930 1.112293
v -3.428796 0.017985 1.123965
v -3.460206 0.052436 1.135690
v -3.450832 0.051369 1.124853
v -3.445212 0.043481 1.132562
v -3.436756 0.037707 1.122722
v -3.443639 0.047368 1.113281
v -3.450832 0.051369 1.124853
v -3.431441 0.029930 1.112293
v -3.439117 0.040706 1.101763
v -3.466396 0.056863 1.131364
v -3.459585 0.057630 1.118735
v -3.454359 0.055035 1.105789
v -3.459585 0.057630 1.118735
v -3.451074 0.049257 1.093406
v -3.474195 0.059706 1.128586
v -3.470615 0.061649 1.114808
v -3.467868 0.059958 1.100978
v -3.470615 0.061649 1.114808
v -3.466140 0.054747 1.088041
v -3.482841 0.060685 1.127629
v -3.482841 0.063034 1.113454
v -3.482841 0.061654 1.099321
v -3.482841 0.063034 1.113454
v -3.482841 0.056639 1.086192
v -3.491488 0.059706 1.128586
v -3.495068 0.061649 1.114808
v -3.497816 0.059958 1.100978
v -3.495068 0.061649 1.114808
v -3.499543 0.054747 1.088041
v -3.499287 0.056863 1.131364
v -3.506098 0.057630 1.118735
v -3.511324 0.055035 1.105789
v -3.506098 0.057630 1.118735
v -3.514609 0.049257 1.093406
v -3.505477 0.052436 1.135690
v -3.514851 0.051369 1.124853
v -3.522044 0.047368 1.113281
v -3.514851 0.051369 1.124853
v -3.526566 0.040706 1.101763
v -3.509451 0.046858 1.141141
v -3.520471 0.043481 1.132562
v -3.528927 0.037707 1.122722
v -3.520471 0.043481 1.132562
v -3.534242 0.029930 1.112293
v -3.510821 0.040674 1.147184
v -3.522408 0.034736 1.141107
v -3.531298 0.026997 1.133188
v -3.522408 0.034736 1.141107
v -3.536888 0.017985 1.123965
v -3.509451 0.034491 1.153227
v -3.520471 0.025991 1.149652
v -3.528927 0.016287 1.143653
v -3.520471 0.025991 1.149652
v -3.534242 0.006040 1.135638
v -3.505477 0.028912 1.158678
v -3.514851 0.018103 1.157361
v -3.522044 0.006626 1.153094
v -3.514851 0.018103 1.157361
v -3.526566 -0.004735 1.146168
v -3.499287 0.024485 1.163004
v -3.506098 0.011842 1.163479
v -3.511324 -0.001041 1.160586
v -3.506098 0.011842 1.163479
v -3.514609 -0.013287 1.154524
v -3.491488 0.021643 1.165781
v -3.495068 0.007823 1.167407
v -3.497816 -0.005964 1.165397
v -3.495068 0.007823 1.167407
v -3.499543 -0.018777 1.159890
v -3.482841 0.020663 1.166739
v -3.482841 0.006438 1.168760
v -3.482841 -0.007660 1.167055
v -3.482841 0.006438 1.168760
v -3.482841 -0.020669 1.161739
v -3.474195 0.021643 1.165781
v -3.470615 0.007823 1.167407
v -3.467868 -0.005964 1.165397
v -3.470615 0.007823 1.167407
v -3.466140 -0.018777 1.159890
v -3.466396 0.024485 1.163004
v -3.459585 0.011842 1.163479
v -3.454359 -0.001041 1.160586
v -3.459585 0.011842 1.163479
v -3.451074 -0.013287 1.154524
v -3.460206 0.028912 1.158678
v -3.450832 0.018103 1.157361
v -3.443639 0.006626 1.153094
v -3.450832 0.018103 1.157361
v -3.439117 -0.004735 1.146168
v -3.456232 0.034491 1.153227
v -3.445212 0.025991 1.149652
v -3.436756 0.016287 1.143653
v -3.445212 0.025991 1.149652
v -3.431441 0.006040 1.135638
v -3.508106 -0.696824 0.133586
v -3.508106 -0.696824 0.159896
v -3.457577 -0.696824 0.159896
v -3.457577 -0.696824 0.133586
v -3.513380 -1.133032 0.159896
v -3.513380 -1.133032 0.133586
v -3.452303 -1.133032 0.133586
v -3.452303 -1.133032 0.159896
v -3.347526 -0.897167 0.159896
v -3.347526 -0.897167 0.133586
v -3.375357 -0.763671 0.133586
v -3.375357 -0.763671 0.159896
v -3.618157 -0.897167 0.133586
v -3.618157 -0.897167 0.159896
v -3.590326 -0.763671 0.159896
v -3.590326 -0.763671 0.133586
v -3.313258 -0.993988 0.159896
v -3.313258 -0.993988 0.133586
v -3.652425 -0.993988 0.133586
v -3.652425 -0.993988 0.159896
v -3.582903 -1.114404 0.159896
v -3.582903 -1.114404 0.133586
v -3.633796 -1.063510 0.159896
v -3.633796 -1.063510 0.133586
v -3.633796 -1.063510 0.159896
v -3.633796 -1.063510 0.133586
v -3.331887 -1.063510 0.159896
v -3.331887 -1.063510 0.133586
v -3.331887 -1.063510 0.159896
v -3.382780 -1.114404 0.159896
v -3.382780 -1.114404 0.133586
v -3.331887 -1.063510 0.133586
v -3.574424 -0.729276 0.159896
v -3.574424 -0.729276 0.133586
v -3.545022 -0.705372 0.159896
v -3.545022 -0.705372 0.133586
v -3.574424 -0.729276 0.133586
v -3.420661 -0.705372 0.159896
v -3.420661 -0.705372 0.133586
v -3.391259 -0.729276 0.159896
v -3.391259 -0.729276 0.133586
v -3.391259 -0.729276 0.133586
v -0.390555 -2.682751 0.039822
v -0.398503 -2.671595 0.028921
v -0.398503 -1.633644 1.091083
v -0.390555 -1.644800 1.101984
v -0.410881 -2.662742 0.020269
v -0.410881 -1.624791 1.082431
v -0.426479 -2.657058 0.014715
v -0.426479 -1.619107 1.076877
v -0.443769 -2.655099 0.012801
v -0.443769 -1.617149 1.074963
v -0.461059 -2.657058 0.014715
v -0.461059 -1.619107 1.076877
v -0.476657 -2.662742 0.020269
v -0.476657 -1.624791 1.082431
v -0.489035 -2.671595 0.028921
v -0.489035 -1.633644 1.091083
v -0.496983 -2.682751 0.039822
v -0.496983 -1.644800 1.101984
v -0.499721 -2.695117 0.051906
v -0.499722 -1.657166 1.114068
v -0.496983 -2.707483 0.063991
v -0.496983 -1.669533 1.126153
v -0.489035 -2.718639 0.074892
v -0.489035 -1.680688 1.137054
v -0.476657 -2.727492 0.083543
v -0.476657 -1.689541 1.145705
v -0.461059 -2.733176 0.089098
v -0.461059 -1.695226 1.151260
v -0.443769 -2.735135 0.091012
v -0.443769 -1.697184 1.153174
v -0.426479 -2.733176 0.089098
v -0.426479 -1.695226 1.151260
v -0.410881 -2.727492 0.083543
v -0.410881 -1.689541 1.145705
v -0.398503 -2.718639 0.074892
v -0.398503 -1.680688 1.137054
v -0.390555 -2.707483 0.063991
v -0.390555 -1.669533 1.126153
v -0.387817 -2.695117 0.051906
v -0.387817 -1.657166 1.114068
v -0.390555 -2.682751 0.039822
v -0.390555 -1.644800 1.101984
v -0.417159 -1.618622 1.141141
v -0.415790 -1.624806 1.147184
v -0.406139 -1.622000 1.132562
v -0.404203 -1.630744 1.141107
v -0.397684 -1.627774 1.122722
v -0.406139 -1.622000 1.132562
v -0.404203 -1.630744 1.141107
v -0.395312 -1.638483 1.133188
v -0.392368 -1.635550 1.112293
v -0.389723 -1.647495 1.123965
v -0.421134 -1.613044 1.135690
v -0.411759 -1.614111 1.124853
v -0.406139 -1.622000 1.132562
v -0.397684 -1.627774 1.122722
v -0.404567 -1.618112 1.113281
v -0.411759 -1.614111 1.124853
v -0.392368 -1.635550 1.112293
v -0.400045 -1.624775 1.101763
v -0.427323 -1.608617 1.131364
v -0.420513 -1.607851 1.118735
v -0.415287 -1.610445 1.105789
v -0.420513 -1.607851 1.118735
v -0.412002 -1.616223 1.093406
v -0.435123 -1.605775 1.128586
v -0.431542 -1.603831 1.114808
v -0.428795 -1.605523 1.100978
v -0.431542 -1.603831 1.114808
v -0.427068 -1.610733 1.088041
v -0.443769 -1.604795 1.127629
v -0.443769 -1.602446 1.113454
v -0.443769 -1.603826 1.099321
v -0.443769 -1.602446 1.113454
v -0.443769 -1.608841 1.086192
v -0.452415 -1.605775 1.128586
v -0.455996 -1.603831 1.114808
v -0.458743 -1.605523 1.100978
v -0.455996 -1.603831 1.114808
v -0.460470 -1.610733 1.088041
v -0.460215 -1.608617 1.131364
v -0.467025 -1.607851 1.118735
v -0.472251 -1.610445 1.105789
v -0.467025 -1.607851 1.118735
v -0.475537 -1.616223 1.093406
v -0.466405 -1.613044 1.135690
v -0.475779 -1.614111 1.124853
v -0.482971 -1.618112 1.113281
v -0.475779 -1.614111 1.124853
v -0.487493 -1.624775 1.101763
v -0.470379 -1.618622 1.141141
v -0.481399 -1.622000 1.132562
v -0.489854 -1.627774 1.122722
v -0.481399 -1.622000 1.132562
v -0.495170 -1.635550 1.112293
v -0.471748 -1.624806 1.147184
v -0.483335 -1.630744 1.141107
v -0.492226 -1.638483 1.133188
v -0.483335 -1.630744 1.141107
v -0.497815 -1.647495 1.123965
v -0.470379 -1.630990 1.153227
v -0.481399 -1.639489 1.149652
v -0.489854 -1.649193 1.143653
v -0.481399 -1.639489 1.149652
v -0.495170 -1.659440 1.135638
v -0.466405 -1.636568 1.158678
v -0.475779 -1.647377 1.157361
v -0.482971 -1.658854 1.153094
v -0.475779 -1.647377 1.157361
v -0.487493 -1.670216 1.146168
v -0.460215 -1.640995 1.163004
v -0.467025 -1.653638 1.163479
v -0.472251 -1.666521 1.160586
v -0.467025 -1.653638 1.163479
v -0.475537 -1.678767 1.154524
v -0.452415 -1.643838 1.165781
v -0.455996 -1.657657 1.167407
v -0.458743 -1.671444 1.165397
v -0.455996 -1.657657 1.167407
v -0.460470 -1.684258 1.159890
v -0.443769 -1.644817 1.166739
v -0.443769 -1.659042 1.168760
v -0.443769 -1.673140 1.167055
v -0.443769 -1.659042 1.168760
v -0.443769 -1.686150 1.161739
v -0.435123 -1.643838 1.165781
v -0.431542 -1.657657 1.167407
v -0.428795 -1.671444 1.165397
v -0.431542 -1.657657 1.167407
v -0.427068 -1.684258 1.159890
v -0.427323 -1.640995 1.163004
v -0.420513 -1.653638 1.163479
v -0.415287 -1.666521 1.160586
v -0.420513 -1.653638 1.163479
v -0.412002 -1.678767 1.154524
v -0.421134 -1.636568 1.158678
v -0.411759 -1.647377 1.157361
v -0.404567 -1.658854 1.153094
v -0.411759 -1.647377 1.157361
v -0.400045 -1.670216 1.146168
v -0.417159 -1.630990 1.153227
v -0.406140 -1.639489 1.149652
v -0.397684 -1.649193 1.143653
v -0.406140 -1.639489 1.149652
v -0.392368 -1.659440 1.135638
v -0.469034 -2.362305 0.133586
v -0.469034 -2.362305 0.159896
v -0.418504 -2.362305 0.159896
v -0.418504 -2.362305 0.133586
v -0.474308 -2.798512 0.159896
v -0.474308 -2.798512 0.133586
v -0.413230 -2.798512 0.133586
v -0.413230 -2.798512 0.159896
v -0.308453 -2.562648 0.159896
v -0.308453 -2.562648 0.133586
v -0.336284 -2.429151 0.133586
v -0.336284 -2.429151 0.159896
v -0.579085 -2.562648 0.133586
v -0.579085 -2.562648 0.159896
v -0.551254 -2.429151 0.159896
v -0.551254 -2.429151 0.133586
v -0.274186 -2.659468 0.159896
v -0.274186 -2.659468 0.133586
v -0.613352 -2.659468 0.133586
v -0.613352 -2.659468 0.159896
v -0.543830 -2.779884 0.159896
v -0.543830 -2.779884 0.133586
v -0.594724 -2.728990 0.159896
v -0.594724 -2.728990 0.133586
v -0.594724 -2.728990 0.159896
v -0.594724 -2.728990 0.133586
v -0.292814 -2.728990 0.159896
v -0.292814 -2.728990 0.133586
v -0.292814 -2.728990 0.159896
v -0.343708 -2.779884 0.159896
v -0.343708 -2.779884 0.133586
v -0.292814 -2.728990 0.133586
v -0.535351 -2.394757 0.159896
v -0.535351 -2.394757 0.133586
v -0.505950 -2.370852 0.159896
v -0.505950 -2.370852 0.133586
v -0.535351 -2.394757 0.133586
v -0.381588 -2.370852 0.159896
v -0.381588 -2.370852 0.133586
v -0.352187 -2.394757 0.159896
v -0.352187 -2.394757 0.133586
v -0.352187 -2.394757 0.133586
v -1.403579 -2.682751 0.039822
v -1.411526 -2.671595 0.028921
v -1.411526 -1.633644 1.091083
v -1.403579 -1.644800 1.101984
v -1.423905 -2.662742 0.020269
v -1.423905 -1.624791 1.082431
v -1.439502 -2.657058 0.014715
v -1.439503 -1.619107 1.076877
v -1.456793 -2.655099 0.012801
v -1.456793 -1.617149 1.074963
v -1.474083 -2.657058 0.014715
v -1.474083 -1.619107 1.076877
v -1.489681 -2.662742 0.020269
v -1.489681 -1.624791 1.082431
v -1.502059 -2.671595 0.028921
v -1.502059 -1.633644 1.091083
v -1.510007 -2.682751 0.039822
v -1.510007 -1.644800 1.101984
v -1.512745 -2.695117 0.051906
v -1.512745 -1.657166 1.114068
v -1.510007 -2.707483 0.063991
v -1.510007 -1.669533 1.126153
v -1.502059 -2.718639 0.074892
v -1.502059 -1.680688 1.137054
v -1.489681 -2.727492 0.083543
v -1.489681 -1.689541 1.145705
v -1.474083 -2.733176 0.089098
v -1.474083 -1.695226 1.151260
v -1.456793 -2.735135 0.091012
v -1.456793 -1.697184 1.153174
v -1.439502 -2.733176 0.089098
v -1.439503 -1.695226 1.151260
v -1.423905 -2.727492 0.083543
v -1.423905 -1.689541 1.145705
v -1.411526 -2.718639 0.074892
v -1.411526 -1.680688 1.137054
v -1.403579 -2.707483 0.063991
v -1.403579 -1.669533 1.126153
v -1.400841 -2.695117 0.051906
v -1.400841 -1.657166 1.114068
v -1.403579 -2.682751 0.039822
v -1.403579 -1.644800 1.101984
v -1.430183 -1.618622 1.141141
v -1.428814 -1.624806 1.147184
v -1.419163 -1.622000 1.132562
v -1.417227 -1.630744 1.141107
v -1.410707 -1.627774 1.122722
v -1.419163 -1.622000 1.132562
v -1.417227 -1.630744 1.141107
v -1.408336 -1.638483 1.133188
v -1.405392 -1.635550 1.112293
v -1.402747 -1.647495 1.123965
v -1.434157 -1.613044 1.135690
v -1.424783 -1.614111 1.124853
v -1.419163 -1.622000 1.132562
v -1.410707 -1.627774 1.122722
v -1.417590 -1.618112 1.113281
v -1.424783 -1.614111 1.124853
v -1.405392 -1.635550 1.112293
v -1.413069 -1.624775 1.101763
v -1.440347 -1.608617 1.131364
v -1.433537 -1.607851 1.118735
v -1.428311 -1.610445 1.105789
v -1.433537 -1.607851 1.118735
v -1.425025 -1.616223 1.093406
v -1.448147 -1.605775 1.128586
v -1.444566 -1.603831 1.114808
v -1.441819 -1.605523 1.100978
v -1.444566 -1.603831 1.114808
v -1.440092 -1.610733 1.088041
v -1.456793 -1.604795 1.127629
v -1.456793 -1.602446 1.113454
v -1.456793 -1.603826 1.099321
v -1.456793 -1.602446 1.113454
v -1.456793 -1.608841 1.086192
v -1.465439 -1.605775 1.128586
v -1.469019 -1.603831 1.114808
v -1.471767 -1.605523 1.100978
v -1.469019 -1.603831 1.114808
v -1.473494 -1.610733 1.088041
v -1.473238 -1.608617 1.131364
v -1.480049 -1.607851 1.118735
v -1.485275 -1.610445 1.105789
v -1.480049 -1.607851 1.118735
v -1.488560 -1.616223 1.093406
v -1.479429 -1.613044 1.135690
v -1.488802 -1.614111 1.124853
v -1.495995 -1.618112 1.113281
v -1.488802 -1.614111 1.124853
v -1.500517 -1.624775 1.101763
v -1.483402 -1.618622 1.141141
v -1.494422 -1.622000 1.132562
v -1.502878 -1.627774 1.122722
v -1.494422 -1.622000 1.132562
v -1.508194 -1.635550 1.112293
v -1.484772 -1.624806 1.147184
v -1.496359 -1.630744 1.141107
v -1.505250 -1.638483 1.133188
v -1.496359 -1.630744 1.141107
v -1.510839 -1.647495 1.123965
v -1.483402 -1.630990 1.153227
v -1.494422 -1.639489 1.149652
v -1.502878 -1.649193 1.143653
v -1.494422 -1.639489 1.149652
v -1.508194 -1.659440 1.135638
v -1.479429 -1.636568 1.158678
v -1.488802 -1.647377 1.157361
v -1.495995 -1.658854 1.153094
v -1.488802 -1.647377 1.157361
v -1.500517 -1.670216 1.146168
v -1.473238 -1.640995 1.163004
v -1.480049 -1.653638 1.163479
v -1.485275 -1.666521 1.160586
v -1.480049 -1.653638 1.163479
v -1.488560 -1.678767 1.154524
v -1.465439 -1.643838 1.165781
v -1.469019 -1.657657 1.167407
v -1.471767 -1.671444 1.165397
v -1.469019 -1.657657 1.167407
v -1.473494 -1.684258 1.159890
v -1.456793 -1.644817 1.166739
v -1.456793 -1.659042 1.168760
v -1.456793 -1.673140 1.167055
v -1.456793 -1.659042 1.168760
v -1.456793 -1.686150 1.161739
v -1.448147 -1.643838 1.165781
v -1.444566 -1.657657 1.167407
v -1.441819 -1.671444 1.165397
v -1.444566 -1.657657 1.167407
v -1.440092 -1.684258 1.159890
v -1.440347 -1.640995 1.163004
v -1.433537 -1.653638 1.163479
v -1.428311 -1.666521 1.160586
v -1.433537 -1.653638 1.163479
v -1.425025 -1.678767 1.154524
v -1.434157 -1.636568 1.158678
v -1.424783 -1.647377 1.157361
v -1.417590 -1.658854 1.153094
v -1.424783 -1.647377 1.157361
v -1.413069 -1.670216 1.146168
v -1.430183 -1.630990 1.153227
v -1.419163 -1.639489 1.149652
v -1.410707 -1.649193 1.143653
v -1.419163 -1.639489 1.149652
v -1.405392 -1.659440 1.135638
v -1.482058 -2.362305 0.133586
v -1.482058 -2.362305 0.159896
v -1.431528 -2.362305 0.159896
v -1.431528 -2.362305 0.133586
v -1.487332 -2.798512 0.159896
v -1.487332 -2.798512 0.133586
v -1.426254 -2.798512 0.133586
v -1.426254 -2.798512 0.159896
v -1.321477 -2.562648 0.159896
v -1.321477 -2.562648 0.133586
v -1.349308 -2.429151 0.133586
v -1.349308 -2.429151 0.159896
v -1.592109 -2.562648 0.133586
v -1.592109 -2.562648 0.159896
v -1.564277 -2.429151 0.159896
v -1.564277 -2.429151 0.133586
v -1.287210 -2.659468 0.159896
v -1.287210 -2.659468 0.133586
v -1.626376 -2.659468 0.133586
v -1.626376 -2.659468 0.159896
v -1.556854 -2.779884 0.159896
v -1.556854 -2.779884 0.133586
v -1.607748 -2.728990 0.159896
v -1.607748 -2.728990 0.133586
v -1.607748 -2.728990 0.159896
v -1.607748 -2.728990 0.133586
v -1.305838 -2.728990 0.159896
v -1.305838 -2.728990 0.133586
v -1.305838 -2.728990 0.159896
v -1.356732 -2.779884 0.159896
v -1.356732 -2.779884 0.133586
v -1.305838 -2.728990 0.133586
v -1.548375 -2.394757 0.159896
v -1.548375 -2.394757 0.133586
v -1.518974 -2.370852 0.159896
v -1.518974 -2.370852 0.133586
v -1.548375 -2.394757 0.133586
v -1.394612 -2.370852 0.159896
v -1.394612 -2.370852 0.133586
v -1.365211 -2.394757 0.159896
v -1.365211 -2.394757 0.133586
v -1.365211 -2.394757 0.133586
v -2.416603 -2.682751 0.039822
v -2.424551 -2.671595 0.028921
v -2.424551 -1.633644 1.091083
v -2.416603 -1.644800 1.101984
v -2.436929 -2.662742 0.020269
v -2.436929 -1.624791 1.082431
v -2.452527 -2.657058 0.014715
v -2.452527 -1.619107 1.076877
v -2.469817 -2.655099 0.012801
v -2.469817 -1.617149 1.074963
v -2.487108 -2.657058 0.014715
v -2.487108 -1.619107 1.076877
v -2.502705 -2.662742 0.020269
v -2.502705 -1.624791 1.082431
v -2.515084 -2.671595 0.028921
v -2.515084 -1.633644 1.091083
v -2.523031 -2.682751 0.039822
v -2.523031 -1.644800 1.101984
v -2.525769 -2.695117 0.051906
v -2.525770 -1.657166 1.114068
v -2.523031 -2.707483 0.063991
v -2.523031 -1.669533 1.126153
v -2.515084 -2.718639 0.074892
v -2.515084 -1.680688 1.137054
v -2.502705 -2.727492 0.083543
v -2.502705 -1.689541 1.145705
v -2.487108 -2.733176 0.089098
v -2.487108 -1.695226 1.151260
v -2.469817 -2.735135 0.091012
v -2.469817 -1.697184 1.153174
v -2.452527 -2.733176 0.089098
v -2.452527 -1.695226 1.151260
v -2.436929 -2.727492 0.083543
v -2.436929 -1.689541 1.145705
v -2.424551 -2.718639 0.074892
v -2.424551 -1.680688 1.137054
v -2.416603 -2.707483 0.063991
v -2.416603 -1.669533 1.126153
v -2.413865 -2.695117 0.051906
v -2.413865 -1.657166 1.114068
v -2.416603 -2.682751 0.039822
v -2.416603 -1.644800 1.101984
v -2.443208 -1.618622 1.141141
v -2.441838 -1.624806 1.147184
v -2.432188 -1.622000 1.132562
v -2.430251 -1.630744 1.141107
v -2.423732 -1.627774 1.122722
v -2.432188 -1.622000 1.132562
v -2.430251 -1.630744 1.141107
v -2.421360 -1.638483 1.133188
v -2.418416 -1.635550 1.112293
v -2.415771 -1.647495 1.123965
v -2.447182 -1.613044 1.135690
v -2.437808 -1.614111 1.124853
v -2.432188 -1.622000 1.132562
v -2.423732 -1.627774 1.122722
v -2.430615 -1.618112 1.113281
v -2.437808 -1.614111 1.124853
v -2.418416 -1.635550 1.112293
v -2.426093 -1.624775 1.101763
v -2.453372 -1.608617 1.131364
v -2.446561 -1.607851 1.118735
v -2.441335 -1.610445 1.105789
v -2.446561 -1.607851 1.118735
v -2.438050 -1.616223 1.093406
v -2.461171 -1.605775 1.128586
v -2.457591 -1.603831 1.114808
v -2.454843 -1.605523 1.100978
v -2.457591 -1.603831 1.114808
v -2.453116 -1.610733 1.088041
v -2.469817 -1.604795 1.127629
v -2.469817 -1.602446 1.113454
v -2.469817 -1.603826 1.099321
v -2.469817 -1.602446 1.113454
v -2.469817 -1.608841 1.086192
v -2.478463 -1.605775 1.128586
v -2.482044 -1.603831 1.114808
v -2.484791 -1.605523 1.100978
v -2.482044 -1.603831 1.114808
v -2.486518 -1.610733 1.088041
v -2.486263 -1.608617 1.131364
v -2.493073 -1.607851 1.118735
v -2.498300 -1.610445 1.105789
v -2.493073 -1.607851 1.118735
v -2.501585 -1.616223 1.093406
v -2.492453 -1.613044 1.135690
v -2.501827 -1.614111 1.124853
v -2.509020 -1.618112 1.113281
v -2.501827 -1.614111 1.124853
v -2.513541 -1.624775 1.101763
v -2.496427 -1.618622 1.141141
v -2.507447 -1.622000 1.132562
v -2.515903 -1.627774 1.122722
v -2.507447 -1.622000 1.132562
v -2.521218 -1.635550 1.112293
v -2.497796 -1.624806 1.147184
v -2.509383 -1.630744 1.141107
v -2.518274 -1.638483 1.133188
v -2.509383 -1.630744 1.141107
v -2.523863 -1.647495 1.123965
v -2.496427 -1.630990 1.153227
v -2.507447 -1.639489 1.149652
v -2.515903 -1.649193 1.143653
v -2.507447 -1.639489 1.149652
v -2.521218 -1.659440 1.135638
v -2.492453 -1.636568 1.158678
v -2.501827 -1.647377 1.157361
v -2.509020 -1.658854 1.153094
v -2.501827 -1.647377 1.157361
v -2.513541 -1.670216 1.146168
v -2.486263 -1.640995 1.163004
v -2.493073 -1.653638 1.163479
v -2.498300 -1.666521 1.160586
v -2.493073 -1.653638 1.163479
v -2.501585 -1.678767 1.154524
v -2.478463 -1.643838 1.165781
v -2.482044 -1.657657 1.167407
v -2.484791 -1.671444 1.165397
v -2.482044 -1.657657 1.167407
v -2.486518 -1.684258 1.159890
v -2.469817 -1.644817 1.166739
v -2.469817 -1.659042 1.168760
v -2.469817 -1.673140 1.167055
v -2.469817 -1.659042 1.168760
v -2.469817 -1.686150 1.161739
v -2.461171 -1.643838 1.165781
v -2.457591 -1.657657 1.167407
v -2.454843 -1.671444 1.165397
v -2.457591 -1.657657 1.167407
v -2.453116 -1.684258 1.159890
v -2.453372 -1.640995 1.163004
v -2.446561 -1.653638 1.163479
v -2.441335 -1.666521 1.160586
v -2.446561 -1.653638 1.163479
v -2.438050 -1.678767 1.154524
v -2.447182 -1.636568 1.158678
v -2.437808 -1.647377 1.157361
v -2.430615 -1.658854 1.153094
v -2.437808 -1.647377 1.157361
v -2.426093 -1.670216 1.146168
v -2.443208 -1.630990 1.153227
v -2.432188 -1.639489 1.149652
v -2.423732 -1.649193 1.143653
v -2.432188 -1.639489 1.149652
v -2.418416 -1.659440 1.135638
v -2.495082 -2.362305 0.133586
v -2.495082 -2.362305 0.159896
v -2.444552 -2.362305 0.159896
v -2.444552 -2.362305 0.133586
v -2.500356 -2.798512 0.159896
v -2.500356 -2.798512 0.133586
v -2.439278 -2.798512 0.133586
v -2.439278 -2.798512 0.159896
v -2.334501 -2.562648 0.159896
v -2.334501 -2.562648 0.133586
v -2.362333 -2.429151 0.133586
v -2.362333 -2.429151 0.159896
v -2.605133 -2.562648 0.133586
v -2.605133 -2.562648 0.159896
v -2.577302 -2.429151 0.159896
v -2.577302 -2.429151 0.133586
v -2.300234 -2.659468 0.159896
v -2.300234 -2.659468 0.133586
v -2.639400 -2.659468 0.133586
v -2.639400 -2.659468 0.159896
v -2.569878 -2.779884 0.159896
v -2.569878 -2.779884 0.133586
v -2.620772 -2.728990 0.159896
v -2.620772 -2.728990 0.133586
v -2.620772 -2.728990 0.159896
v -2.620772 -2.728990 0.133586
v -2.318862 -2.728990 0.159896
v -2.318862 -2.728990 0.133586
v -2.318862 -2.728990 0.159896
v -2.369756 -2.779884 0.159896
v -2.369756 -2.779884 0.133586
v -2.318862 -2.728990 0.133586
v -2.561399 -2.394757 0.159896
v -2.561399 -2.394757 0.133586
v -2.531998 -2.370852 0.159896
v -2.531998 -2.370852 0.133586
v -2.561399 -2.394757 0.133586
v -2.407636 -2.370852 0.159896
v -2.407636 -2.370852 0.133586
v -2.378235 -2.394757 0.159896
v -2.378235 -2.394757 0.133586
v -2.378235 -2.394757 0.133586
v 0.716367 1.043194 0.039822
v 0.708420 1.054350 0.028921
v 0.708420 2.658859 1.670857
v 0.716367 2.647703 1.681759
v 0.696041 1.063203 0.020269
v 0.696041 2.667712 1.662206
v 0.680444 1.068887 0.014715
v 0.680444 2.673396 1.656651
v 0.663153 1.070845 0.012801
v 0.663153 2.675354 1.654737
v 0.645863 1.068887 0.014715
v 0.645863 2.673396 1.656651
v 0.630265 1.063203 0.020269
v 0.630265 2.667712 1.662206
v 0.617887 1.054350 0.028921
v 0.617887 2.658859 1.670857
v 0.609940 1.043194 0.039822
v 0.609940 2.647703 1.681759
v 0.607201 1.030828 0.051906
v 0.607201 2.635337 1.693843
v 0.609940 1.018461 0.063991
v 0.609940 2.622971 1.705927
v 0.617887 1.007306 0.074892
v 0.617887 2.611815 1.716829
v 0.630265 0.998453 0.083543
v 0.630265 2.602962 1.725480
v 0.645863 0.992769 0.089098
v 0.645863 2.597278 1.731035
v 0.663153 0.990810 0.091012
v 0.663153 2.595319 1.732949
v 0.680444 0.992769 0.089098
v 0.680444 2.597278 1.731035
v 0.696041 0.998453 0.083543
v 0.696041 2.602962 1.725480
v 0.708420 1.007306 0.074892
v 0.708420 2.611815 1.716829
v 0.716367 1.018461 0.063991
v 0.716367 2.622971 1.705927
v 0.719106 1.030828 0.051906
v 0.719106 2.635337 1.693843
v 0.716367 1.043194 0.039822
v 0.716367 2.647703 1.681759
v 0.689763 2.691545 1.738991
v 0.691132 2.685361 1.745034
v 0.700783 2.684926 1.727095
v 0.702719 2.676182 1.735641
v 0.709239 2.674928 1.712933
v 0.700783 2.684926 1.727095
v 0.702719 2.676182 1.735641
v 0.711610 2.664218 1.723398
v 0.714554 2.662232 1.697469
v 0.717199 2.650287 1.709142
v 0.685789 2.697123 1.733540
v 0.695163 2.692815 1.719387
v 0.700783 2.684926 1.727095
v 0.709239 2.674928 1.712933
v 0.702356 2.684589 1.703492
v 0.695163 2.692815 1.719387
v 0.714554 2.662232 1.697469
v 0.706878 2.673007 1.686939
v 0.679599 2.701550 1.729214
v 0.686410 2.699075 1.713269
v 0.691636 2.692256 1.695999
v 0.686410 2.699075 1.713269
v 0.694921 2.681559 1.678583
v 0.671799 2.704393 1.726437
v 0.675380 2.703094 1.709341
v 0.678127 2.697179 1.691189
v 0.675380 2.703094 1.709341
v 0.679855 2.687049 1.673218
v 0.663153 2.705372 1.725479
v 0.663153 2.704480 1.707988
v 0.663153 2.698875 1.689531
v 0.663153 2.704480 1.707988
v 0.663153 2.688941 1.671369
v 0.654507 2.704393 1.726437
v 0.650927 2.703094 1.709341
v 0.648179 2.697179 1.691189
v 0.650927 2.703094 1.709341
v 0.646452 2.687049 1.673218
v 0.646708 2.701550 1.729214
v 0.639897 2.699075 1.713269
v 0.634671 2.692256 1.695999
v 0.639897 2.699075 1.713269
v 0.631386 2.681559 1.678583
v 0.640518 2.697123 1.733540
v 0.631144 2.692815 1.719387
v 0.623951 2.684589 1.703492
v 0.631144 2.692815 1.719387
v 0.619429 2.673007 1.686939
v 0.636544 2.691545 1.738991
v 0.625524 2.684926 1.727095
v 0.617068 2.674928 1.712933
v 0.625524 2.684926 1.727095
v 0.611753 2.662232 1.697469
v 0.635174 2.685361 1.745034
v 0.623587 2.676182 1.735641
v 0.614696 2.664218 1.723398
v 0.623587 2.676182 1.735641
v 0.609107 2.650287 1.709142
v 0.636544 2.679177 1.751077
v 0.625524 2.667437 1.744186
v 0.617068 2.653509 1.733864
v 0.625524 2.667437 1.744186
v 0.611753 2.638342 1.720815
v 0.640518 2.673599 1.756528
v 0.631144 2.659548 1.751895
v 0.623951 2.643847 1.743305
v 0.631144 2.659548 1.751895
v 0.619429 2.627567 1.731345
v 0.646708 2.669172 1.760854
v 0.639897 2.653288 1.758012
v 0.634671 2.636180 1.750797
v 0.639897 2.653288 1.758012
v 0.631386 2.619015 1.739701
v 0.654507 2.666330 1.763632
v 0.650927 2.649268 1.761940
v 0.648179 2.631258 1.755608
v 0.650927 2.649268 1.761940
v 0.646452 2.613524 1.745067
v 0.663153 2.665350 1.764589
v 0.663153 2.647883 1.763294
v 0.663153 2.629561 1.757265
v 0.663153 2.647883 1.763294
v 0.663153 2.611633 1.746915
v 0.671799 2.666330 1.763632
v 0.675380 2.649268 1.761940
v 0.678127 2.631258 1.755608
v 0.675380 2.649268 1.761940
v 0.679855 2.613524 1.745067
v 0.679599 2.669172 1.760854
v 0.686410 2.653288 1.758012
v 0.691636 2.636180 1.750797
v 0.686410 2.653288 1.758012
v 0.694921 2.619015 1.739701
v 0.685789 2.673599 1.756528
v 0.695163 2.659548 1.751895
v 0.702356 2.643847 1.743305
v 0.695163 2.659548 1.751895
v 0.706878 2.627567 1.731345
v 0.689763 2.679177 1.751077
v 0.700783 2.667437 1.744186
v 0.709239 2.653509 1.733864
v 0.700783 2.667437 1.744186
v 0.714554 2.638342 1.720815
v 0.637889 1.363640 0.133586
v 0.637889 1.363640 0.159896
v 0.688418 1.363640 0.159896
v 0.688418 1.363640 0.133586
v 0.632614 0.927432 0.159896
v 0.632614 0.927432 0.133586
v 0.693692 0.927432 0.133586
v 0.693692 0.927432 0.159896
v 0.798469 1.163297 0.159896
v 0.798469 1.163297 0.133586
v 0.770638 1.296794 0.133586
v 0.770638 1.296794 0.159896
v 0.527837 1.163297 0.133586
v 0.527837 1.163297 0.159896
v 0.555669 1.296794 0.159896
v 0.555669 1.296794 0.133586
v 0.832737 1.066477 0.159896
v 0.832737 1.066477 0.133586
v 0.493570 1.066477 0.133586
v 0.493570 1.066477 0.159896
v 0.563092 0.946061 0.159896
v 0.563092 0.946061 0.133586
v 0.512199 0.996955 0.159896
v 0.512199 0.996955 0.133586
v 0.512199 0.996955 0.159896
v 0.512199 0.996955 0.133586
v 0.814108 0.996955 0.159896
v 0.814108 0.996955 0.133586
v 0.814108 0.996955 0.159896
v 0.763215 0.946061 0.159896
v 0.763215 0.946061 0.133586
v 0.814108 0.996955 0.133586
v 0.571571 1.331188 0.159896
v 0.571571 1.331188 0.133586
v 0.600973 1.355092 0.159896
v 0.600973 1.355092 0.133586
v 0.571571 1.331188 0.133586
v 0.725334 1.355092 0.159896
v 0.725334 1.355092 0.133586
v 0.754736 1.331188 0.159896
v 0.754736 1.331188 0.133586
v 0.754736 1.331188 0.133586
v 2.060180 1.043194 0.039822
v 2.052233 1.054350 0.028921
v 2.052233 2.658859 1.670857
v 2.060180 2.647703 1.681759
v 2.039854 1.063203 0.020269
v 2.039854 2.667712 1.662206
v 2.024257 1.068887 0.014715
v 2.024257 2.673396 1.656651
v 2.006966 1.070845 0.012801
v 2.006966 2.675354 1.654737
v 1.989676 1.068887 0.014715
v 1.989676 2.673396 1.656651
v 1.974078 1.063203 0.020269
v 1.974078 2.667712 1.662206
v 1.961700 1.054350 0.028921
v 1.961700 2.658859 1.670857
v 1.953752 1.043194 0.039822
v 1.953752 2.647703 1.681759
v 1.951014 1.030828 0.051906
v 1.951014 2.635337 1.693843
v 1.953752 1.018461 0.063991
v 1.953752 2.622971 1.705927
v 1.961700 1.007306 0.074892
v 1.961700 2.611815 1.716829
v 1.974078 0.998453 0.083543
v 1.974078 2.602962 1.725480
v 1.989676 0.992769 0.089098
v 1.989676 2.597278 1.731035
v 2.006966 0.990810 0.091012
v 2.006966 2.595319 1.732949
v 2.024257 0.992769 0.089098
v 2.024257 2.597278 1.731035
v 2.039854 0.998453 0.083543
v 2.039854 2.602962 1.725480
v 2.052233 1.007306 0.074892
v 2.052233 2.611815 1.716829
v 2.060180 1.018461 0.063991
v 2.060180 2.622971 1.705927
v 2.062919 1.030828 0.051906
v 2.062919 2.635337 1.693843
v 2.060180 1.043194 0.039822
v 2.060180 2.647703 1.681759
v 2.033576 2.691545 1.738991
v 2.034945 2.685361 1.745034
v 2.044596 2.684926 1.727095
v 2.046532 2.676182 1.735641
v 2.053052 2.674928 1.712933
v 2.044596 2.684926 1.727095
v 2.046532 2.676182 1.735641
v 2.055423 2.664218 1.723398
v 2.058367 2.662232 1.697469
v 2.061013 2.650287 1.709142
v 2.029602 2.697123 1.733540
v 2.038976 2.692815 1.719387
v 2.044596 2.684926 1.727095
v 2.053052 2.674928 1.712933
v 2.046169 2.684589 1.703492
v 2.038976 2.692815 1.719387
v 2.058367 2.662232 1.697469
v 2.050691 2.673007 1.686939
v 2.023412 2.701550 1.729214
v 2.030223 2.699075 1.713269
v 2.035449 2.692256 1.695999
v 2.030223 2.699075 1.713269
v 2.038734 2.681559 1.678583
v 2.015612 2.704393 1.726437
v 2.019193 2.703094 1.709341
v 2.021940 2.697179 1.691189
v 2.019193 2.703094 1.709341
v 2.023668 2.687049 1.673218
v 2.006966 2.705372 1.725479
v 2.006966 2.704480 1.707988
v 2.006966 2.698875 1.689531
v 2.006966 2.704480 1.707988
v 2.006966 2.688941 1.671369
v 1.998320 2.704393 1.726437
v 1.994740 2.703094 1.709341
v 1.991992 2.697179 1.691189
v 1.994740 2.703094 1.709341
v 1.990265 2.687049 1.673218
v 1.990521 2.701550 1.729214
v 1.983710 2.699075 1.713269
v 1.978484 2.692256 1.695999
v 1.983710 2.699075 1.713269
v 1.975199 2.681559 1.678583
v 1.984331 2.697123 1.733540
v 1.974957 2.692815 1.719387
v 1.967764 2.684589 1.703492
v 1.974957 2.692815 1.719387
v 1.963242 2.673007 1.686939
v 1.980357 2.691545 1.738991
v 1.969337 2.684926 1.727095
v 1.960881 2.674928 1.712933
v 1.969337 2.684926 1.727095
v 1.955565 2.662232 1.697469
v 1.978987 2.685361 1.745034
v 1.967400 2.676182 1.735641
v 1.958509 2.664218 1.723398
v 1.967400 2.676182 1.735641
v 1.952920 2.650287 1.709142
v 1.980357 2.679177 1.751077
v 1.969337 2.667437 1.744186
v 1.960881 2.653509 1.733864
v 1.969337 2.667437 1.744186
v 1.955565 2.638342 1.720815
v 1.984331 2.673599 1.756528
v 1.974957 2.659548 1.751895
v 1.967764 2.643847 1.743305
v 1.974957 2.659548 1.751895
v 1.963242 2.627567 1.731345
v 1.990521 2.669172 1.760854
v 1.983710 2.653288 1.758012
v 1.978484 2.636180 1.750797
v 1.983710 2.653288 1.758012
v 1.975199 2.619015 1.739701
v 1.998320 2.666330 1.763632
v 1.994740 2.649268 1.761940
v 1.991992 2.631258 1.755608
v 1.994740 2.649268 1.761940
v 1.990265 2.613524 1.745067
v 2.006966 2.665350 1.764589
v 2.006966 2.647883 1.763294
v 2.006966 2.629561 1.757265
v 2.006966 2.647883 1.763294
v 2.006966 2.611633 1.746915
v 2.015612 2.666330 1.763632
v 2.019193 2.649268 1.761940
v 2.021940 2.631258 1.755608
v 2.019193 2.649268 1.761940
v 2.023668 2.613524 1.745067
v 2.023412 2.669172 1.760854
v 2.030223 2.653288 1.758012
v 2.035449 2.636180 1.750797
v 2.030223 2.653288 1.758012
v 2.038734 2.619015 1.739701
v 2.029602 2.673599 1.756528
v 2.038976 2.659548 1.751895
v 2.046169 2.643847 1.743305
v 2.038976 2.659548 1.751895
v 2.050691 2.627567 1.731345
v 2.033576 2.679177 1.751077
v 2.044596 2.667437 1.744186
v 2.053052 2.653509 1.733864
v 2.044596 2.667437 1.744186
v 2.058367 2.638342 1.720815
v 1.981701 1.363640 0.133586
v 1.981701 1.363640 0.159896
v 2.032231 1.363640 0.159896
v 2.032231 1.363640 0.133586
v 1.976427 0.927432 0.159896
v 1.976427 0.927432 0.133586
v 2.037505 0.927432 0.133586
v 2.037505 0.927432 0.159896
v 2.142282 1.163297 0.159896
v 2.142282 1.163297 0.133586
v 2.114451 1.296794 0.133586
v 2.114451 1.296794 0.159896
v 1.871650 1.163297 0.133586
v 1.871650 1.163297 0.159896
v 1.899482 1.296794 0.159896
v 1.899482 1.296794 0.133586
v 2.176550 1.066477 0.159896
v 2.176550 1.066477 0.133586
v 1.837383 1.066477 0.133586
v 1.837383 1.066477 0.159896
v 1.906905 0.946061 0.159896
v 1.906905 0.946061 0.133586
v 1.856011 0.996955 0.159896
v 1.856011 0.996955 0.133586
v 1.856011 0.996955 0.159896
v 1.856011 0.996955 0.133586
v 2.157921 0.996955 0.159896
v 2.157921 0.996955 0.133586
v 2.157921 0.996955 0.159896
v 2.107028 0.946061 0.159896
v 2.107028 0.946061 0.133586
v 2.157921 0.996955 0.133586
v 1.915384 1.331188 0.159896
v 1.915384 1.331188 0.133586
v 1.944786 1.355092 0.159896
v 1.944786 1.355092 0.133586
v 1.915384 1.331188 0.133586
v 2.069147 1.355092 0.159896
v 2.069147 1.355092 0.133586
v 2.098548 1.331188 0.159896
v 2.098548 1.331188 0.133586
v 2.098548 1.331188 0.133586
v -0.627445 1.043194 0.039822
v -0.635393 1.054350 0.028921
v -0.635393 2.658859 1.670857
v -0.627445 2.647703 1.681759
v -0.647771 1.063203 0.020269
v -0.647771 2.667712 1.662206
v -0.663369 1.068887 0.014715
v -0.663369 2.673396 1.656651
v -0.680659 1.070845 0.012801
v -0.680659 2.675354 1.654737
v -0.697950 1.068887 0.014715
v -0.697950 2.673396 1.656651
v -0.713547 1.063203 0.020269
v -0.713547 2.667712 1.662206
v -0.725926 1.054350 0.028921
v -0.725926 2.658859 1.670857
v -0.733873 1.043194 0.039822
v -0.733873 2.647703 1.681759
v -0.736612 1.030828 0.051906
v -0.736612 2.635337 1.693843
v -0.733873 1.018461 0.063991
v -0.733873 2.622971 1.705927
v -0.725926 1.007306 0.074892
v -0.725926 2.611815 1.716829
v -0.713547 0.998453 0.083543
v -0.713547 2.602962 1.725480
v -0.697950 0.992769 0.089098
v -0.697950 2.597278 1.731035
v -0.680659 0.990810 0.091012
v -0.680659 2.595319 1.732949
v -0.663369 0.992769 0.089098
v -0.663369 2.597278 1.731035
v -0.647771 0.998453 0.083543
v -0.647771 2.602962 1.725480
v -0.635393 1.007306 0.074892
v -0.635393 2.611815 1.716829
v -0.627445 1.018461 0.063991
v -0.627445 2.622971 1.705927
v -0.624707 1.030828 0.051906
v -0.624707 2.635337 1.693843
v -0.627445 1.043194 0.039822
v -0.627445 2.647703 1.681759
v -0.654050 2.691545 1.738991
v -0.652680 2.685361 1.745034
v -0.643030 2.684926 1.727095
v -0.641093 2.676182 1.735641
v -0.634574 2.674928 1.712933
v -0.643030 2.684926 1.727095
v -0.641093 2.676182 1.735641
v -0.632202 2.664218 1.723398
v -0.629258 2.662232 1.697469
v -0.626613 2.650287 1.709142
v -0.658024 2.697123 1.733540
v -0.648650 2.692815 1.719387
v -0.643030 2.684926 1.727095
v -0.634574 2.674928 1.712933
v -0.641457 2.684589 1.703492
v -0.648650 2.692815 1.719387
v -0.629258 2.662232 1.697469
v -0.636935 2.673007 1.686939
v -0.664214 2.701550 1.729214
v -0.657403 2.699075 1.713269
v -0.652177 2.692256 1.695999
v -0.657403 2.699075 1.713269
v -0.648892 2.681559 1.678583
v -0.672013 2.704393 1.726437
v -0.668433 2.703094 1.709341
v -0.665685 2.697179 1.691189
v -0.668433 2.703094 1.709341
v -0.663958 2.687049 1.673218
v -0.680659 2.705372 1.725479
v -0.680659 2.704480 1.707988
v -0.680659 2.698875 1.689531
v -0.680659 2.704480 1.707988
v -0.680659 2.688941 1.671369
v -0.689305 2.704393 1.726437
v -0.692886 2.703094 1.709341
v -0.695633 2.697179 1.691189
v -0.692886 2.703094 1.709341
v -0.697361 2.687049 1.673218
v -0.697105 2.701550 1.729214
v -0.703916 2.699075 1.713269
v -0.709142 2.692256 1.695999
v -0.703916 2.699075 1.713269
v -0.712427 2.681559 1.678583
v -0.703295 2.697123 1.733540
v -0.712669 2.692815 1.719387
v -0.719862 2.684589 1.703492
v -0.712669 2.692815 1.719387
v -0.724384 2.673007 1.686939
v -0.707269 2.691545 1.738991
v -0.718289 2.684926 1.727095
v -0.726745 2.674928 1.712933
v -0.718289 2.684926 1.727095
v -0.732060 2.662232 1.697469
v -0.708638 2.685361 1.745034
v -0.720225 2.676182 1.735641
v -0.729116 2.664218 1.723398
v -0.720225 2.676182 1.735641
v -0.734705 2.650287 1.709142
v -0.707269 2.679177 1.751077
v -0.718289 2.667437 1.744186
v -0.726745 2.653509 1.733864
v -0.718289 2.667437 1.744186
v -0.732060 2.638342 1.720815
v -0.703295 2.673599 1.756528
v -0.712669 2.659548 1.751895
v -0.719862 2.643847 1.743305
v -0.712669 2.659548 1.751895
v -0.724384 2.627567 1.731345
v -0.697105 2.669172 1.760854
v -0.703916 2.653288 1.758012
v -0.709142 2.636180 1.750797
v -0.703916 2.653288 1.758012
v -0.712427 2.619015 1.739701
v -0.689305 2.666330 1.763632
v -0.692886 2.649268 1.761940
v -0.695633 2.631258 1.755608
v -0.692886 2.649268 1.761940
v -0.697361 2.613524 1.745067
v -0.680659 2.665350 1.764589
v -0.680659 2.647883 1.763294
v -0.680659 2.629561 1.757265
v -0.680659 2.647883 1.763294
v -0.680659 2.611633 1.746915
v -0.672013 2.666330 1.763632
v -0.668433 2.649268 1.761940
v -0.665685 2.631258 1.755608
v -0.668433 2.649268 1.761940
v -0.663958 2.613524 1.745067
v -0.664214 2.669172 1.760854
v -0.657403 2.653288 1.758012
v -0.652177 2.636180 1.750797
v -0.657403 2.653288 1.758012
v -0.648892 2.619015 1.739701
v -0.658024 2.673599 1.756528
v -0.648650 2.659548 1.751895
v -0.641457 2.643847 1.743305
v -0.648650 2.659548 1.751895
v -0.636935 2.627567 1.731345
v -0.654050 2.679177 1.751077
v -0.643030 2.667437 1.744186
v -0.634574 2.653509 1.733864
v -0.643030 2.667437 1.744186
v -0.629259 2.638342 1.720815
v -0.705924 1.363640 0.133586
v -0.705924 1.363640 0.159896
v -0.655394 1.363640 0.159896
v -0.655394 1.363640 0.133586
v -0.711198 0.927432 0.159896
v -0.711198 0.927432 0.133586
v -0.650120 0.927432 0.133586
v -0.650120 0.927432 0.159896
v -0.545343 1.163297 0.159896
v -0.545343 1.163297 0.133586
v -0.573175 1.296794 0.133586
v -0.573175 1.296794 0.159896
v -0.815975 1.163297 0.133586
v -0.815975 1.163297 0.159896
v -0.788144 1.296794 0.159896
v -0.788144 1.296794 0.133586
v -0.511076 1.066477 0.159896
v -0.511076 1.066477 0.133586
v -0.850243 1.066477 0.133586
v -0.850243 1.066477 0.159896
v -0.780720 0.946061 0.159896
v -0.780720 0.946061 0.133586
v -0.831614 0.996955 0.159896
v -0.831614 0.996955 0.133586
v -0.831614 0.996955 0.159896
v -0.831614 0.996955 0.133586
v -0.529704 0.996955 0.159896
v -0.529704 0.996955 0.133586
v -0.529704 0.996955 0.159896
v -0.580598 0.946061 0.159896
v -0.580598 0.946061 0.133586
v -0.529704 0.996955 0.133586
v -0.772242 1.331188 0.159896
v -0.772242 1.331188 0.133586
v -0.742840 1.355092 0.159896
v -0.742840 1.355092 0.133586
v -0.772242 1.331188 0.133586
v -0.618479 1.355092 0.159896
v -0.618479 1.355092 0.133586
v -0.589077 1.331188 0.159896
v -0.589077 1.331188 0.133586
v -0.589077 1.331188 0.133586
v 1.682341 -1.114404 0.159896
v 1.733234 -1.063510 0.159896
v 1.751863 -0.993988 0.159896
v 1.717595 -0.897167 0.159896
v 1.446963 -0.897167 0.159896
v 1.412696 -0.993988 0.159896
v 1.431324 -1.063510 0.159896
v 1.482218 -1.114404 0.159896
v 1.551741 -1.133032 0.159896
v 1.612818 -1.133032 0.159896
v 1.551741 -1.133032 0.133586
v 1.482218 -1.114404 0.133586
v 1.431324 -1.063510 0.133586
v 1.412696 -0.993988 0.133586
v 1.446963 -0.897167 0.133586
v 1.717595 -0.897167 0.133586
v 1.751863 -0.993988 0.133586
v 1.733234 -1.063510 0.133586
v 1.682341 -1.114404 0.133586
v 1.612818 -1.133032 0.133586
v 1.557014 -0.696824 0.159896
v 1.520099 -0.705372 0.159896
v 1.490697 -0.729276 0.159896
v 1.474795 -0.763671 0.159896
v 1.689764 -0.763671 0.159896
v 1.673862 -0.729276 0.159896
v 1.644460 -0.705372 0.159896
v 1.607544 -0.696824 0.159896
v 1.689764 -0.763671 0.133586
v 1.474795 -0.763671 0.133586
v 1.490697 -0.729276 0.133586
v 1.520099 -0.705372 0.133586
v 1.557014 -0.696824 0.133586
v 1.607544 -0.696824 0.133586
v 1.644460 -0.705372 0.133586
v 1.673862 -0.729276 0.133586
v 3.708389 -1.114404 0.159896
v 3.759283 -1.063510 0.159896
v 3.777911 -0.993988 0.159896
v 3.743644 -0.897167 0.159896
v 3.473012 -0.897167 0.159896
v 3.438744 -0.993988 0.159896
v 3.457373 -1.063510 0.159896
v 3.508266 -1.114404 0.159896
v 3.577789 -1.133032 0.159896
v 3.638866 -1.133032 0.159896
v 3.577789 -1.133032 0.133586
v 3.508266 -1.114404 0.133586
v 3.457373 -1.063510 0.133586
v 3.438744 -0.993988 0.133586
v 3.473012 -0.897167 0.133586
v 3.743644 -0.897167 0.133586
v 3.777911 -0.993988 0.133586
v 3.759283 -1.063510 0.133586
v 3.708389 -1.114404 0.133586
v 3.638866 -1.133032 0.133586
v 3.583063 -0.696824 0.159896
v 3.546147 -0.705372 0.159896
v 3.516745 -0.729276 0.159896
v 3.500843 -0.763671 0.159896
v 3.715812 -0.763671 0.159896
v 3.699910 -0.729276 0.159896
v 3.670508 -0.705372 0.159896
v 3.633593 -0.696824 0.159896
v 3.715812 -0.763671 0.133586
v 3.500843 -0.763671 0.133586
v 3.516745 -0.729276 0.133586
v 3.546147 -0.705372 0.133586
v 3.583063 -0.696824 0.133586
v 3.633593 -0.696824 0.133586
v 3.670508 -0.705372 0.133586
v 3.699910 -0.729276 0.133586
v -3.382780 -2.779884 0.159896
v -3.331887 -2.728990 0.159896
v -3.313258 -2.659468 0.159896
v -3.347526 -2.562648 0.159896
v -3.618157 -2.562648 0.159896
v -3.652425 -2.659468 0.159896
v -3.633796 -2.728990 0.159896
v -3.582903 -2.779884 0.159896
v -3.513380 -2.798512 0.159896
v -3.452303 -2.798512 0.159896
v -3.513380 -2.798512 0.133586
v -3.582903 -2.779884 0.133586
v -3.633796 -2.728990 0.133586
v -3.652425 -2.659468 0.133586
v -3.618157 -2.562648 0.133586
v -3.347526 -2.562648 0.133586
v -3.313258 -2.659468 0.133586
v -3.331887 -2.728990 0.133586
v -3.382780 -2.779884 0.133586
v -3.452303 -2.798512 0.133586
v -3.508106 -2.362305 0.159896
v -3.545022 -2.370852 0.159896
v -3.574424 -2.394757 0.159896
v -3.590326 -2.429151 0.159896
v -3.375357 -2.429151 0.159896
v -3.391259 -2.394757 0.159896
v -3.420661 -2.370852 0.159896
v -3.457577 -2.362305 0.159896
v -3.375357 -2.429151 0.133586
v -3.590326 -2.429151 0.133586
v -3.574424 -2.394757 0.133586
v -3.545022 -2.370852 0.133586
v -3.508106 -2.362305 0.133586
v -3.457577 -2.362305 0.133586
v -3.420661 -2.370852 0.133586
v -3.391259 -2.394757 0.133586
v -3.268224 0.946061 0.159896
v -3.217330 0.996955 0.159896
v -3.198702 1.066477 0.159896
v -3.232969 1.163297 0.159896
v -3.503601 1.163297 0.159896
v -3.537868 1.066477 0.159896
v -3.519240 0.996955 0.159896
v -3.468346 0.946061 0.159896
v -3.398824 0.927432 0.159896
v -3.337746 0.927432 0.159896
v -3.398824 0.927432 0.133586
v -3.468346 0.946061 0.133586
v -3.519240 0.996955 0.133586
v -3.537868 1.066477 0.133586
v -3.503601 1.163297 0.133586
v -3.232969 1.163297 0.133586
v -3.198702 1.066477 0.133586
v -3.217330 0.996955 0.133586
v -3.268224 0.946061 0.133586
v -3.337746 0.927432 0.133586
v -3.393550 1.363640 0.159896
v -3.430466 1.355092 0.159896
v -3.459867 1.331188 0.159896
v -3.475770 1.296794 0.159896
v -3.260800 1.296794 0.159896
v -3.276703 1.331188 0.159896
v -3.306104 1.355092 0.159896
v -3.343020 1.363640 0.159896
v -3.260800 1.296794 0.133586
v -3.475770 1.296794 0.133586
v -3.459867 1.331188 0.133586
v -3.430466 1.355092 0.133586
v -3.393550 1.363640 0.133586
v -3.343020 1.363640 0.133586
v -3.306104 1.355092 0.133586
v -3.276703 1.331188 0.133586
v 0.669316 -2.779884 0.159896
v 0.720210 -2.728990 0.159896
v 0.738838 -2.659468 0.159896
v 0.704571 -2.562648 0.159896
v 0.433939 -2.562648 0.159896
v 0.399672 -2.659468 0.159896
v 0.418300 -2.728990 0.159896
v 0.469194 -2.779884 0.159896
v 0.538716 -2.798512 0.159896
v 0.599794 -2.798512 0.159896
v 0.538716 -2.798512 0.133586
v 0.469194 -2.779884 0.133586
v 0.418300 -2.728990 0.133586
v 0.399672 -2.659468 0.133586
v 0.433939 -2.562648 0.133586
v 0.704571 -2.562648 0.133586
v 0.738838 -2.659468 0.133586
v 0.720210 -2.728990 0.133586
v 0.669316 -2.779884 0.133586
v 0.599794 -2.798512 0.133586
v 0.543990 -2.362305 0.159896
v 0.507074 -2.370852 0.159896
v 0.477673 -2.394757 0.159896
v 0.461771 -2.429151 0.159896
v 0.676740 -2.429151 0.159896
v 0.660837 -2.394757 0.159896
v 0.631436 -2.370852 0.159896
v 0.594520 -2.362305 0.159896
v 0.676740 -2.429151 0.133586
v 0.461771 -2.429151 0.133586
v 0.477673 -2.394757 0.133586
v 0.507074 -2.370852 0.133586
v 0.543990 -2.362305 0.133586
v 0.594520 -2.362305 0.133586
v 0.631436 -2.370852 0.133586
v 0.660837 -2.394757 0.133586
v 1.682341 -2.779884 0.159896
v 1.733234 -2.728990 0.159896
v 1.751863 -2.659468 0.159896
v 1.717595 -2.562648 0.159896
v 1.446963 -2.562648 0.159896
v 1.412696 -2.659468 0.159896
v 1.431324 -2.728990 0.159896
v 1.482218 -2.779884 0.159896
v 1.551741 -2.798512 0.159896
v 1.612818 -2.798512 0.159896
v 1.551741 -2.798512 0.133586
v 1.482218 -2.779884 0.133586
v 1.431324 -2.728990 0.133586
v 1.412696 -2.659468 0.133586
v 1.446963 -2.562648 0.133586
v 1.717595 -2.562648 0.133586
v 1.751863 -2.659468 0.133586
v 1.733234 -2.728990 0.133586
v 1.682341 -2.779884 0.133586
v 1.612818 -2.798512 0.133586
v 1.557014 -2.362305 0.159896
v 1.520099 -2.370852 0.159896
v 1.490697 -2.394757 0.159896
v 1.474795 -2.429151 0.159896
v 1.689764 -2.429151 0.159896
v 1.673862 -2.394757 0.159896
v 1.644460 -2.370852 0.159896
v 1.607544 -2.362305 0.159896
v 1.689764 -2.429151 0.133586
v 1.474795 -2.429151 0.133586
v 1.490697 -2.394757 0.133586
v 1.520099 -2.370852 0.133586
v 1.557014 -2.362305 0.133586
v 1.607544 -2.362305 0.133586
v 1.644460 -2.370852 0.133586
v 1.673862 -2.394757 0.133586
v 2.695364 -2.779884 0.159896
v 2.746258 -2.728990 0.159896
v 2.764887 -2.659468 0.159896
v 2.730619 -2.562648 0.159896
v 2.459988 -2.562648 0.159896
v 2.425720 -2.659468 0.159896
v 2.444348 -2.728990 0.159896
v 2.495242 -2.779884 0.159896
v 2.564764 -2.798512 0.159896
v 2.625842 -2.798512 0.159896
v 2.564764 -2.798512 0.133586
v 2.495242 -2.779884 0.133586
v 2.444348 -2.728990 0.133586
v 2.425720 -2.659468 0.133586
v 2.459988 -2.562648 0.133586
v 2.730619 -2.562648 0.133586
v 2.764887 -2.659468 0.133586
v 2.746258 -2.728990 0.133586
v 2.695364 -2.779884 0.133586
v 2.625842 -2.798512 0.133586
v 2.570038 -2.362305 0.159896
v 2.533123 -2.370852 0.159896
v 2.503721 -2.394757 0.159896
v 2.487819 -2.429151 0.159896
v 2.702788 -2.429151 0.159896
v 2.686886 -2.394757 0.159896
v 2.657484 -2.370852 0.159896
v 2.620568 -2.362305 0.159896
v 2.702788 -2.429151 0.133586
v 2.487819 -2.429151 0.133586
v 2.503721 -2.394757 0.133586
v 2.533123 -2.370852 0.133586
v 2.570038 -2.362305 0.133586
v 2.620568 -2.362305 0.133586
v 2.657484 -2.370852 0.133586
v 2.686886 -2.394757 0.133586
v 3.708389 -2.779884 0.159896
v 3.759283 -2.728990 0.159896
v 3.777911 -2.659468 0.159896
v 3.743644 -2.562648 0.159896
v 3.473012 -2.562648 0.159896
v 3.438744 -2.659468 0.159896
v 3.457373 -2.728990 0.159896
v 3.508266 -2.779884 0.159896
v 3.577789 -2.798512 0.159896
v 3.638866 -2.798512 0.159896
v 3.577789 -2.798512 0.133586
v 3.508266 -2.779884 0.133586
v 3.457373 -2.728990 0.133586
v 3.438744 -2.659468 0.133586
v 3.473012 -2.562648 0.133586
v 3.743644 -2.562648 0.133586
v 3.777911 -2.659468 0.133586
v 3.759283 -2.728990 0.133586
v 3.708389 -2.779884 0.133586
v 3.638866 -2.798512 0.133586
v 3.583063 -2.362305 0.159896
v 3.546147 -2.370852 0.159896
v 3.516745 -2.394757 0.159896
v 3.500843 -2.429151 0.159896
v 3.715812 -2.429151 0.159896
v 3.699910 -2.394757 0.159896
v 3.670508 -2.370852 0.159896
v 3.633593 -2.362305 0.159896
v 3.715812 -2.429151 0.133586
v 3.500843 -2.429151 0.133586
v 3.516745 -2.394757 0.133586
v 3.546147 -2.370852 0.133586
v 3.583063 -2.362305 0.133586
v 3.633593 -2.362305 0.133586
v 3.670508 -2.370852 0.133586
v 3.699910 -2.394757 0.133586
v -0.343708 -1.114404 0.159896
v -0.292814 -1.063510 0.159896
v -0.274186 -0.993988 0.159896
v -0.308453 -0.897167 0.159896
v -0.579085 -0.897167 0.159896
v -0.613352 -0.993988 0.159896
v -0.594724 -1.063510 0.159896
v -0.543830 -1.114404 0.159896
v -0.474308 -1.133032 0.159896
v -0.413230 -1.133032 0.159896
v -0.474308 -1.133032 0.133586
v -0.543830 -1.114404 0.133586
v -0.594724 -1.063510 0.133586
v -0.613352 -0.993988 0.133586
v -0.579085 -0.897167 0.133586
v -0.308453 -0.897167 0.133586
v -0.274186 -0.993988 0.133586
v -0.292814 -1.063510 0.133586
v -0.343708 -1.114404 0.133586
v -0.413230 -1.133032 0.133586
v -0.469034 -0.696824 0.159896
v -0.505950 -0.705372 0.159896
v -0.535351 -0.729276 0.159896
v -0.551254 -0.763671 0.159896
v -0.336284 -0.763671 0.159896
v -0.352187 -0.729276 0.159896
v -0.381588 -0.705372 0.159896
v -0.418504 -0.696824 0.159896
v -0.336284 -0.763671 0.133586
v -0.551254 -0.763671 0.133586
v -0.535351 -0.729276 0.133586
v -0.505950 -0.705372 0.133586
v -0.469034 -0.696824 0.133586
v -0.418504 -0.696824 0.133586
v -0.381588 -0.705372 0.133586
v -0.352187 -0.729276 0.133586
v 0.669316 -1.114404 0.159896
v 0.720210 -1.063510 0.159896
v 0.738838 -0.993988 0.159896
v 0.704571 -0.897167 0.159896
v 0.433939 -0.897167 0.159896
v 0.399672 -0.993988 0.159896
v 0.418300 -1.063510 0.159896
v 0.469194 -1.114404 0.159896
v 0.538716 -1.133032 0.159896
v 0.599794 -1.133032 0.159896
v 0.538716 -1.133032 0.133586
v 0.469194 -1.114404 0.133586
v 0.418300 -1.063510 0.133586
v 0.399672 -0.993988 0.133586
v 0.433939 -0.897167 0.133586
v 0.704571 -0.897167 0.133586
v 0.738838 -0.993988 0.133586
v 0.720210 -1.063510 0.133586
v 0.669316 -1.114404 0.133586
v 0.599794 -1.133032 0.133586
v 0.543990 -0.696824 0.159896
v 0.507074 -0.705372 0.159896
v 0.477673 -0.729276 0.159896
v 0.461771 -0.763671 0.159896
v 0.676740 -0.763671 0.159896
v 0.660837 -0.729276 0.159896
v 0.631436 -0.705372 0.159896
v 0.594520 -0.696824 0.159896
v 0.676740 -0.763671 0.133586
v 0.461771 -0.763671 0.133586
v 0.477673 -0.729276 0.133586
v 0.507074 -0.705372 0.133586
v 0.543990 -0.696824 0.133586
v 0.594520 -0.696824 0.133586
v 0.631436 -0.705372 0.133586
v 0.660837 -0.729276 0.133586
v -2.369756 -1.114404 0.159896
v -2.318862 -1.063510 0.159896
v -2.300234 -0.993988 0.159896
v -2.334501 -0.897167 0.159896
v -2.605133 -0.897167 0.159896
v -2.639400 -0.993988 0.159896
v -2.620772 -1.063510 0.159896
v -2.569878 -1.114404 0.159896
v -2.500356 -1.133032 0.159896
v -2.439278 -1.133032 0.159896
v -2.500356 -1.133032 0.133586
v -2.569878 -1.114404 0.133586
v -2.620772 -1.063510 0.133586
v -2.639400 -0.993988 0.133586
v -2.605133 -0.897167 0.133586
v -2.334501 -0.897167 0.133586
v -2.300234 -0.993988 0.133586
v -2.318862 -1.063510 0.133586
v -2.369756 -1.114404 0.133586
v -2.439278 -1.133032 0.133586
v -2.495082 -0.696824 0.159896
v -2.531998 -0.705372 0.159896
v -2.561399 -0.729276 0.159896
v -2.577302 -0.763671 0.159896
v -2.362333 -0.763671 0.159896
v -2.378235 -0.729276 0.159896
v -2.407636 -0.705372 0.159896
v -2.444552 -0.696824 0.159896
v -2.362333 -0.763671 0.133586
v -2.577302 -0.763671 0.133586
v -2.561399 -0.729276 0.133586
v -2.531998 -0.705372 0.133586
v -2.495082 -0.696824 0.133586
v -2.444552 -0.696824 0.133586
v -2.407636 -0.705372 0.133586
v -2.378235 -0.729276 0.133586
v -1.356732 -1.114404 0.159896
v -1.305838 -1.063510 0.159896
v -1.287210 -0.993988 0.159896
v -1.321477 -0.897167 0.159896
v -1.592109 -0.897167 0.159896
v -1.626376 -0.993988 0.159896
v -1.607748 -1.063510 0.159896
v -1.556854 -1.114404 0.159896
v -1.487332 -1.133032 0.159896
v -1.426254 -1.133032 0.159896
v -1.487332 -1.133032 0.133586
v -1.556854 -1.114404 0.133586
v -1.607748 -1.063510 0.133586
v -1.626376 -0.993988 0.133586
v -1.592109 -0.897167 0.133586
v -1.321477 -0.897167 0.133586
v -1.287210 -0.993988 0.133586
v -1.305838 -1.063510 0.133586
v -1.356732 -1.114404 0.133586
v -1.426254 -1.133032 0.133586
v -1.482058 -0.696824 0.159896
v -1.518974 -0.705372 0.159896
v -1.548375 -0.729276 0.159896
v -1.564277 -0.763671 0.159896
v -1.349308 -0.763671 0.159896
v -1.365211 -0.729276 0.159896
v -1.394612 -0.705372 0.159896
v -1.431528 -0.696824 0.159896
v -1.349308 -0.763671 0.133586
v -1.564277 -0.763671 0.133586
v -1.548375 -0.729276 0.133586
v -1.518974 -0.705372 0.133586
v -1.482058 -0.696824 0.133586
v -1.431528 -0.696824 0.133586
v -1.394612 -0.705372 0.133586
v -1.365211 -0.729276 0.133586
v 2.695364 -1.114404 0.159896
v 2.746258 -1.063510 0.159896
v 2.764887 -0.993988 0.159896
v 2.730619 -0.897167 0.159896
v 2.459988 -0.897167 0.159896
v 2.425720 -0.993988 0.159896
v 2.444348 -1.063510 0.159896
v 2.495242 -1.114404 0.159896
v 2.564764 -1.133032 0.159896
v 2.625842 -1.133032 0.159896
v 2.564764 -1.133032 0.133586
v 2.495242 -1.114404 0.133586
v 2.444348 -1.063510 0.133586
v 2.425720 -0.993988 0.133586
v 2.459988 -0.897167 0.133586
v 2.730619 -0.897167 0.133586
v 2.764887 -0.993988 0.133586
v 2.746258 -1.063510 0.133586
v 2.695364 -1.114404 0.133586
v 2.625842 -1.133032 0.133586
v 2.570038 -0.696824 0.159896
v 2.533123 -0.705372 0.159896
v 2.503721 -0.729276 0.159896
v 2.487819 -0.763671 0.159896
v 2.702788 -0.763671 0.159896
v 2.686886 -0.729276 0.159896
v 2.657484 -0.705372 0.159896
v 2.620568 -0.696824 0.159896
v 2.702788 -0.763671 0.133586
v 2.487819 -0.763671 0.133586
v 2.503721 -0.729276 0.133586
v 2.533123 -0.705372 0.133586
v 2.570038 -0.696824 0.133586
v 2.620568 -0.696824 0.133586
v 2.657484 -0.705372 0.133586
v 2.686886 -0.729276 0.133586
v 3.450840 0.946061 0.159896
v 3.501734 0.996955 0.159896
v 3.520362 1.066477 0.159896
v 3.486095 1.163297 0.159896
v 3.215463 1.163297 0.159896
v 3.181196 1.066477 0.159896
v 3.199824 0.996955 0.159896
v 3.250718 0.946061 0.159896
v 3.320240 0.927432 0.159896
v 3.381318 0.927432 0.159896
v 3.320240 0.927432 0.133586
v 3.250718 0.946061 0.133586
v 3.199824 0.996955 0.133586
v 3.181196 1.066477 0.133586
v 3.215463 1.163297 0.133586
v 3.486095 1.163297 0.133586
v 3.520362 1.066477 0.133586
v 3.501734 0.996955 0.133586
v 3.450840 0.946061 0.133586
v 3.381318 0.927432 0.133586
v 3.325514 1.363640 0.159896
v 3.288598 1.355092 0.159896
v 3.259197 1.331188 0.159896
v 3.243294 1.296794 0.159896
v 3.458264 1.296794 0.159896
v 3.442361 1.331188 0.159896
v 3.412960 1.355092 0.159896
v 3.376044 1.363640 0.159896
v 3.458264 1.296794 0.133586
v 3.243294 1.296794 0.133586
v 3.259197 1.331188 0.133586
v 3.288598 1.355092 0.133586
v 3.325514 1.363640 0.133586
v 3.376044 1.363640 0.133586
v 3.412960 1.355092 0.133586
v 3.442361 1.331188 0.133586
v -2.550744 2.772505 0.159896
v -2.499850 2.823399 0.159896
v -2.481221 2.892921 0.159896
v -2.515489 2.989741 0.159896
v -2.786121 2.989741 0.159896
v -2.820388 2.892921 0.159896
v -2.801760 2.823399 0.159896
v -2.750866 2.772505 0.159896
v -2.681344 2.753876 0.159896
v -2.620266 2.753876 0.159896
v -2.681344 2.753876 0.133586
v -2.750866 2.772505 0.133586
v -2.801760 2.823399 0.133586
v -2.820388 2.892921 0.133586
v -2.786121 2.989741 0.133586
v -2.515489 2.989741 0.133586
v -2.481221 2.892921 0.133586
v -2.499850 2.823399 0.133586
v -2.550744 2.772505 0.133586
v -2.620266 2.753876 0.133586
v -2.676070 3.190084 0.159896
v -2.712986 3.181536 0.159896
v -2.742387 3.157632 0.159896
v -2.758289 3.123238 0.159896
v -2.543320 3.123238 0.159896
v -2.559223 3.157632 0.159896
v -2.588624 3.181536 0.159896
v -2.625540 3.190084 0.159896
v -2.543320 3.123238 0.133586
v -2.758289 3.123238 0.133586
v -2.742387 3.157632 0.133586
v -2.712986 3.181536 0.133586
v -2.676070 3.190084 0.133586
v -2.625540 3.190084 0.133586
v -2.588624 3.181536 0.133586
v -2.559223 3.157632 0.133586
v 0.134184 2.772505 0.159896
v 0.185078 2.823399 0.159896
v 0.203706 2.892921 0.159896
v 0.169439 2.989741 0.159896
v -0.101193 2.989741 0.159896
v -0.135460 2.892921 0.159896
v -0.116832 2.823399 0.159896
v -0.065938 2.772505 0.159896
v 0.003584 2.753876 0.159896
v 0.064662 2.753876 0.159896
v 0.003584 2.753876 0.133586
v -0.065938 2.772505 0.133586
v -0.116832 2.823399 0.133586
v -0.135460 2.892921 0.133586
v -0.101193 2.989741 0.133586
v 0.169439 2.989741 0.133586
v 0.203706 2.892921 0.133586
v 0.185078 2.823399 0.133586
v 0.134184 2.772505 0.133586
v 0.064662 2.753876 0.133586
v 0.008858 3.190084 0.159896
v -0.028058 3.181536 0.159896
v -0.057459 3.157632 0.159896
v -0.073361 3.123238 0.159896
v 0.141608 3.123238 0.159896
v 0.125705 3.157632 0.159896
v 0.096304 3.181536 0.159896
v 0.059388 3.190084 0.159896
v 0.141608 3.123238 0.133586
v -0.073361 3.123238 0.133586
v -0.057459 3.157632 0.133586
v -0.028058 3.181536 0.133586
v 0.008858 3.190084 0.133586
v 0.059388 3.190084 0.133586
v 0.096304 3.181536 0.133586
v 0.125705 3.157632 0.133586
v -1.924411 0.946061 0.159896
v -1.873517 0.996955 0.159896
v -1.854889 1.066477 0.159896
v -1.889156 1.163297 0.159896
v -2.159788 1.163297 0.159896
v -2.194056 1.066477 0.159896
v -2.175427 0.996955 0.159896
v -2.124533 0.946061 0.159896
v -2.055011 0.927432 0.159896
v -1.993933 0.927432 0.159896
v -2.055011 0.927432 0.133586
v -2.124533 0.946061 0.133586
v -2.175427 0.996955 0.133586
v -2.194056 1.066477 0.133586
v -2.159788 1.163297 0.133586
v -1.889156 1.163297 0.133586
v -1.854889 1.066477 0.133586
v -1.873517 0.996955 0.133586
v -1.924411 0.946061 0.133586
v -1.993933 0.927432 0.133586
v -2.049737 1.363640 0.159896
v -2.086653 1.355092 0.159896
v -2.116055 1.331188 0.159896
v -2.131957 1.296794 0.159896
v -1.916988 1.296794 0.159896
v -1.932890 1.331188 0.159896
v -1.962291 1.355092 0.159896
v -1.999207 1.363640 0.159896
v -1.916988 1.296794 0.133586
v -2.131957 1.296794 0.133586
v -2.116055 1.331188 0.133586
v -2.086653 1.355092 0.133586
v -2.049737 1.363640 0.133586
v -1.999207 1.363640 0.133586
v -1.962291 1.355092 0.133586
v -1.932890 1.331188 0.133586
v 1.476648 2.772505 0.159896
v 1.527542 2.823399 0.159896
v 1.546170 2.892921 0.159896
v 1.511903 2.989741 0.159896
v 1.241271 2.989741 0.159896
v 1.207004 2.892921 0.159896
v 1.225632 2.823399 0.159896
v 1.276526 2.772505 0.159896
v 1.346048 2.753876 0.159896
v 1.407126 2.753876 0.159896
v 1.346048 2.753876 0.133586
v 1.276526 2.772505 0.133586
v 1.225632 2.823399 0.133586
v 1.207004 2.892921 0.133586
v 1.241271 2.989741 0.133586
v 1.511903 2.989741 0.133586
v 1.546170 2.892921 0.133586
v 1.527542 2.823399 0.133586
v 1.476648 2.772505 0.133586
v 1.407126 2.753876 0.133586
v 1.351322 3.190084 0.159896
v 1.314406 3.181536 0.159896
v 1.285005 3.157632 0.159896
v 1.269103 3.123238 0.159896
v 1.484071 3.123238 0.159896
v 1.468169 3.157632 0.159896
v 1.438768 3.181536 0.159896
v 1.401852 3.190084 0.159896
v 1.484071 3.123238 0.133586
v 1.269103 3.123238 0.133586
v 1.285005 3.157632 0.133586
v 1.314406 3.181536 0.133586
v 1.351322 3.190084 0.133586
v 1.401852 3.190084 0.133586
v 1.438768 3.181536 0.133586
v 1.468169 3.157632 0.133586
v -1.208280 2.772505 0.159896
v -1.157386 2.823399 0.159896
v -1.138757 2.892921 0.159896
v -1.173025 2.989741 0.159896
v -1.443657 2.989741 0.159896
v -1.477924 2.892921 0.159896
v -1.459296 2.823399 0.159896
v -1.408402 2.772505 0.159896
v -1.338880 2.753876 0.159896
v -1.277802 2.753876 0.159896
v -1.338880 2.753876 0.133586
v -1.408402 2.772505 0.133586
v -1.459296 2.823399 0.133586
v -1.477924 2.892921 0.133586
v -1.443657 2.989741 0.133586
v -1.173025 2.989741 0.133586
v -1.138757 2.892921 0.133586
v -1.157386 2.823399 0.133586
v -1.208280 2.772505 0.133586
v -1.277802 2.753876 0.133586
v -1.333606 3.190084 0.159896
v -1.370522 3.181536 0.159896
v -1.399923 3.157632 0.159896
v -1.415825 3.123238 0.159896
v -1.200856 3.123238 0.159896
v -1.216759 3.157632 0.159896
v -1.246160 3.181536 0.159896
v -1.283076 3.190084 0.159896
v -1.200856 3.123238 0.133586
v -1.415825 3.123238 0.133586
v -1.399923 3.157632 0.133586
v -1.370522 3.181536 0.133586
v -1.333606 3.190084 0.133586
v -1.283076 3.190084 0.133586
v -1.246160 3.181536 0.133586
v -1.216759 3.157632 0.133586
v 2.819112 2.772505 0.159896
v 2.870006 2.823399 0.159896
v 2.888634 2.892921 0.159896
v 2.854367 2.989741 0.159896
v 2.583735 2.989741 0.159896
v 2.549468 2.892921 0.159896
v 2.568096 2.823399 0.159896
v 2.618990 2.772505 0.159896
v 2.688512 2.753876 0.159896
v 2.749590 2.753876 0.159896
v 2.688512 2.753876 0.133586
v 2.618990 2.772505 0.133586
v 2.568096 2.823399 0.133586
v 2.549468 2.892921 0.133586
v 2.583735 2.989741 0.133586
v 2.854367 2.989741 0.133586
v 2.888634 2.892921 0.133586
v 2.870006 2.823399 0.133586
v 2.819112 2.772505 0.133586
v 2.749590 2.753876 0.133586
v 2.693786 3.190084 0.159896
v 2.656870 3.181536 0.159896
v 2.627469 3.157632 0.159896
v 2.611567 3.123238 0.159896
v 2.826536 3.123238 0.159896
v 2.810633 3.157632 0.159896
v 2.781232 3.181536 0.159896
v 2.744316 3.190084 0.159896
v 2.826536 3.123238 0.133586
v 2.611567 3.123238 0.133586
v 2.627469 3.157632 0.133586
v 2.656870 3.181536 0.133586
v 2.693786 3.190084 0.133586
v 2.744316 3.190084 0.133586
v 2.781232 3.181536 0.133586
v 2.810633 3.157632 0.133586
v -3.382780 -1.114404 0.159896
v -3.331887 -1.063510 0.159896
v -3.313258 -0.993988 0.159896
v -3.347526 -0.897167 0.159896
v -3.618157 -0.897167 0.159896
v -3.652425 -0.993988 0.159896
v -3.633796 -1.063510 0.159896
v -3.582903 -1.114404 0.159896
v -3.513380 -1.133032 0.159896
v -3.452303 -1.133032 0.159896
v -3.513380 -1.133032 0.133586
v -3.582903 -1.114404 0.133586
v -3.633796 -1.063510 0.133586
v -3.652425 -0.993988 0.133586
v -3.618157 -0.897167 0.133586
v -3.347526 -0.897167 0.133586
v -3.313258 -0.993988 0.133586
v -3.331887 -1.063510 0.133586
v -3.382780 -1.114404 0.133586
v -3.452303 -1.133032 0.133586
v -3.508106 -0.696824 0.159896
v -3.545022 -0.705372 0.159896
v -3.574424 -0.729276 0.159896
v -3.590326 -0.763671 0.159896
v -3.375357 -0.763671 0.159896
v -3.391259 -0.729276 0.159896
v -3.420661 -0.705372 0.159896
v -3.457577 -0.696824 0.159896
v -3.375357 -0.763671 0.133586
v -3.590326 -0.763671 0.133586
v -3.574424 -0.729276 0.133586
v -3.545022 -0.705372 0.133586
v -3.508106 -0.696824 0.133586
v -3.457577 -0.696824 0.133586
v -3.420661 -0.705372 0.133586
v -3.391259 -0.729276 0.133586
v -0.343708 -2.779884 0.159896
v -0.292814 -2.728990 0.159896
v -0.274186 -2.659468 0.159896
v -0.308453 -2.562648 0.159896
v -0.579085 -2.562648 0.159896
v -0.613352 -2.659468 0.159896
v -0.594724 -2.728990 0.159896
v -0.543830 -2.779884 0.159896
v -0.474308 -2.798512 0.159896
v -0.413230 -2.798512 0.159896
v -0.474308 -2.798512 0.133586
v -0.543830 -2.779884 0.133586
v -0.594724 -2.728990 0.133586
v -0.613352 -2.659468 0.133586
v -0.579085 -2.562648 0.133586
v -0.308453 -2.562648 0.133586
v -0.274186 -2.659468 0.133586
v -0.292814 -2.728990 0.133586
v -0.343708 -2.779884 0.133586
v -0.413230 -2.798512 0.133586
v -0.469034 -2.362305 0.159896
v -0.505950 -2.370852 0.159896
v -0.535351 -2.394757 0.159896
v -0.551254 -2.429151 0.159896
v -0.336284 -2.429151 0.159896
v -0.352187 -2.394757 0.159896
v -0.381588 -2.370852 0.159896
v -0.418504 -2.362305 0.159896
v -0.336284 -2.429151 0.133586
v -0.551254 -2.429151 0.133586
v -0.535351 -2.394757 0.133586
v -0.505950 -2.370852 0.133586
v -0.469034 -2.362305 0.133586
v -0.418504 -2.362305 0.133586
v -0.381588 -2.370852 0.133586
v -0.352187 -2.394757 0.133586
v -1.356732 -2.779884 0.159896
v -1.305838 -2.728990 0.159896
v -1.287210 -2.659468 0.159896
v -1.321477 -2.562648 0.159896
v -1.592109 -2.562648 0.159896
v -1.626376 -2.659468 0.159896
v -1.607748 -2.728990 0.159896
v -1.556854 -2.779884 0.159896
v -1.487332 -2.798512 0.159896
v -1.426254 -2.798512 0.159896
v -1.487332 -2.798512 0.133586
v -1.556854 -2.779884 0.133586
v -1.607748 -2.728990 0.133586
v -1.626376 -2.659468 0.133586
v -1.592109 -2.562648 0.133586
v -1.321477 -2.562648 0.133586
v -1.287210 -2.659468 0.133586
v -1.305838 -2.728990 0.133586
v -1.356732 -2.779884 0.133586
v -1.426254 -2.798512 0.133586
v -1.482058 -2.362305 0.159896
v -1.518974 -2.370852 0.159896
v -1.548375 -2.394757 0.159896
v -1.564277 -2.429151 0.159896
v -1.349308 -2.429151 0.159896
v -1.365211 -2.394757 0.159896
v -1.394612 -2.370852 0.159896
v -1.431528 -2.362305 0.159896
v -1.349308 -2.429151 0.133586
v -1.564277 -2.429151 0.133586
v -1.548375 -2.394757 0.133586
v -1.518974 -2.370852 0.133586
v -1.482058 -2.362305 0.133586
v -1.431528 -2.362305 0.133586
v -1.394612 -2.370852 0.133586
v -1.365211 -2.394757 0.133586
v -2.369756 -2.779884 0.159896
v -2.318862 -2.728990 0.159896
v -2.300234 -2.659468 0.159896
v -2.334501 -2.562648 0.159896
v -2.605133 -2.562648 0.159896
v -2.639400 -2.659468 0.159896
v -2.620772 -2.728990 0.159896
v -2.569878 -2.779884 0.159896
v -2.500356 -2.798512 0.159896
v -2.439278 -2.798512 0.159896
v -2.500356 -2.798512 0.133586
v -2.569878 -2.779884 0.133586
v -2.620772 -2.728990 0.133586
v -2.639400 -2.659468 0.133586
v -2.605133 -2.562648 0.133586
v -2.334501 -2.562648 0.133586
v -2.300234 -2.659468 0.133586
v -2.318862 -2.728990 0.133586
v -2.369756 -2.779884 0.133586
v -2.439278 -2.798512 0.133586
v -2.495082 -2.362305 0.159896
v -2.531998 -2.370852 0.159896
v -2.561399 -2.394757 0.159896
v -2.577302 -2.429151 0.159896
v -2.362333 -2.429151 0.159896
v -2.378235 -2.394757 0.159896
v -2.407636 -2.370852 0.159896
v -2.444552 -2.362305 0.159896
v -2.362333 -2.429151 0.133586
v -2.577302 -2.429151 0.133586
v -2.561399 -2.394757 0.133586
v -2.531998 -2.370852 0.133586
v -2.495082 -2.362305 0.133586
v -2.444552 -2.362305 0.133586
v -2.407636 -2.370852 0.133586
v -2.378235 -2.394757 0.133586
v 0.763215 0.946061 0.159896
v 0.814108 0.996955 0.159896
v 0.832737 1.066477 0.159896
v 0.798469 1.163297 0.159896
v 0.527837 1.163297 0.159896
v 0.493570 1.066477 0.159896
v 0.512199 0.996955 0.159896
v 0.563092 0.946061 0.159896
v 0.632614 0.927432 0.159896
v 0.693692 0.927432 0.159896
v 0.632614 0.927432 0.133586
v 0.563092 0.946061 0.133586
v 0.512199 0.996955 0.133586
v 0.493570 1.066477 0.133586
v 0.527837 1.163297 0.133586
v 0.798469 1.163297 0.133586
v 0.832737 1.066477 0.133586
v 0.814108 0.996955 0.133586
v 0.763215 0.946061 0.133586
v 0.693692 0.927432 0.133586
v 0.637889 1.363640 0.159896
v 0.600973 1.355092 0.159896
v 0.571571 1.331188 0.159896
v 0.555669 1.296794 0.159896
v 0.770638 1.296794 0.159896
v 0.754736 1.331188 0.159896
v 0.725334 1.355092 0.159896
v 0.688418 1.363640 0.159896
v 0.770638 1.296794 0.133586
v 0.555669 1.296794 0.133586
v 0.571571 1.331188 0.133586
v 0.600973 1.355092 0.133586
v 0.637889 1.363640 0.133586
v 0.688418 1.363640 0.133586
v 0.725334 1.355092 0.133586
v 0.754736 1.331188 0.133586
v 2.107028 0.946061 0.159896
v 2.157921 0.996955 0.159896
v 2.176550 1.066477 0.159896
v 2.142282 1.163297 0.159896
v 1.871650 1.163297 0.159896
v 1.837383 1.066477 0.159896
v 1.856011 0.996955 0.159896
v 1.906905 0.946061 0.159896
v 1.976427 0.927432 0.159896
v 2.037505 0.927432 0.159896
v 1.976427 0.927432 0.133586
v 1.906905 0.946061 0.133586
v 1.856011 0.996955 0.133586
v 1.837383 1.066477 0.133586
v 1.871650 1.163297 0.133586
v 2.142282 1.163297 0.133586
v 2.176550 1.066477 0.133586
v 2.157921 0.996955 0.133586
v 2.107028 0.946061 0.133586
v 2.037505 0.927432 0.133586
v 1.981701 1.363640 0.159896
v 1.944786 1.355092 0.159896
v 1.915384 1.331188 0.159896
v 1.899482 1.296794 0.159896
v 2.114451 1.296794 0.159896
v 2.098548 1.331188 0.159896
v 2.069147 1.355092 0.159896
v 2.032231 1.363640 0.159896
v 2.114451 1.296794 0.133586
v 1.899482 1.296794 0.133586
v 1.915384 1.331188 0.133586
v 1.944786 1.355092 0.133586
v 1.981701 1.363640 0.133586
v 2.032231 1.363640 0.133586
v 2.069147 1.355092 0.133586
v 2.098548 1.331188 0.133586
v -0.580598 0.946061 0.159896
v -0.529704 0.996955 0.159896
v -0.511076 1.066477 0.159896
v -0.545343 1.163297 0.159896
v -0.815975 1.163297 0.159896
v -0.850243 1.066477 0.159896
v -0.831614 0.996955 0.159896
v -0.780720 0.946061 0.159896
v -0.711198 0.927432 0.159896
v -0.650120 0.927432 0.159896
v -0.711198 0.927432 0.133586
v -0.780720 0.946061 0.133586
v -0.831614 0.996955 0.133586
v -0.850243 1.066477 0.133586
v -0.815975 1.163297 0.133586
v -0.545343 1.163297 0.133586
v -0.511076 1.066477 0.133586
v -0.529704 0.996955 0.133586
v -0.580598 0.946061 0.133586
v -0.650120 0.927432 0.133586
v -0.705924 1.363640 0.159896
v -0.742840 1.355092 0.159896
v -0.772242 1.331188 0.159896
v -0.788144 1.296794 0.159896
v -0.573175 1.296794 0.159896
v -0.589077 1.331188 0.159896
v -0.618479 1.355092 0.159896
v -0.655394 1.363640 0.159896
v -0.573175 1.296794 0.133586
v -0.788144 1.296794 0.133586
v -0.772242 1.331188 0.133586
v -0.742840 1.355092 0.133586
v -0.705924 1.363640 0.133586
v -0.655394 1.363640 0.133586
v -0.618479 1.355092 0.133586
v -0.589077 1.331188 0.133586
vn -0.0000 -0.6989 -0.7152
vn 0.3006 0.7329 0.6103
vn -0.0000 0.6989 0.7152
vn 0.3161 0.6631 0.6785
vn 0.2557 0.7960 0.5487
vn 0.1858 0.8460 0.4998
vn 0.0977 0.8781 0.4684
vn -0.0000 0.8891 0.4576
vn -0.0977 0.8781 0.4684
vn -0.1858 0.8460 0.4998
vn -0.2557 0.7959 0.5487
vn -0.3006 0.7329 0.6103
vn -0.3161 0.6630 0.6786
vn -0.3006 0.5932 0.7468
vn -0.2557 0.5302 0.8084
vn -0.1858 0.4802 0.8573
vn -0.0977 0.4480 0.8887
vn -0.0000 0.4370 0.8995
vn 0.0977 0.4481 0.8886
vn 0.1858 0.4802 0.8573
vn 0.2557 0.5302 0.8084
vn 0.3006 0.5932 0.7468
vn -0.0000 0.8892 0.4576
vn -0.3161 0.6631 0.6785
vn -0.2558 0.5302 0.8084
vn 0.0977 0.4481 0.8887
vn -0.2557 0.7960 0.5487
vn -0.0977 0.4481 0.8887
vn 0.4351 0.7226 0.5371
vn 0.4575 0.6215 0.6360
vn 0.3701 0.8138 0.4480
vn 0.2689 0.8862 0.3773
vn 0.1414 0.9327 0.3319
vn -0.0000 0.9487 0.3163
vn -0.1414 0.9327 0.3319
vn -0.2689 0.8862 0.3773
vn -0.3701 0.8138 0.4481
vn -0.4351 0.7226 0.5372
vn -0.4575 0.6215 0.6360
vn -0.4351 0.5204 0.7348
vn -0.3701 0.4292 0.8239
vn -0.2689 0.3568 0.8947
vn -0.1413 0.3103 0.9401
vn -0.0001 0.2943 0.9557
vn 0.1414 0.3103 0.9401
vn 0.2689 0.3568 0.8946
vn 0.3701 0.4292 0.8239
vn 0.4351 0.5204 0.7348
vn -0.1859 0.4802 0.8573
vn -0.0977 0.4481 0.8886
vn 0.2557 0.7960 0.5486
vn -0.1858 0.4801 0.8573
vn -0.0000 0.9487 0.3162
vn -0.4351 0.5203 0.7348
vn -0.0000 0.2943 0.9557
vn 0.3701 0.4291 0.8239
vn 0.4351 0.7226 0.5372
vn 0.4574 0.6215 0.6360
vn -0.1413 0.9327 0.3319
vn -0.3701 0.8138 0.4480
vn -0.4350 0.7226 0.5372
vn -0.2689 0.3568 0.8946
vn -0.1414 0.3103 0.9401
vn -0.4574 0.6215 0.6360
vn 0.2689 0.8862 0.3774
vn 0.1413 0.9327 0.3319
vn 0.3701 0.8138 0.4481
vn -0.3701 0.4291 0.8239
vn 0.2689 0.3568 0.8947
vn -0.2689 0.8862 0.3774
vn -0.2688 0.3568 0.8947
vn 0.2557 0.7959 0.5487
vn 0.3006 0.7330 0.6103
vn 0.0976 0.8781 0.4684
vn -0.1414 0.9326 0.3319
vn -0.2688 0.8862 0.3773
vn 0.9510 0.2211 -0.2161
vn 0.8090 0.4204 -0.4108
vn 0.8095 0.4208 -0.4095
vn 0.9510 0.2220 -0.2151
vn 0.5878 0.5786 -0.5654
vn 0.5884 0.5792 -0.5642
vn 0.3090 0.6802 -0.6647
vn 0.3098 0.6809 -0.6636
vn -0.0000 0.7152 -0.6989
vn 0.0008 0.7161 -0.6980
vn -0.3090 0.6802 -0.6647
vn -0.3083 0.6813 -0.6640
vn -0.5878 0.5786 -0.5654
vn -0.5872 0.5798 -0.5648
vn -0.8090 0.4204 -0.4108
vn -0.8086 0.4217 -0.4103
vn -0.9511 0.2210 -0.2160
vn -0.9508 0.2224 -0.2156
vn -1.0000 -0.0000 -0.0000
vn -1.0000 0.0014 0.0004
vn -0.9511 -0.2210 0.2160
vn -0.9513 -0.2196 0.2164
vn -0.8090 -0.4204 0.4108
vn -0.8095 -0.4191 0.4113
vn -0.5878 -0.5786 0.5654
vn -0.5884 -0.5774 0.5660
vn -0.3090 -0.6802 0.6647
vn -0.3098 -0.6792 0.6654
vn -0.0000 -0.7152 0.6989
vn -0.0008 -0.7143 0.6998
vn 0.3090 -0.6802 0.6647
vn 0.3083 -0.6795 0.6658
vn 0.5878 -0.5786 0.5654
vn 0.5872 -0.5781 0.5666
vn 0.8090 -0.4204 0.4108
vn 0.8086 -0.4200 0.4122
vn 0.9511 -0.2210 0.2160
vn 0.9508 -0.2207 0.2174
vn 1.0000 -0.0000 -0.0000
vn 1.0000 0.0003 0.0014
vn 0.9511 0.2209 -0.2159
vn 0.9511 0.2218 -0.2150
vn 0.4922 0.7124 0.5002
vn 0.5175 0.5980 0.6120
vn 0.6750 0.6492 0.3505
vn 0.7098 0.4923 0.5038
vn 0.8224 0.5422 0.1727
vn 0.6752 0.6491 0.3505
vn 0.7100 0.4922 0.5037
vn 0.8647 0.3511 0.3593
vn 0.9179 0.3962 -0.0211
vn 0.9651 0.1830 0.1872
vn 0.4187 0.8156 0.3994
vn 0.5742 0.7907 0.2122
vn 0.6751 0.6492 0.3503
vn 0.8223 0.5423 0.1725
vn 0.6995 0.7146 0.0041
vn 0.5744 0.7907 0.2120
vn 0.9179 0.3964 -0.0213
vn 0.7808 0.5887 -0.2092
vn 0.3042 0.8975 0.3194
vn 0.4172 0.9030 0.1025
vn 0.5082 0.8514 -0.1296
vn 0.4173 0.9030 0.1023
vn 0.5673 0.7415 -0.3584
vn 0.1599 0.9501 0.2680
vn 0.2193 0.9751 0.0320
vn 0.2672 0.9393 -0.2154
vn 0.2194 0.9751 0.0318
vn 0.2982 0.8395 -0.4543
vn -0.0000 0.9682 0.2503
vn -0.0000 1.0000 0.0078
vn -0.0000 0.9695 -0.2450
vn -0.0000 1.0000 0.0075
vn -0.0000 0.8732 -0.4873
vn -0.1599 0.9501 0.2680
vn -0.2193 0.9751 0.0320
vn -0.2672 0.9393 -0.2154
vn -0.2194 0.9751 0.0318
vn -0.2982 0.8394 -0.4543
vn -0.3042 0.8975 0.3194
vn -0.4172 0.9030 0.1025
vn -0.5082 0.8514 -0.1296
vn -0.4173 0.9030 0.1023
vn -0.5673 0.7414 -0.3585
vn -0.4187 0.8156 0.3994
vn -0.5742 0.7907 0.2122
vn -0.6995 0.7146 0.0041
vn -0.5744 0.7907 0.2120
vn -0.7808 0.5887 -0.2093
vn -0.4922 0.7124 0.5002
vn -0.6750 0.6492 0.3505
vn -0.8223 0.5422 0.1726
vn -0.6752 0.6491 0.3504
vn -0.9179 0.3963 -0.0212
vn -0.5175 0.5980 0.6120
vn -0.7098 0.4923 0.5038
vn -0.8646 0.3511 0.3593
vn -0.7100 0.4922 0.5037
vn -0.9651 0.1829 0.1872
vn -0.4922 0.4837 0.7238
vn -0.6750 0.3355 0.6571
vn -0.8223 0.1600 0.5460
vn -0.6752 0.3353 0.6570
vn -0.9179 -0.0304 0.3956
vn -0.4187 0.3805 0.8246
vn -0.5742 0.1939 0.7954
vn -0.6995 -0.0124 0.7145
vn -0.5744 0.1937 0.7953
vn -0.7808 -0.2228 0.5837
vn -0.3042 0.2986 0.9046
vn -0.4172 0.0817 0.9051
vn -0.5082 -0.1491 0.8482
vn -0.4173 0.0814 0.9051
vn -0.5673 -0.3755 0.7329
vn -0.1599 0.2460 0.9560
vn -0.2193 0.0096 0.9756
vn -0.2672 -0.2370 0.9340
vn -0.2194 0.0093 0.9756
vn -0.2982 -0.4736 0.8287
vn -0.0000 0.2279 0.9737
vn -0.0000 -0.0153 0.9999
vn -0.0000 -0.2673 0.9636
vn -0.0000 -0.0156 0.9999
vn -0.0000 -0.5073 0.8617
vn 0.1599 0.2460 0.9560
vn 0.2193 0.0096 0.9756
vn 0.2672 -0.2370 0.9340
vn 0.2194 0.0093 0.9756
vn 0.2982 -0.4736 0.8287
vn 0.3042 0.2986 0.9046
vn 0.4172 0.0817 0.9051
vn 0.5082 -0.1492 0.8482
vn 0.4173 0.0814 0.9051
vn 0.5673 -0.3754 0.7330
vn 0.4187 0.3805 0.8246
vn 0.5742 0.1940 0.7954
vn 0.6995 -0.0124 0.7145
vn 0.5744 0.1938 0.7953
vn 0.7808 -0.2228 0.5837
vn 0.4922 0.4837 0.7238
vn 0.6750 0.3355 0.6571
vn 0.8223 0.1600 0.5460
vn 0.6752 0.3353 0.6570
vn 0.9179 -0.0303 0.3957
vn -0.0973 0.9953 -0.0000
vn 0.0973 0.9953 -0.0000
vn -0.1412 -0.9900 -0.0000
vn 0.1412 -0.9900 -0.0000
vn 0.9655 0.2603 -0.0000
vn 0.9677 0.2521 -0.0000
vn 0.9657 -0.2597 -0.0000
vn 0.9660 -0.2586 -0.0000
vn 0.9662 -0.2578 -0.0000
vn 0.9956 0.0936 -0.0000
vn 0.9968 -0.0795 -0.0000
vn 0.9967 -0.0813 -0.0000
vn -0.5000 -0.8660 -0.0000
vn -0.8659 -0.5001 -0.0000
vn -0.8659 -0.5001 0.0001
vn 0.9330 0.2500 0.2587
vn 0.9330 0.2500 -0.2587
vn 0.8661 -0.4999 -0.0000
vn 0.8659 -0.5001 -0.0000
vn 0.5000 -0.8660 -0.0000
vn 0.8843 -0.4089 -0.2255
vn 0.8843 -0.4089 0.2255
vn -0.7895 0.6137 -0.0000
vn -0.4395 0.8982 -0.0000
vn 0.4395 0.8982 -0.0000
vn 0.7895 0.6137 -0.0000
vn 0.7895 0.6137 0.0001
vn 0.7897 0.6135 -0.0000
vn 0.9510 0.2220 -0.2152
vn 0.5872 -0.5781 0.5667
vn 0.8224 0.5421 0.1727
vn 0.8646 0.3511 0.3593
vn 0.6752 0.6492 0.3503
vn 0.9178 0.3964 -0.0213
vn 0.5673 0.7414 -0.3585
vn -0.2982 0.8395 -0.4543
vn -0.9651 0.1830 0.1872
vn -0.4922 0.4836 0.7238
vn -0.8223 0.1601 0.5461
vn -0.5082 -0.1492 0.8482
vn -0.2193 0.0095 0.9756
vn -0.2672 -0.2370 0.9341
vn -0.0000 -0.2672 0.9636
vn -0.0000 -0.5072 0.8618
vn 0.2193 0.0095 0.9756
vn 0.2982 -0.4735 0.8288
vn 0.6995 -0.0123 0.7145
vn 0.8223 0.1600 0.5461
vn 0.8659 -0.5001 -0.0001
vn 0.7897 0.6135 -0.0001
vn -0.8095 -0.4190 0.4113
vn 0.8086 -0.4200 0.4121
vn 0.7097 0.4924 0.5038
vn 0.9651 0.1830 0.1873
vn 0.7808 0.5887 -0.2093
vn -0.7808 0.5887 -0.2092
vn -0.9179 -0.0303 0.3957
vn -0.5742 0.1940 0.7954
vn -0.6995 -0.0123 0.7145
vn -0.0000 -0.5073 0.8618
vn 0.5673 -0.3755 0.7329
vn 0.9179 -0.0304 0.3957
vn -0.9657 -0.2597 -0.0000
vn -0.9660 -0.2586 -0.0000
vn -0.9662 -0.2578 -0.0000
vn -0.9655 0.2604 -0.0000
vn -0.9677 0.2521 -0.0000
vn -0.9968 -0.0795 -0.0000
vn -0.9967 -0.0813 -0.0000
vn -0.9956 0.0936 -0.0000
vn -0.8661 -0.4999 -0.0000
vn -0.9330 0.2500 -0.2587
vn -0.9330 0.2500 0.2587
vn 0.8660 -0.5001 -0.0001
vn 0.8660 -0.5001 -0.0000
vn -0.7897 0.6135 -0.0000
vn -0.7897 0.6135 0.0001
vn -0.8843 -0.4089 0.2255
vn -0.8843 -0.4089 -0.2255
vn 0.8092 0.4208 -0.4101
vn 0.9510 0.2217 -0.2155
vn 0.5880 0.5790 -0.5647
vn 0.3093 0.6807 -0.6641
vn 0.0003 0.7158 -0.6983
vn -0.3087 0.6808 -0.6642
vn -0.5875 0.5793 -0.5650
vn -0.8088 0.4212 -0.4104
vn -0.9510 0.2218 -0.2156
vn -1.0000 0.0008 0.0003
vn -0.9512 -0.2202 0.2164
vn -0.8092 -0.4196 0.4112
vn -0.5880 -0.5779 0.5659
vn -0.3093 -0.6796 0.6652
vn -0.0003 -0.7146 0.6995
vn 0.3087 -0.6797 0.6654
vn 0.5875 -0.5782 0.5661
vn 0.8088 -0.4200 0.4116
vn 0.9510 -0.2207 0.2168
vn 1.0000 0.0004 0.0008
vn 0.9511 0.2215 -0.2153
vn 0.6485 0.6619 0.3759
vn 0.6819 0.5112 0.5231
vn 0.7994 0.5644 0.2060
vn 0.8405 0.3787 0.3875
vn 0.8898 0.4535 0.0507
vn 0.7995 0.5643 0.2059
vn 0.8406 0.3786 0.3874
vn 0.9355 0.2469 0.2526
vn 0.9366 0.3389 -0.0884
vn 0.9848 0.1213 0.1242
vn 0.5517 0.7979 0.2430
vn 0.6800 0.7320 0.0422
vn 0.7994 0.5644 0.2058
vn 0.8897 0.4537 0.0505
vn 0.7569 0.6402 -0.1317
vn 0.6800 0.7320 0.0421
vn 0.9366 0.3391 -0.0886
vn 0.7967 0.5354 -0.2804
vn 0.4008 0.9058 0.1376
vn 0.4940 0.8650 -0.0877
vn 0.5499 0.7882 -0.2763
vn 0.4941 0.8650 -0.0879
vn 0.5789 0.6912 -0.4326
vn 0.2107 0.9750 0.0699
vn 0.2597 0.9504 -0.1712
vn 0.2891 0.8832 -0.3692
vn 0.2598 0.9504 -0.1713
vn 0.3043 0.7912 -0.5304
vn -0.0000 0.9989 0.0466
vn -0.0000 0.9798 -0.1999
vn -0.0000 0.9160 -0.4012
vn -0.0000 0.9798 -0.2001
vn -0.0000 0.8257 -0.5641
vn -0.2107 0.9750 0.0699
vn -0.2597 0.9504 -0.1712
vn -0.2891 0.8832 -0.3692
vn -0.2598 0.9504 -0.1713
vn -0.3043 0.7912 -0.5304
vn -0.4008 0.9058 0.1376
vn -0.4940 0.8650 -0.0877
vn -0.5499 0.7882 -0.2763
vn -0.4941 0.8650 -0.0879
vn -0.5789 0.6912 -0.4326
vn -0.5517 0.7979 0.2430
vn -0.6800 0.7320 0.0422
vn -0.7569 0.6402 -0.1317
vn -0.6801 0.7320 0.0421
vn -0.7967 0.5354 -0.2804
vn -0.6485 0.6619 0.3759
vn -0.7994 0.5644 0.2060
vn -0.8897 0.4536 0.0506
vn -0.7994 0.5644 0.2059
vn -0.9366 0.3390 -0.0885
vn -0.6819 0.5112 0.5231
vn -0.8405 0.3787 0.3875
vn -0.9355 0.2469 0.2526
vn -0.8406 0.3786 0.3874
vn -0.9848 0.1214 0.1242
vn -0.6485 0.3605 0.6704
vn -0.7994 0.1929 0.5690
vn -0.8897 0.0401 0.4547
vn -0.7994 0.1928 0.5690
vn -0.9366 -0.0963 0.3369
vn -0.5517 0.2246 0.8033
vn -0.6800 0.0253 0.7328
vn -0.7569 -0.1464 0.6370
vn -0.6800 0.0252 0.7327
vn -0.7967 -0.2926 0.5288
vn -0.4008 0.1167 0.9087
vn -0.4940 -0.1077 0.8628
vn -0.5499 -0.2944 0.7816
vn -0.4941 -0.1078 0.8627
vn -0.5789 -0.4485 0.6810
vn -0.2107 0.0474 0.9764
vn -0.2597 -0.1930 0.9462
vn -0.2891 -0.3895 0.8745
vn -0.2598 -0.1932 0.9462
vn -0.3043 -0.5485 0.7788
vn -0.0000 0.0235 0.9997
vn -0.0000 -0.2225 0.9749
vn -0.0000 -0.4222 0.9065
vn -0.0000 -0.2226 0.9749
vn -0.0000 -0.5830 0.8125
vn 0.2107 0.0474 0.9764
vn 0.2597 -0.1930 0.9462
vn 0.2891 -0.3895 0.8745
vn 0.2598 -0.1932 0.9462
vn 0.3043 -0.5485 0.7788
vn 0.4008 0.1167 0.9087
vn 0.4940 -0.1076 0.8627
vn 0.5499 -0.2944 0.7816
vn 0.4941 -0.1078 0.8627
vn 0.5789 -0.4485 0.6810
vn 0.5517 0.2246 0.8033
vn 0.6800 0.0253 0.7328
vn 0.7569 -0.1464 0.6370
vn 0.6801 0.0252 0.7327
vn 0.7967 -0.2926 0.5288
vn 0.6485 0.3605 0.6704
vn 0.7994 0.1929 0.5690
vn 0.8897 0.0401 0.4547
vn 0.7994 0.1928 0.5690
vn 0.9366 -0.0963 0.3369
vn -0.9655 0.2603 -0.0000
vn 0.5082 0.8514 -0.1295
vn -0.5743 0.7907 0.2121
vn -0.8647 0.3511 0.3593
vn -0.2982 -0.4735 0.8288
vn -0.0000 -0.5074 0.8617
vn 0.0990 -0.9951 -0.0000
vn -0.0990 -0.9951 -0.0000
vn 0.0988 -0.9951 -0.0000
vn -0.0988 -0.9951 -0.0000
vn 0.9655 0.2604 -0.0000
vn -0.8661 -0.4999 -0.0001
vn 0.6146 -0.7559 0.2255
vn 0.4395 -0.8982 -0.0000
vn 0.6146 -0.7559 -0.2255
vn -0.4395 -0.8982 -0.0000
vn -0.6146 -0.7559 -0.2255
vn -0.6146 -0.7559 0.2255
vn 0.9651 0.1829 0.1872
vn -0.9651 0.1830 0.1873
vn 0.2672 -0.2370 0.9341
vn 0.9510 0.2211 -0.2160
vn -0.8086 0.4217 -0.4104
vn 0.7099 0.4922 0.5037
vn 0.5743 0.7907 0.2121
vn 0.9179 0.3963 -0.0213
vn -0.5082 0.8514 -0.1295
vn -0.6752 0.6491 0.3503
vn -0.7099 0.4922 0.5037
vn 0.9179 -0.0304 0.3956
vn -0.6147 -0.7559 -0.2255
vn 0.5742 0.7907 0.2123
vn 0.2193 0.9751 0.0321
vn 0.5743 0.1938 0.7953
vn 0.4922 0.4836 0.7238
vn 0.8661 -0.4999 0.0001
vn 0.9510 0.2212 -0.2160
vn 0.7808 0.5888 -0.2092
vn 0.5673 0.7414 -0.3584
vn 0.2982 0.8394 -0.4543
vn -0.0000 0.8733 -0.4872
vn 0.5082 -0.1491 0.8482
vn 0.5744 0.1937 0.7953
vn -0.5871 0.5798 -0.5648
vn 0.4173 0.9030 0.1022
vn -0.5673 0.7414 -0.3584
vn -0.9179 0.3962 -0.0212
vn -0.8660 -0.5001 -0.0000
vn -0.9330 0.2501 -0.2587
vn -0.4172 0.0817 0.9052
vn -0.7895 0.6137 -0.0001
vn -0.5872 0.5798 -0.5649
vn 0.8224 0.5421 0.1726
vn -0.7097 0.4923 0.5038
vn -0.4172 0.0816 0.9052
vn 0.8092 0.4208 -0.4100
vn 0.5881 0.5791 -0.5647
vn -1.0000 0.0008 0.0004
vn -0.5881 -0.5779 0.5659
vn -0.0003 -0.7147 0.6995
vn 0.5875 -0.5782 0.5662
vn 0.8898 0.4536 0.0507
vn 0.9367 0.3389 -0.0884
vn 0.9848 0.1214 0.1242
vn 0.5516 0.7979 0.2430
vn 0.8897 0.4538 0.0505
vn -0.6800 0.7320 0.0421
vn -0.7967 0.5353 -0.2804
vn -0.9848 0.1213 0.1242
vn 0.2598 -0.1932 0.9461
vn 0.5789 -0.4484 0.6810
vn 0.5881 0.5790 -0.5647
vn 0.3093 0.6807 -0.6640
vn -0.3087 0.6809 -0.6642
vn 0.6485 0.6620 0.3759
vn 0.6819 0.5112 0.5232
vn 0.3043 0.7913 -0.5304
vn -0.7967 0.5354 -0.2803
vn -0.8897 0.4537 0.0506
vn -0.9366 0.3391 -0.0884
vn -0.6819 0.5112 0.5232
vn -0.7993 0.1929 0.5691
vn -0.5789 -0.4484 0.6811
vn 0.6800 0.0252 0.7327
vn 0.1399 0.9902 -0.0000
vn -0.1399 0.9902 -0.0000
vn 0.1401 0.9901 -0.0000
vn -0.1401 0.9901 -0.0000
vn 0.5000 0.8660 -0.0000
vn 0.6830 0.6830 -0.2587
vn 0.6830 0.6830 0.2587
vn -0.6831 0.6830 0.2587
vn -0.5000 0.8660 -0.0000
vn -0.6831 0.6830 -0.2587
vn -0.8088 0.4211 -0.4104
vn -0.9512 -0.2202 0.2163
vn -0.3093 -0.6795 0.6652
vn 0.3087 -0.6797 0.6653
vn 0.9510 -0.2206 0.2168
vn 0.6801 0.7319 0.0420
vn 0.7967 0.5353 -0.2804
vn 0.5789 0.6912 -0.4327
vn -0.0000 0.9798 -0.2000
vn -0.2598 0.9503 -0.1713
vn -0.4940 0.8650 -0.0878
vn -0.5499 0.7882 -0.2764
vn -0.6801 0.7319 0.0420
vn -0.0000 -0.5829 0.8125
vn 0.7995 0.1928 0.5689
vn 0.9366 -0.0962 0.3369
vn -0.6830 0.6830 0.2587
vn -0.6830 0.6830 -0.2587
vn 0.7995 0.5642 0.2059
vn 0.6801 0.7320 0.0421
vn 0.3043 0.7913 -0.5303
vn -0.9366 0.3391 -0.0885
vn -0.6801 0.0252 0.7327
vn -0.7967 -0.2927 0.5287
vn -0.2598 -0.1932 0.9461
vn 0.5789 -0.4484 0.6811
vn 1.0000 0.0003 0.0008
vn 0.7967 0.5354 -0.2803
vn -0.7995 0.5644 0.2059
vn 0.4940 -0.1077 0.8627
vn -0.7994 0.5645 0.2060
vn -0.5789 -0.4484 0.6810
vn -0.8092 -0.4197 0.4112
vn -0.7995 0.1928 0.5689
vn 0.7967 -0.2927 0.5287
vn -0.7808 -0.2227 0.5838
vn 0.8646 0.3512 0.3594
vn -0.5673 -0.3754 0.7330
vn 0.8223 0.1601 0.5461
vn 0.2598 0.9503 -0.1714
vn -0.2598 0.9503 -0.1714
vn -0.5789 0.6912 -0.4327
vn -0.9848 0.1214 0.1243
vn 0.4940 -0.1076 0.8628
vn 0.9366 -0.0962 0.3370
vn 0.5788 0.6913 -0.4326
vn 0.2597 0.9504 -0.1713
vn -0.5788 -0.4484 0.6811
vn -0.9366 -0.0962 0.3370
vn -0.0000 -0.2227 0.9749
vn -0.0000 -0.0000 1.0000
s 1
usemtl M_pasted__polySurface18_pasted__blinn2_0_0
f 1//1 2//1 3//1
f 4//1 1//1 3//1
f 5//1 4//1 3//1
f 6//1 5//1 3//1
f 7//1 6//1 3//1
f 8//1 7//1 3//1
f 9//1 8//1 3//1
f 10//1 9//1 3//1
f 11//1 10//1 3//1
f 12//1 11//1 3//1
f 13//1 12//1 3//1
f 14//1 13//1 3//1
f 15//1 14//1 3//1
f 16//1 15//1 3//1
f 17//1 16//1 3//1
f 18//1 17//1 3//1
f 19//1 18//1 3//1
f 20//1 19//1 3//1
f 21//1 20//1 3//1
f 2//1 21//1 3//1
f 22//2 23//3 24//4
f 23//3 22//2 25//5
f 23//3 25//5 26//6
f 23//3 26//6 27//7
f 23//3 27//7 28//8
f 23//3 28//8 29//9
f 23//3 29//9 30//10
f 23//3 30//10 31//11
f 23//3 31//11 32//12
f 23//3 32//12 33//13
f 23//3 33//13 34//14
f 23//3 34//14 35//15
f 23//3 35//15 36//16
f 23//3 36//16 37//17
f 23//3 37//17 38//18
f 23//3 38//18 39//19
f 23//3 39//19 40//20
f 23//3 40//20 41//21
f 23//3 41//21 42//22
f 23//3 42//22 24//4
f 43//1 44//1 45//1
f 46//1 43//1 45//1
f 47//1 46//1 45//1
f 48//1 47//1 45//1
f 49//1 48//1 45//1
f 50//1 49//1 45//1
f 51//1 50//1 45//1
f 52//1 51//1 45//1
f 53//1 52//1 45//1
f 54//1 53//1 45//1
f 55//1 54//1 45//1
f 56//1 55//1 45//1
f 57//1 56//1 45//1
f 58//1 57//1 45//1
f 59//1 58//1 45//1
f 60//1 59//1 45//1
f 61//1 60//1 45//1
f 62//1 61//1 45//1
f 63//1 62//1 45//1
f 44//1 63//1 45//1
f 64//2 65//3 66//4
f 65//3 64//2 67//5
f 65//3 67//5 68//6
f 65//3 68//6 69//7
f 65//3 69//7 70//23
f 65//3 70//23 71//9
f 65//3 71//9 72//10
f 65//3 72//10 73//11
f 65//3 73//11 74//12
f 65//3 74//12 75//24
f 65//3 75//24 76//14
f 65//3 76//14 77//25
f 65//3 77//25 78//16
f 65//3 78//16 79//17
f 65//3 79//17 80//18
f 65//3 80//18 81//26
f 65//3 81//26 82//20
f 65//3 82//20 83//21
f 65//3 83//21 84//22
f 65//3 84//22 66//4
f 85//1 86//1 87//1
f 88//1 85//1 87//1
f 89//1 88//1 87//1
f 90//1 89//1 87//1
f 91//1 90//1 87//1
f 92//1 91//1 87//1
f 93//1 92//1 87//1
f 94//1 93//1 87//1
f 95//1 94//1 87//1
f 96//1 95//1 87//1
f 97//1 96//1 87//1
f 98//1 97//1 87//1
f 99//1 98//1 87//1
f 100//1 99//1 87//1
f 101//1 100//1 87//1
f 102//1 101//1 87//1
f 103//1 102//1 87//1
f 104//1 103//1 87//1
f 105//1 104//1 87//1
f 86//1 105//1 87//1
f 106//2 107//3 108//4
f 107//3 106//2 109//5
f 107//3 109//5 110//6
f 107//3 110//6 111//7
f 107//3 111//7 112//23
f 107//3 112//23 113//9
f 107//3 113//9 114//10
f 107//3 114//10 115//27
f 107//3 115//27 116//12
f 107//3 116//12 117//24
f 107//3 117//24 118//14
f 107//3 118//14 119//15
f 107//3 119//15 120//16
f 107//3 120//16 121//28
f 107//3 121//28 122//18
f 107//3 122//18 123//19
f 107//3 123//19 124//20
f 107//3 124//20 125//21
f 107//3 125//21 126//22
f 107//3 126//22 108//4
f 127//3 129//3 128//3
f 130//3 129//3 127//3
f 131//3 129//3 130//3
f 132//3 129//3 131//3
f 133//3 129//3 132//3
f 134//3 129//3 133//3
f 135//3 129//3 134//3
f 136//3 129//3 135//3
f 137//3 129//3 136//3
f 138//3 129//3 137//3
f 139//3 129//3 138//3
f 140//3 129//3 139//3
f 141//3 129//3 140//3
f 142//3 129//3 141//3
f 143//3 129//3 142//3
f 144//3 129//3 143//3
f 145//3 129//3 144//3
f 146//3 129//3 145//3
f 147//3 129//3 146//3
f 128//3 129//3 147//3
f 148//29 149//3 150//30
f 149//3 148//29 151//31
f 149//3 151//31 152//32
f 149//3 152//32 153//33
f 149//3 153//33 154//34
f 149//3 154//34 155//35
f 149//3 155//35 156//36
f 149//3 156//36 157//37
f 149//3 157//37 158//38
f 149//3 158//38 159//39
f 149//3 159//39 160//40
f 149//3 160//40 161//41
f 149//3 161//41 162//42
f 149//3 162//42 163//43
f 149//3 163//43 164//44
f 149//3 164//44 165//45
f 149//3 165//45 166//46
f 149//3 166//46 167//47
f 149//3 167//47 168//48
f 149//3 168//48 150//30
f 169//1 170//1 171//1
f 172//1 169//1 171//1
f 173//1 172//1 171//1
f 174//1 173//1 171//1
f 175//1 174//1 171//1
f 176//1 175//1 171//1
f 177//1 176//1 171//1
f 178//1 177//1 171//1
f 179//1 178//1 171//1
f 180//1 179//1 171//1
f 181//1 180//1 171//1
f 182//1 181//1 171//1
f 183//1 182//1 171//1
f 184//1 183//1 171//1
f 185//1 184//1 171//1
f 186//1 185//1 171//1
f 187//1 186//1 171//1
f 188//1 187//1 171//1
f 189//1 188//1 171//1
f 170//1 189//1 171//1
f 190//2 191//3 192//4
f 191//3 190//2 193//5
f 191//3 193//5 194//6
f 191//3 194//6 195//7
f 191//3 195//7 196//8
f 191//3 196//8 197//9
f 191//3 197//9 198//10
f 191//3 198//10 199//27
f 191//3 199//27 200//12
f 191//3 200//12 201//24
f 191//3 201//24 202//14
f 191//3 202//14 203//15
f 191//3 203//15 204//49
f 191//3 204//49 205//28
f 191//3 205//28 206//18
f 191//3 206//18 207//19
f 191//3 207//19 208//20
f 191//3 208//20 209//21
f 191//3 209//21 210//22
f 191//3 210//22 192//4
f 211//1 212//1 213//1
f 214//1 211//1 213//1
f 215//1 214//1 213//1
f 216//1 215//1 213//1
f 217//1 216//1 213//1
f 218//1 217//1 213//1
f 219//1 218//1 213//1
f 220//1 219//1 213//1
f 221//1 220//1 213//1
f 222//1 221//1 213//1
f 223//1 222//1 213//1
f 224//1 223//1 213//1
f 225//1 224//1 213//1
f 226//1 225//1 213//1
f 227//1 226//1 213//1
f 228//1 227//1 213//1
f 229//1 228//1 213//1
f 230//1 229//1 213//1
f 231//1 230//1 213//1
f 212//1 231//1 213//1
f 232//2 233//3 234//4
f 233//3 232//2 235//5
f 233//3 235//5 236//6
f 233//3 236//6 237//7
f 233//3 237//7 238//23
f 233//3 238//23 239//9
f 233//3 239//9 240//10
f 233//3 240//10 241//11
f 233//3 241//11 242//12
f 233//3 242//12 243//24
f 233//3 243//24 244//14
f 233//3 244//14 245//15
f 233//3 245//15 246//16
f 233//3 246//16 247//17
f 233//3 247//17 248//18
f 233//3 248//18 249//19
f 233//3 249//19 250//20
f 233//3 250//20 251//21
f 233//3 251//21 252//22
f 233//3 252//22 234//4
f 253//1 254//1 255//1
f 256//1 253//1 255//1
f 257//1 256//1 255//1
f 258//1 257//1 255//1
f 259//1 258//1 255//1
f 260//1 259//1 255//1
f 261//1 260//1 255//1
f 262//1 261//1 255//1
f 263//1 262//1 255//1
f 264//1 263//1 255//1
f 265//1 264//1 255//1
f 266//1 265//1 255//1
f 267//1 266//1 255//1
f 268//1 267//1 255//1
f 269//1 268//1 255//1
f 270//1 269//1 255//1
f 271//1 270//1 255//1
f 272//1 271//1 255//1
f 273//1 272//1 255//1
f 254//1 273//1 255//1
f 274//2 275//3 276//4
f 275//3 274//2 277//5
f 275//3 277//5 278//6
f 275//3 278//6 279//7
f 275//3 279//7 280//23
f 275//3 280//23 281//9
f 275//3 281//9 282//10
f 275//3 282//10 283//11
f 275//3 283//11 284//12
f 275//3 284//12 285//24
f 275//3 285//24 286//14
f 275//3 286//14 287//25
f 275//3 287//25 288//16
f 275//3 288//16 289//50
f 275//3 289//50 290//18
f 275//3 290//18 291//19
f 275//3 291//19 292//20
f 275//3 292//20 293//21
f 275//3 293//21 294//22
f 275//3 294//22 276//4
f 295//1 296//1 297//1
f 298//1 295//1 297//1
f 299//1 298//1 297//1
f 300//1 299//1 297//1
f 301//1 300//1 297//1
f 302//1 301//1 297//1
f 303//1 302//1 297//1
f 304//1 303//1 297//1
f 305//1 304//1 297//1
f 306//1 305//1 297//1
f 307//1 306//1 297//1
f 308//1 307//1 297//1
f 309//1 308//1 297//1
f 310//1 309//1 297//1
f 311//1 310//1 297//1
f 312//1 311//1 297//1
f 313//1 312//1 297//1
f 314//1 313//1 297//1
f 315//1 314//1 297//1
f 296//1 315//1 297//1
f 316//2 317//3 318//4
f 317//3 316//2 319//51
f 317//3 319//51 320//6
f 317//3 320//6 321//7
f 317//3 321//7 322//23
f 317//3 322//23 323//9
f 317//3 323//9 324//10
f 317//3 324//10 325//27
f 317//3 325//27 326//12
f 317//3 326//12 327//24
f 317//3 327//24 328//14
f 317//3 328//14 329//15
f 317//3 329//15 330//52
f 317//3 330//52 331//17
f 317//3 331//17 332//18
f 317//3 332//18 333//26
f 317//3 333//26 334//20
f 317//3 334//20 335//21
f 317//3 335//21 336//22
f 317//3 336//22 318//4
f 337//1 338//1 339//1
f 340//1 337//1 339//1
f 341//1 340//1 339//1
f 342//1 341//1 339//1
f 343//1 342//1 339//1
f 344//1 343//1 339//1
f 345//1 344//1 339//1
f 346//1 345//1 339//1
f 347//1 346//1 339//1
f 348//1 347//1 339//1
f 349//1 348//1 339//1
f 350//1 349//1 339//1
f 351//1 350//1 339//1
f 352//1 351//1 339//1
f 353//1 352//1 339//1
f 354//1 353//1 339//1
f 355//1 354//1 339//1
f 356//1 355//1 339//1
f 357//1 356//1 339//1
f 338//1 357//1 339//1
f 358//2 359//3 360//4
f 359//3 358//2 361//5
f 359//3 361//5 362//6
f 359//3 362//6 363//7
f 359//3 363//7 364//8
f 359//3 364//8 365//9
f 359//3 365//9 366//10
f 359//3 366//10 367//11
f 359//3 367//11 368//12
f 359//3 368//12 369//24
f 359//3 369//24 370//14
f 359//3 370//14 371//15
f 359//3 371//15 372//52
f 359//3 372//52 373//28
f 359//3 373//28 374//18
f 359//3 374//18 375//19
f 359//3 375//19 376//20
f 359//3 376//20 377//21
f 359//3 377//21 378//22
f 359//3 378//22 360//4
f 379//1 380//1 381//1
f 382//1 379//1 381//1
f 383//1 382//1 381//1
f 384//1 383//1 381//1
f 385//1 384//1 381//1
f 386//1 385//1 381//1
f 387//1 386//1 381//1
f 388//1 387//1 381//1
f 389//1 388//1 381//1
f 390//1 389//1 381//1
f 391//1 390//1 381//1
f 392//1 391//1 381//1
f 393//1 392//1 381//1
f 394//1 393//1 381//1
f 395//1 394//1 381//1
f 396//1 395//1 381//1
f 397//1 396//1 381//1
f 398//1 397//1 381//1
f 399//1 398//1 381//1
f 380//1 399//1 381//1
f 400//2 401//3 402//4
f 401//3 400//2 403//5
f 401//3 403//5 404//6
f 401//3 404//6 405//7
f 401//3 405//7 406//8
f 401//3 406//8 407//9
f 401//3 407//9 408//10
f 401//3 408//10 409//11
f 401//3 409//11 410//12
f 401//3 410//12 411//24
f 401//3 411//24 412//14
f 401//3 412//14 413//15
f 401//3 413//15 414//52
f 401//3 414//52 415//50
f 401//3 415//50 416//18
f 401//3 416//18 417//19
f 401//3 417//19 418//20
f 401//3 418//20 419//21
f 401//3 419//21 420//22
f 401//3 420//22 402//4
f 421//1 422//1 423//1
f 424//1 421//1 423//1
f 425//1 424//1 423//1
f 426//1 425//1 423//1
f 427//1 426//1 423//1
f 428//1 427//1 423//1
f 429//1 428//1 423//1
f 430//1 429//1 423//1
f 431//1 430//1 423//1
f 432//1 431//1 423//1
f 433//1 432//1 423//1
f 434//1 433//1 423//1
f 435//1 434//1 423//1
f 436//1 435//1 423//1
f 437//1 436//1 423//1
f 438//1 437//1 423//1
f 439//1 438//1 423//1
f 440//1 439//1 423//1
f 441//1 440//1 423//1
f 422//1 441//1 423//1
f 442//2 443//3 444//4
f 443//3 442//2 445//5
f 443//3 445//5 446//6
f 443//3 446//6 447//7
f 443//3 447//7 448//23
f 443//3 448//23 449//9
f 443//3 449//9 450//10
f 443//3 450//10 451//27
f 443//3 451//27 452//12
f 443//3 452//12 453//24
f 443//3 453//24 454//14
f 443//3 454//14 455//15
f 443//3 455//15 456//16
f 443//3 456//16 457//28
f 443//3 457//28 458//18
f 443//3 458//18 459//19
f 443//3 459//19 460//20
f 443//3 460//20 461//21
f 443//3 461//21 462//22
f 443//3 462//22 444//4
f 463//1 464//1 465//1
f 466//1 463//1 465//1
f 467//1 466//1 465//1
f 468//1 467//1 465//1
f 469//1 468//1 465//1
f 470//1 469//1 465//1
f 471//1 470//1 465//1
f 472//1 471//1 465//1
f 473//1 472//1 465//1
f 474//1 473//1 465//1
f 475//1 474//1 465//1
f 476//1 475//1 465//1
f 477//1 476//1 465//1
f 478//1 477//1 465//1
f 479//1 478//1 465//1
f 480//1 479//1 465//1
f 481//1 480//1 465//1
f 482//1 481//1 465//1
f 483//1 482//1 465//1
f 464//1 483//1 465//1
f 484//2 485//3 486//4
f 485//3 484//2 487//5
f 485//3 487//5 488//6
f 485//3 488//6 489//7
f 485//3 489//7 490//8
f 485//3 490//8 491//9
f 485//3 491//9 492//10
f 485//3 492//10 493//27
f 485//3 493//27 494//12
f 485//3 494//12 495//24
f 485//3 495//24 496//14
f 485//3 496//14 497//15
f 485//3 497//15 498//52
f 485//3 498//52 499//28
f 485//3 499//28 500//18
f 485//3 500//18 501//19
f 485//3 501//19 502//20
f 485//3 502//20 503//21
f 485//3 503//21 504//22
f 485//3 504//22 486//4
f 505//1 506//1 507//1
f 508//1 505//1 507//1
f 509//1 508//1 507//1
f 510//1 509//1 507//1
f 511//1 510//1 507//1
f 512//1 511//1 507//1
f 513//1 512//1 507//1
f 514//1 513//1 507//1
f 515//1 514//1 507//1
f 516//1 515//1 507//1
f 517//1 516//1 507//1
f 518//1 517//1 507//1
f 519//1 518//1 507//1
f 520//1 519//1 507//1
f 521//1 520//1 507//1
f 522//1 521//1 507//1
f 523//1 522//1 507//1
f 524//1 523//1 507//1
f 525//1 524//1 507//1
f 506//1 525//1 507//1
f 526//2 527//3 528//4
f 527//3 526//2 529//5
f 527//3 529//5 530//6
f 527//3 530//6 531//7
f 527//3 531//7 532//23
f 527//3 532//23 533//9
f 527//3 533//9 534//10
f 527//3 534//10 535//11
f 527//3 535//11 536//12
f 527//3 536//12 537//24
f 527//3 537//24 538//14
f 527//3 538//14 539//15
f 527//3 539//15 540//16
f 527//3 540//16 541//28
f 527//3 541//28 542//18
f 527//3 542//18 543//26
f 527//3 543//26 544//20
f 527//3 544//20 545//21
f 527//3 545//21 546//22
f 527//3 546//22 528//4
f 547//3 549//3 548//3
f 550//3 549//3 547//3
f 551//3 549//3 550//3
f 552//3 549//3 551//3
f 553//3 549//3 552//3
f 554//3 549//3 553//3
f 555//3 549//3 554//3
f 556//3 549//3 555//3
f 557//3 549//3 556//3
f 558//3 549//3 557//3
f 559//3 549//3 558//3
f 560//3 549//3 559//3
f 561//3 549//3 560//3
f 562//3 549//3 561//3
f 563//3 549//3 562//3
f 564//3 549//3 563//3
f 565//3 549//3 564//3
f 566//3 549//3 565//3
f 567//3 549//3 566//3
f 548//3 549//3 567//3
f 568//29 569//3 570//30
f 569//3 568//29 571//31
f 569//3 571//31 572//32
f 569//3 572//32 573//33
f 569//3 573//33 574//53
f 569//3 574//53 575//35
f 569//3 575//35 576//36
f 569//3 576//36 577//37
f 569//3 577//37 578//38
f 569//3 578//38 579//39
f 569//3 579//39 580//54
f 569//3 580//54 581//41
f 569//3 581//41 582//42
f 569//3 582//42 583//43
f 569//3 583//43 584//55
f 569//3 584//55 585//45
f 569//3 585//45 586//46
f 569//3 586//46 587//56
f 569//3 587//56 588//48
f 569//3 588//48 570//30
f 589//3 591//3 590//3
f 592//3 591//3 589//3
f 593//3 591//3 592//3
f 594//3 591//3 593//3
f 595//3 591//3 594//3
f 596//3 591//3 595//3
f 597//3 591//3 596//3
f 598//3 591//3 597//3
f 599//3 591//3 598//3
f 600//3 591//3 599//3
f 601//3 591//3 600//3
f 602//3 591//3 601//3
f 603//3 591//3 602//3
f 604//3 591//3 603//3
f 605//3 591//3 604//3
f 606//3 591//3 605//3
f 607//3 591//3 606//3
f 608//3 591//3 607//3
f 609//3 591//3 608//3
f 590//3 591//3 609//3
f 610//57 611//3 612//58
f 611//3 610//57 613//31
f 611//3 613//31 614//32
f 611//3 614//32 615//33
f 611//3 615//33 616//34
f 611//3 616//34 617//59
f 611//3 617//59 618//36
f 611//3 618//36 619//60
f 611//3 619//60 620//61
f 611//3 620//61 621//39
f 611//3 621//39 622//40
f 611//3 622//40 623//41
f 611//3 623//41 624//62
f 611//3 624//62 625//63
f 611//3 625//63 626//55
f 611//3 626//55 627//45
f 611//3 627//45 628//46
f 611//3 628//46 629//47
f 611//3 629//47 630//48
f 611//3 630//48 612//58
f 631//3 633//3 632//3
f 634//3 633//3 631//3
f 635//3 633//3 634//3
f 636//3 633//3 635//3
f 637//3 633//3 636//3
f 638//3 633//3 637//3
f 639//3 633//3 638//3
f 640//3 633//3 639//3
f 641//3 633//3 640//3
f 642//3 633//3 641//3
f 643//3 633//3 642//3
f 644//3 633//3 643//3
f 645//3 633//3 644//3
f 646//3 633//3 645//3
f 647//3 633//3 646//3
f 648//3 633//3 647//3
f 649//3 633//3 648//3
f 650//3 633//3 649//3
f 651//3 633//3 650//3
f 632//3 633//3 651//3
f 652//57 653//3 654//30
f 653//3 652//57 655//31
f 653//3 655//31 656//32
f 653//3 656//32 657//33
f 653//3 657//33 658//34
f 653//3 658//34 659//35
f 653//3 659//35 660//36
f 653//3 660//36 661//60
f 653//3 661//60 662//38
f 653//3 662//38 663//64
f 653//3 663//64 664//40
f 653//3 664//40 665//41
f 653//3 665//41 666//42
f 653//3 666//42 667//43
f 653//3 667//43 668//44
f 653//3 668//44 669//45
f 653//3 669//45 670//46
f 653//3 670//46 671//47
f 653//3 671//47 672//48
f 653//3 672//48 654//30
f 673//3 675//3 674//3
f 676//3 675//3 673//3
f 677//3 675//3 676//3
f 678//3 675//3 677//3
f 679//3 675//3 678//3
f 680//3 675//3 679//3
f 681//3 675//3 680//3
f 682//3 675//3 681//3
f 683//3 675//3 682//3
f 684//3 675//3 683//3
f 685//3 675//3 684//3
f 686//3 675//3 685//3
f 687//3 675//3 686//3
f 688//3 675//3 687//3
f 689//3 675//3 688//3
f 690//3 675//3 689//3
f 691//3 675//3 690//3
f 692//3 675//3 691//3
f 693//3 675//3 692//3
f 674//3 675//3 693//3
f 694//57 695//3 696//30
f 695//3 694//57 697//31
f 695//3 697//31 698//65
f 695//3 698//65 699//66
f 695//3 699//66 700//53
f 695//3 700//53 701//35
f 695//3 701//35 702//36
f 695//3 702//36 703//37
f 695//3 703//37 704//38
f 695//3 704//38 705//39
f 695//3 705//39 706//40
f 695//3 706//40 707//41
f 695//3 707//41 708//42
f 695//3 708//42 709//63
f 695//3 709//63 710//55
f 695//3 710//55 711//45
f 695//3 711//45 712//46
f 695//3 712//46 713//47
f 695//3 713//47 714//48
f 695//3 714//48 696//30
f 715//3 717//3 716//3
f 718//3 717//3 715//3
f 719//3 717//3 718//3
f 720//3 717//3 719//3
f 721//3 717//3 720//3
f 722//3 717//3 721//3
f 723//3 717//3 722//3
f 724//3 717//3 723//3
f 725//3 717//3 724//3
f 726//3 717//3 725//3
f 727//3 717//3 726//3
f 728//3 717//3 727//3
f 729//3 717//3 728//3
f 730//3 717//3 729//3
f 731//3 717//3 730//3
f 732//3 717//3 731//3
f 733//3 717//3 732//3
f 734//3 717//3 733//3
f 735//3 717//3 734//3
f 716//3 717//3 735//3
f 736//57 737//3 738//30
f 737//3 736//57 739//67
f 737//3 739//67 740//32
f 737//3 740//32 741//66
f 737//3 741//66 742//34
f 737//3 742//34 743//59
f 737//3 743//59 744//36
f 737//3 744//36 745//60
f 737//3 745//60 746//38
f 737//3 746//38 747//39
f 737//3 747//39 748//40
f 737//3 748//40 749//41
f 737//3 749//41 750//62
f 737//3 750//62 751//63
f 737//3 751//63 752//55
f 737//3 752//55 753//45
f 737//3 753//45 754//46
f 737//3 754//46 755//47
f 737//3 755//47 756//48
f 737//3 756//48 738//30
f 757//3 759//3 758//3
f 760//3 759//3 757//3
f 761//3 759//3 760//3
f 762//3 759//3 761//3
f 763//3 759//3 762//3
f 764//3 759//3 763//3
f 765//3 759//3 764//3
f 766//3 759//3 765//3
f 767//3 759//3 766//3
f 768//3 759//3 767//3
f 769//3 759//3 768//3
f 770//3 759//3 769//3
f 771//3 759//3 770//3
f 772//3 759//3 771//3
f 773//3 759//3 772//3
f 774//3 759//3 773//3
f 775//3 759//3 774//3
f 776//3 759//3 775//3
f 777//3 759//3 776//3
f 758//3 759//3 777//3
f 778//57 779//3 780//58
f 779//3 778//57 781//31
f 779//3 781//31 782//32
f 779//3 782//32 783//66
f 779//3 783//66 784//34
f 779//3 784//34 785//35
f 779//3 785//35 786//36
f 779//3 786//36 787//60
f 779//3 787//60 788//38
f 779//3 788//38 789//39
f 779//3 789//39 790//40
f 779//3 790//40 791//68
f 779//3 791//68 792//62
f 779//3 792//62 793//63
f 779//3 793//63 794//55
f 779//3 794//55 795//45
f 779//3 795//45 796//69
f 779//3 796//69 797//47
f 779//3 797//47 798//48
f 779//3 798//48 780//58
f 799//3 801//3 800//3
f 802//3 801//3 799//3
f 803//3 801//3 802//3
f 804//3 801//3 803//3
f 805//3 801//3 804//3
f 806//3 801//3 805//3
f 807//3 801//3 806//3
f 808//3 801//3 807//3
f 809//3 801//3 808//3
f 810//3 801//3 809//3
f 811//3 801//3 810//3
f 812//3 801//3 811//3
f 813//3 801//3 812//3
f 814//3 801//3 813//3
f 815//3 801//3 814//3
f 816//3 801//3 815//3
f 817//3 801//3 816//3
f 818//3 801//3 817//3
f 819//3 801//3 818//3
f 800//3 801//3 819//3
f 820//57 821//3 822//58
f 821//3 820//57 823//31
f 821//3 823//31 824//32
f 821//3 824//32 825//33
f 821//3 825//33 826//34
f 821//3 826//34 827//59
f 821//3 827//59 828//70
f 821//3 828//70 829//60
f 821//3 829//60 830//38
f 821//3 830//38 831//39
f 821//3 831//39 832//40
f 821//3 832//40 833//41
f 821//3 833//41 834//71
f 821//3 834//71 835//43
f 821//3 835//43 836//55
f 821//3 836//55 837//45
f 821//3 837//45 838//69
f 821//3 838//69 839//47
f 821//3 839//47 840//48
f 821//3 840//48 822//58
f 841//1 842//1 843//1
f 844//1 841//1 843//1
f 845//1 844//1 843//1
f 846//1 845//1 843//1
f 847//1 846//1 843//1
f 848//1 847//1 843//1
f 849//1 848//1 843//1
f 850//1 849//1 843//1
f 851//1 850//1 843//1
f 852//1 851//1 843//1
f 853//1 852//1 843//1
f 854//1 853//1 843//1
f 855//1 854//1 843//1
f 856//1 855//1 843//1
f 857//1 856//1 843//1
f 858//1 857//1 843//1
f 859//1 858//1 843//1
f 860//1 859//1 843//1
f 861//1 860//1 843//1
f 842//1 861//1 843//1
f 862//2 863//3 864//4
f 863//3 862//2 865//72
f 863//3 865//72 866//6
f 863//3 866//6 867//7
f 863//3 867//7 868//23
f 863//3 868//23 869//9
f 863//3 869//9 870//10
f 863//3 870//10 871//27
f 863//3 871//27 872//12
f 863//3 872//12 873//24
f 863//3 873//24 874//14
f 863//3 874//14 875//15
f 863//3 875//15 876//16
f 863//3 876//16 877//50
f 863//3 877//50 878//18
f 863//3 878//18 879//26
f 863//3 879//26 880//20
f 863//3 880//20 881//21
f 863//3 881//21 882//22
f 863//3 882//22 864//4
f 883//1 884//1 885//1
f 886//1 883//1 885//1
f 887//1 886//1 885//1
f 888//1 887//1 885//1
f 889//1 888//1 885//1
f 890//1 889//1 885//1
f 891//1 890//1 885//1
f 892//1 891//1 885//1
f 893//1 892//1 885//1
f 894//1 893//1 885//1
f 895//1 894//1 885//1
f 896//1 895//1 885//1
f 897//1 896//1 885//1
f 898//1 897//1 885//1
f 899//1 898//1 885//1
f 900//1 899//1 885//1
f 901//1 900//1 885//1
f 902//1 901//1 885//1
f 903//1 902//1 885//1
f 884//1 903//1 885//1
f 904//2 905//3 906//4
f 905//3 904//2 907//5
f 905//3 907//5 908//6
f 905//3 908//6 909//7
f 905//3 909//7 910//8
f 905//3 910//8 911//9
f 905//3 911//9 912//10
f 905//3 912//10 913//27
f 905//3 913//27 914//12
f 905//3 914//12 915//24
f 905//3 915//24 916//14
f 905//3 916//14 917//25
f 905//3 917//25 918//52
f 905//3 918//52 919//50
f 905//3 919//50 920//18
f 905//3 920//18 921//19
f 905//3 921//19 922//20
f 905//3 922//20 923//21
f 905//3 923//21 924//22
f 905//3 924//22 906//4
f 925//1 926//1 927//1
f 928//1 925//1 927//1
f 929//1 928//1 927//1
f 930//1 929//1 927//1
f 931//1 930//1 927//1
f 932//1 931//1 927//1
f 933//1 932//1 927//1
f 934//1 933//1 927//1
f 935//1 934//1 927//1
f 936//1 935//1 927//1
f 937//1 936//1 927//1
f 938//1 937//1 927//1
f 939//1 938//1 927//1
f 940//1 939//1 927//1
f 941//1 940//1 927//1
f 942//1 941//1 927//1
f 943//1 942//1 927//1
f 944//1 943//1 927//1
f 945//1 944//1 927//1
f 926//1 945//1 927//1
f 946//73 947//3 948//4
f 947//3 946//73 949//5
f 947//3 949//5 950//6
f 947//3 950//6 951//74
f 947//3 951//74 952//8
f 947//3 952//8 953//9
f 947//3 953//9 954//10
f 947//3 954//10 955//11
f 947//3 955//11 956//12
f 947//3 956//12 957//24
f 947//3 957//24 958//14
f 947//3 958//14 959//15
f 947//3 959//15 960//52
f 947//3 960//52 961//28
f 947//3 961//28 962//18
f 947//3 962//18 963//19
f 947//3 963//19 964//20
f 947//3 964//20 965//21
f 947//3 965//21 966//22
f 947//3 966//22 948//4
f 967//1 968//1 969//1
f 970//1 967//1 969//1
f 971//1 970//1 969//1
f 972//1 971//1 969//1
f 973//1 972//1 969//1
f 974//1 973//1 969//1
f 975//1 974//1 969//1
f 976//1 975//1 969//1
f 977//1 976//1 969//1
f 978//1 977//1 969//1
f 979//1 978//1 969//1
f 980//1 979//1 969//1
f 981//1 980//1 969//1
f 982//1 981//1 969//1
f 983//1 982//1 969//1
f 984//1 983//1 969//1
f 985//1 984//1 969//1
f 986//1 985//1 969//1
f 987//1 986//1 969//1
f 968//1 987//1 969//1
f 988//2 989//3 990//4
f 989//3 988//2 991//5
f 989//3 991//5 992//6
f 989//3 992//6 993//7
f 989//3 993//7 994//23
f 989//3 994//23 995//9
f 989//3 995//9 996//10
f 989//3 996//10 997//27
f 989//3 997//27 998//12
f 989//3 998//12 999//24
f 989//3 999//24 1000//14
f 989//3 1000//14 1001//15
f 989//3 1001//15 1002//16
f 989//3 1002//16 1003//28
f 989//3 1003//28 1004//18
f 989//3 1004//18 1005//19
f 989//3 1005//19 1006//20
f 989//3 1006//20 1007//21
f 989//3 1007//21 1008//22
f 989//3 1008//22 990//4
f 1009//3 1011//3 1010//3
f 1012//3 1011//3 1009//3
f 1013//3 1011//3 1012//3
f 1014//3 1011//3 1013//3
f 1015//3 1011//3 1014//3
f 1016//3 1011//3 1015//3
f 1017//3 1011//3 1016//3
f 1018//3 1011//3 1017//3
f 1019//3 1011//3 1018//3
f 1020//3 1011//3 1019//3
f 1021//3 1011//3 1020//3
f 1022//3 1011//3 1021//3
f 1023//3 1011//3 1022//3
f 1024//3 1011//3 1023//3
f 1025//3 1011//3 1024//3
f 1026//3 1011//3 1025//3
f 1027//3 1011//3 1026//3
f 1028//3 1011//3 1027//3
f 1029//3 1011//3 1028//3
f 1010//3 1011//3 1029//3
f 1030//57 1031//3 1032//30
f 1031//3 1030//57 1033//31
f 1031//3 1033//31 1034//32
f 1031//3 1034//32 1035//33
f 1031//3 1035//33 1036//53
f 1031//3 1036//53 1037//75
f 1031//3 1037//75 1038//36
f 1031//3 1038//36 1039//37
f 1031//3 1039//37 1040//38
f 1031//3 1040//38 1041//39
f 1031//3 1041//39 1042//40
f 1031//3 1042//40 1043//41
f 1031//3 1043//41 1044//62
f 1031//3 1044//62 1045//43
f 1031//3 1045//43 1046//55
f 1031//3 1046//55 1047//45
f 1031//3 1047//45 1048//46
f 1031//3 1048//46 1049//47
f 1031//3 1049//47 1050//48
f 1031//3 1050//48 1032//30
f 1051//3 1053//3 1052//3
f 1054//3 1053//3 1051//3
f 1055//3 1053//3 1054//3
f 1056//3 1053//3 1055//3
f 1057//3 1053//3 1056//3
f 1058//3 1053//3 1057//3
f 1059//3 1053//3 1058//3
f 1060//3 1053//3 1059//3
f 1061//3 1053//3 1060//3
f 1062//3 1053//3 1061//3
f 1063//3 1053//3 1062//3
f 1064//3 1053//3 1063//3
f 1065//3 1053//3 1064//3
f 1066//3 1053//3 1065//3
f 1067//3 1053//3 1066//3
f 1068//3 1053//3 1067//3
f 1069//3 1053//3 1068//3
f 1070//3 1053//3 1069//3
f 1071//3 1053//3 1070//3
f 1052//3 1053//3 1071//3
f 1072//29 1073//3 1074//30
f 1073//3 1072//29 1075//31
f 1073//3 1075//31 1076//32
f 1073//3 1076//32 1077//33
f 1073//3 1077//33 1078//34
f 1073//3 1078//34 1079//35
f 1073//3 1079//35 1080//76
f 1073//3 1080//76 1081//37
f 1073//3 1081//37 1082//38
f 1073//3 1082//38 1083//39
f 1073//3 1083//39 1084//40
f 1073//3 1084//40 1085//41
f 1073//3 1085//41 1086//62
f 1073//3 1086//62 1087//43
f 1073//3 1087//43 1088//55
f 1073//3 1088//55 1089//45
f 1073//3 1089//45 1090//46
f 1073//3 1090//46 1091//47
f 1073//3 1091//47 1092//48
f 1073//3 1092//48 1074//30
f 1093//3 1095//3 1094//3
f 1096//3 1095//3 1093//3
f 1097//3 1095//3 1096//3
f 1098//3 1095//3 1097//3
f 1099//3 1095//3 1098//3
f 1100//3 1095//3 1099//3
f 1101//3 1095//3 1100//3
f 1102//3 1095//3 1101//3
f 1103//3 1095//3 1102//3
f 1104//3 1095//3 1103//3
f 1105//3 1095//3 1104//3
f 1106//3 1095//3 1105//3
f 1107//3 1095//3 1106//3
f 1108//3 1095//3 1107//3
f 1109//3 1095//3 1108//3
f 1110//3 1095//3 1109//3
f 1111//3 1095//3 1110//3
f 1112//3 1095//3 1111//3
f 1113//3 1095//3 1112//3
f 1094//3 1095//3 1113//3
f 1114//57 1115//3 1116//30
f 1115//3 1114//57 1117//67
f 1115//3 1117//67 1118//32
f 1115//3 1118//32 1119//33
f 1115//3 1119//33 1120//53
f 1115//3 1120//53 1121//35
f 1115//3 1121//35 1122//70
f 1115//3 1122//70 1123//37
f 1115//3 1123//37 1124//38
f 1115//3 1124//38 1125//39
f 1115//3 1125//39 1126//40
f 1115//3 1126//40 1127//41
f 1115//3 1127//41 1128//62
f 1115//3 1128//62 1129//43
f 1115//3 1129//43 1130//55
f 1115//3 1130//55 1131//45
f 1115//3 1131//45 1132//46
f 1115//3 1132//46 1133//47
f 1115//3 1133//47 1134//48
f 1115//3 1134//48 1116//30
f 1135//77 1136//78 1137//79
f 1135//77 1137//79 1138//80
f 1136//78 1139//81 1140//82
f 1136//78 1140//82 1137//79
f 1139//81 1141//83 1142//84
f 1139//81 1142//84 1140//82
f 1141//83 1143//85 1144//86
f 1141//83 1144//86 1142//84
f 1143//85 1145//87 1146//88
f 1143//85 1146//88 1144//86
f 1145//87 1147//89 1148//90
f 1145//87 1148//90 1146//88
f 1147//89 1149//91 1150//92
f 1147//89 1150//92 1148//90
f 1149//91 1151//93 1152//94
f 1149//91 1152//94 1150//92
f 1151//93 1153//95 1154//96
f 1151//93 1154//96 1152//94
f 1153//95 1155//97 1156//98
f 1153//95 1156//98 1154//96
f 1155//97 1157//99 1158//100
f 1155//97 1158//100 1156//98
f 1157//99 1159//101 1160//102
f 1157//99 1160//102 1158//100
f 1159//101 1161//103 1162//104
f 1159//101 1162//104 1160//102
f 1161//103 1163//105 1164//106
f 1161//103 1164//106 1162//104
f 1163//105 1165//107 1166//108
f 1163//105 1166//108 1164//106
f 1165//107 1167//109 1168//110
f 1165//107 1168//110 1166//108
f 1167//109 1169//111 1170//112
f 1167//109 1170//112 1168//110
f 1169//111 1171//113 1172//114
f 1169//111 1172//114 1170//112
f 1171//113 1173//115 1174//116
f 1171//113 1174//116 1172//114
f 1173//115 1175//117 1176//118
f 1173//115 1176//118 1174//116
f 1177//119 22//2 24//4
f 1177//119 24//4 1178//120
f 1179//121 1177//119 1178//120
f 1179//121 1178//120 1180//122
f 1181//123 1182//124 1183//125
f 1181//123 1183//125 1184//126
f 1176//118 1185//127 1186//128
f 1176//118 1186//128 1174//116
f 1185//127 1181//123 1184//126
f 1185//127 1184//126 1186//128
f 22//2 1177//119 1187//129
f 22//2 1187//129 25//5
f 1177//119 1179//121 1188//130
f 1177//119 1188//130 1187//129
f 1189//131 1190//132 1191//133
f 1189//131 1191//133 1192//134
f 1190//132 1193//135 1194//136
f 1190//132 1194//136 1191//133
f 1193//135 1138//80 1137//79
f 1193//135 1137//79 1194//136
f 25//5 1187//129 1195//137
f 25//5 1195//137 26//6
f 1187//129 1188//130 1196//138
f 1187//129 1196//138 1195//137
f 1192//134 1191//133 1197//139
f 1192//134 1197//139 1198//140
f 1191//133 1194//136 1199//141
f 1191//133 1199//141 1197//139
f 1194//136 1137//79 1140//82
f 1194//136 1140//82 1199//141
f 26//6 1195//137 1200//142
f 26//6 1200//142 27//7
f 1195//137 1196//138 1201//143
f 1195//137 1201//143 1200//142
f 1198//140 1197//139 1202//144
f 1198//140 1202//144 1203//145
f 1197//139 1199//141 1204//146
f 1197//139 1204//146 1202//144
f 1199//141 1140//82 1142//84
f 1199//141 1142//84 1204//146
f 27//7 1200//142 1205//147
f 27//7 1205//147 28//8
f 1200//142 1201//143 1206//148
f 1200//142 1206//148 1205//147
f 1203//145 1202//144 1207//149
f 1203//145 1207//149 1208//150
f 1202//144 1204//146 1209//151
f 1202//144 1209//151 1207//149
f 1204//146 1142//84 1144//86
f 1204//146 1144//86 1209//151
f 28//8 1205//147 1210//152
f 28//8 1210//152 29//9
f 1205//147 1206//148 1211//153
f 1205//147 1211//153 1210//152
f 1208//150 1207//149 1212//154
f 1208//150 1212//154 1213//155
f 1207//149 1209//151 1214//156
f 1207//149 1214//156 1212//154
f 1209//151 1144//86 1146//88
f 1209//151 1146//88 1214//156
f 29//9 1210//152 1215//157
f 29//9 1215//157 30//10
f 1210//152 1211//153 1216//158
f 1210//152 1216//158 1215//157
f 1213//155 1212//154 1217//159
f 1213//155 1217//159 1218//160
f 1212//154 1214//156 1219//161
f 1212//154 1219//161 1217//159
f 1214//156 1146//88 1148//90
f 1214//156 1148//90 1219//161
f 30//10 1215//157 1220//162
f 30//10 1220//162 31//11
f 1215//157 1216//158 1221//163
f 1215//157 1221//163 1220//162
f 1218//160 1217//159 1222//164
f 1218//160 1222//164 1223//165
f 1217//159 1219//161 1224//166
f 1217//159 1224//166 1222//164
f 1219//161 1148//90 1150//92
f 1219//161 1150//92 1224//166
f 31//11 1220//162 1225//167
f 31//11 1225//167 32//12
f 1220//162 1221//163 1226//168
f 1220//162 1226//168 1225//167
f 1223//165 1222//164 1227//169
f 1223//165 1227//169 1228//170
f 1222//164 1224//166 1229//171
f 1222//164 1229//171 1227//169
f 1224//166 1150//92 1152//94
f 1224//166 1152//94 1229//171
f 32//12 1225//167 1230//172
f 32//12 1230//172 33//13
f 1225//167 1226//168 1231//173
f 1225//167 1231//173 1230//172
f 1228//170 1227//169 1232//174
f 1228//170 1232//174 1233//175
f 1227//169 1229//171 1234//176
f 1227//169 1234//176 1232//174
f 1229//171 1152//94 1154//96
f 1229//171 1154//96 1234//176
f 33//13 1230//172 1235//177
f 33//13 1235//177 34//14
f 1230//172 1231//173 1236//178
f 1230//172 1236//178 1235//177
f 1233//175 1232//174 1237//179
f 1233//175 1237//179 1238//180
f 1232//174 1234//176 1239//181
f 1232//174 1239//181 1237//179
f 1234//176 1154//96 1156//98
f 1234//176 1156//98 1239//181
f 34//14 1235//177 1240//182
f 34//14 1240//182 35//15
f 1235//177 1236//178 1241//183
f 1235//177 1241//183 1240//182
f 1238//180 1237//179 1242//184
f 1238//180 1242//184 1243//185
f 1237//179 1239//181 1244//186
f 1237//179 1244//186 1242//184
f 1239//181 1156//98 1158//100
f 1239//181 1158//100 1244//186
f 35//15 1240//182 1245//187
f 35//15 1245//187 36//16
f 1240//182 1241//183 1246//188
f 1240//182 1246//188 1245//187
f 1243//185 1242//184 1247//189
f 1243//185 1247//189 1248//190
f 1242//184 1244//186 1249//191
f 1242//184 1249//191 1247//189
f 1244//186 1158//100 1160//102
f 1244//186 1160//102 1249//191
f 36//16 1245//187 1250//192
f 36//16 1250//192 37//17
f 1245//187 1246//188 1251//193
f 1245//187 1251//193 1250//192
f 1248//190 1247//189 1252//194
f 1248//190 1252//194 1253//195
f 1247//189 1249//191 1254//196
f 1247//189 1254//196 1252//194
f 1249//191 1160//102 1162//104
f 1249//191 1162//104 1254//196
f 37//17 1250//192 1255//197
f 37//17 1255//197 38//18
f 1250//192 1251//193 1256//198
f 1250//192 1256//198 1255//197
f 1253//195 1252//194 1257//199
f 1253//195 1257//199 1258//200
f 1252//194 1254//196 1259//201
f 1252//194 1259//201 1257//199
f 1254//196 1162//104 1164//106
f 1254//196 1164//106 1259//201
f 38//18 1255//197 1260//202
f 38//18 1260//202 39//19
f 1255//197 1256//198 1261//203
f 1255//197 1261//203 1260//202
f 1258//200 1257//199 1262//204
f 1258//200 1262//204 1263//205
f 1257//199 1259//201 1264//206
f 1257//199 1264//206 1262//204
f 1259//201 1164//106 1166//108
f 1259//201 1166//108 1264//206
f 39//19 1260//202 1265//207
f 39//19 1265//207 40//20
f 1260//202 1261//203 1266//208
f 1260//202 1266//208 1265//207
f 1263//205 1262//204 1267//209
f 1263//205 1267//209 1268//210
f 1262//204 1264//206 1269//211
f 1262//204 1269//211 1267//209
f 1264//206 1166//108 1168//110
f 1264//206 1168//110 1269//211
f 40//20 1265//207 1270//212
f 40//20 1270//212 41//21
f 1265//207 1266//208 1271//213
f 1265//207 1271//213 1270//212
f 1268//210 1267//209 1272//214
f 1268//210 1272//214 1273//215
f 1267//209 1269//211 1274//216
f 1267//209 1274//216 1272//214
f 1269//211 1168//110 1170//112
f 1269//211 1170//112 1274//216
f 41//21 1270//212 1275//217
f 41//21 1275//217 42//22
f 1270//212 1271//213 1276//218
f 1270//212 1276//218 1275//217
f 1273//215 1272//214 1277//219
f 1273//215 1277//219 1278//220
f 1272//214 1274//216 1279//221
f 1272//214 1279//221 1277//219
f 1274//216 1170//112 1172//114
f 1274//216 1172//114 1279//221
f 42//22 1275//217 1178//120
f 42//22 1178//120 24//4
f 1275//217 1276//218 1180//122
f 1275//217 1180//122 1178//120
f 1278//220 1277//219 1184//126
f 1278//220 1184//126 1183//125
f 1277//219 1279//221 1186//128
f 1277//219 1186//128 1184//126
f 1279//221 1172//114 1174//116
f 1279//221 1174//116 1186//128
f 1280//222 1281//222 1282//223
f 1280//222 1282//223 1283//223
f 1284//224 1285//224 1286//225
f 1284//224 1286//225 1287//225
f 1288//226 1289//226 1290//227
f 1288//226 1290//227 1291//227
f 1292//228 1294//229 1293//228
f 1292//228 1295//230 1294//229
f 1296//231 1297//231 1289//226
f 1296//231 1289//226 1288//226
f 1298//232 1293//228 1299//233
f 1298//232 1292//228 1293//228
f 1284//224 1300//234 1301//234
f 1284//224 1301//234 1285//224
f 1300//234 1302//235 1303//236
f 1300//234 1303//236 1301//234
f 1304//237 1298//232 1299//233
f 1304//237 1305//238 1298//232
f 1296//231 1306//239 1307//239
f 1296//231 1307//239 1297//231
f 1308//240 1309//241 1310//241
f 1308//240 1310//241 1311//240
f 1309//241 1287//225 1286//225
f 1309//241 1286//225 1310//241
f 1294//229 1313//242 1312//243
f 1294//229 1295//230 1313//242
f 1312//244 1314//245 1315//245
f 1312//244 1315//245 1316//244
f 1314//245 1281//222 1280//222
f 1314//245 1280//222 1315//245
f 1282//223 1317//246 1318//246
f 1282//223 1318//246 1283//223
f 1317//246 1319//247 1320//248
f 1317//246 1320//248 1318//246
f 1319//249 1291//227 1290//227
f 1319//249 1290//227 1321//249
f 1322//77 1323//78 1324//79
f 1322//77 1324//79 1325//250
f 1323//78 1326//81 1327//82
f 1323//78 1327//82 1324//79
f 1326//81 1328//83 1329//84
f 1326//81 1329//84 1327//82
f 1328//83 1330//85 1331//86
f 1328//83 1331//86 1329//84
f 1330//85 1332//87 1333//88
f 1330//85 1333//88 1331//86
f 1332//87 1334//89 1335//90
f 1332//87 1335//90 1333//88
f 1334//89 1336//91 1337//92
f 1334//89 1337//92 1335//90
f 1336//91 1338//93 1339//94
f 1336//91 1339//94 1337//92
f 1338//93 1340//95 1341//96
f 1338//93 1341//96 1339//94
f 1340//95 1342//97 1343//98
f 1340//95 1343//98 1341//96
f 1342//97 1344//99 1345//100
f 1342//97 1345//100 1343//98
f 1344//99 1346//101 1347//102
f 1344//99 1347//102 1345//100
f 1346//101 1348//103 1349//104
f 1346//101 1349//104 1347//102
f 1348//103 1350//105 1351//106
f 1348//103 1351//106 1349//104
f 1350//105 1352//107 1353//108
f 1350//105 1353//108 1351//106
f 1352//107 1354//109 1355//251
f 1352//107 1355//251 1353//108
f 1354//109 1356//111 1357//112
f 1354//109 1357//112 1355//251
f 1356//111 1358//113 1359//114
f 1356//111 1359//114 1357//112
f 1358//113 1360//115 1361//116
f 1358//113 1361//116 1359//114
f 1360//115 1362//117 1363//118
f 1360//115 1363//118 1361//116
f 1364//119 64//2 66//4
f 1364//119 66//4 1365//120
f 1366//121 1364//119 1365//120
f 1366//121 1365//120 1367//122
f 1368//252 1369//124 1370//125
f 1368//252 1370//125 1371//253
f 1363//118 1372//127 1373//128
f 1363//118 1373//128 1361//116
f 1372//127 1368//252 1371//253
f 1372//127 1371//253 1373//128
f 64//2 1364//119 1374//129
f 64//2 1374//129 67//5
f 1364//119 1366//121 1375//130
f 1364//119 1375//130 1374//129
f 1376//254 1377//132 1378//133
f 1376//254 1378//133 1379//134
f 1377//132 1380//255 1381//136
f 1377//132 1381//136 1378//133
f 1380//255 1325//250 1324//79
f 1380//255 1324//79 1381//136
f 67//5 1374//129 1382//137
f 67//5 1382//137 68//6
f 1374//129 1375//130 1383//138
f 1374//129 1383//138 1382//137
f 1379//134 1378//133 1384//139
f 1379//134 1384//139 1385//140
f 1378//133 1381//136 1386//256
f 1378//133 1386//256 1384//139
f 1381//136 1324//79 1327//82
f 1381//136 1327//82 1386//256
f 68//6 1382//137 1387//142
f 68//6 1387//142 69//7
f 1382//137 1383//138 1388//143
f 1382//137 1388//143 1387//142
f 1385//140 1384//139 1389//144
f 1385//140 1389//144 1390//145
f 1384//139 1386//256 1391//146
f 1384//139 1391//146 1389//144
f 1386//256 1327//82 1329//84
f 1386//256 1329//84 1391//146
f 69//7 1387//142 1392//147
f 69//7 1392//147 70//23
f 1387//142 1388//143 1393//148
f 1387//142 1393//148 1392//147
f 1390//145 1389//144 1394//149
f 1390//145 1394//149 1395//150
f 1389//144 1391//146 1396//151
f 1389//144 1396//151 1394//149
f 1391//146 1329//84 1331//86
f 1391//146 1331//86 1396//151
f 70//23 1392//147 1397//152
f 70//23 1397//152 71//9
f 1392//147 1393//148 1398//153
f 1392//147 1398//153 1397//152
f 1395//150 1394//149 1399//154
f 1395//150 1399//154 1400//155
f 1394//149 1396//151 1401//257
f 1394//149 1401//257 1399//154
f 1396//151 1331//86 1333//88
f 1396//151 1333//88 1401//257
f 71//9 1397//152 1402//157
f 71//9 1402//157 72//10
f 1397//152 1398//153 1403//158
f 1397//152 1403//158 1402//157
f 1400//155 1399//154 1404//159
f 1400//155 1404//159 1405//160
f 1399//154 1401//257 1406//161
f 1399//154 1406//161 1404//159
f 1401//257 1333//88 1335//90
f 1401//257 1335//90 1406//161
f 72//10 1402//157 1407//162
f 72//10 1407//162 73//11
f 1402//157 1403//158 1408//163
f 1402//157 1408//163 1407//162
f 1405//160 1404//159 1409//164
f 1405//160 1409//164 1410//165
f 1404//159 1406//161 1411//166
f 1404//159 1411//166 1409//164
f 1406//161 1335//90 1337//92
f 1406//161 1337//92 1411//166
f 73//11 1407//162 1412//167
f 73//11 1412//167 74//12
f 1407//162 1408//163 1413//168
f 1407//162 1413//168 1412//167
f 1410//165 1409//164 1414//169
f 1410//165 1414//169 1415//170
f 1409//164 1411//166 1416//171
f 1409//164 1416//171 1414//169
f 1411//166 1337//92 1339//94
f 1411//166 1339//94 1416//171
f 74//12 1412//167 1417//172
f 74//12 1417//172 75//24
f 1412//167 1413//168 1418//173
f 1412//167 1418//173 1417//172
f 1415//170 1414//169 1419//174
f 1415//170 1419//174 1420//175
f 1414//169 1416//171 1421//258
f 1414//169 1421//258 1419//174
f 1416//171 1339//94 1341//96
f 1416//171 1341//96 1421//258
f 75//24 1417//172 1422//259
f 75//24 1422//259 76//14
f 1417//172 1418//173 1423//178
f 1417//172 1423//178 1422//259
f 1420//175 1419//174 1424//260
f 1420//175 1424//260 1425//180
f 1419//174 1421//258 1426//181
f 1419//174 1426//181 1424//260
f 1421//258 1341//96 1343//98
f 1421//258 1343//98 1426//181
f 76//14 1422//259 1427//182
f 76//14 1427//182 77//25
f 1422//259 1423//178 1428//183
f 1422//259 1428//183 1427//182
f 1425//180 1424//260 1429//184
f 1425//180 1429//184 1430//185
f 1424//260 1426//181 1431//186
f 1424//260 1431//186 1429//184
f 1426//181 1343//98 1345//100
f 1426//181 1345//100 1431//186
f 77//25 1427//182 1432//187
f 77//25 1432//187 78//16
f 1427//182 1428//183 1433//188
f 1427//182 1433//188 1432//187
f 1430//185 1429//184 1434//261
f 1430//185 1434//261 1435//190
f 1429//184 1431//186 1436//191
f 1429//184 1436//191 1434//261
f 1431//186 1345//100 1347//102
f 1431//186 1347//102 1436//191
f 78//16 1432//187 1437//192
f 78//16 1437//192 79//17
f 1432//187 1433//188 1438//262
f 1432//187 1438//262 1437//192
f 1435//190 1434//261 1439//263
f 1435//190 1439//263 1440//195
f 1434//261 1436//191 1441//196
f 1434//261 1441//196 1439//263
f 1436//191 1347//102 1349//104
f 1436//191 1349//104 1441//196
f 79//17 1437//192 1442//197
f 79//17 1442//197 80//18
f 1437//192 1438//262 1443//198
f 1437//192 1443//198 1442//197
f 1440//195 1439//263 1444//264
f 1440//195 1444//264 1445//200
f 1439//263 1441//196 1446//265
f 1439//263 1446//265 1444//264
f 1441//196 1349//104 1351//106
f 1441//196 1351//106 1446//265
f 80//18 1442//197 1447//202
f 80//18 1447//202 81//26
f 1442//197 1443//198 1448//266
f 1442//197 1448//266 1447//202
f 1445//200 1444//264 1449//204
f 1445//200 1449//204 1450//205
f 1444//264 1446//265 1451//267
f 1444//264 1451//267 1449//204
f 1446//265 1351//106 1353//108
f 1446//265 1353//108 1451//267
f 81//26 1447//202 1452//207
f 81//26 1452//207 82//20
f 1447//202 1448//266 1453//208
f 1447//202 1453//208 1452//207
f 1450//205 1449//204 1454//209
f 1450//205 1454//209 1455//210
f 1449//204 1451//267 1456//211
f 1449//204 1456//211 1454//209
f 1451//267 1353//108 1355//251
f 1451//267 1355//251 1456//211
f 82//20 1452//207 1457//212
f 82//20 1457//212 83//21
f 1452//207 1453//208 1458//213
f 1452//207 1458//213 1457//212
f 1455//210 1454//209 1459//268
f 1455//210 1459//268 1460//215
f 1454//209 1456//211 1461//216
f 1454//209 1461//216 1459//268
f 1456//211 1355//251 1357//112
f 1456//211 1357//112 1461//216
f 83//21 1457//212 1462//217
f 83//21 1462//217 84//22
f 1457//212 1458//213 1463//218
f 1457//212 1463//218 1462//217
f 1460//215 1459//268 1464//269
f 1460//215 1464//269 1465//220
f 1459//268 1461//216 1466//221
f 1459//268 1466//221 1464//269
f 1461//216 1357//112 1359//114
f 1461//216 1359//114 1466//221
f 84//22 1462//217 1365//120
f 84//22 1365//120 66//4
f 1462//217 1463//218 1367//122
f 1462//217 1367//122 1365//120
f 1465//220 1464//269 1371//253
f 1465//220 1371//253 1370//125
f 1464//269 1466//221 1373//128
f 1464//269 1373//128 1371//253
f 1466//221 1359//114 1361//116
f 1466//221 1361//116 1373//128
f 1467//222 1468//222 1469//223
f 1467//222 1469//223 1470//223
f 1471//224 1472//224 1473//225
f 1471//224 1473//225 1474//225
f 1475//226 1476//226 1477//227
f 1475//226 1477//227 1478//227
f 1479//228 1481//229 1480//228
f 1479//228 1482//230 1481//229
f 1483//231 1484//231 1476//226
f 1483//231 1476//226 1475//226
f 1485//232 1480//228 1486//233
f 1485//232 1479//228 1480//228
f 1471//224 1487//234 1488//234
f 1471//224 1488//234 1472//224
f 1487//234 1489//235 1490//236
f 1487//234 1490//236 1488//234
f 1491//237 1485//232 1486//233
f 1491//237 1492//238 1485//232
f 1483//231 1493//239 1494//239
f 1483//231 1494//239 1484//231
f 1495//270 1496//241 1497//241
f 1495//270 1497//241 1498//240
f 1496//241 1474//225 1473//225
f 1496//241 1473//225 1497//241
f 1481//229 1500//242 1499//243
f 1481//229 1482//230 1500//242
f 1499//244 1501//245 1502//245
f 1499//244 1502//245 1503//244
f 1501//245 1468//222 1467//222
f 1501//245 1467//222 1502//245
f 1469//223 1504//246 1505//246
f 1469//223 1505//246 1470//223
f 1504//246 1506//247 1507//247
f 1504//246 1507//247 1505//246
f 1506//271 1478//227 1477//227
f 1506//271 1477//227 1508//249
f 1509//77 1510//78 1511//79
f 1509//77 1511//79 1512//80
f 1510//78 1513//81 1514//82
f 1510//78 1514//82 1511//79
f 1513//81 1515//83 1516//84
f 1513//81 1516//84 1514//82
f 1515//83 1517//85 1518//86
f 1515//83 1518//86 1516//84
f 1517//85 1519//87 1520//88
f 1517//85 1520//88 1518//86
f 1519//87 1521//89 1522//90
f 1519//87 1522//90 1520//88
f 1521//89 1523//91 1524//92
f 1521//89 1524//92 1522//90
f 1523//91 1525//93 1526//94
f 1523//91 1526//94 1524//92
f 1525//93 1527//95 1528//96
f 1525//93 1528//96 1526//94
f 1527//95 1529//97 1530//98
f 1527//95 1530//98 1528//96
f 1529//97 1531//99 1532//272
f 1529//97 1532//272 1530//98
f 1531//99 1533//101 1534//102
f 1531//99 1534//102 1532//272
f 1533//101 1535//103 1536//104
f 1533//101 1536//104 1534//102
f 1535//103 1537//105 1538//106
f 1535//103 1538//106 1536//104
f 1537//105 1539//107 1540//108
f 1537//105 1540//108 1538//106
f 1539//107 1541//109 1542//110
f 1539//107 1542//110 1540//108
f 1541//109 1543//111 1544//273
f 1541//109 1544//273 1542//110
f 1543//111 1545//113 1546//114
f 1543//111 1546//114 1544//273
f 1545//113 1547//115 1548//116
f 1545//113 1548//116 1546//114
f 1547//115 1549//117 1550//118
f 1547//115 1550//118 1548//116
f 1551//119 106//2 108//4
f 1551//119 108//4 1552//120
f 1553//121 1551//119 1552//120
f 1553//121 1552//120 1554//274
f 1555//252 1556//124 1557//125
f 1555//252 1557//125 1558//126
f 1550//118 1559//127 1560//275
f 1550//118 1560//275 1548//116
f 1559//127 1555//252 1558//126
f 1559//127 1558//126 1560//275
f 106//2 1551//119 1561//129
f 106//2 1561//129 109//5
f 1551//119 1553//121 1562//130
f 1551//119 1562//130 1561//129
f 1563//131 1564//132 1565//133
f 1563//131 1565//133 1566//134
f 1564//132 1567//255 1568//276
f 1564//132 1568//276 1565//133
f 1567//255 1512//80 1511//79
f 1567//255 1511//79 1568//276
f 109//5 1561//129 1569//137
f 109//5 1569//137 110//6
f 1561//129 1562//130 1570//138
f 1561//129 1570//138 1569//137
f 1566//134 1565//133 1571//139
f 1566//134 1571//139 1572//140
f 1565//133 1568//276 1573//256
f 1565//133 1573//256 1571//139
f 1568//276 1511//79 1514//82
f 1568//276 1514//82 1573//256
f 110//6 1569//137 1574//142
f 110//6 1574//142 111//7
f 1569//137 1570//138 1575//143
f 1569//137 1575//143 1574//142
f 1572//140 1571//139 1576//144
f 1572//140 1576//144 1577//145
f 1571//139 1573//256 1578//146
f 1571//139 1578//146 1576//144
f 1573//256 1514//82 1516//84
f 1573//256 1516//84 1578//146
f 111//7 1574//142 1579//147
f 111//7 1579//147 112//23
f 1574//142 1575//143 1580//148
f 1574//142 1580//148 1579//147
f 1577//145 1576//144 1581//149
f 1577//145 1581//149 1582//150
f 1576//144 1578//146 1583//151
f 1576//144 1583//151 1581//149
f 1578//146 1516//84 1518//86
f 1578//146 1518//86 1583//151
f 112//23 1579//147 1584//152
f 112//23 1584//152 113//9
f 1579//147 1580//148 1585//153
f 1579//147 1585//153 1584//152
f 1582//150 1581//149 1586//154
f 1582//150 1586//154 1587//155
f 1581//149 1583//151 1588//257
f 1581//149 1588//257 1586//154
f 1583//151 1518//86 1520//88
f 1583//151 1520//88 1588//257
f 113//9 1584//152 1589//157
f 113//9 1589//157 114//10
f 1584//152 1585//153 1590//158
f 1584//152 1590//158 1589//157
f 1587//155 1586//154 1591//159
f 1587//155 1591//159 1592//160
f 1586//154 1588//257 1593//161
f 1586//154 1593//161 1591//159
f 1588//257 1520//88 1522//90
f 1588//257 1522//90 1593//161
f 114//10 1589//157 1594//162
f 114//10 1594//162 115//27
f 1589//157 1590//158 1595//163
f 1589//157 1595//163 1594//162
f 1592//160 1591//159 1596//164
f 1592//160 1596//164 1597//165
f 1591//159 1593//161 1598//277
f 1591//159 1598//277 1596//164
f 1593//161 1522//90 1524//92
f 1593//161 1524//92 1598//277
f 115//27 1594//162 1599//167
f 115//27 1599//167 116//12
f 1594//162 1595//163 1600//168
f 1594//162 1600//168 1599//167
f 1597//165 1596//164 1601//169
f 1597//165 1601//169 1602//170
f 1596//164 1598//277 1603//171
f 1596//164 1603//171 1601//169
f 1598//277 1524//92 1526//94
f 1598//277 1526//94 1603//171
f 116//12 1599//167 1604//172
f 116//12 1604//172 117//24
f 1599//167 1600//168 1605//173
f 1599//167 1605//173 1604//172
f 1602//170 1601//169 1606//174
f 1602//170 1606//174 1607//175
f 1601//169 1603//171 1608//258
f 1601//169 1608//258 1606//174
f 1603//171 1526//94 1528//96
f 1603//171 1528//96 1608//258
f 117//24 1604//172 1609//177
f 117//24 1609//177 118//14
f 1604//172 1605//173 1610//178
f 1604//172 1610//178 1609//177
f 1607//175 1606//174 1611//179
f 1607//175 1611//179 1612//180
f 1606//174 1608//258 1613//278
f 1606//174 1613//278 1611//179
f 1608//258 1528//96 1530//98
f 1608//258 1530//98 1613//278
f 118//14 1609//177 1614//182
f 118//14 1614//182 119//15
f 1609//177 1610//178 1615//279
f 1609//177 1615//279 1614//182
f 1612//180 1611//179 1616//280
f 1612//180 1616//280 1617//185
f 1611//179 1613//278 1618//186
f 1611//179 1618//186 1616//280
f 1613//278 1530//98 1532//272
f 1613//278 1532//272 1618//186
f 119//15 1614//182 1619//187
f 119//15 1619//187 120//16
f 1614//182 1615//279 1620//188
f 1614//182 1620//188 1619//187
f 1617//185 1616//280 1621//261
f 1617//185 1621//261 1622//190
f 1616//280 1618//186 1623//191
f 1616//280 1623//191 1621//261
f 1618//186 1532//272 1534//102
f 1618//186 1534//102 1623//191
f 120//16 1619//187 1624//192
f 120//16 1624//192 121//28
f 1619//187 1620//188 1625//262
f 1619//187 1625//262 1624//192
f 1622//190 1621//261 1626//194
f 1622//190 1626//194 1627//195
f 1621//261 1623//191 1628//196
f 1621//261 1628//196 1626//194
f 1623//191 1534//102 1536//104
f 1623//191 1536//104 1628//196
f 121//28 1624//192 1629//197
f 121//28 1629//197 122//18
f 1624//192 1625//262 1630//198
f 1624//192 1630//198 1629//197
f 1627//195 1626//194 1631//199
f 1627//195 1631//199 1632//200
f 1626//194 1628//196 1633//281
f 1626//194 1633//281 1631//199
f 1628//196 1536//104 1538//106
f 1628//196 1538//106 1633//281
f 122//18 1629//197 1634//202
f 122//18 1634//202 123//19
f 1629//197 1630//198 1635//203
f 1629//197 1635//203 1634//202
f 1632//200 1631//199 1636//204
f 1632//200 1636//204 1637//205
f 1631//199 1633//281 1638//206
f 1631//199 1638//206 1636//204
f 1633//281 1538//106 1540//108
f 1633//281 1540//108 1638//206
f 123//19 1634//202 1639//207
f 123//19 1639//207 124//20
f 1634//202 1635//203 1640//208
f 1634//202 1640//208 1639//207
f 1637//205 1636//204 1641//209
f 1637//205 1641//209 1642//210
f 1636//204 1638//206 1643//282
f 1636//204 1643//282 1641//209
f 1638//206 1540//108 1542//110
f 1638//206 1542//110 1643//282
f 124//20 1639//207 1644//212
f 124//20 1644//212 125//21
f 1639//207 1640//208 1645//213
f 1639//207 1645//213 1644//212
f 1642//210 1641//209 1646//214
f 1642//210 1646//214 1647//215
f 1641//209 1643//282 1648//216
f 1641//209 1648//216 1646//214
f 1643//282 1542//110 1544//273
f 1643//282 1544//273 1648//216
f 125//21 1644//212 1649//217
f 125//21 1649//217 126//22
f 1644//212 1645//213 1650//218
f 1644//212 1650//218 1649//217
f 1647//215 1646//214 1651//219
f 1647//215 1651//219 1652//220
f 1646//214 1648//216 1653//283
f 1646//214 1653//283 1651//219
f 1648//216 1544//273 1546//114
f 1648//216 1546//114 1653//283
f 126//22 1649//217 1552//120
f 126//22 1552//120 108//4
f 1649//217 1650//218 1554//274
f 1649//217 1554//274 1552//120
f 1652//220 1651//219 1558//126
f 1652//220 1558//126 1557//125
f 1651//219 1653//283 1560//275
f 1651//219 1560//275 1558//126
f 1653//283 1546//114 1548//116
f 1653//283 1548//116 1560//275
f 1654//222 1655//222 1656//223
f 1654//222 1656//223 1657//223
f 1658//224 1659//224 1660//225
f 1658//224 1660//225 1661//225
f 1662//284 1664//285 1663//284
f 1662//284 1665//286 1664//285
f 1666//287 1667//287 1668//288
f 1666//287 1668//288 1669//288
f 1670//289 1663//284 1671//290
f 1670//289 1662//284 1663//284
f 1672//291 1673//291 1667//287
f 1672//291 1667//287 1666//287
f 1658//224 1674//234 1675//234
f 1658//224 1675//234 1659//224
f 1674//234 1676//235 1677//235
f 1674//234 1677//235 1675//234
f 1678//292 1673//291 1672//291
f 1678//292 1672//291 1679//292
f 1670//289 1681//293 1680//294
f 1670//289 1671//290 1681//293
f 1682//295 1683//241 1684//241
f 1682//295 1684//241 1685//296
f 1683//241 1661//225 1660//225
f 1683//241 1660//225 1684//241
f 1668//288 1686//297 1687//298
f 1668//288 1687//298 1669//288
f 1686//244 1688//245 1689//245
f 1686//244 1689//245 1690//244
f 1688//245 1655//222 1654//222
f 1688//245 1654//222 1689//245
f 1656//223 1691//246 1692//246
f 1656//223 1692//246 1657//223
f 1691//246 1693//247 1694//248
f 1691//246 1694//248 1692//246
f 1693//299 1664//285 1665//286
f 1693//299 1695//300 1664//285
f 1696//77 1697//78 1698//301
f 1696//77 1698//301 1699//302
f 1697//78 1700//81 1701//303
f 1697//78 1701//303 1698//301
f 1700//81 1702//83 1703//304
f 1700//81 1703//304 1701//303
f 1702//83 1704//85 1705//305
f 1702//83 1705//305 1703//304
f 1704//85 1706//87 1707//306
f 1704//85 1707//306 1705//305
f 1706//87 1708//89 1709//307
f 1706//87 1709//307 1707//306
f 1708//89 1710//91 1711//308
f 1708//89 1711//308 1709//307
f 1710//91 1712//93 1713//309
f 1710//91 1713//309 1711//308
f 1712//93 1714//95 1715//310
f 1712//93 1715//310 1713//309
f 1714//95 1716//97 1717//311
f 1714//95 1717//311 1715//310
f 1716//97 1718//99 1719//312
f 1716//97 1719//312 1717//311
f 1718//99 1720//101 1721//313
f 1718//99 1721//313 1719//312
f 1720//101 1722//103 1723//314
f 1720//101 1723//314 1721//313
f 1722//103 1724//105 1725//315
f 1722//103 1725//315 1723//314
f 1724//105 1726//107 1727//316
f 1724//105 1727//316 1725//315
f 1726//107 1728//109 1729//317
f 1726//107 1729//317 1727//316
f 1728//109 1730//111 1731//318
f 1728//109 1731//318 1729//317
f 1730//111 1732//113 1733//319
f 1730//111 1733//319 1731//318
f 1732//113 1734//115 1735//320
f 1732//113 1735//320 1733//319
f 1734//115 1736//117 1737//321
f 1734//115 1737//321 1735//320
f 1738//322 148//29 150//30
f 1738//322 150//30 1739//323
f 1740//324 1738//322 1739//323
f 1740//324 1739//323 1741//325
f 1742//326 1743//327 1744//328
f 1742//326 1744//328 1745//329
f 1737//321 1746//330 1747//331
f 1737//321 1747//331 1735//320
f 1746//330 1742//326 1745//329
f 1746//330 1745//329 1747//331
f 148//29 1738//322 1748//332
f 148//29 1748//332 151//31
f 1738//322 1740//324 1749//333
f 1738//322 1749//333 1748//332
f 1750//334 1751//335 1752//336
f 1750//334 1752//336 1753//337
f 1751//335 1754//338 1755//339
f 1751//335 1755//339 1752//336
f 1754//338 1699//302 1698//301
f 1754//338 1698//301 1755//339
f 151//31 1748//332 1756//340
f 151//31 1756//340 152//32
f 1748//332 1749//333 1757//341
f 1748//332 1757//341 1756//340
f 1753//337 1752//336 1758//342
f 1753//337 1758//342 1759//343
f 1752//336 1755//339 1760//344
f 1752//336 1760//344 1758//342
f 1755//339 1698//301 1701//303
f 1755//339 1701//303 1760//344
f 152//32 1756//340 1761//345
f 152//32 1761//345 153//33
f 1756//340 1757//341 1762//346
f 1756//340 1762//346 1761//345
f 1759//343 1758//342 1763//347
f 1759//343 1763//347 1764//348
f 1758//342 1760//344 1765//349
f 1758//342 1765//349 1763//347
f 1760//344 1701//303 1703//304
f 1760//344 1703//304 1765//349
f 153//33 1761//345 1766//350
f 153//33 1766//350 154//34
f 1761//345 1762//346 1767//351
f 1761//345 1767//351 1766//350
f 1764//348 1763//347 1768//352
f 1764//348 1768//352 1769//353
f 1763//347 1765//349 1770//354
f 1763//347 1770//354 1768//352
f 1765//349 1703//304 1705//305
f 1765//349 1705//305 1770//354
f 154//34 1766//350 1771//355
f 154//34 1771//355 155//35
f 1766//350 1767//351 1772//356
f 1766//350 1772//356 1771//355
f 1769//353 1768//352 1773//357
f 1769//353 1773//357 1774//358
f 1768//352 1770//354 1775//359
f 1768//352 1775//359 1773//357
f 1770//354 1705//305 1707//306
f 1770//354 1707//306 1775//359
f 155//35 1771//355 1776//360
f 155//35 1776//360 156//36
f 1771//355 1772//356 1777//361
f 1771//355 1777//361 1776//360
f 1774//358 1773//357 1778//362
f 1774//358 1778//362 1779//363
f 1773//357 1775//359 1780//364
f 1773//357 1780//364 1778//362
f 1775//359 1707//306 1709//307
f 1775//359 1709//307 1780//364
f 156//36 1776//360 1781//365
f 156//36 1781//365 157//37
f 1776//360 1777//361 1782//366
f 1776//360 1782//366 1781//365
f 1779//363 1778//362 1783//367
f 1779//363 1783//367 1784//368
f 1778//362 1780//364 1785//369
f 1778//362 1785//369 1783//367
f 1780//364 1709//307 1711//308
f 1780//364 1711//308 1785//369
f 157//37 1781//365 1786//370
f 157//37 1786//370 158//38
f 1781//365 1782//366 1787//371
f 1781//365 1787//371 1786//370
f 1784//368 1783//367 1788//372
f 1784//368 1788//372 1789//373
f 1783//367 1785//369 1790//374
f 1783//367 1790//374 1788//372
f 1785//369 1711//308 1713//309
f 1785//369 1713//309 1790//374
f 158//38 1786//370 1791//375
f 158//38 1791//375 159//39
f 1786//370 1787//371 1792//376
f 1786//370 1792//376 1791//375
f 1789//373 1788//372 1793//377
f 1789//373 1793//377 1794//378
f 1788//372 1790//374 1795//379
f 1788//372 1795//379 1793//377
f 1790//374 1713//309 1715//310
f 1790//374 1715//310 1795//379
f 159//39 1791//375 1796//380
f 159//39 1796//380 160//40
f 1791//375 1792//376 1797//381
f 1791//375 1797//381 1796//380
f 1794//378 1793//377 1798//382
f 1794//378 1798//382 1799//383
f 1793//377 1795//379 1800//384
f 1793//377 1800//384 1798//382
f 1795//379 1715//310 1717//311
f 1795//379 1717//311 1800//384
f 160//40 1796//380 1801//385
f 160//40 1801//385 161//41
f 1796//380 1797//381 1802//386
f 1796//380 1802//386 1801//385
f 1799//383 1798//382 1803//387
f 1799//383 1803//387 1804//388
f 1798//382 1800//384 1805//389
f 1798//382 1805//389 1803//387
f 1800//384 1717//311 1719//312
f 1800//384 1719//312 1805//389
f 161//41 1801//385 1806//390
f 161//41 1806//390 162//42
f 1801//385 1802//386 1807//391
f 1801//385 1807//391 1806//390
f 1804//388 1803//387 1808//392
f 1804//388 1808//392 1809//393
f 1803//387 1805//389 1810//394
f 1803//387 1810//394 1808//392
f 1805//389 1719//312 1721//313
f 1805//389 1721//313 1810//394
f 162//42 1806//390 1811//395
f 162//42 1811//395 163//43
f 1806//390 1807//391 1812//396
f 1806//390 1812//396 1811//395
f 1809//393 1808//392 1813//397
f 1809//393 1813//397 1814//398
f 1808//392 1810//394 1815//399
f 1808//392 1815//399 1813//397
f 1810//394 1721//313 1723//314
f 1810//394 1723//314 1815//399
f 163//43 1811//395 1816//400
f 163//43 1816//400 164//44
f 1811//395 1812//396 1817//401
f 1811//395 1817//401 1816//400
f 1814//398 1813//397 1818//402
f 1814//398 1818//402 1819//403
f 1813//397 1815//399 1820//404
f 1813//397 1820//404 1818//402
f 1815//399 1723//314 1725//315
f 1815//399 1725//315 1820//404
f 164//44 1816//400 1821//405
f 164//44 1821//405 165//45
f 1816//400 1817//401 1822//406
f 1816//400 1822//406 1821//405
f 1819//403 1818//402 1823//407
f 1819//403 1823//407 1824//408
f 1818//402 1820//404 1825//409
f 1818//402 1825//409 1823//407
f 1820//404 1725//315 1727//316
f 1820//404 1727//316 1825//409
f 165//45 1821//405 1826//410
f 165//45 1826//410 166//46
f 1821//405 1822//406 1827//411
f 1821//405 1827//411 1826//410
f 1824//408 1823//407 1828//412
f 1824//408 1828//412 1829//413
f 1823//407 1825//409 1830//414
f 1823//407 1830//414 1828//412
f 1825//409 1727//316 1729//317
f 1825//409 1729//317 1830//414
f 166//46 1826//410 1831//415
f 166//46 1831//415 167//47
f 1826//410 1827//411 1832//416
f 1826//410 1832//416 1831//415
f 1829//413 1828//412 1833//417
f 1829//413 1833//417 1834//418
f 1828//412 1830//414 1835//419
f 1828//412 1835//419 1833//417
f 1830//414 1729//317 1731//318
f 1830//414 1731//318 1835//419
f 167//47 1831//415 1836//420
f 167//47 1836//420 168//48
f 1831//415 1832//416 1837//421
f 1831//415 1837//421 1836//420
f 1834//418 1833//417 1838//422
f 1834//418 1838//422 1839//423
f 1833//417 1835//419 1840//424
f 1833//417 1840//424 1838//422
f 1835//419 1731//318 1733//319
f 1835//419 1733//319 1840//424
f 168//48 1836//420 1739//323
f 168//48 1739//323 150//30
f 1836//420 1837//421 1741//325
f 1836//420 1741//325 1739//323
f 1839//423 1838//422 1745//329
f 1839//423 1745//329 1744//328
f 1838//422 1840//424 1747//331
f 1838//422 1747//331 1745//329
f 1840//424 1733//319 1735//320
f 1840//424 1735//320 1747//331
f 1841//222 1842//222 1843//223
f 1841//222 1843//223 1844//223
f 1845//224 1846//224 1847//225
f 1845//224 1847//225 1848//225
f 1849//284 1851//285 1850//284
f 1849//284 1852//286 1851//285
f 1853//287 1854//425 1855//288
f 1853//287 1855//288 1856//288
f 1857//289 1850//284 1858//290
f 1857//289 1849//284 1850//284
f 1859//291 1860//291 1854//425
f 1859//291 1854//425 1853//287
f 1845//224 1861//234 1862//234
f 1845//224 1862//234 1846//224
f 1861//234 1863//235 1864//236
f 1861//234 1864//236 1862//234
f 1865//292 1860//291 1859//291
f 1865//292 1859//291 1866//292
f 1857//289 1868//293 1867//294
f 1857//289 1858//290 1868//293
f 1869//270 1870//241 1871//241
f 1869//270 1871//241 1872//240
f 1870//241 1848//225 1847//225
f 1870//241 1847//225 1871//241
f 1855//288 1873//297 1874//297
f 1855//288 1874//297 1856//288
f 1873//244 1875//245 1876//245
f 1873//244 1876//245 1877//244
f 1875//245 1842//222 1841//222
f 1875//245 1841//222 1876//245
f 1843//223 1878//246 1879//246
f 1843//223 1879//246 1844//223
f 1878//246 1880//247 1881//247
f 1878//246 1881//247 1879//246
f 1880//299 1851//285 1852//286
f 1880//299 1882//300 1851//285
f 1883//77 1884//78 1885//79
f 1883//77 1885//79 1886//250
f 1884//78 1887//81 1888//82
f 1884//78 1888//82 1885//79
f 1887//81 1889//83 1890//84
f 1887//81 1890//84 1888//82
f 1889//83 1891//85 1892//86
f 1889//83 1892//86 1890//84
f 1891//85 1893//87 1894//88
f 1891//85 1894//88 1892//86
f 1893//87 1895//89 1896//90
f 1893//87 1896//90 1894//88
f 1895//89 1897//91 1898//92
f 1895//89 1898//92 1896//90
f 1897//91 1899//93 1900//94
f 1897//91 1900//94 1898//92
f 1899//93 1901//95 1902//96
f 1899//93 1902//96 1900//94
f 1901//95 1903//97 1904//98
f 1901//95 1904//98 1902//96
f 1903//97 1905//99 1906//100
f 1903//97 1906//100 1904//98
f 1905//99 1907//101 1908//102
f 1905//99 1908//102 1906//100
f 1907//101 1909//103 1910//104
f 1907//101 1910//104 1908//102
f 1909//103 1911//105 1912//106
f 1909//103 1912//106 1910//104
f 1911//105 1913//107 1914//108
f 1911//105 1914//108 1912//106
f 1913//107 1915//109 1916//110
f 1913//107 1916//110 1914//108
f 1915//109 1917//111 1918//112
f 1915//109 1918//112 1916//110
f 1917//111 1919//113 1920//114
f 1917//111 1920//114 1918//112
f 1919//113 1921//115 1922//116
f 1919//113 1922//116 1920//114
f 1921//115 1923//117 1924//118
f 1921//115 1924//118 1922//116
f 1925//119 190//2 192//4
f 1925//119 192//4 1926//120
f 1927//121 1925//119 1926//120
f 1927//121 1926//120 1928//122
f 1929//252 1930//124 1931//125
f 1929//252 1931//125 1932//126
f 1924//118 1933//127 1934//128
f 1924//118 1934//128 1922//116
f 1933//127 1929//252 1932//126
f 1933//127 1932//126 1934//128
f 190//2 1925//119 1935//129
f 190//2 1935//129 193//5
f 1925//119 1927//121 1936//130
f 1925//119 1936//130 1935//129
f 1937//131 1938//132 1939//133
f 1937//131 1939//133 1940//134
f 1938//132 1941//135 1942//136
f 1938//132 1942//136 1939//133
f 1941//135 1886//250 1885//79
f 1941//135 1885//79 1942//136
f 193//5 1935//129 1943//137
f 193//5 1943//137 194//6
f 1935//129 1936//130 1944//138
f 1935//129 1944//138 1943//137
f 1940//134 1939//133 1945//426
f 1940//134 1945//426 1946//140
f 1939//133 1942//136 1947//256
f 1939//133 1947//256 1945//426
f 1942//136 1885//79 1888//82
f 1942//136 1888//82 1947//256
f 194//6 1943//137 1948//142
f 194//6 1948//142 195//7
f 1943//137 1944//138 1949//143
f 1943//137 1949//143 1948//142
f 1946//140 1945//426 1950//144
f 1946//140 1950//144 1951//145
f 1945//426 1947//256 1952//146
f 1945//426 1952//146 1950//144
f 1947//256 1888//82 1890//84
f 1947//256 1890//84 1952//146
f 195//7 1948//142 1953//147
f 195//7 1953//147 196//8
f 1948//142 1949//143 1954//148
f 1948//142 1954//148 1953//147
f 1951//145 1950//144 1955//149
f 1951//145 1955//149 1956//150
f 1950//144 1952//146 1957//151
f 1950//144 1957//151 1955//149
f 1952//146 1890//84 1892//86
f 1952//146 1892//86 1957//151
f 196//8 1953//147 1958//152
f 196//8 1958//152 197//9
f 1953//147 1954//148 1959//153
f 1953//147 1959//153 1958//152
f 1956//150 1955//149 1960//154
f 1956//150 1960//154 1961//155
f 1955//149 1957//151 1962//257
f 1955//149 1962//257 1960//154
f 1957//151 1892//86 1894//88
f 1957//151 1894//88 1962//257
f 197//9 1958//152 1963//157
f 197//9 1963//157 198//10
f 1958//152 1959//153 1964//158
f 1958//152 1964//158 1963//157
f 1961//155 1960//154 1965//159
f 1961//155 1965//159 1966//160
f 1960//154 1962//257 1967//161
f 1960//154 1967//161 1965//159
f 1962//257 1894//88 1896//90
f 1962//257 1896//90 1967//161
f 198//10 1963//157 1968//162
f 198//10 1968//162 199//27
f 1963//157 1964//158 1969//163
f 1963//157 1969//163 1968//162
f 1966//160 1965//159 1970//164
f 1966//160 1970//164 1971//427
f 1965//159 1967//161 1972//277
f 1965//159 1972//277 1970//164
f 1967//161 1896//90 1898//92
f 1967//161 1898//92 1972//277
f 199//27 1968//162 1973//167
f 199//27 1973//167 200//12
f 1968//162 1969//163 1974//168
f 1968//162 1974//168 1973//167
f 1971//427 1970//164 1975//169
f 1971//427 1975//169 1976//170
f 1970//164 1972//277 1977//171
f 1970//164 1977//171 1975//169
f 1972//277 1898//92 1900//94
f 1972//277 1900//94 1977//171
f 200//12 1973//167 1978//172
f 200//12 1978//172 201//24
f 1973//167 1974//168 1979//173
f 1973//167 1979//173 1978//172
f 1976//170 1975//169 1980//428
f 1976//170 1980//428 1981//175
f 1975//169 1977//171 1982//258
f 1975//169 1982//258 1980//428
f 1977//171 1900//94 1902//96
f 1977//171 1902//96 1982//258
f 201//24 1978//172 1983//177
f 201//24 1983//177 202//14
f 1978//172 1979//173 1984//178
f 1978//172 1984//178 1983//177
f 1981//175 1980//428 1985//179
f 1981//175 1985//179 1986//180
f 1980//428 1982//258 1987//278
f 1980//428 1987//278 1985//179
f 1982//258 1902//96 1904//98
f 1982//258 1904//98 1987//278
f 202//14 1983//177 1988//182
f 202//14 1988//182 203//15
f 1983//177 1984//178 1989//183
f 1983//177 1989//183 1988//182
f 1986//180 1985//179 1990//280
f 1986//180 1990//280 1991//185
f 1985//179 1987//278 1992//186
f 1985//179 1992//186 1990//280
f 1987//278 1904//98 1906//100
f 1987//278 1906//100 1992//186
f 203//15 1988//182 1993//187
f 203//15 1993//187 204//49
f 1988//182 1989//183 1994//188
f 1988//182 1994//188 1993//187
f 1991//185 1990//280 1995//261
f 1991//185 1995//261 1996//190
f 1990//280 1992//186 1997//191
f 1990//280 1997//191 1995//261
f 1992//186 1906//100 1908//102
f 1992//186 1908//102 1997//191
f 204//49 1993//187 1998//192
f 204//49 1998//192 205//28
f 1993//187 1994//188 1999//262
f 1993//187 1999//262 1998//192
f 1996//190 1995//261 2000//194
f 1996//190 2000//194 2001//195
f 1995//261 1997//191 2002//429
f 1995//261 2002//429 2000//194
f 1997//191 1908//102 1910//104
f 1997//191 1910//104 2002//429
f 205//28 1998//192 2003//197
f 205//28 2003//197 206//18
f 1998//192 1999//262 2004//198
f 1998//192 2004//198 2003//197
f 2001//195 2000//194 2005//264
f 2001//195 2005//264 2006//200
f 2000//194 2002//429 2007//430
f 2000//194 2007//430 2005//264
f 2002//429 1910//104 1912//106
f 2002//429 1912//106 2007//430
f 206//18 2003//197 2008//202
f 206//18 2008//202 207//19
f 2003//197 2004//198 2009//266
f 2003//197 2009//266 2008//202
f 2006//200 2005//264 2010//204
f 2006//200 2010//204 2011//205
f 2005//264 2007//430 2012//267
f 2005//264 2012//267 2010//204
f 2007//430 1912//106 1914//108
f 2007//430 1914//108 2012//267
f 207//19 2008//202 2013//207
f 207//19 2013//207 208//20
f 2008//202 2009//266 2014//208
f 2008//202 2014//208 2013//207
f 2011//205 2010//204 2015//209
f 2011//205 2015//209 2016//210
f 2010//204 2012//267 2017//282
f 2010//204 2017//282 2015//209
f 2012//267 1914//108 1916//110
f 2012//267 1916//110 2017//282
f 208//20 2013//207 2018//212
f 208//20 2018//212 209//21
f 2013//207 2014//208 2019//213
f 2013//207 2019//213 2018//212
f 2016//210 2015//209 2020//214
f 2016//210 2020//214 2021//215
f 2015//209 2017//282 2022//216
f 2015//209 2022//216 2020//214
f 2017//282 1916//110 1918//112
f 2017//282 1918//112 2022//216
f 209//21 2018//212 2023//217
f 209//21 2023//217 210//22
f 2018//212 2019//213 2024//218
f 2018//212 2024//218 2023//217
f 2021//215 2020//214 2025//219
f 2021//215 2025//219 2026//220
f 2020//214 2022//216 2027//221
f 2020//214 2027//221 2025//219
f 2022//216 1918//112 1920//114
f 2022//216 1920//114 2027//221
f 210//22 2023//217 1926//120
f 210//22 1926//120 192//4
f 2023//217 2024//218 1928//122
f 2023//217 1928//122 1926//120
f 2026//220 2025//219 1932//126
f 2026//220 1932//126 1931//125
f 2025//219 2027//221 1934//128
f 2025//219 1934//128 1932//126
f 2027//221 1920//114 1922//116
f 2027//221 1922//116 1934//128
f 2028//431 2030//432 2029//433
f 2028//431 2031//434 2030//432
f 2032//224 2033//224 2034//225
f 2032//224 2034//225 2035//225
f 2036//435 2037//226 2038//227
f 2036//435 2038//227 2039//227
f 2040//287 2041//425 2042//288
f 2040//287 2042//288 2043//288
f 2044//231 2045//231 2037//226
f 2044//231 2037//226 2036//435
f 2046//291 2047//291 2041//425
f 2046//291 2041//425 2040//287
f 2032//224 2048//234 2049//234
f 2032//224 2049//234 2033//224
f 2048//234 2050//235 2051//236
f 2048//234 2051//236 2049//234
f 2052//436 2047//291 2046//291
f 2052//436 2046//291 2053//292
f 2044//231 2054//239 2055//239
f 2044//231 2055//239 2045//231
f 2056//270 2057//241 2058//241
f 2056//270 2058//241 2059//240
f 2057//241 2035//225 2034//225
f 2057//241 2034//225 2058//241
f 2042//288 2060//297 2061//297
f 2042//288 2061//297 2043//288
f 2060//437 2063//438 2062//438
f 2060//437 2064//439 2063//438
f 2062//438 2028//431 2029//433
f 2062//438 2063//438 2028//431
f 2030//432 2066//440 2065//440
f 2030//432 2031//434 2066//440
f 2065//440 2068//441 2067//442
f 2065//440 2066//440 2068//441
f 2067//249 2039//227 2038//227
f 2067//249 2038//227 2069//249
f 2070//77 2071//78 2072//79
f 2070//77 2072//79 2073//80
f 2071//78 2074//81 2075//82
f 2071//78 2075//82 2072//79
f 2074//81 2076//83 2077//84
f 2074//81 2077//84 2075//82
f 2076//83 2078//85 2079//86
f 2076//83 2079//86 2077//84
f 2078//85 2080//87 2081//88
f 2078//85 2081//88 2079//86
f 2080//87 2082//89 2083//90
f 2080//87 2083//90 2081//88
f 2082//89 2084//91 2085//92
f 2082//89 2085//92 2083//90
f 2084//91 2086//93 2087//94
f 2084//91 2087//94 2085//92
f 2086//93 2088//95 2089//96
f 2086//93 2089//96 2087//94
f 2088//95 2090//97 2091//98
f 2088//95 2091//98 2089//96
f 2090//97 2092//99 2093//100
f 2090//97 2093//100 2091//98
f 2092//99 2094//101 2095//102
f 2092//99 2095//102 2093//100
f 2094//101 2096//103 2097//104
f 2094//101 2097//104 2095//102
f 2096//103 2098//105 2099//106
f 2096//103 2099//106 2097//104
f 2098//105 2100//107 2101//108
f 2098//105 2101//108 2099//106
f 2100//107 2102//109 2103//110
f 2100//107 2103//110 2101//108
f 2102//109 2104//111 2105//112
f 2102//109 2105//112 2103//110
f 2104//111 2106//113 2107//114
f 2104//111 2107//114 2105//112
f 2106//113 2108//115 2109//116
f 2106//113 2109//116 2107//114
f 2108//115 2110//117 2111//118
f 2108//115 2111//118 2109//116
f 2112//119 232//2 234//4
f 2112//119 234//4 2113//120
f 2114//121 2112//119 2113//120
f 2114//121 2113//120 2115//122
f 2116//123 2117//124 2118//125
f 2116//123 2118//125 2119//253
f 2111//118 2120//127 2121//443
f 2111//118 2121//443 2109//116
f 2120//127 2116//123 2119//253
f 2120//127 2119//253 2121//443
f 232//2 2112//119 2122//129
f 232//2 2122//129 235//5
f 2112//119 2114//121 2123//130
f 2112//119 2123//130 2122//129
f 2124//131 2125//132 2126//133
f 2124//131 2126//133 2127//134
f 2125//132 2128//135 2129//276
f 2125//132 2129//276 2126//133
f 2128//135 2073//80 2072//79
f 2128//135 2072//79 2129//276
f 235//5 2122//129 2130//137
f 235//5 2130//137 236//6
f 2122//129 2123//130 2131//138
f 2122//129 2131//138 2130//137
f 2127//134 2126//133 2132//139
f 2127//134 2132//139 2133//140
f 2126//133 2129//276 2134//256
f 2126//133 2134//256 2132//139
f 2129//276 2072//79 2075//82
f 2129//276 2075//82 2134//256
f 236//6 2130//137 2135//142
f 236//6 2135//142 237//7
f 2130//137 2131//138 2136//143
f 2130//137 2136//143 2135//142
f 2133//140 2132//139 2137//144
f 2133//140 2137//144 2138//145
f 2132//139 2134//256 2139//146
f 2132//139 2139//146 2137//144
f 2134//256 2075//82 2077//84
f 2134//256 2077//84 2139//146
f 237//7 2135//142 2140//147
f 237//7 2140//147 238//23
f 2135//142 2136//143 2141//148
f 2135//142 2141//148 2140//147
f 2138//145 2137//144 2142//149
f 2138//145 2142//149 2143//150
f 2137//144 2139//146 2144//151
f 2137//144 2144//151 2142//149
f 2139//146 2077//84 2079//86
f 2139//146 2079//86 2144//151
f 238//23 2140//147 2145//152
f 238//23 2145//152 239//9
f 2140//147 2141//148 2146//153
f 2140//147 2146//153 2145//152
f 2143//150 2142//149 2147//154
f 2143//150 2147//154 2148//155
f 2142//149 2144//151 2149//156
f 2142//149 2149//156 2147//154
f 2144//151 2079//86 2081//88
f 2144//151 2081//88 2149//156
f 239//9 2145//152 2150//157
f 239//9 2150//157 240//10
f 2145//152 2146//153 2151//158
f 2145//152 2151//158 2150//157
f 2148//155 2147//154 2152//159
f 2148//155 2152//159 2153//160
f 2147//154 2149//156 2154//161
f 2147//154 2154//161 2152//159
f 2149//156 2081//88 2083//90
f 2149//156 2083//90 2154//161
f 240//10 2150//157 2155//162
f 240//10 2155//162 241//11
f 2150//157 2151//158 2156//163
f 2150//157 2156//163 2155//162
f 2153//160 2152//159 2157//164
f 2153//160 2157//164 2158//165
f 2152//159 2154//161 2159//277
f 2152//159 2159//277 2157//164
f 2154//161 2083//90 2085//92
f 2154//161 2085//92 2159//277
f 241//11 2155//162 2160//167
f 241//11 2160//167 242//12
f 2155//162 2156//163 2161//168
f 2155//162 2161//168 2160//167
f 2158//165 2157//164 2162//169
f 2158//165 2162//169 2163//170
f 2157//164 2159//277 2164//171
f 2157//164 2164//171 2162//169
f 2159//277 2085//92 2087//94
f 2159//277 2087//94 2164//171
f 242//12 2160//167 2165//172
f 242//12 2165//172 243//24
f 2160//167 2161//168 2166//173
f 2160//167 2166//173 2165//172
f 2163//170 2162//169 2167//174
f 2163//170 2167//174 2168//175
f 2162//169 2164//171 2169//444
f 2162//169 2169//444 2167//174
f 2164//171 2087//94 2089//96
f 2164//171 2089//96 2169//444
f 243//24 2165//172 2170//177
f 243//24 2170//177 244//14
f 2165//172 2166//173 2171//178
f 2165//172 2171//178 2170//177
f 2168//175 2167//174 2172//179
f 2168//175 2172//179 2173//180
f 2167//174 2169//444 2174//278
f 2167//174 2174//278 2172//179
f 2169//444 2089//96 2091//98
f 2169//444 2091//98 2174//278
f 244//14 2170//177 2175//182
f 244//14 2175//182 245//15
f 2170//177 2171//178 2176//183
f 2170//177 2176//183 2175//182
f 2173//180 2172//179 2177//184
f 2173//180 2177//184 2178//185
f 2172//179 2174//278 2179//186
f 2172//179 2179//186 2177//184
f 2174//278 2091//98 2093//100
f 2174//278 2093//100 2179//186
f 245//15 2175//182 2180//187
f 245//15 2180//187 246//16
f 2175//182 2176//183 2181//188
f 2175//182 2181//188 2180//187
f 2178//185 2177//184 2182//189
f 2178//185 2182//189 2183//190
f 2177//184 2179//186 2184//191
f 2177//184 2184//191 2182//189
f 2179//186 2093//100 2095//102
f 2179//186 2095//102 2184//191
f 246//16 2180//187 2185//192
f 246//16 2185//192 247//17
f 2180//187 2181//188 2186//262
f 2180//187 2186//262 2185//192
f 2183//190 2182//189 2187//194
f 2183//190 2187//194 2188//195
f 2182//189 2184//191 2189//196
f 2182//189 2189//196 2187//194
f 2184//191 2095//102 2097//104
f 2184//191 2097//104 2189//196
f 247//17 2185//192 2190//197
f 247//17 2190//197 248//18
f 2185//192 2186//262 2191//198
f 2185//192 2191//198 2190//197
f 2188//195 2187//194 2192//199
f 2188//195 2192//199 2193//200
f 2187//194 2189//196 2194//281
f 2187//194 2194//281 2192//199
f 2189//196 2097//104 2099//106
f 2189//196 2099//106 2194//281
f 248//18 2190//197 2195//202
f 248//18 2195//202 249//19
f 2190//197 2191//198 2196//266
f 2190//197 2196//266 2195//202
f 2193//200 2192//199 2197//445
f 2193//200 2197//445 2198//205
f 2192//199 2194//281 2199//267
f 2192//199 2199//267 2197//445
f 2194//281 2099//106 2101//108
f 2194//281 2101//108 2199//267
f 249//19 2195//202 2200//207
f 249//19 2200//207 250//20
f 2195//202 2196//266 2201//208
f 2195//202 2201//208 2200//207
f 2198//205 2197//445 2202//209
f 2198//205 2202//209 2203//210
f 2197//445 2199//267 2204//282
f 2197//445 2204//282 2202//209
f 2199//267 2101//108 2103//110
f 2199//267 2103//110 2204//282
f 250//20 2200//207 2205//212
f 250//20 2205//212 251//21
f 2200//207 2201//208 2206//213
f 2200//207 2206//213 2205//212
f 2203//210 2202//209 2207//214
f 2203//210 2207//214 2208//215
f 2202//209 2204//282 2209//216
f 2202//209 2209//216 2207//214
f 2204//282 2103//110 2105//112
f 2204//282 2105//112 2209//216
f 251//21 2205//212 2210//217
f 251//21 2210//217 252//22
f 2205//212 2206//213 2211//218
f 2205//212 2211//218 2210//217
f 2208//215 2207//214 2212//219
f 2208//215 2212//219 2213//220
f 2207//214 2209//216 2214//221
f 2207//214 2214//221 2212//219
f 2209//216 2105//112 2107//114
f 2209//216 2107//114 2214//221
f 252//22 2210//217 2113//120
f 252//22 2113//120 234//4
f 2210//217 2211//218 2115//122
f 2210//217 2115//122 2113//120
f 2213//220 2212//219 2119//253
f 2213//220 2119//253 2118//125
f 2212//219 2214//221 2121//443
f 2212//219 2121//443 2119//253
f 2214//221 2107//114 2109//116
f 2214//221 2109//116 2121//443
f 2215//431 2217//432 2216//433
f 2215//431 2218//434 2217//432
f 2219//224 2220//224 2221//225
f 2219//224 2221//225 2222//225
f 2223//226 2224//226 2225//227
f 2223//226 2225//227 2226//227
f 2227//228 2229//229 2228//228
f 2227//228 2230//230 2229//229
f 2231//231 2232//231 2224//226
f 2231//231 2224//226 2223//226
f 2233//232 2228//228 2234//233
f 2233//232 2227//228 2228//228
f 2219//224 2235//234 2236//234
f 2219//224 2236//234 2220//224
f 2235//234 2237//235 2238//236
f 2235//234 2238//236 2236//234
f 2239//237 2233//232 2234//233
f 2239//237 2240//238 2233//232
f 2231//231 2241//239 2242//239
f 2231//231 2242//239 2232//231
f 2243//270 2244//241 2245//241
f 2243//270 2245//241 2246//240
f 2244//241 2222//225 2221//225
f 2244//241 2221//225 2245//241
f 2229//229 2248//242 2247//243
f 2229//229 2230//230 2248//242
f 2247//437 2250//438 2249//438
f 2247//437 2251//439 2250//438
f 2249//438 2215//431 2216//433
f 2249//438 2250//438 2215//431
f 2217//432 2253//440 2252//440
f 2217//432 2218//434 2253//440
f 2252//440 2255//441 2254//442
f 2252//440 2253//440 2255//441
f 2254//249 2226//227 2225//227
f 2254//249 2225//227 2256//249
f 2257//446 2258//78 2259//79
f 2257//446 2259//79 2260//80
f 2258//78 2261//81 2262//82
f 2258//78 2262//82 2259//79
f 2261//81 2263//83 2264//84
f 2261//81 2264//84 2262//82
f 2263//83 2265//85 2266//86
f 2263//83 2266//86 2264//84
f 2265//85 2267//87 2268//88
f 2265//85 2268//88 2266//86
f 2267//87 2269//89 2270//90
f 2267//87 2270//90 2268//88
f 2269//89 2271//91 2272//447
f 2269//89 2272//447 2270//90
f 2271//91 2273//93 2274//94
f 2271//91 2274//94 2272//447
f 2273//93 2275//95 2276//96
f 2273//93 2276//96 2274//94
f 2275//95 2277//97 2278//98
f 2275//95 2278//98 2276//96
f 2277//97 2279//99 2280//100
f 2277//97 2280//100 2278//98
f 2279//99 2281//101 2282//102
f 2279//99 2282//102 2280//100
f 2281//101 2283//103 2284//104
f 2281//101 2284//104 2282//102
f 2283//103 2285//105 2286//106
f 2283//103 2286//106 2284//104
f 2285//105 2287//107 2288//108
f 2285//105 2288//108 2286//106
f 2287//107 2289//109 2290//110
f 2287//107 2290//110 2288//108
f 2289//109 2291//111 2292//273
f 2289//109 2292//273 2290//110
f 2291//111 2293//113 2294//114
f 2291//111 2294//114 2292//273
f 2293//113 2295//115 2296//116
f 2293//113 2296//116 2294//114
f 2295//115 2297//117 2298//118
f 2295//115 2298//118 2296//116
f 2299//119 274//2 276//4
f 2299//119 276//4 2300//120
f 2301//121 2299//119 2300//120
f 2301//121 2300//120 2302//122
f 2303//252 2304//124 2305//448
f 2303//252 2305//448 2306//126
f 2298//118 2307//127 2308//128
f 2298//118 2308//128 2296//116
f 2307//127 2303//252 2306//126
f 2307//127 2306//126 2308//128
f 274//2 2299//119 2309//129
f 274//2 2309//129 277//5
f 2299//119 2301//121 2310//130
f 2299//119 2310//130 2309//129
f 2311//131 2312//132 2313//133
f 2311//131 2313//133 2314//449
f 2312//132 2315//450 2316//136
f 2312//132 2316//136 2313//133
f 2315//450 2260//80 2259//79
f 2315//450 2259//79 2316//136
f 277//5 2309//129 2317//137
f 277//5 2317//137 278//6
f 2309//129 2310//130 2318//138
f 2309//129 2318//138 2317//137
f 2314//449 2313//133 2319//139
f 2314//449 2319//139 2320//140
f 2313//133 2316//136 2321//256
f 2313//133 2321//256 2319//139
f 2316//136 2259//79 2262//82
f 2316//136 2262//82 2321//256
f 278//6 2317//137 2322//142
f 278//6 2322//142 279//7
f 2317//137 2318//138 2323//143
f 2317//137 2323//143 2322//142
f 2320//140 2319//139 2324//144
f 2320//140 2324//144 2325//145
f 2319//139 2321//256 2326//146
f 2319//139 2326//146 2324//144
f 2321//256 2262//82 2264//84
f 2321//256 2264//84 2326//146
f 279//7 2322//142 2327//147
f 279//7 2327//147 280//23
f 2322//142 2323//143 2328//148
f 2322//142 2328//148 2327//147
f 2325//145 2324//144 2329//149
f 2325//145 2329//149 2330//150
f 2324//144 2326//146 2331//151
f 2324//144 2331//151 2329//149
f 2326//146 2264//84 2266//86
f 2326//146 2266//86 2331//151
f 280//23 2327//147 2332//152
f 280//23 2332//152 281//9
f 2327//147 2328//148 2333//153
f 2327//147 2333//153 2332//152
f 2330//150 2329//149 2334//154
f 2330//150 2334//154 2335//155
f 2329//149 2331//151 2336//257
f 2329//149 2336//257 2334//154
f 2331//151 2266//86 2268//88
f 2331//151 2268//88 2336//257
f 281//9 2332//152 2337//157
f 281//9 2337//157 282//10
f 2332//152 2333//153 2338//158
f 2332//152 2338//158 2337//157
f 2335//155 2334//154 2339//451
f 2335//155 2339//451 2340//160
f 2334//154 2336//257 2341//161
f 2334//154 2341//161 2339//451
f 2336//257 2268//88 2270//90
f 2336//257 2270//90 2341//161
f 282//10 2337//157 2342//162
f 282//10 2342//162 283//11
f 2337//157 2338//158 2343//163
f 2337//157 2343//163 2342//162
f 2340//160 2339//451 2344//164
f 2340//160 2344//164 2345//165
f 2339//451 2341//161 2346//277
f 2339//451 2346//277 2344//164
f 2341//161 2270//90 2272//447
f 2341//161 2272//447 2346//277
f 283//11 2342//162 2347//167
f 283//11 2347//167 284//12
f 2342//162 2343//163 2348//168
f 2342//162 2348//168 2347//167
f 2345//165 2344//164 2349//169
f 2345//165 2349//169 2350//452
f 2344//164 2346//277 2351//171
f 2344//164 2351//171 2349//169
f 2346//277 2272//447 2274//94
f 2346//277 2274//94 2351//171
f 284//12 2347//167 2352//172
f 284//12 2352//172 285//24
f 2347//167 2348//168 2353//173
f 2347//167 2353//173 2352//172
f 2350//452 2349//169 2354//428
f 2350//452 2354//428 2355//453
f 2349//169 2351//171 2356//176
f 2349//169 2356//176 2354//428
f 2351//171 2274//94 2276//96
f 2351//171 2276//96 2356//176
f 285//24 2352//172 2357//177
f 285//24 2357//177 286//14
f 2352//172 2353//173 2358//178
f 2352//172 2358//178 2357//177
f 2355//453 2354//428 2359//179
f 2355//453 2359//179 2360//180
f 2354//428 2356//176 2361//278
f 2354//428 2361//278 2359//179
f 2356//176 2276//96 2278//98
f 2356//176 2278//98 2361//278
f 286//14 2357//177 2362//182
f 286//14 2362//182 287//25
f 2357//177 2358//178 2363//183
f 2357//177 2363//183 2362//182
f 2360//180 2359//179 2364//184
f 2360//180 2364//184 2365//185
f 2359//179 2361//278 2366//186
f 2359//179 2366//186 2364//184
f 2361//278 2278//98 2280//100
f 2361//278 2280//100 2366//186
f 287//25 2362//182 2367//187
f 287//25 2367//187 288//16
f 2362//182 2363//183 2368//188
f 2362//182 2368//188 2367//187
f 2365//185 2364//184 2369//261
f 2365//185 2369//261 2370//190
f 2364//184 2366//186 2371//191
f 2364//184 2371//191 2369//261
f 2366//186 2280//100 2282//102
f 2366//186 2282//102 2371//191
f 288//16 2367//187 2372//192
f 288//16 2372//192 289//50
f 2367//187 2368//188 2373//262
f 2367//187 2373//262 2372//192
f 2370//190 2369//261 2374//194
f 2370//190 2374//194 2375//195
f 2369//261 2371//191 2376//196
f 2369//261 2376//196 2374//194
f 2371//191 2282//102 2284//104
f 2371//191 2284//104 2376//196
f 289//50 2372//192 2377//197
f 289//50 2377//197 290//18
f 2372//192 2373//262 2378//198
f 2372//192 2378//198 2377//197
f 2375//195 2374//194 2379//199
f 2375//195 2379//199 2380//200
f 2374//194 2376//196 2381//201
f 2374//194 2381//201 2379//199
f 2376//196 2284//104 2286//106
f 2376//196 2286//106 2381//201
f 290//18 2377//197 2382//202
f 290//18 2382//202 291//19
f 2377//197 2378//198 2383//203
f 2377//197 2383//203 2382//202
f 2380//200 2379//199 2384//445
f 2380//200 2384//445 2385//205
f 2379//199 2381//201 2386//206
f 2379//199 2386//206 2384//445
f 2381//201 2286//106 2288//108
f 2381//201 2288//108 2386//206
f 291//19 2382//202 2387//207
f 291//19 2387//207 292//20
f 2382//202 2383//203 2388//208
f 2382//202 2388//208 2387//207
f 2385//205 2384//445 2389//209
f 2385//205 2389//209 2390//210
f 2384//445 2386//206 2391//282
f 2384//445 2391//282 2389//209
f 2386//206 2288//108 2290//110
f 2386//206 2290//110 2391//282
f 292//20 2387//207 2392//212
f 292//20 2392//212 293//21
f 2387//207 2388//208 2393//213
f 2387//207 2393//213 2392//212
f 2390//210 2389//209 2394//268
f 2390//210 2394//268 2395//215
f 2389//209 2391//282 2396//216
f 2389//209 2396//216 2394//268
f 2391//282 2290//110 2292//273
f 2391//282 2292//273 2396//216
f 293//21 2392//212 2397//217
f 293//21 2397//217 294//22
f 2392//212 2393//213 2398//218
f 2392//212 2398//218 2397//217
f 2395//215 2394//268 2399//219
f 2395//215 2399//219 2400//220
f 2394//268 2396//216 2401//454
f 2394//268 2401//454 2399//219
f 2396//216 2292//273 2294//114
f 2396//216 2294//114 2401//454
f 294//22 2397//217 2300//120
f 294//22 2300//120 276//4
f 2397//217 2398//218 2302//122
f 2397//217 2302//122 2300//120
f 2400//220 2399//219 2306//126
f 2400//220 2306//126 2305//448
f 2399//219 2401//454 2308//128
f 2399//219 2308//128 2306//126
f 2401//454 2294//114 2296//116
f 2401//454 2296//116 2308//128
f 2402//431 2404//432 2403//433
f 2402//431 2405//434 2404//432
f 2406//224 2407//224 2408//225
f 2406//224 2408//225 2409//225
f 2410//435 2411//226 2412//227
f 2410//435 2412//227 2413//227
f 2414//228 2416//229 2415//228
f 2414//228 2417//230 2416//229
f 2418//231 2419//231 2411//226
f 2418//231 2411//226 2410//435
f 2420//232 2415//228 2421//233
f 2420//232 2414//228 2415//228
f 2406//224 2422//234 2423//234
f 2406//224 2423//234 2407//224
f 2422//234 2424//235 2425//235
f 2422//234 2425//235 2423//234
f 2426//237 2420//232 2421//233
f 2426//237 2427//238 2420//232
f 2418//231 2428//239 2429//239
f 2418//231 2429//239 2419//231
f 2430//240 2431//241 2432//241
f 2430//240 2432//241 2433//240
f 2431//241 2409//225 2408//225
f 2431//241 2408//225 2432//241
f 2416//229 2435//242 2434//243
f 2416//229 2417//230 2435//242
f 2434//437 2437//438 2436//438
f 2434//437 2438//439 2437//438
f 2436//438 2402//431 2403//433
f 2436//438 2437//438 2402//431
f 2404//432 2440//440 2439//440
f 2404//432 2405//434 2440//440
f 2439//440 2442//455 2441//442
f 2439//440 2440//440 2442//455
f 2441//249 2413//227 2412//227
f 2441//249 2412//227 2443//249
f 2444//446 2445//78 2446//79
f 2444//446 2446//79 2447//250
f 2445//78 2448//81 2449//82
f 2445//78 2449//82 2446//79
f 2448//81 2450//83 2451//84
f 2448//81 2451//84 2449//82
f 2450//83 2452//85 2453//86
f 2450//83 2453//86 2451//84
f 2452//85 2454//87 2455//88
f 2452//85 2455//88 2453//86
f 2454//87 2456//89 2457//90
f 2454//87 2457//90 2455//88
f 2456//89 2458//91 2459//447
f 2456//89 2459//447 2457//90
f 2458//91 2460//93 2461//94
f 2458//91 2461//94 2459//447
f 2460//93 2462//95 2463//96
f 2460//93 2463//96 2461//94
f 2462//95 2464//97 2465//98
f 2462//95 2465//98 2463//96
f 2464//97 2466//99 2467//100
f 2464//97 2467//100 2465//98
f 2466//99 2468//101 2469//102
f 2466//99 2469//102 2467//100
f 2468//101 2470//103 2471//104
f 2468//101 2471//104 2469//102
f 2470//103 2472//105 2473//106
f 2470//103 2473//106 2471//104
f 2472//105 2474//107 2475//108
f 2472//105 2475//108 2473//106
f 2474//107 2476//109 2477//251
f 2474//107 2477//251 2475//108
f 2476//109 2478//111 2479//112
f 2476//109 2479//112 2477//251
f 2478//111 2480//113 2481//114
f 2478//111 2481//114 2479//112
f 2480//113 2482//115 2483//116
f 2480//113 2483//116 2481//114
f 2482//115 2484//117 2485//118
f 2482//115 2485//118 2483//116
f 2486//119 316//2 318//4
f 2486//119 318//4 2487//120
f 2488//121 2486//119 2487//120
f 2488//121 2487//120 2489//122
f 2490//252 2491//124 2492//125
f 2490//252 2492//125 2493//253
f 2485//118 2494//127 2495//128
f 2485//118 2495//128 2483//116
f 2494//127 2490//252 2493//253
f 2494//127 2493//253 2495//128
f 316//2 2486//119 2496//129
f 316//2 2496//129 319//51
f 2486//119 2488//121 2497//456
f 2486//119 2497//456 2496//129
f 2498//254 2499//132 2500//133
f 2498//254 2500//133 2501//134
f 2499//132 2502//255 2503//136
f 2499//132 2503//136 2500//133
f 2502//255 2447//250 2446//79
f 2502//255 2446//79 2503//136
f 319//51 2496//129 2504//137
f 319//51 2504//137 320//6
f 2496//129 2497//456 2505//138
f 2496//129 2505//138 2504//137
f 2501//134 2500//133 2506//139
f 2501//134 2506//139 2507//140
f 2500//133 2503//136 2508//256
f 2500//133 2508//256 2506//139
f 2503//136 2446//79 2449//82
f 2503//136 2449//82 2508//256
f 320//6 2504//137 2509//142
f 320//6 2509//142 321//7
f 2504//137 2505//138 2510//457
f 2504//137 2510//457 2509//142
f 2507//140 2506//139 2511//144
f 2507//140 2511//144 2512//145
f 2506//139 2508//256 2513//146
f 2506//139 2513//146 2511//144
f 2508//256 2449//82 2451//84
f 2508//256 2451//84 2513//146
f 321//7 2509//142 2514//147
f 321//7 2514//147 322//23
f 2509//142 2510//457 2515//148
f 2509//142 2515//148 2514//147
f 2512//145 2511//144 2516//149
f 2512//145 2516//149 2517//150
f 2511//144 2513//146 2518//151
f 2511//144 2518//151 2516//149
f 2513//146 2451//84 2453//86
f 2513//146 2453//86 2518//151
f 322//23 2514//147 2519//152
f 322//23 2519//152 323//9
f 2514//147 2515//148 2520//153
f 2514//147 2520//153 2519//152
f 2517//150 2516//149 2521//154
f 2517//150 2521//154 2522//155
f 2516//149 2518//151 2523//156
f 2516//149 2523//156 2521//154
f 2518//151 2453//86 2455//88
f 2518//151 2455//88 2523//156
f 323//9 2519//152 2524//157
f 323//9 2524//157 324//10
f 2519//152 2520//153 2525//158
f 2519//152 2525//158 2524//157
f 2522//155 2521//154 2526//159
f 2522//155 2526//159 2527//160
f 2521//154 2523//156 2528//161
f 2521//154 2528//161 2526//159
f 2523//156 2455//88 2457//90
f 2523//156 2457//90 2528//161
f 324//10 2524//157 2529//162
f 324//10 2529//162 325//27
f 2524//157 2525//158 2530//163
f 2524//157 2530//163 2529//162
f 2527//160 2526//159 2531//164
f 2527//160 2531//164 2532//165
f 2526//159 2528//161 2533//166
f 2526//159 2533//166 2531//164
f 2528//161 2457//90 2459//447
f 2528//161 2459//447 2533//166
f 325//27 2529//162 2534//167
f 325//27 2534//167 326//12
f 2529//162 2530//163 2535//168
f 2529//162 2535//168 2534//167
f 2532//165 2531//164 2536//169
f 2532//165 2536//169 2537//170
f 2531//164 2533//166 2538//171
f 2531//164 2538//171 2536//169
f 2533//166 2459//447 2461//94
f 2533//166 2461//94 2538//171
f 326//12 2534//167 2539//172
f 326//12 2539//172 327//24
f 2534//167 2535//168 2540//173
f 2534//167 2540//173 2539//172
f 2537//170 2536//169 2541//428
f 2537//170 2541//428 2542//175
f 2536//169 2538//171 2543//444
f 2536//169 2543//444 2541//428
f 2538//171 2461//94 2463//96
f 2538//171 2463//96 2543//444
f 327//24 2539//172 2544//177
f 327//24 2544//177 328//14
f 2539//172 2540//173 2545//178
f 2539//172 2545//178 2544//177
f 2542//175 2541//428 2546//179
f 2542//175 2546//179 2547//180
f 2541//428 2543//444 2548//278
f 2541//428 2548//278 2546//179
f 2543//444 2463//96 2465//98
f 2543//444 2465//98 2548//278
f 328//14 2544//177 2549//182
f 328//14 2549//182 329//15
f 2544//177 2545//178 2550//183
f 2544//177 2550//183 2549//182
f 2547//180 2546//179 2551//280
f 2547//180 2551//280 2552//185
f 2546//179 2548//278 2553//186
f 2546//179 2553//186 2551//280
f 2548//278 2465//98 2467//100
f 2548//278 2467//100 2553//186
f 329//15 2549//182 2554//187
f 329//15 2554//187 330//52
f 2549//182 2550//183 2555//188
f 2549//182 2555//188 2554//187
f 2552//185 2551//280 2556//261
f 2552//185 2556//261 2557//190
f 2551//280 2553//186 2558//191
f 2551//280 2558//191 2556//261
f 2553//186 2467//100 2469//102
f 2553//186 2469//102 2558//191
f 330//52 2554//187 2559//192
f 330//52 2559//192 331//17
f 2554//187 2555//188 2560//262
f 2554//187 2560//262 2559//192
f 2557//190 2556//261 2561//263
f 2557//190 2561//263 2562//195
f 2556//261 2558//191 2563//196
f 2556//261 2563//196 2561//263
f 2558//191 2469//102 2471//104
f 2558//191 2471//104 2563//196
f 331//17 2559//192 2564//197
f 331//17 2564//197 332//18
f 2559//192 2560//262 2565//198
f 2559//192 2565//198 2564//197
f 2562//195 2561//263 2566//199
f 2562//195 2566//199 2567//200
f 2561//263 2563//196 2568//281
f 2561//263 2568//281 2566//199
f 2563//196 2471//104 2473//106
f 2563//196 2473//106 2568//281
f 332//18 2564//197 2569//202
f 332//18 2569//202 333//26
f 2564//197 2565//198 2570//266
f 2564//197 2570//266 2569//202
f 2567//200 2566//199 2571//204
f 2567//200 2571//204 2572//205
f 2566//199 2568//281 2573//267
f 2566//199 2573//267 2571//204
f 2568//281 2473//106 2475//108
f 2568//281 2475//108 2573//267
f 333//26 2569//202 2574//207
f 333//26 2574//207 334//20
f 2569//202 2570//266 2575//208
f 2569//202 2575//208 2574//207
f 2572//205 2571//204 2576//209
f 2572//205 2576//209 2577//210
f 2571//204 2573//267 2578//282
f 2571//204 2578//282 2576//209
f 2573//267 2475//108 2477//251
f 2573//267 2477//251 2578//282
f 334//20 2574//207 2579//212
f 334//20 2579//212 335//21
f 2574//207 2575//208 2580//213
f 2574//207 2580//213 2579//212
f 2577//210 2576//209 2581//268
f 2577//210 2581//268 2582//458
f 2576//209 2578//282 2583//216
f 2576//209 2583//216 2581//268
f 2578//282 2477//251 2479//112
f 2578//282 2479//112 2583//216
f 335//21 2579//212 2584//459
f 335//21 2584//459 336//22
f 2579//212 2580//213 2585//218
f 2579//212 2585//218 2584//459
f 2582//458 2581//268 2586//269
f 2582//458 2586//269 2587//220
f 2581//268 2583//216 2588//221
f 2581//268 2588//221 2586//269
f 2583//216 2479//112 2481//114
f 2583//216 2481//114 2588//221
f 336//22 2584//459 2487//120
f 336//22 2487//120 318//4
f 2584//459 2585//218 2489//122
f 2584//459 2489//122 2487//120
f 2587//220 2586//269 2493//253
f 2587//220 2493//253 2492//125
f 2586//269 2588//221 2495//128
f 2586//269 2495//128 2493//253
f 2588//221 2481//114 2483//116
f 2588//221 2483//116 2495//128
f 2589//222 2590//222 2591//223
f 2589//222 2591//223 2592//223
f 2593//224 2594//224 2595//225
f 2593//224 2595//225 2596//225
f 2597//226 2598//226 2599//227
f 2597//226 2599//227 2600//227
f 2601//228 2603//229 2602//228
f 2601//228 2604//230 2603//229
f 2605//231 2606//231 2598//226
f 2605//231 2598//226 2597//226
f 2607//232 2602//228 2608//233
f 2607//232 2601//228 2602//228
f 2593//224 2609//234 2610//234
f 2593//224 2610//234 2594//224
f 2609//234 2611//235 2612//235
f 2609//234 2612//235 2610//234
f 2613//237 2607//232 2608//233
f 2613//237 2614//238 2607//232
f 2605//231 2615//239 2616//460
f 2605//231 2616//460 2606//231
f 2617//240 2618//241 2619//241
f 2617//240 2619//241 2620//240
f 2618//241 2596//225 2595//225
f 2618//241 2595//225 2619//241
f 2603//229 2622//242 2621//243
f 2603//229 2604//230 2622//242
f 2621//244 2623//245 2624//245
f 2621//244 2624//245 2625//244
f 2623//245 2590//222 2589//222
f 2623//245 2589//222 2624//245
f 2591//223 2626//246 2627//246
f 2591//223 2627//246 2592//223
f 2626//246 2628//247 2629//247
f 2626//246 2629//247 2627//246
f 2628//249 2600//227 2599//227
f 2628//249 2599//227 2630//249
f 2631//461 2632//78 2633//79
f 2631//461 2633//79 2634//250
f 2632//78 2635//81 2636//82
f 2632//78 2636//82 2633//79
f 2635//81 2637//83 2638//84
f 2635//81 2638//84 2636//82
f 2637//83 2639//85 2640//86
f 2637//83 2640//86 2638//84
f 2639//85 2641//87 2642//88
f 2639//85 2642//88 2640//86
f 2641//87 2643//89 2644//90
f 2641//87 2644//90 2642//88
f 2643//89 2645//91 2646//92
f 2643//89 2646//92 2644//90
f 2645//91 2647//93 2648//94
f 2645//91 2648//94 2646//92
f 2647//93 2649//95 2650//96
f 2647//93 2650//96 2648//94
f 2649//95 2651//97 2652//98
f 2649//95 2652//98 2650//96
f 2651//97 2653//99 2654//100
f 2651//97 2654//100 2652//98
f 2653//99 2655//101 2656//102
f 2653//99 2656//102 2654//100
f 2655//101 2657//103 2658//104
f 2655//101 2658//104 2656//102
f 2657//103 2659//105 2660//106
f 2657//103 2660//106 2658//104
f 2659//105 2661//107 2662//108
f 2659//105 2662//108 2660//106
f 2661//107 2663//109 2664//110
f 2661//107 2664//110 2662//108
f 2663//109 2665//111 2666//112
f 2663//109 2666//112 2664//110
f 2665//111 2667//113 2668//114
f 2665//111 2668//114 2666//112
f 2667//113 2669//115 2670//116
f 2667//113 2670//116 2668//114
f 2669//115 2671//117 2672//118
f 2669//115 2672//118 2670//116
f 2673//119 358//2 360//4
f 2673//119 360//4 2674//120
f 2675//121 2673//119 2674//120
f 2675//121 2674//120 2676//122
f 2677//252 2678//124 2679//125
f 2677//252 2679//125 2680//126
f 2672//118 2681//127 2682//128
f 2672//118 2682//128 2670//116
f 2681//127 2677//252 2680//126
f 2681//127 2680//126 2682//128
f 358//2 2673//119 2683//129
f 358//2 2683//129 361//5
f 2673//119 2675//121 2684//130
f 2673//119 2684//130 2683//129
f 2685//131 2686//132 2687//133
f 2685//131 2687//133 2688//134
f 2686//132 2689//135 2690//462
f 2686//132 2690//462 2687//133
f 2689//135 2634//250 2633//79
f 2689//135 2633//79 2690//462
f 361//5 2683//129 2691//137
f 361//5 2691//137 362//6
f 2683//129 2684//130 2692//138
f 2683//129 2692//138 2691//137
f 2688//134 2687//133 2693//139
f 2688//134 2693//139 2694//140
f 2687//133 2690//462 2695//463
f 2687//133 2695//463 2693//139
f 2690//462 2633//79 2636//82
f 2690//462 2636//82 2695//463
f 362//6 2691//137 2696//142
f 362//6 2696//142 363//7
f 2691//137 2692//138 2697//143
f 2691//137 2697//143 2696//142
f 2694//140 2693//139 2698//144
f 2694//140 2698//144 2699//145
f 2693//139 2695//463 2700//464
f 2693//139 2700//464 2698//144
f 2695//463 2636//82 2638//84
f 2695//463 2638//84 2700//464
f 363//7 2696//142 2701//147
f 363//7 2701//147 364//8
f 2696//142 2697//143 2702//148
f 2696//142 2702//148 2701//147
f 2699//145 2698//144 2703//149
f 2699//145 2703//149 2704//150
f 2698//144 2700//464 2705//151
f 2698//144 2705//151 2703//149
f 2700//464 2638//84 2640//86
f 2700//464 2640//86 2705//151
f 364//8 2701//147 2706//152
f 364//8 2706//152 365//9
f 2701//147 2702//148 2707//153
f 2701//147 2707//153 2706//152
f 2704//150 2703//149 2708//154
f 2704//150 2708//154 2709//155
f 2703//149 2705//151 2710//257
f 2703//149 2710//257 2708//154
f 2705//151 2640//86 2642//88
f 2705//151 2642//88 2710//257
f 365//9 2706//152 2711//157
f 365//9 2711//157 366//10
f 2706//152 2707//153 2712//158
f 2706//152 2712//158 2711//157
f 2709//155 2708//154 2713//159
f 2709//155 2713//159 2714//160
f 2708//154 2710//257 2715//161
f 2708//154 2715//161 2713//159
f 2710//257 2642//88 2644//90
f 2710//257 2644//90 2715//161
f 366//10 2711//157 2716//162
f 366//10 2716//162 367//11
f 2711//157 2712//158 2717//163
f 2711//157 2717//163 2716//162
f 2714//160 2713//159 2718//164
f 2714//160 2718//164 2719//165
f 2713//159 2715//161 2720//277
f 2713//159 2720//277 2718//164
f 2715//161 2644//90 2646//92
f 2715//161 2646//92 2720//277
f 367//11 2716//162 2721//167
f 367//11 2721//167 368//12
f 2716//162 2717//163 2722//168
f 2716//162 2722//168 2721//167
f 2719//165 2718//164 2723//169
f 2719//165 2723//169 2724//170
f 2718//164 2720//277 2725//171
f 2718//164 2725//171 2723//169
f 2720//277 2646//92 2648//94
f 2720//277 2648//94 2725//171
f 368//12 2721//167 2726//172
f 368//12 2726//172 369//24
f 2721//167 2722//168 2727//173
f 2721//167 2727//173 2726//172
f 2724//170 2723//169 2728//428
f 2724//170 2728//428 2729//175
f 2723//169 2725//171 2730//258
f 2723//169 2730//258 2728//428
f 2725//171 2648//94 2650//96
f 2725//171 2650//96 2730//258
f 369//24 2726//172 2731//177
f 369//24 2731//177 370//14
f 2726//172 2727//173 2732//178
f 2726//172 2732//178 2731//177
f 2729//175 2728//428 2733//179
f 2729//175 2733//179 2734//180
f 2728//428 2730//258 2735//181
f 2728//428 2735//181 2733//179
f 2730//258 2650//96 2652//98
f 2730//258 2652//98 2735//181
f 370//14 2731//177 2736//182
f 370//14 2736//182 371//15
f 2731//177 2732//178 2737//279
f 2731//177 2737//279 2736//182
f 2734//180 2733//179 2738//184
f 2734//180 2738//184 2739//185
f 2733//179 2735//181 2740//186
f 2733//179 2740//186 2738//184
f 2735//181 2652//98 2654//100
f 2735//181 2654//100 2740//186
f 371//15 2736//182 2741//187
f 371//15 2741//187 372//52
f 2736//182 2737//279 2742//188
f 2736//182 2742//188 2741//187
f 2739//185 2738//184 2743//261
f 2739//185 2743//261 2744//190
f 2738//184 2740//186 2745//191
f 2738//184 2745//191 2743//261
f 2740//186 2654//100 2656//102
f 2740//186 2656//102 2745//191
f 372//52 2741//187 2746//192
f 372//52 2746//192 373//28
f 2741//187 2742//188 2747//193
f 2741//187 2747//193 2746//192
f 2744//190 2743//261 2748//194
f 2744//190 2748//194 2749//195
f 2743//261 2745//191 2750//196
f 2743//261 2750//196 2748//194
f 2745//191 2656//102 2658//104
f 2745//191 2658//104 2750//196
f 373//28 2746//192 2751//197
f 373//28 2751//197 374//18
f 2746//192 2747//193 2752//198
f 2746//192 2752//198 2751//197
f 2749//195 2748//194 2753//199
f 2749//195 2753//199 2754//200
f 2748//194 2750//196 2755//281
f 2748//194 2755//281 2753//199
f 2750//196 2658//104 2660//106
f 2750//196 2660//106 2755//281
f 374//18 2751//197 2756//202
f 374//18 2756//202 375//19
f 2751//197 2752//198 2757//203
f 2751//197 2757//203 2756//202
f 2754//200 2753//199 2758//204
f 2754//200 2758//204 2759//205
f 2753//199 2755//281 2760//206
f 2753//199 2760//206 2758//204
f 2755//281 2660//106 2662//108
f 2755//281 2662//108 2760//206
f 375//19 2756//202 2761//207
f 375//19 2761//207 376//20
f 2756//202 2757//203 2762//208
f 2756//202 2762//208 2761//207
f 2759//205 2758//204 2763//209
f 2759//205 2763//209 2764//210
f 2758//204 2760//206 2765//282
f 2758//204 2765//282 2763//209
f 2760//206 2662//108 2664//110
f 2760//206 2664//110 2765//282
f 376//20 2761//207 2766//212
f 376//20 2766//212 377//21
f 2761//207 2762//208 2767//213
f 2761//207 2767//213 2766//212
f 2764//210 2763//209 2768//268
f 2764//210 2768//268 2769//215
f 2763//209 2765//282 2770//216
f 2763//209 2770//216 2768//268
f 2765//282 2664//110 2666//112
f 2765//282 2666//112 2770//216
f 377//21 2766//212 2771//217
f 377//21 2771//217 378//22
f 2766//212 2767//213 2772//218
f 2766//212 2772//218 2771//217
f 2769//215 2768//268 2773//219
f 2769//215 2773//219 2774//220
f 2768//268 2770//216 2775//454
f 2768//268 2775//454 2773//219
f 2770//216 2666//112 2668//114
f 2770//216 2668//114 2775//454
f 378//22 2771//217 2674//120
f 378//22 2674//120 360//4
f 2771//217 2772//218 2676//122
f 2771//217 2676//122 2674//120
f 2774//220 2773//219 2680//126
f 2774//220 2680//126 2679//125
f 2773//219 2775//454 2682//128
f 2773//219 2682//128 2680//126
f 2775//454 2668//114 2670//116
f 2775//454 2670//116 2682//128
f 2776//431 2778//432 2777//433
f 2776//431 2779//434 2778//432
f 2780//224 2781//224 2782//225
f 2780//224 2782//225 2783//225
f 2784//435 2785//226 2786//227
f 2784//435 2786//227 2787//227
f 2788//287 2789//425 2790//288
f 2788//287 2790//288 2791//288
f 2792//231 2793//231 2785//226
f 2792//231 2785//226 2784//435
f 2794//291 2795//291 2789//425
f 2794//291 2789//425 2788//287
f 2780//224 2796//234 2797//234
f 2780//224 2797//234 2781//224
f 2796//234 2798//235 2799//236
f 2796//234 2799//236 2797//234
f 2800//436 2795//291 2794//291
f 2800//436 2794//291 2801//292
f 2792//231 2802//239 2803//460
f 2792//231 2803//460 2793//231
f 2804//240 2805//241 2806//241
f 2804//240 2806//241 2807//240
f 2805//241 2783//225 2782//225
f 2805//241 2782//225 2806//241
f 2790//288 2808//297 2809//297
f 2790//288 2809//297 2791//288
f 2808//437 2811//438 2810//438
f 2808//437 2812//439 2811//438
f 2810//438 2776//431 2777//433
f 2810//438 2811//438 2776//431
f 2778//432 2814//440 2813//440
f 2778//432 2779//434 2814//440
f 2813//440 2816//441 2815//442
f 2813//440 2814//440 2816//441
f 2815//249 2787//227 2786//227
f 2815//249 2786//227 2817//249
f 2818//77 2819//78 2820//79
f 2818//77 2820//79 2821//250
f 2819//78 2822//81 2823//82
f 2819//78 2823//82 2820//79
f 2822//81 2824//83 2825//84
f 2822//81 2825//84 2823//82
f 2824//83 2826//85 2827//86
f 2824//83 2827//86 2825//84
f 2826//85 2828//87 2829//88
f 2826//85 2829//88 2827//86
f 2828//87 2830//89 2831//90
f 2828//87 2831//90 2829//88
f 2830//89 2832//91 2833//92
f 2830//89 2833//92 2831//90
f 2832//91 2834//93 2835//94
f 2832//91 2835//94 2833//92
f 2834//93 2836//95 2837//96
f 2834//93 2837//96 2835//94
f 2836//95 2838//97 2839//98
f 2836//95 2839//98 2837//96
f 2838//97 2840//99 2841//100
f 2838//97 2841//100 2839//98
f 2840//99 2842//101 2843//102
f 2840//99 2843//102 2841//100
f 2842//101 2844//103 2845//104
f 2842//101 2845//104 2843//102
f 2844//103 2846//105 2847//106
f 2844//103 2847//106 2845//104
f 2846//105 2848//107 2849//108
f 2846//105 2849//108 2847//106
f 2848//107 2850//109 2851//110
f 2848//107 2851//110 2849//108
f 2850//109 2852//111 2853//112
f 2850//109 2853//112 2851//110
f 2852//111 2854//113 2855//114
f 2852//111 2855//114 2853//112
f 2854//113 2856//115 2857//116
f 2854//113 2857//116 2855//114
f 2856//115 2858//117 2859//118
f 2856//115 2859//118 2857//116
f 2860//119 400//2 402//4
f 2860//119 402//4 2861//120
f 2862//121 2860//119 2861//120
f 2862//121 2861//120 2863//122
f 2864//252 2865//124 2866//125
f 2864//252 2866//125 2867//126
f 2859//118 2868//127 2869//128
f 2859//118 2869//128 2857//116
f 2868//127 2864//252 2867//126
f 2868//127 2867//126 2869//128
f 400//2 2860//119 2870//129
f 400//2 2870//129 403//5
f 2860//119 2862//121 2871//130
f 2860//119 2871//130 2870//129
f 2872//131 2873//132 2874//133
f 2872//131 2874//133 2875//134
f 2873//132 2876//135 2877//136
f 2873//132 2877//136 2874//133
f 2876//135 2821//250 2820//79
f 2876//135 2820//79 2877//136
f 403//5 2870//129 2878//137
f 403//5 2878//137 404//6
f 2870//129 2871//130 2879//138
f 2870//129 2879//138 2878//137
f 2875//134 2874//133 2880//139
f 2875//134 2880//139 2881//140
f 2874//133 2877//136 2882//256
f 2874//133 2882//256 2880//139
f 2877//136 2820//79 2823//82
f 2877//136 2823//82 2882//256
f 404//6 2878//137 2883//142
f 404//6 2883//142 405//7
f 2878//137 2879//138 2884//143
f 2878//137 2884//143 2883//142
f 2881//140 2880//139 2885//144
f 2881//140 2885//144 2886//145
f 2880//139 2882//256 2887//146
f 2880//139 2887//146 2885//144
f 2882//256 2823//82 2825//84
f 2882//256 2825//84 2887//146
f 405//7 2883//142 2888//147
f 405//7 2888//147 406//8
f 2883//142 2884//143 2889//148
f 2883//142 2889//148 2888//147
f 2886//145 2885//144 2890//149
f 2886//145 2890//149 2891//150
f 2885//144 2887//146 2892//465
f 2885//144 2892//465 2890//149
f 2887//146 2825//84 2827//86
f 2887//146 2827//86 2892//465
f 406//8 2888//147 2893//152
f 406//8 2893//152 407//9
f 2888//147 2889//148 2894//153
f 2888//147 2894//153 2893//152
f 2891//150 2890//149 2895//154
f 2891//150 2895//154 2896//155
f 2890//149 2892//465 2897//257
f 2890//149 2897//257 2895//154
f 2892//465 2827//86 2829//88
f 2892//465 2829//88 2897//257
f 407//9 2893//152 2898//157
f 407//9 2898//157 408//10
f 2893//152 2894//153 2899//158
f 2893//152 2899//158 2898//157
f 2896//155 2895//154 2900//159
f 2896//155 2900//159 2901//160
f 2895//154 2897//257 2902//161
f 2895//154 2902//161 2900//159
f 2897//257 2829//88 2831//90
f 2897//257 2831//90 2902//161
f 408//10 2898//157 2903//162
f 408//10 2903//162 409//11
f 2898//157 2899//158 2904//163
f 2898//157 2904//163 2903//162
f 2901//160 2900//159 2905//164
f 2901//160 2905//164 2906//165
f 2900//159 2902//161 2907//166
f 2900//159 2907//166 2905//164
f 2902//161 2831//90 2833//92
f 2902//161 2833//92 2907//166
f 409//11 2903//162 2908//167
f 409//11 2908//167 410//12
f 2903//162 2904//163 2909//168
f 2903//162 2909//168 2908//167
f 2906//165 2905//164 2910//169
f 2906//165 2910//169 2911//170
f 2905//164 2907//166 2912//171
f 2905//164 2912//171 2910//169
f 2907//166 2833//92 2835//94
f 2907//166 2835//94 2912//171
f 410//12 2908//167 2913//172
f 410//12 2913//172 411//24
f 2908//167 2909//168 2914//173
f 2908//167 2914//173 2913//172
f 2911//170 2910//169 2915//174
f 2911//170 2915//174 2916//175
f 2910//169 2912//171 2917//176
f 2910//169 2917//176 2915//174
f 2912//171 2835//94 2837//96
f 2912//171 2837//96 2917//176
f 411//24 2913//172 2918//177
f 411//24 2918//177 412//14
f 2913//172 2914//173 2919//178
f 2913//172 2919//178 2918//177
f 2916//175 2915//174 2920//179
f 2916//175 2920//179 2921//180
f 2915//174 2917//176 2922//181
f 2915//174 2922//181 2920//179
f 2917//176 2837//96 2839//98
f 2917//176 2839//98 2922//181
f 412//14 2918//177 2923//182
f 412//14 2923//182 413//15
f 2918//177 2919//178 2924//183
f 2918//177 2924//183 2923//182
f 2921//180 2920//179 2925//184
f 2921//180 2925//184 2926//185
f 2920//179 2922//181 2927//186
f 2920//179 2927//186 2925//184
f 2922//181 2839//98 2841//100
f 2922//181 2841//100 2927//186
f 413//15 2923//182 2928//187
f 413//15 2928//187 414//52
f 2923//182 2924//183 2929//188
f 2923//182 2929//188 2928//187
f 2926//185 2925//184 2930//261
f 2926//185 2930//261 2931//190
f 2925//184 2927//186 2932//191
f 2925//184 2932//191 2930//261
f 2927//186 2841//100 2843//102
f 2927//186 2843//102 2932//191
f 414//52 2928//187 2933//192
f 414//52 2933//192 415//50
f 2928//187 2929//188 2934//193
f 2928//187 2934//193 2933//192
f 2931//190 2930//261 2935//194
f 2931//190 2935//194 2936//195
f 2930//261 2932//191 2937//429
f 2930//261 2937//429 2935//194
f 2932//191 2843//102 2845//104
f 2932//191 2845//104 2937//429
f 415//50 2933//192 2938//197
f 415//50 2938//197 416//18
f 2933//192 2934//193 2939//198
f 2933//192 2939//198 2938//197
f 2936//195 2935//194 2940//199
f 2936//195 2940//199 2941//200
f 2935//194 2937//429 2942//281
f 2935//194 2942//281 2940//199
f 2937//429 2845//104 2847//106
f 2937//429 2847//106 2942//281
f 416//18 2938//197 2943//202
f 416//18 2943//202 417//19
f 2938//197 2939//198 2944//203
f 2938//197 2944//203 2943//202
f 2941//200 2940//199 2945//204
f 2941//200 2945//204 2946//205
f 2940//199 2942//281 2947//206
f 2940//199 2947//206 2945//204
f 2942//281 2847//106 2849//108
f 2942//281 2849//108 2947//206
f 417//19 2943//202 2948//207
f 417//19 2948//207 418//20
f 2943//202 2944//203 2949//208
f 2943//202 2949//208 2948//207
f 2946//205 2945//204 2950//466
f 2946//205 2950//466 2951//210
f 2945//204 2947//206 2952//211
f 2945//204 2952//211 2950//466
f 2947//206 2849//108 2851//110
f 2947//206 2851//110 2952//211
f 418//20 2948//207 2953//212
f 418//20 2953//212 419//21
f 2948//207 2949//208 2954//213
f 2948//207 2954//213 2953//212
f 2951//210 2950//466 2955//214
f 2951//210 2955//214 2956//467
f 2950//466 2952//211 2957//216
f 2950//466 2957//216 2955//214
f 2952//211 2851//110 2853//112
f 2952//211 2853//112 2957//216
f 419//21 2953//212 2958//459
f 419//21 2958//459 420//22
f 2953//212 2954//213 2959//218
f 2953//212 2959//218 2958//459
f 2956//467 2955//214 2960//219
f 2956//467 2960//219 2961//220
f 2955//214 2957//216 2962//221
f 2955//214 2962//221 2960//219
f 2957//216 2853//112 2855//114
f 2957//216 2855//114 2962//221
f 420//22 2958//459 2861//120
f 420//22 2861//120 402//4
f 2958//459 2959//218 2863//122
f 2958//459 2863//122 2861//120
f 2961//220 2960//219 2867//126
f 2961//220 2867//126 2866//125
f 2960//219 2962//221 2869//128
f 2960//219 2869//128 2867//126
f 2962//221 2855//114 2857//116
f 2962//221 2857//116 2869//128
f 2963//431 2965//432 2964//433
f 2963//431 2966//434 2965//432
f 2967//224 2968//224 2969//225
f 2967//224 2969//225 2970//225
f 2971//435 2972//226 2973//227
f 2971//435 2973//227 2974//227
f 2975//228 2977//229 2976//228
f 2975//228 2978//230 2977//229
f 2979//231 2980//231 2972//226
f 2979//231 2972//226 2971//435
f 2981//232 2976//228 2982//233
f 2981//232 2975//228 2976//228
f 2967//224 2983//234 2984//234
f 2967//224 2984//234 2968//224
f 2983//234 2985//235 2986//236
f 2983//234 2986//236 2984//234
f 2987//237 2981//232 2982//233
f 2987//237 2988//238 2981//232
f 2979//231 2989//239 2990//460
f 2979//231 2990//460 2980//231
f 2991//270 2992//241 2993//241
f 2991//270 2993//241 2994//240
f 2992//241 2970//225 2969//225
f 2992//241 2969//225 2993//241
f 2977//229 2996//242 2995//243
f 2977//229 2978//230 2996//242
f 2995//437 2998//438 2997//438
f 2995//437 2999//439 2998//438
f 2997//438 2963//431 2964//433
f 2997//438 2998//438 2963//431
f 2965//432 3001//440 3000//440
f 2965//432 2966//434 3001//440
f 3000//440 3003//441 3002//442
f 3000//440 3001//440 3003//441
f 3002//249 2974//227 2973//227
f 3002//249 2973//227 3004//249
f 3005//461 3006//78 3007//79
f 3005//461 3007//79 3008//250
f 3006//78 3009//81 3010//82
f 3006//78 3010//82 3007//79
f 3009//81 3011//83 3012//84
f 3009//81 3012//84 3010//82
f 3011//83 3013//85 3014//86
f 3011//83 3014//86 3012//84
f 3013//85 3015//87 3016//88
f 3013//85 3016//88 3014//86
f 3015//87 3017//89 3018//468
f 3015//87 3018//468 3016//88
f 3017//89 3019//91 3020//92
f 3017//89 3020//92 3018//468
f 3019//91 3021//93 3022//94
f 3019//91 3022//94 3020//92
f 3021//93 3023//95 3024//96
f 3021//93 3024//96 3022//94
f 3023//95 3025//97 3026//98
f 3023//95 3026//98 3024//96
f 3025//97 3027//99 3028//272
f 3025//97 3028//272 3026//98
f 3027//99 3029//101 3030//102
f 3027//99 3030//102 3028//272
f 3029//101 3031//103 3032//104
f 3029//101 3032//104 3030//102
f 3031//103 3033//105 3034//106
f 3031//103 3034//106 3032//104
f 3033//105 3035//107 3036//108
f 3033//105 3036//108 3034//106
f 3035//107 3037//109 3038//110
f 3035//107 3038//110 3036//108
f 3037//109 3039//111 3040//112
f 3037//109 3040//112 3038//110
f 3039//111 3041//113 3042//114
f 3039//111 3042//114 3040//112
f 3041//113 3043//115 3044//116
f 3041//113 3044//116 3042//114
f 3043//115 3045//117 3046//118
f 3043//115 3046//118 3044//116
f 3047//119 442//2 444//4
f 3047//119 444//4 3048//120
f 3049//121 3047//119 3048//120
f 3049//121 3048//120 3050//274
f 3051//252 3052//124 3053//125
f 3051//252 3053//125 3054//126
f 3046//118 3055//127 3056//128
f 3046//118 3056//128 3044//116
f 3055//127 3051//252 3054//126
f 3055//127 3054//126 3056//128
f 442//2 3047//119 3057//129
f 442//2 3057//129 445//5
f 3047//119 3049//121 3058//130
f 3047//119 3058//130 3057//129
f 3059//131 3060//132 3061//133
f 3059//131 3061//133 3062//449
f 3060//132 3063//135 3064//276
f 3060//132 3064//276 3061//133
f 3063//135 3008//250 3007//79
f 3063//135 3007//79 3064//276
f 445//5 3057//129 3065//137
f 445//5 3065//137 446//6
f 3057//129 3058//130 3066//138
f 3057//129 3066//138 3065//137
f 3062//449 3061//133 3067//139
f 3062//449 3067//139 3068//469
f 3061//133 3064//276 3069//256
f 3061//133 3069//256 3067//139
f 3064//276 3007//79 3010//82
f 3064//276 3010//82 3069//256
f 446//6 3065//137 3070//142
f 446//6 3070//142 447//7
f 3065//137 3066//138 3071//143
f 3065//137 3071//143 3070//142
f 3068//469 3067//139 3072//144
f 3068//469 3072//144 3073//145
f 3067//139 3069//256 3074//146
f 3067//139 3074//146 3072//144
f 3069//256 3010//82 3012//84
f 3069//256 3012//84 3074//146
f 447//7 3070//142 3075//147
f 447//7 3075//147 448//23
f 3070//142 3071//143 3076//148
f 3070//142 3076//148 3075//147
f 3073//145 3072//144 3077//149
f 3073//145 3077//149 3078//150
f 3072//144 3074//146 3079//151
f 3072//144 3079//151 3077//149
f 3074//146 3012//84 3014//86
f 3074//146 3014//86 3079//151
f 448//23 3075//147 3080//152
f 448//23 3080//152 449//9
f 3075//147 3076//148 3081//153
f 3075//147 3081//153 3080//152
f 3078//150 3077//149 3082//154
f 3078//150 3082//154 3083//155
f 3077//149 3079//151 3084//257
f 3077//149 3084//257 3082//154
f 3079//151 3014//86 3016//88
f 3079//151 3016//88 3084//257
f 449//9 3080//152 3085//157
f 449//9 3085//157 450//10
f 3080//152 3081//153 3086//158
f 3080//152 3086//158 3085//157
f 3083//155 3082//154 3087//159
f 3083//155 3087//159 3088//160
f 3082//154 3084//257 3089//470
f 3082//154 3089//470 3087//159
f 3084//257 3016//88 3018//468
f 3084//257 3018//468 3089//470
f 450//10 3085//157 3090//162
f 450//10 3090//162 451//27
f 3085//157 3086//158 3091//163
f 3085//157 3091//163 3090//162
f 3088//160 3087//159 3092//164
f 3088//160 3092//164 3093//427
f 3087//159 3089//470 3094//277
f 3087//159 3094//277 3092//164
f 3089//470 3018//468 3020//92
f 3089//470 3020//92 3094//277
f 451//27 3090//162 3095//167
f 451//27 3095//167 452//12
f 3090//162 3091//163 3096//168
f 3090//162 3096//168 3095//167
f 3093//427 3092//164 3097//169
f 3093//427 3097//169 3098//452
f 3092//164 3094//277 3099//471
f 3092//164 3099//471 3097//169
f 3094//277 3020//92 3022//94
f 3094//277 3022//94 3099//471
f 452//12 3095//167 3100//172
f 452//12 3100//172 453//24
f 3095//167 3096//168 3101//173
f 3095//167 3101//173 3100//172
f 3098//452 3097//169 3102//428
f 3098//452 3102//428 3103//175
f 3097//169 3099//471 3104//176
f 3097//169 3104//176 3102//428
f 3099//471 3022//94 3024//96
f 3099//471 3024//96 3104//176
f 453//24 3100//172 3105//177
f 453//24 3105//177 454//14
f 3100//172 3101//173 3106//178
f 3100//172 3106//178 3105//177
f 3103//175 3102//428 3107//179
f 3103//175 3107//179 3108//180
f 3102//428 3104//176 3109//278
f 3102//428 3109//278 3107//179
f 3104//176 3024//96 3026//98
f 3104//176 3026//98 3109//278
f 454//14 3105//177 3110//182
f 454//14 3110//182 455//15
f 3105//177 3106//178 3111//279
f 3105//177 3111//279 3110//182
f 3108//180 3107//179 3112//184
f 3108//180 3112//184 3113//185
f 3107//179 3109//278 3114//186
f 3107//179 3114//186 3112//184
f 3109//278 3026//98 3028//272
f 3109//278 3028//272 3114//186
f 455//15 3110//182 3115//187
f 455//15 3115//187 456//16
f 3110//182 3111//279 3116//188
f 3110//182 3116//188 3115//187
f 3113//185 3112//184 3117//261
f 3113//185 3117//261 3118//190
f 3112//184 3114//186 3119//191
f 3112//184 3119//191 3117//261
f 3114//186 3028//272 3030//102
f 3114//186 3030//102 3119//191
f 456//16 3115//187 3120//192
f 456//16 3120//192 457//28
f 3115//187 3116//188 3121//262
f 3115//187 3121//262 3120//192
f 3118//190 3117//261 3122//194
f 3118//190 3122//194 3123//195
f 3117//261 3119//191 3124//196
f 3117//261 3124//196 3122//194
f 3119//191 3030//102 3032//104
f 3119//191 3032//104 3124//196
f 457//28 3120//192 3125//197
f 457//28 3125//197 458//18
f 3120//192 3121//262 3126//198
f 3120//192 3126//198 3125//197
f 3123//195 3122//194 3127//199
f 3123//195 3127//199 3128//200
f 3122//194 3124//196 3129//201
f 3122//194 3129//201 3127//199
f 3124//196 3032//104 3034//106
f 3124//196 3034//106 3129//201
f 458//18 3125//197 3130//202
f 458//18 3130//202 459//19
f 3125//197 3126//198 3131//266
f 3125//197 3131//266 3130//202
f 3128//200 3127//199 3132//445
f 3128//200 3132//445 3133//205
f 3127//199 3129//201 3134//267
f 3127//199 3134//267 3132//445
f 3129//201 3034//106 3036//108
f 3129//201 3036//108 3134//267
f 459//19 3130//202 3135//207
f 459//19 3135//207 460//20
f 3130//202 3131//266 3136//208
f 3130//202 3136//208 3135//207
f 3133//205 3132//445 3137//466
f 3133//205 3137//466 3138//210
f 3132//445 3134//267 3139//282
f 3132//445 3139//282 3137//466
f 3134//267 3036//108 3038//110
f 3134//267 3038//110 3139//282
f 460//20 3135//207 3140//212
f 460//20 3140//212 461//21
f 3135//207 3136//208 3141//213
f 3135//207 3141//213 3140//212
f 3138//210 3137//466 3142//214
f 3138//210 3142//214 3143//215
f 3137//466 3139//282 3144//216
f 3137//466 3144//216 3142//214
f 3139//282 3038//110 3040//112
f 3139//282 3040//112 3144//216
f 461//21 3140//212 3145//217
f 461//21 3145//217 462//22
f 3140//212 3141//213 3146//218
f 3140//212 3146//218 3145//217
f 3143//215 3142//214 3147//219
f 3143//215 3147//219 3148//220
f 3142//214 3144//216 3149//221
f 3142//214 3149//221 3147//219
f 3144//216 3040//112 3042//114
f 3144//216 3042//114 3149//221
f 462//22 3145//217 3048//120
f 462//22 3048//120 444//4
f 3145//217 3146//218 3050//274
f 3145//217 3050//274 3048//120
f 3148//220 3147//219 3054//126
f 3148//220 3054//126 3053//125
f 3147//219 3149//221 3056//128
f 3147//219 3056//128 3054//126
f 3149//221 3042//114 3044//116
f 3149//221 3044//116 3056//128
f 3150//222 3151//222 3152//223
f 3150//222 3152//223 3153//223
f 3154//224 3155//224 3156//225
f 3154//224 3156//225 3157//225
f 3158//284 3160//285 3159//284
f 3158//284 3161//286 3160//285
f 3162//287 3163//425 3164//288
f 3162//287 3164//288 3165//288
f 3166//289 3159//284 3167//290
f 3166//289 3158//284 3159//284
f 3168//291 3169//291 3163//425
f 3168//291 3163//425 3162//287
f 3154//224 3170//234 3171//234
f 3154//224 3171//234 3155//224
f 3170//234 3172//472 3173//472
f 3170//234 3173//472 3171//234
f 3174//292 3169//291 3168//291
f 3174//292 3168//291 3175//292
f 3166//289 3177//473 3176//294
f 3166//289 3167//290 3177//473
f 3178//270 3179//241 3180//241
f 3178//270 3180//241 3181//240
f 3179//241 3157//225 3156//225
f 3179//241 3156//225 3180//241
f 3164//288 3182//297 3183//297
f 3164//288 3183//297 3165//288
f 3182//244 3184//245 3185//245
f 3182//244 3185//245 3186//244
f 3184//245 3151//222 3150//222
f 3184//245 3150//222 3185//245
f 3152//223 3187//246 3188//246
f 3152//223 3188//246 3153//223
f 3187//246 3189//247 3190//247
f 3187//246 3190//247 3188//246
f 3189//299 3160//285 3161//286
f 3189//299 3191//300 3160//285
f 3192//77 3193//78 3194//79
f 3192//77 3194//79 3195//250
f 3193//78 3196//81 3197//82
f 3193//78 3197//82 3194//79
f 3196//81 3198//83 3199//84
f 3196//81 3199//84 3197//82
f 3198//83 3200//85 3201//86
f 3198//83 3201//86 3199//84
f 3200//85 3202//87 3203//88
f 3200//85 3203//88 3201//86
f 3202//87 3204//89 3205//90
f 3202//87 3205//90 3203//88
f 3204//89 3206//91 3207//92
f 3204//89 3207//92 3205//90
f 3206//91 3208//93 3209//94
f 3206//91 3209//94 3207//92
f 3208//93 3210//95 3211//96
f 3208//93 3211//96 3209//94
f 3210//95 3212//97 3213//98
f 3210//95 3213//98 3211//96
f 3212//97 3214//99 3215//100
f 3212//97 3215//100 3213//98
f 3214//99 3216//101 3217//102
f 3214//99 3217//102 3215//100
f 3216//101 3218//103 3219//104
f 3216//101 3219//104 3217//102
f 3218//103 3220//105 3221//106
f 3218//103 3221//106 3219//104
f 3220//105 3222//107 3223//108
f 3220//105 3223//108 3221//106
f 3222//107 3224//109 3225//110
f 3222//107 3225//110 3223//108
f 3224//109 3226//111 3227//112
f 3224//109 3227//112 3225//110
f 3226//111 3228//113 3229//114
f 3226//111 3229//114 3227//112
f 3228//113 3230//115 3231//116
f 3228//113 3231//116 3229//114
f 3230//115 3232//117 3233//118
f 3230//115 3233//118 3231//116
f 3234//119 484//2 486//4
f 3234//119 486//4 3235//120
f 3236//121 3234//119 3235//120
f 3236//121 3235//120 3237//122
f 3238//252 3239//124 3240//125
f 3238//252 3240//125 3241//126
f 3233//118 3242//127 3243//128
f 3233//118 3243//128 3231//116
f 3242//127 3238//252 3241//126
f 3242//127 3241//126 3243//128
f 484//2 3234//119 3244//129
f 484//2 3244//129 487//5
f 3234//119 3236//121 3245//130
f 3234//119 3245//130 3244//129
f 3246//131 3247//132 3248//133
f 3246//131 3248//133 3249//134
f 3247//132 3250//135 3251//136
f 3247//132 3251//136 3248//133
f 3250//135 3195//250 3194//79
f 3250//135 3194//79 3251//136
f 487//5 3244//129 3252//137
f 487//5 3252//137 488//6
f 3244//129 3245//130 3253//138
f 3244//129 3253//138 3252//137
f 3249//134 3248//133 3254//139
f 3249//134 3254//139 3255//469
f 3248//133 3251//136 3256//256
f 3248//133 3256//256 3254//139
f 3251//136 3194//79 3197//82
f 3251//136 3197//82 3256//256
f 488//6 3252//137 3257//142
f 488//6 3257//142 489//7
f 3252//137 3253//138 3258//143
f 3252//137 3258//143 3257//142
f 3255//469 3254//139 3259//144
f 3255//469 3259//144 3260//145
f 3254//139 3256//256 3261//464
f 3254//139 3261//464 3259//144
f 3256//256 3197//82 3199//84
f 3256//256 3199//84 3261//464
f 489//7 3257//142 3262//147
f 489//7 3262//147 490//8
f 3257//142 3258//143 3263//148
f 3257//142 3263//148 3262//147
f 3260//145 3259//144 3264//149
f 3260//145 3264//149 3265//150
f 3259//144 3261//464 3266//151
f 3259//144 3266//151 3264//149
f 3261//464 3199//84 3201//86
f 3261//464 3201//86 3266//151
f 490//8 3262//147 3267//152
f 490//8 3267//152 491//9
f 3262//147 3263//148 3268//153
f 3262//147 3268//153 3267//152
f 3265//150 3264//149 3269//154
f 3265//150 3269//154 3270//155
f 3264//149 3266//151 3271//257
f 3264//149 3271//257 3269//154
f 3266//151 3201//86 3203//88
f 3266//151 3203//88 3271//257
f 491//9 3267//152 3272//157
f 491//9 3272//157 492//10
f 3267//152 3268//153 3273//158
f 3267//152 3273//158 3272//157
f 3270//155 3269//154 3274//159
f 3270//155 3274//159 3275//160
f 3269//154 3271//257 3276//161
f 3269//154 3276//161 3274//159
f 3271//257 3203//88 3205//90
f 3271//257 3205//90 3276//161
f 492//10 3272//157 3277//162
f 492//10 3277//162 493//27
f 3272//157 3273//158 3278//163
f 3272//157 3278//163 3277//162
f 3275//160 3274//159 3279//164
f 3275//160 3279//164 3280//427
f 3274//159 3276//161 3281//277
f 3274//159 3281//277 3279//164
f 3276//161 3205//90 3207//92
f 3276//161 3207//92 3281//277
f 493//27 3277//162 3282//167
f 493//27 3282//167 494//12
f 3277//162 3278//163 3283//168
f 3277//162 3283//168 3282//167
f 3280//427 3279//164 3284//169
f 3280//427 3284//169 3285//170
f 3279//164 3281//277 3286//171
f 3279//164 3286//171 3284//169
f 3281//277 3207//92 3209//94
f 3281//277 3209//94 3286//171
f 494//12 3282//167 3287//172
f 494//12 3287//172 495//24
f 3282//167 3283//168 3288//173
f 3282//167 3288//173 3287//172
f 3285//170 3284//169 3289//174
f 3285//170 3289//174 3290//175
f 3284//169 3286//171 3291//258
f 3284//169 3291//258 3289//174
f 3286//171 3209//94 3211//96
f 3286//171 3211//96 3291//258
f 495//24 3287//172 3292//177
f 495//24 3292//177 496//14
f 3287//172 3288//173 3293//178
f 3287//172 3293//178 3292//177
f 3290//175 3289//174 3294//179
f 3290//175 3294//179 3295//180
f 3289//174 3291//258 3296//181
f 3289//174 3296//181 3294//179
f 3291//258 3211//96 3213//98
f 3291//258 3213//98 3296//181
f 496//14 3292//177 3297//182
f 496//14 3297//182 497//15
f 3292//177 3293//178 3298//279
f 3292//177 3298//279 3297//182
f 3295//180 3294//179 3299//184
f 3295//180 3299//184 3300//185
f 3294//179 3296//181 3301//186
f 3294//179 3301//186 3299//184
f 3296//181 3213//98 3215//100
f 3296//181 3215//100 3301//186
f 497//15 3297//182 3302//187
f 497//15 3302//187 498//52
f 3297//182 3298//279 3303//474
f 3297//182 3303//474 3302//187
f 3300//185 3299//184 3304//189
f 3300//185 3304//189 3305//190
f 3299//184 3301//186 3306//191
f 3299//184 3306//191 3304//189
f 3301//186 3215//100 3217//102
f 3301//186 3217//102 3306//191
f 498//52 3302//187 3307//192
f 498//52 3307//192 499//28
f 3302//187 3303//474 3308//193
f 3302//187 3308//193 3307//192
f 3305//190 3304//189 3309//194
f 3305//190 3309//194 3310//195
f 3304//189 3306//191 3311//429
f 3304//189 3311//429 3309//194
f 3306//191 3217//102 3219//104
f 3306//191 3219//104 3311//429
f 499//28 3307//192 3312//197
f 499//28 3312//197 500//18
f 3307//192 3308//193 3313//198
f 3307//192 3313//198 3312//197
f 3310//195 3309//194 3314//199
f 3310//195 3314//199 3315//200
f 3309//194 3311//429 3316//281
f 3309//194 3316//281 3314//199
f 3311//429 3219//104 3221//106
f 3311//429 3221//106 3316//281
f 500//18 3312//197 3317//202
f 500//18 3317//202 501//19
f 3312//197 3313//198 3318//203
f 3312//197 3318//203 3317//202
f 3315//200 3314//199 3319//204
f 3315//200 3319//204 3320//205
f 3314//199 3316//281 3321//267
f 3314//199 3321//267 3319//204
f 3316//281 3221//106 3223//108
f 3316//281 3223//108 3321//267
f 501//19 3317//202 3322//207
f 501//19 3322//207 502//20
f 3317//202 3318//203 3323//208
f 3317//202 3323//208 3322//207
f 3320//205 3319//204 3324//209
f 3320//205 3324//209 3325//210
f 3319//204 3321//267 3326//282
f 3319//204 3326//282 3324//209
f 3321//267 3223//108 3225//110
f 3321//267 3225//110 3326//282
f 502//20 3322//207 3327//212
f 502//20 3327//212 503//21
f 3322//207 3323//208 3328//213
f 3322//207 3328//213 3327//212
f 3325//210 3324//209 3329//214
f 3325//210 3329//214 3330//215
f 3324//209 3326//282 3331//216
f 3324//209 3331//216 3329//214
f 3326//282 3225//110 3227//112
f 3326//282 3227//112 3331//216
f 503//21 3327//212 3332//217
f 503//21 3332//217 504//22
f 3327//212 3328//213 3333//218
f 3327//212 3333//218 3332//217
f 3330//215 3329//214 3334//219
f 3330//215 3334//219 3335//220
f 3329//214 3331//216 3336//221
f 3329//214 3336//221 3334//219
f 3331//216 3227//112 3229//114
f 3331//216 3229//114 3336//221
f 504//22 3332//217 3235//120
f 504//22 3235//120 486//4
f 3332//217 3333//218 3237//122
f 3332//217 3237//122 3235//120
f 3335//220 3334//219 3241//126
f 3335//220 3241//126 3240//125
f 3334//219 3336//221 3243//128
f 3334//219 3243//128 3241//126
f 3336//221 3229//114 3231//116
f 3336//221 3231//116 3243//128
f 3337//222 3338//222 3339//223
f 3337//222 3339//223 3340//223
f 3341//224 3342//224 3343//225
f 3341//224 3343//225 3344//225
f 3345//284 3347//285 3346//284
f 3345//284 3348//286 3347//285
f 3349//287 3350//425 3351//288
f 3349//287 3351//288 3352//288
f 3353//289 3346//284 3354//290
f 3353//289 3345//284 3346//284
f 3355//291 3356//291 3350//425
f 3355//291 3350//425 3349//287
f 3341//224 3357//234 3358//234
f 3341//224 3358//234 3342//224
f 3357//234 3359//235 3360//236
f 3357//234 3360//236 3358//234
f 3361//292 3356//291 3355//291
f 3361//292 3355//291 3362//292
f 3353//289 3364//293 3363//294
f 3353//289 3354//290 3364//293
f 3365//240 3366//241 3367//241
f 3365//240 3367//241 3368//240
f 3366//241 3344//225 3343//225
f 3366//241 3343//225 3367//241
f 3351//288 3369//297 3370//297
f 3351//288 3370//297 3352//288
f 3369//475 3371//245 3372//245
f 3369//475 3372//245 3373//244
f 3371//245 3338//222 3337//222
f 3371//245 3337//222 3372//245
f 3339//223 3374//246 3375//246
f 3339//223 3375//246 3340//223
f 3374//246 3376//247 3377//248
f 3374//246 3377//248 3375//246
f 3376//299 3347//285 3348//286
f 3376//299 3378//300 3347//285
f 3379//77 3380//78 3381//79
f 3379//77 3381//79 3382//250
f 3380//78 3383//81 3384//82
f 3380//78 3384//82 3381//79
f 3383//81 3385//83 3386//84
f 3383//81 3386//84 3384//82
f 3385//83 3387//85 3388//86
f 3385//83 3388//86 3386//84
f 3387//85 3389//87 3390//88
f 3387//85 3390//88 3388//86
f 3389//87 3391//89 3392//476
f 3389//87 3392//476 3390//88
f 3391//89 3393//91 3394//447
f 3391//89 3394//447 3392//476
f 3393//91 3395//93 3396//94
f 3393//91 3396//94 3394//447
f 3395//93 3397//95 3398//96
f 3395//93 3398//96 3396//94
f 3397//95 3399//97 3400//98
f 3397//95 3400//98 3398//96
f 3399//97 3401//99 3402//100
f 3399//97 3402//100 3400//98
f 3401//99 3403//101 3404//102
f 3401//99 3404//102 3402//100
f 3403//101 3405//103 3406//104
f 3403//101 3406//104 3404//102
f 3405//103 3407//105 3408//106
f 3405//103 3408//106 3406//104
f 3407//105 3409//107 3410//108
f 3407//105 3410//108 3408//106
f 3409//107 3411//109 3412//110
f 3409//107 3412//110 3410//108
f 3411//109 3413//111 3414//273
f 3411//109 3414//273 3412//110
f 3413//111 3415//113 3416//114
f 3413//111 3416//114 3414//273
f 3415//113 3417//115 3418//116
f 3415//113 3418//116 3416//114
f 3417//115 3419//117 3420//118
f 3417//115 3420//118 3418//116
f 3421//119 526//2 528//4
f 3421//119 528//4 3422//120
f 3423//121 3421//119 3422//120
f 3423//121 3422//120 3424//122
f 3425//477 3426//124 3427//448
f 3425//477 3427//448 3428//126
f 3420//118 3429//127 3430//128
f 3420//118 3430//128 3418//116
f 3429//127 3425//477 3428//126
f 3429//127 3428//126 3430//128
f 526//2 3421//119 3431//129
f 526//2 3431//129 529//5
f 3421//119 3423//121 3432//130
f 3421//119 3432//130 3431//129
f 3433//131 3434//132 3435//133
f 3433//131 3435//133 3436//449
f 3434//132 3437//450 3438//276
f 3434//132 3438//276 3435//133
f 3437//450 3382//250 3381//79
f 3437//450 3381//79 3438//276
f 529//5 3431//129 3439//137
f 529//5 3439//137 530//6
f 3431//129 3432//130 3440//138
f 3431//129 3440//138 3439//137
f 3436//449 3435//133 3441//139
f 3436//449 3441//139 3442//469
f 3435//133 3438//276 3443//256
f 3435//133 3443//256 3441//139
f 3438//276 3381//79 3384//82
f 3438//276 3384//82 3443//256
f 530//6 3439//137 3444//142
f 530//6 3444//142 531//7
f 3439//137 3440//138 3445//143
f 3439//137 3445//143 3444//142
f 3442//469 3441//139 3446//144
f 3442//469 3446//144 3447//145
f 3441//139 3443//256 3448//146
f 3441//139 3448//146 3446//144
f 3443//256 3384//82 3386//84
f 3443//256 3386//84 3448//146
f 531//7 3444//142 3449//147
f 531//7 3449//147 532//23
f 3444//142 3445//143 3450//148
f 3444//142 3450//148 3449//147
f 3447//145 3446//144 3451//149
f 3447//145 3451//149 3452//150
f 3446//144 3448//146 3453//151
f 3446//144 3453//151 3451//149
f 3448//146 3386//84 3388//86
f 3448//146 3388//86 3453//151
f 532//23 3449//147 3454//152
f 532//23 3454//152 533//9
f 3449//147 3450//148 3455//153
f 3449//147 3455//153 3454//152
f 3452//150 3451//149 3456//154
f 3452//150 3456//154 3457//155
f 3451//149 3453//151 3458//257
f 3451//149 3458//257 3456//154
f 3453//151 3388//86 3390//88
f 3453//151 3390//88 3458//257
f 533//9 3454//152 3459//157
f 533//9 3459//157 534//10
f 3454//152 3455//153 3460//158
f 3454//152 3460//158 3459//157
f 3457//155 3456//154 3461//451
f 3457//155 3461//451 3462//160
f 3456//154 3458//257 3463//161
f 3456//154 3463//161 3461//451
f 3458//257 3390//88 3392//476
f 3458//257 3392//476 3463//161
f 534//10 3459//157 3464//162
f 534//10 3464//162 535//11
f 3459//157 3460//158 3465//163
f 3459//157 3465//163 3464//162
f 3462//160 3461//451 3466//164
f 3462//160 3466//164 3467//165
f 3461//451 3463//161 3468//277
f 3461//451 3468//277 3466//164
f 3463//161 3392//476 3394//447
f 3463//161 3394//447 3468//277
f 535//11 3464//162 3469//167
f 535//11 3469//167 536//12
f 3464//162 3465//163 3470//168
f 3464//162 3470//168 3469//167
f 3467//165 3466//164 3471//169
f 3467//165 3471//169 3472//452
f 3466//164 3468//277 3473//171
f 3466//164 3473//171 3471//169
f 3468//277 3394//447 3396//94
f 3468//277 3396//94 3473//171
f 536//12 3469//167 3474//172
f 536//12 3474//172 537//24
f 3469//167 3470//168 3475//478
f 3469//167 3475//478 3474//172
f 3472//452 3471//169 3476//428
f 3472//452 3476//428 3477//453
f 3471//169 3473//171 3478//258
f 3471//169 3478//258 3476//428
f 3473//171 3396//94 3398//96
f 3473//171 3398//96 3478//258
f 537//24 3474//172 3479//177
f 537//24 3479//177 538//14
f 3474//172 3475//478 3480//178
f 3474//172 3480//178 3479//177
f 3477//453 3476//428 3481//179
f 3477//453 3481//179 3482//180
f 3476//428 3478//258 3483//278
f 3476//428 3483//278 3481//179
f 3478//258 3398//96 3400//98
f 3478//258 3400//98 3483//278
f 538//14 3479//177 3484//182
f 538//14 3484//182 539//15
f 3479//177 3480//178 3485//183
f 3479//177 3485//183 3484//182
f 3482//180 3481//179 3486//280
f 3482//180 3486//280 3487//185
f 3481//179 3483//278 3488//186
f 3481//179 3488//186 3486//280
f 3483//278 3400//98 3402//100
f 3483//278 3402//100 3488//186
f 539//15 3484//182 3489//187
f 539//15 3489//187 540//16
f 3484//182 3485//183 3490//479
f 3484//182 3490//479 3489//187
f 3487//185 3486//280 3491//261
f 3487//185 3491//261 3492//190
f 3486//280 3488//186 3493//191
f 3486//280 3493//191 3491//261
f 3488//186 3402//100 3404//102
f 3488//186 3404//102 3493//191
f 540//16 3489//187 3494//192
f 540//16 3494//192 541//28
f 3489//187 3490//479 3495//193
f 3489//187 3495//193 3494//192
f 3492//190 3491//261 3496//194
f 3492//190 3496//194 3497//195
f 3491//261 3493//191 3498//429
f 3491//261 3498//429 3496//194
f 3493//191 3404//102 3406//104
f 3493//191 3406//104 3498//429
f 541//28 3494//192 3499//197
f 541//28 3499//197 542//18
f 3494//192 3495//193 3500//198
f 3494//192 3500//198 3499//197
f 3497//195 3496//194 3501//199
f 3497//195 3501//199 3502//200
f 3496//194 3498//429 3503//201
f 3496//194 3503//201 3501//199
f 3498//429 3406//104 3408//106
f 3498//429 3408//106 3503//201
f 542//18 3499//197 3504//202
f 542//18 3504//202 543//26
f 3499//197 3500//198 3505//203
f 3499//197 3505//203 3504//202
f 3502//200 3501//199 3506//204
f 3502//200 3506//204 3507//205
f 3501//199 3503//201 3508//206
f 3501//199 3508//206 3506//204
f 3503//201 3408//106 3410//108
f 3503//201 3410//108 3508//206
f 543//26 3504//202 3509//207
f 543//26 3509//207 544//20
f 3504//202 3505//203 3510//208
f 3504//202 3510//208 3509//207
f 3507//205 3506//204 3511//209
f 3507//205 3511//209 3512//210
f 3506//204 3508//206 3513//282
f 3506//204 3513//282 3511//209
f 3508//206 3410//108 3412//110
f 3508//206 3412//110 3513//282
f 544//20 3509//207 3514//212
f 544//20 3514//212 545//21
f 3509//207 3510//208 3515//213
f 3509//207 3515//213 3514//212
f 3512//210 3511//209 3516//214
f 3512//210 3516//214 3517//215
f 3511//209 3513//282 3518//216
f 3511//209 3518//216 3516//214
f 3513//282 3412//110 3414//273
f 3513//282 3414//273 3518//216
f 545//21 3514//212 3519//217
f 545//21 3519//217 546//22
f 3514//212 3515//213 3520//218
f 3514//212 3520//218 3519//217
f 3517//215 3516//214 3521//219
f 3517//215 3521//219 3522//220
f 3516//214 3518//216 3523//221
f 3516//214 3523//221 3521//219
f 3518//216 3414//273 3416//114
f 3518//216 3416//114 3523//221
f 546//22 3519//217 3422//120
f 546//22 3422//120 528//4
f 3519//217 3520//218 3424//122
f 3519//217 3424//122 3422//120
f 3522//220 3521//219 3428//126
f 3522//220 3428//126 3427//448
f 3521//219 3523//221 3430//128
f 3521//219 3430//128 3428//126
f 3523//221 3416//114 3418//116
f 3523//221 3418//116 3430//128
f 3524//222 3525//222 3526//223
f 3524//222 3526//223 3527//223
f 3528//224 3529//224 3530//225
f 3528//224 3530//225 3531//225
f 3532//435 3533//226 3534//227
f 3532//435 3534//227 3535//227
f 3536//228 3538//229 3537//228
f 3536//228 3539//230 3538//229
f 3540//231 3541//231 3533//226
f 3540//231 3533//226 3532//435
f 3542//232 3537//228 3543//233
f 3542//232 3536//228 3537//228
f 3528//224 3544//234 3545//234
f 3528//224 3545//234 3529//224
f 3544//234 3546//235 3547//235
f 3544//234 3547//235 3545//234
f 3548//237 3542//232 3543//233
f 3548//237 3549//238 3542//232
f 3540//231 3550//239 3551//460
f 3540//231 3551//460 3541//231
f 3552//240 3553//241 3554//241
f 3552//240 3554//241 3555//240
f 3553//241 3531//225 3530//225
f 3553//241 3530//225 3554//241
f 3538//229 3557//242 3556//243
f 3538//229 3539//230 3557//242
f 3556//244 3558//245 3559//245
f 3556//244 3559//245 3560//244
f 3558//245 3525//222 3524//222
f 3558//245 3524//222 3559//245
f 3526//223 3561//246 3562//246
f 3526//223 3562//246 3527//223
f 3561//246 3563//247 3564//247
f 3561//246 3564//247 3562//246
f 3563//249 3535//227 3534//227
f 3563//249 3534//227 3565//249
f 3566//461 3567//78 3568//480
f 3566//461 3568//480 3569//302
f 3567//78 3570//81 3571//481
f 3567//78 3571//481 3568//480
f 3570//81 3572//83 3573//304
f 3570//81 3573//304 3571//481
f 3572//83 3574//85 3575//305
f 3572//83 3575//305 3573//304
f 3574//85 3576//87 3577//306
f 3574//85 3577//306 3575//305
f 3576//87 3578//89 3579//307
f 3576//87 3579//307 3577//306
f 3578//89 3580//91 3581//308
f 3578//89 3581//308 3579//307
f 3580//91 3582//93 3583//309
f 3580//91 3583//309 3581//308
f 3582//93 3584//95 3585//482
f 3582//93 3585//482 3583//309
f 3584//95 3586//97 3587//311
f 3584//95 3587//311 3585//482
f 3586//97 3588//99 3589//312
f 3586//97 3589//312 3587//311
f 3588//99 3590//101 3591//483
f 3588//99 3591//483 3589//312
f 3590//101 3592//103 3593//314
f 3590//101 3593//314 3591//483
f 3592//103 3594//105 3595//484
f 3592//103 3595//484 3593//314
f 3594//105 3596//107 3597//316
f 3594//105 3597//316 3595//484
f 3596//107 3598//109 3599//485
f 3596//107 3599//485 3597//316
f 3598//109 3600//111 3601//318
f 3598//109 3601//318 3599//485
f 3600//111 3602//113 3603//319
f 3600//111 3603//319 3601//318
f 3602//113 3604//115 3605//320
f 3602//113 3605//320 3603//319
f 3604//115 3606//117 3607//321
f 3604//115 3607//321 3605//320
f 3608//322 568//29 570//30
f 3608//322 570//30 3609//323
f 3610//324 3608//322 3609//323
f 3610//324 3609//323 3611//325
f 3612//486 3613//327 3614//328
f 3612//486 3614//328 3615//329
f 3607//321 3616//487 3617//488
f 3607//321 3617//488 3605//320
f 3616//487 3612//486 3615//329
f 3616//487 3615//329 3617//488
f 568//29 3608//322 3618//489
f 568//29 3618//489 571//31
f 3608//322 3610//324 3619//333
f 3608//322 3619//333 3618//489
f 3620//334 3621//490 3622//336
f 3620//334 3622//336 3623//337
f 3621//490 3624//338 3625//339
f 3621//490 3625//339 3622//336
f 3624//338 3569//302 3568//480
f 3624//338 3568//480 3625//339
f 571//31 3618//489 3626//340
f 571//31 3626//340 572//32
f 3618//489 3619//333 3627//341
f 3618//489 3627//341 3626//340
f 3623//337 3622//336 3628//342
f 3623//337 3628//342 3629//343
f 3622//336 3625//339 3630//344
f 3622//336 3630//344 3628//342
f 3625//339 3568//480 3571//481
f 3625//339 3571//481 3630//344
f 572//32 3626//340 3631//345
f 572//32 3631//345 573//33
f 3626//340 3627//341 3632//346
f 3626//340 3632//346 3631//345
f 3629//343 3628//342 3633//347
f 3629//343 3633//347 3634//348
f 3628//342 3630//344 3635//349
f 3628//342 3635//349 3633//347
f 3630//344 3571//481 3573//304
f 3630//344 3573//304 3635//349
f 573//33 3631//345 3636//350
f 573//33 3636//350 574//53
f 3631//345 3632//346 3637//351
f 3631//345 3637//351 3636//350
f 3634//348 3633//347 3638//352
f 3634//348 3638//352 3639//353
f 3633//347 3635//349 3640//354
f 3633//347 3640//354 3638//352
f 3635//349 3573//304 3575//305
f 3635//349 3575//305 3640//354
f 574//53 3636//350 3641//355
f 574//53 3641//355 575//35
f 3636//350 3637//351 3642//356
f 3636//350 3642//356 3641//355
f 3639//353 3638//352 3643//357
f 3639//353 3643//357 3644//358
f 3638//352 3640//354 3645//359
f 3638//352 3645//359 3643//357
f 3640//354 3575//305 3577//306
f 3640//354 3577//306 3645//359
f 575//35 3641//355 3646//360
f 575//35 3646//360 576//36
f 3641//355 3642//356 3647//361
f 3641//355 3647//361 3646//360
f 3644//358 3643//357 3648//362
f 3644//358 3648//362 3649//363
f 3643//357 3645//359 3650//364
f 3643//357 3650//364 3648//362
f 3645//359 3577//306 3579//307
f 3645//359 3579//307 3650//364
f 576//36 3646//360 3651//365
f 576//36 3651//365 577//37
f 3646//360 3647//361 3652//366
f 3646//360 3652//366 3651//365
f 3649//363 3648//362 3653//367
f 3649//363 3653//367 3654//491
f 3648//362 3650//364 3655//492
f 3648//362 3655//492 3653//367
f 3650//364 3579//307 3581//308
f 3650//364 3581//308 3655//492
f 577//37 3651//365 3656//370
f 577//37 3656//370 578//38
f 3651//365 3652//366 3657//371
f 3651//365 3657//371 3656//370
f 3654//491 3653//367 3658//372
f 3654//491 3658//372 3659//373
f 3653//367 3655//492 3660//374
f 3653//367 3660//374 3658//372
f 3655//492 3581//308 3583//309
f 3655//492 3583//309 3660//374
f 578//38 3656//370 3661//375
f 578//38 3661//375 579//39
f 3656//370 3657//371 3662//376
f 3656//370 3662//376 3661//375
f 3659//373 3658//372 3663//377
f 3659//373 3663//377 3664//378
f 3658//372 3660//374 3665//493
f 3658//372 3665//493 3663//377
f 3660//374 3583//309 3585//482
f 3660//374 3585//482 3665//493
f 579//39 3661//375 3666//380
f 579//39 3666//380 580//54
f 3661//375 3662//376 3667//381
f 3661//375 3667//381 3666//380
f 3664//378 3663//377 3668//382
f 3664//378 3668//382 3669//383
f 3663//377 3665//493 3670//384
f 3663//377 3670//384 3668//382
f 3665//493 3585//482 3587//311
f 3665//493 3587//311 3670//384
f 580//54 3666//380 3671//385
f 580//54 3671//385 581//41
f 3666//380 3667//381 3672//386
f 3666//380 3672//386 3671//385
f 3669//383 3668//382 3673//387
f 3669//383 3673//387 3674//388
f 3668//382 3670//384 3675//389
f 3668//382 3675//389 3673//387
f 3670//384 3587//311 3589//312
f 3670//384 3589//312 3675//389
f 581//41 3671//385 3676//390
f 581//41 3676//390 582//42
f 3671//385 3672//386 3677//391
f 3671//385 3677//391 3676//390
f 3674//388 3673//387 3678//392
f 3674//388 3678//392 3679//393
f 3673//387 3675//389 3680//394
f 3673//387 3680//394 3678//392
f 3675//389 3589//312 3591//483
f 3675//389 3591//483 3680//394
f 582//42 3676//390 3681//395
f 582//42 3681//395 583//43
f 3676//390 3677//391 3682//396
f 3676//390 3682//396 3681//395
f 3679//393 3678//392 3683//397
f 3679//393 3683//397 3684//398
f 3678//392 3680//394 3685//399
f 3678//392 3685//399 3683//397
f 3680//394 3591//483 3593//314
f 3680//394 3593//314 3685//399
f 583//43 3681//395 3686//400
f 583//43 3686//400 584//55
f 3681//395 3682//396 3687//401
f 3681//395 3687//401 3686//400
f 3684//398 3683//397 3688//402
f 3684//398 3688//402 3689//403
f 3683//397 3685//399 3690//404
f 3683//397 3690//404 3688//402
f 3685//399 3593//314 3595//484
f 3685//399 3595//484 3690//404
f 584//55 3686//400 3691//405
f 584//55 3691//405 585//45
f 3686//400 3687//401 3692//406
f 3686//400 3692//406 3691//405
f 3689//403 3688//402 3693//407
f 3689//403 3693//407 3694//494
f 3688//402 3690//404 3695//409
f 3688//402 3695//409 3693//407
f 3690//404 3595//484 3597//316
f 3690//404 3597//316 3695//409
f 585//45 3691//405 3696//410
f 585//45 3696//410 586//46
f 3691//405 3692//406 3697//411
f 3691//405 3697//411 3696//410
f 3694//494 3693//407 3698//412
f 3694//494 3698//412 3699//413
f 3693//407 3695//409 3700//495
f 3693//407 3700//495 3698//412
f 3695//409 3597//316 3599//485
f 3695//409 3599//485 3700//495
f 586//46 3696//410 3701//415
f 586//46 3701//415 587//56
f 3696//410 3697//411 3702//416
f 3696//410 3702//416 3701//415
f 3699//413 3698//412 3703//417
f 3699//413 3703//417 3704//418
f 3698//412 3700//495 3705//419
f 3698//412 3705//419 3703//417
f 3700//495 3599//485 3601//318
f 3700//495 3601//318 3705//419
f 587//56 3701//415 3706//420
f 587//56 3706//420 588//48
f 3701//415 3702//416 3707//421
f 3701//415 3707//421 3706//420
f 3704//418 3703//417 3708//422
f 3704//418 3708//422 3709//423
f 3703//417 3705//419 3710//424
f 3703//417 3710//424 3708//422
f 3705//419 3601//318 3603//319
f 3705//419 3603//319 3710//424
f 588//48 3706//420 3609//323
f 588//48 3609//323 570//30
f 3706//420 3707//421 3611//325
f 3706//420 3611//325 3609//323
f 3709//423 3708//422 3615//329
f 3709//423 3615//329 3614//328
f 3708//422 3710//424 3617//488
f 3708//422 3617//488 3615//329
f 3710//424 3603//319 3605//320
f 3710//424 3605//320 3617//488
f 3711//222 3712//222 3713//223
f 3711//222 3713//223 3714//223
f 3715//224 3716//224 3717//225
f 3715//224 3717//225 3718//225
f 3719//435 3720//226 3721//227
f 3719//435 3721//227 3722//227
f 3723//228 3725//229 3724//228
f 3723//228 3726//230 3725//229
f 3727//231 3728//231 3720//226
f 3727//231 3720//226 3719//435
f 3729//232 3724//228 3730//233
f 3729//232 3723//228 3724//228
f 3715//224 3731//234 3732//234
f 3715//224 3732//234 3716//224
f 3731//234 3733//235 3734//236
f 3731//234 3734//236 3732//234
f 3735//237 3729//232 3730//233
f 3735//237 3736//238 3729//232
f 3727//231 3737//239 3738//239
f 3727//231 3738//239 3728//231
f 3739//296 3740//241 3741//241
f 3739//296 3741//241 3742//296
f 3740//241 3718//225 3717//225
f 3740//241 3717//225 3741//241
f 3725//229 3744//242 3743//243
f 3725//229 3726//230 3744//242
f 3743//244 3745//245 3746//245
f 3743//244 3746//245 3747//244
f 3745//245 3712//222 3711//222
f 3745//245 3711//222 3746//245
f 3713//223 3748//246 3749//246
f 3713//223 3749//246 3714//223
f 3748//246 3750//247 3751//247
f 3748//246 3751//247 3749//246
f 3750//249 3722//227 3721//227
f 3750//249 3721//227 3752//249
f 3753//77 3754//78 3755//301
f 3753//77 3755//301 3756//302
f 3754//78 3757//81 3758//496
f 3754//78 3758//496 3755//301
f 3757//81 3759//83 3760//497
f 3757//81 3760//497 3758//496
f 3759//83 3761//85 3762//305
f 3759//83 3762//305 3760//497
f 3761//85 3763//87 3764//498
f 3761//85 3764//498 3762//305
f 3763//87 3765//89 3766//307
f 3763//87 3766//307 3764//498
f 3765//89 3767//91 3768//308
f 3765//89 3768//308 3766//307
f 3767//91 3769//93 3770//309
f 3767//91 3770//309 3768//308
f 3769//93 3771//95 3772//482
f 3769//93 3772//482 3770//309
f 3771//95 3773//97 3774//311
f 3771//95 3774//311 3772//482
f 3773//97 3775//99 3776//312
f 3773//97 3776//312 3774//311
f 3775//99 3777//101 3778//483
f 3775//99 3778//483 3776//312
f 3777//101 3779//103 3780//314
f 3777//101 3780//314 3778//483
f 3779//103 3781//105 3782//484
f 3779//103 3782//484 3780//314
f 3781//105 3783//107 3784//316
f 3781//105 3784//316 3782//484
f 3783//107 3785//109 3786//485
f 3783//107 3786//485 3784//316
f 3785//109 3787//111 3788//318
f 3785//109 3788//318 3786//485
f 3787//111 3789//113 3790//319
f 3787//111 3790//319 3788//318
f 3789//113 3791//115 3792//320
f 3789//113 3792//320 3790//319
f 3791//115 3793//117 3794//321
f 3791//115 3794//321 3792//320
f 3795//499 610//57 612//58
f 3795//499 612//58 3796//500
f 3797//324 3795//499 3796//500
f 3797//324 3796//500 3798//325
f 3799//486 3800//327 3801//328
f 3799//486 3801//328 3802//329
f 3794//321 3803//330 3804//331
f 3794//321 3804//331 3792//320
f 3803//330 3799//486 3802//329
f 3803//330 3802//329 3804//331
f 610//57 3795//499 3805//489
f 610//57 3805//489 613//31
f 3795//499 3797//324 3806//333
f 3795//499 3806//333 3805//489
f 3807//334 3808//335 3809//336
f 3807//334 3809//336 3810//337
f 3808//335 3811//338 3812//339
f 3808//335 3812//339 3809//336
f 3811//338 3756//302 3755//301
f 3811//338 3755//301 3812//339
f 613//31 3805//489 3813//340
f 613//31 3813//340 614//32
f 3805//489 3806//333 3814//341
f 3805//489 3814//341 3813//340
f 3810//337 3809//336 3815//342
f 3810//337 3815//342 3816//343
f 3809//336 3812//339 3817//344
f 3809//336 3817//344 3815//342
f 3812//339 3755//301 3758//496
f 3812//339 3758//496 3817//344
f 614//32 3813//340 3818//345
f 614//32 3818//345 615//33
f 3813//340 3814//341 3819//346
f 3813//340 3819//346 3818//345
f 3816//343 3815//342 3820//347
f 3816//343 3820//347 3821//348
f 3815//342 3817//344 3822//501
f 3815//342 3822//501 3820//347
f 3817//344 3758//496 3760//497
f 3817//344 3760//497 3822//501
f 615//33 3818//345 3823//350
f 615//33 3823//350 616//34
f 3818//345 3819//346 3824//351
f 3818//345 3824//351 3823//350
f 3821//348 3820//347 3825//352
f 3821//348 3825//352 3826//353
f 3820//347 3822//501 3827//354
f 3820//347 3827//354 3825//352
f 3822//501 3760//497 3762//305
f 3822//501 3762//305 3827//354
f 616//34 3823//350 3828//355
f 616//34 3828//355 617//59
f 3823//350 3824//351 3829//356
f 3823//350 3829//356 3828//355
f 3826//353 3825//352 3830//357
f 3826//353 3830//357 3831//358
f 3825//352 3827//354 3832//359
f 3825//352 3832//359 3830//357
f 3827//354 3762//305 3764//498
f 3827//354 3764//498 3832//359
f 617//59 3828//355 3833//360
f 617//59 3833//360 618//36
f 3828//355 3829//356 3834//361
f 3828//355 3834//361 3833//360
f 3831//358 3830//357 3835//362
f 3831//358 3835//362 3836//363
f 3830//357 3832//359 3837//364
f 3830//357 3837//364 3835//362
f 3832//359 3764//498 3766//307
f 3832//359 3766//307 3837//364
f 618//36 3833//360 3838//365
f 618//36 3838//365 619//60
f 3833//360 3834//361 3839//366
f 3833//360 3839//366 3838//365
f 3836//363 3835//362 3840//367
f 3836//363 3840//367 3841//368
f 3835//362 3837//364 3842//502
f 3835//362 3842//502 3840//367
f 3837//364 3766//307 3768//308
f 3837//364 3768//308 3842//502
f 619//60 3838//365 3843//370
f 619//60 3843//370 620//61
f 3838//365 3839//366 3844//371
f 3838//365 3844//371 3843//370
f 3841//368 3840//367 3845//503
f 3841//368 3845//503 3846//373
f 3840//367 3842//502 3847//504
f 3840//367 3847//504 3845//503
f 3842//502 3768//308 3770//309
f 3842//502 3770//309 3847//504
f 620//61 3843//370 3848//505
f 620//61 3848//505 621//39
f 3843//370 3844//371 3849//376
f 3843//370 3849//376 3848//505
f 3846//373 3845//503 3850//377
f 3846//373 3850//377 3851//378
f 3845//503 3847//504 3852//379
f 3845//503 3852//379 3850//377
f 3847//504 3770//309 3772//482
f 3847//504 3772//482 3852//379
f 621//39 3848//505 3853//380
f 621//39 3853//380 622//40
f 3848//505 3849//376 3854//506
f 3848//505 3854//506 3853//380
f 3851//378 3850//377 3855//382
f 3851//378 3855//382 3856//383
f 3850//377 3852//379 3857//384
f 3850//377 3857//384 3855//382
f 3852//379 3772//482 3774//311
f 3852//379 3774//311 3857//384
f 622//40 3853//380 3858//385
f 622//40 3858//385 623//41
f 3853//380 3854//506 3859//386
f 3853//380 3859//386 3858//385
f 3856//383 3855//382 3860//387
f 3856//383 3860//387 3861//388
f 3855//382 3857//384 3862//389
f 3855//382 3862//389 3860//387
f 3857//384 3774//311 3776//312
f 3857//384 3776//312 3862//389
f 623//41 3858//385 3863//390
f 623//41 3863//390 624//62
f 3858//385 3859//386 3864//391
f 3858//385 3864//391 3863//390
f 3861//388 3860//387 3865//392
f 3861//388 3865//392 3866//393
f 3860//387 3862//389 3867//507
f 3860//387 3867//507 3865//392
f 3862//389 3776//312 3778//483
f 3862//389 3778//483 3867//507
f 624//62 3863//390 3868//395
f 624//62 3868//395 625//63
f 3863//390 3864//391 3869//396
f 3863//390 3869//396 3868//395
f 3866//393 3865//392 3870//397
f 3866//393 3870//397 3871//398
f 3865//392 3867//507 3872//399
f 3865//392 3872//399 3870//397
f 3867//507 3778//483 3780//314
f 3867//507 3780//314 3872//399
f 625//63 3868//395 3873//400
f 625//63 3873//400 626//55
f 3868//395 3869//396 3874//401
f 3868//395 3874//401 3873//400
f 3871//398 3870//397 3875//402
f 3871//398 3875//402 3876//403
f 3870//397 3872//399 3877//404
f 3870//397 3877//404 3875//402
f 3872//399 3780//314 3782//484
f 3872//399 3782//484 3877//404
f 626//55 3873//400 3878//405
f 626//55 3878//405 627//45
f 3873//400 3874//401 3879//406
f 3873//400 3879//406 3878//405
f 3876//403 3875//402 3880//407
f 3876//403 3880//407 3881//408
f 3875//402 3877//404 3882//409
f 3875//402 3882//409 3880//407
f 3877//404 3782//484 3784//316
f 3877//404 3784//316 3882//409
f 627//45 3878//405 3883//410
f 627//45 3883//410 628//46
f 3878//405 3879//406 3884//411
f 3878//405 3884//411 3883//410
f 3881//408 3880//407 3885//412
f 3881//408 3885//412 3886//413
f 3880//407 3882//409 3887//414
f 3880//407 3887//414 3885//412
f 3882//409 3784//316 3786//485
f 3882//409 3786//485 3887//414
f 628//46 3883//410 3888//415
f 628//46 3888//415 629//47
f 3883//410 3884//411 3889//416
f 3883//410 3889//416 3888//415
f 3886//413 3885//412 3890//417
f 3886//413 3890//417 3891//508
f 3885//412 3887//414 3892//419
f 3885//412 3892//419 3890//417
f 3887//414 3786//485 3788//318
f 3887//414 3788//318 3892//419
f 629//47 3888//415 3893//420
f 629//47 3893//420 630//48
f 3888//415 3889//416 3894//421
f 3888//415 3894//421 3893//420
f 3891//508 3890//417 3895//422
f 3891//508 3895//422 3896//423
f 3890//417 3892//419 3897//424
f 3890//417 3897//424 3895//422
f 3892//419 3788//318 3790//319
f 3892//419 3790//319 3897//424
f 630//48 3893//420 3796//500
f 630//48 3796//500 612//58
f 3893//420 3894//421 3798//325
f 3893//420 3798//325 3796//500
f 3896//423 3895//422 3802//329
f 3896//423 3802//329 3801//328
f 3895//422 3897//424 3804//331
f 3895//422 3804//331 3802//329
f 3897//424 3790//319 3792//320
f 3897//424 3792//320 3804//331
f 3898//222 3899//222 3900//223
f 3898//222 3900//223 3901//223
f 3902//509 3904//510 3903//511
f 3902//509 3905//512 3904//510
f 3906//284 3908//285 3907//284
f 3906//284 3909//286 3908//285
f 3910//425 3911//425 3912//288
f 3910//425 3912//288 3913//288
f 3914//289 3907//284 3915//290
f 3914//289 3906//284 3907//284
f 3916//291 3917//291 3911//425
f 3916//291 3911//425 3910//425
f 3902//509 3919//513 3918//513
f 3902//509 3903//511 3919//513
f 3918//513 3921//514 3920//515
f 3918//513 3919//513 3921//514
f 3922//292 3917//291 3916//291
f 3922//292 3916//291 3923//292
f 3914//289 3925//293 3924//294
f 3914//289 3915//290 3925//293
f 3926//516 3928//517 3927//517
f 3926//516 3929//518 3928//517
f 3927//517 3904//510 3905//512
f 3927//517 3928//517 3904//510
f 3912//288 3930//297 3931//298
f 3912//288 3931//298 3913//288
f 3930//244 3932//245 3933//245
f 3930//244 3933//245 3934//244
f 3932//245 3899//222 3898//222
f 3932//245 3898//222 3933//245
f 3900//223 3935//246 3936//246
f 3900//223 3936//246 3901//223
f 3935//246 3937//247 3938//248
f 3935//246 3938//248 3936//246
f 3937//299 3908//285 3909//286
f 3937//299 3939//300 3908//285
f 3940//77 3941//78 3942//301
f 3940//77 3942//301 3943//302
f 3941//78 3944//81 3945//496
f 3941//78 3945//496 3942//301
f 3944//81 3946//83 3947//497
f 3944//81 3947//497 3945//496
f 3946//83 3948//85 3949//305
f 3946//83 3949//305 3947//497
f 3948//85 3950//87 3951//498
f 3948//85 3951//498 3949//305
f 3950//87 3952//89 3953//307
f 3950//87 3953//307 3951//498
f 3952//89 3954//91 3955//519
f 3952//89 3955//519 3953//307
f 3954//91 3956//93 3957//309
f 3954//91 3957//309 3955//519
f 3956//93 3958//95 3959//310
f 3956//93 3959//310 3957//309
f 3958//95 3960//97 3961//520
f 3958//95 3961//520 3959//310
f 3960//97 3962//99 3963//312
f 3960//97 3963//312 3961//520
f 3962//99 3964//101 3965//483
f 3962//99 3965//483 3963//312
f 3964//101 3966//103 3967//521
f 3964//101 3967//521 3965//483
f 3966//103 3968//105 3969//315
f 3966//103 3969//315 3967//521
f 3968//105 3970//107 3971//522
f 3968//105 3971//522 3969//315
f 3970//107 3972//109 3973//317
f 3970//107 3973//317 3971//522
f 3972//109 3974//111 3975//318
f 3972//109 3975//318 3973//317
f 3974//111 3976//113 3977//523
f 3974//111 3977//523 3975//318
f 3976//113 3978//115 3979//320
f 3976//113 3979//320 3977//523
f 3978//115 3980//117 3981//321
f 3978//115 3981//321 3979//320
f 3982//322 652//57 654//30
f 3982//322 654//30 3983//500
f 3984//324 3982//322 3983//500
f 3984//324 3983//500 3985//325
f 3986//486 3987//327 3988//328
f 3986//486 3988//328 3989//329
f 3981//321 3990//330 3991//488
f 3981//321 3991//488 3979//320
f 3990//330 3986//486 3989//329
f 3990//330 3989//329 3991//488
f 652//57 3982//322 3992//489
f 652//57 3992//489 655//31
f 3982//322 3984//324 3993//333
f 3982//322 3993//333 3992//489
f 3994//334 3995//490 3996//336
f 3994//334 3996//336 3997//524
f 3995//490 3998//338 3999//525
f 3995//490 3999//525 3996//336
f 3998//338 3943//302 3942//301
f 3998//338 3942//301 3999//525
f 655//31 3992//489 4000//340
f 655//31 4000//340 656//32
f 3992//489 3993//333 4001//341
f 3992//489 4001//341 4000//340
f 3997//524 3996//336 4002//342
f 3997//524 4002//342 4003//343
f 3996//336 3999//525 4004//526
f 3996//336 4004//526 4002//342
f 3999//525 3942//301 3945//496
f 3999//525 3945//496 4004//526
f 656//32 4000//340 4005//345
f 656//32 4005//345 657//33
f 4000//340 4001//341 4006//346
f 4000//340 4006//346 4005//345
f 4003//343 4002//342 4007//347
f 4003//343 4007//347 4008//348
f 4002//342 4004//526 4009//349
f 4002//342 4009//349 4007//347
f 4004//526 3945//496 3947//497
f 4004//526 3947//497 4009//349
f 657//33 4005//345 4010//350
f 657//33 4010//350 658//34
f 4005//345 4006//346 4011//527
f 4005//345 4011//527 4010//350
f 4008//348 4007//347 4012//352
f 4008//348 4012//352 4013//353
f 4007//347 4009//349 4014//354
f 4007//347 4014//354 4012//352
f 4009//349 3947//497 3949//305
f 4009//349 3949//305 4014//354
f 658//34 4010//350 4015//355
f 658//34 4015//355 659//35
f 4010//350 4011//527 4016//356
f 4010//350 4016//356 4015//355
f 4013//353 4012//352 4017//357
f 4013//353 4017//357 4018//528
f 4012//352 4014//354 4019//359
f 4012//352 4019//359 4017//357
f 4014//354 3949//305 3951//498
f 4014//354 3951//498 4019//359
f 659//35 4015//355 4020//360
f 659//35 4020//360 660//36
f 4015//355 4016//356 4021//529
f 4015//355 4021//529 4020//360
f 4018//528 4017//357 4022//530
f 4018//528 4022//530 4023//363
f 4017//357 4019//359 4024//364
f 4017//357 4024//364 4022//530
f 4019//359 3951//498 3953//307
f 4019//359 3953//307 4024//364
f 660//36 4020//360 4025//365
f 660//36 4025//365 661//60
f 4020//360 4021//529 4026//366
f 4020//360 4026//366 4025//365
f 4023//363 4022//530 4027//367
f 4023//363 4027//367 4028//531
f 4022//530 4024//364 4029//492
f 4022//530 4029//492 4027//367
f 4024//364 3953//307 3955//519
f 4024//364 3955//519 4029//492
f 661//60 4025//365 4030//370
f 661//60 4030//370 662//38
f 4025//365 4026//366 4031//371
f 4025//365 4031//371 4030//370
f 4028//531 4027//367 4032//372
f 4028//531 4032//372 4033//373
f 4027//367 4029//492 4034//374
f 4027//367 4034//374 4032//372
f 4029//492 3955//519 3957//309
f 4029//492 3957//309 4034//374
f 662//38 4030//370 4035//505
f 662//38 4035//505 663//64
f 4030//370 4031//371 4036//376
f 4030//370 4036//376 4035//505
f 4033//373 4032//372 4037//377
f 4033//373 4037//377 4038//378
f 4032//372 4034//374 4039//493
f 4032//372 4039//493 4037//377
f 4034//374 3957//309 3959//310
f 4034//374 3959//310 4039//493
f 663//64 4035//505 4040//380
f 663//64 4040//380 664//40
f 4035//505 4036//376 4041//381
f 4035//505 4041//381 4040//380
f 4038//378 4037//377 4042//382
f 4038//378 4042//382 4043//383
f 4037//377 4039//493 4044//384
f 4037//377 4044//384 4042//382
f 4039//493 3959//310 3961//520
f 4039//493 3961//520 4044//384
f 664//40 4040//380 4045//385
f 664//40 4045//385 665//41
f 4040//380 4041//381 4046//386
f 4040//380 4046//386 4045//385
f 4043//383 4042//382 4047//387
f 4043//383 4047//387 4048//388
f 4042//382 4044//384 4049//389
f 4042//382 4049//389 4047//387
f 4044//384 3961//520 3963//312
f 4044//384 3963//312 4049//389
f 665//41 4045//385 4050//390
f 665//41 4050//390 666//42
f 4045//385 4046//386 4051//391
f 4045//385 4051//391 4050//390
f 4048//388 4047//387 4052//392
f 4048//388 4052//392 4053//393
f 4047//387 4049//389 4054//507
f 4047//387 4054//507 4052//392
f 4049//389 3963//312 3965//483
f 4049//389 3965//483 4054//507
f 666//42 4050//390 4055//395
f 666//42 4055//395 667//43
f 4050//390 4051//391 4056//396
f 4050//390 4056//396 4055//395
f 4053//393 4052//392 4057//397
f 4053//393 4057//397 4058//398
f 4052//392 4054//507 4059//399
f 4052//392 4059//399 4057//397
f 4054//507 3965//483 3967//521
f 4054//507 3967//521 4059//399
f 667//43 4055//395 4060//400
f 667//43 4060//400 668//44
f 4055//395 4056//396 4061//401
f 4055//395 4061//401 4060//400
f 4058//398 4057//397 4062//402
f 4058//398 4062//402 4063//403
f 4057//397 4059//399 4064//532
f 4057//397 4064//532 4062//402
f 4059//399 3967//521 3969//315
f 4059//399 3969//315 4064//532
f 668//44 4060//400 4065//405
f 668//44 4065//405 669//45
f 4060//400 4061//401 4066//406
f 4060//400 4066//406 4065//405
f 4063//403 4062//402 4067//407
f 4063//403 4067//407 4068//408
f 4062//402 4064//532 4069//409
f 4062//402 4069//409 4067//407
f 4064//532 3969//315 3971//522
f 4064//532 3971//522 4069//409
f 669//45 4065//405 4070//410
f 669//45 4070//410 670//46
f 4065//405 4066//406 4071//411
f 4065//405 4071//411 4070//410
f 4068//408 4067//407 4072//412
f 4068//408 4072//412 4073//413
f 4067//407 4069//409 4074//414
f 4067//407 4074//414 4072//412
f 4069//409 3971//522 3973//317
f 4069//409 3973//317 4074//414
f 670//46 4070//410 4075//415
f 670//46 4075//415 671//47
f 4070//410 4071//411 4076//416
f 4070//410 4076//416 4075//415
f 4073//413 4072//412 4077//417
f 4073//413 4077//417 4078//508
f 4072//412 4074//414 4079//419
f 4072//412 4079//419 4077//417
f 4074//414 3973//317 3975//318
f 4074//414 3975//318 4079//419
f 671//47 4075//415 4080//420
f 671//47 4080//420 672//48
f 4075//415 4076//416 4081//421
f 4075//415 4081//421 4080//420
f 4078//508 4077//417 4082//422
f 4078//508 4082//422 4083//533
f 4077//417 4079//419 4084//534
f 4077//417 4084//534 4082//422
f 4079//419 3975//318 3977//523
f 4079//419 3977//523 4084//534
f 672//48 4080//420 3983//500
f 672//48 3983//500 654//30
f 4080//420 4081//421 3985//325
f 4080//420 3985//325 3983//500
f 4083//533 4082//422 3989//329
f 4083//533 3989//329 3988//328
f 4082//422 4084//534 3991//488
f 4082//422 3991//488 3989//329
f 4084//534 3977//523 3979//320
f 4084//534 3979//320 3991//488
f 4085//222 4086//222 4087//223
f 4085//222 4087//223 4088//223
f 4089//509 4091//510 4090//511
f 4089//509 4092//512 4091//510
f 4093//226 4094//226 4095//227
f 4093//226 4095//227 4096//227
f 4097//425 4098//425 4099//288
f 4097//425 4099//288 4100//288
f 4101//231 4102//231 4094//226
f 4101//231 4094//226 4093//226
f 4103//291 4104//291 4098//425
f 4103//291 4098//425 4097//425
f 4089//509 4106//513 4105//513
f 4089//509 4090//511 4106//513
f 4105//513 4108//514 4107//515
f 4105//513 4106//513 4108//514
f 4109//292 4104//291 4103//291
f 4109//292 4103//291 4110//292
f 4101//231 4111//239 4112//239
f 4101//231 4112//239 4102//231
f 4113//535 4115//517 4114//517
f 4113//535 4116//536 4115//517
f 4114//517 4091//510 4092//512
f 4114//517 4115//517 4091//510
f 4099//288 4117//297 4118//297
f 4099//288 4118//297 4100//288
f 4117//244 4119//245 4120//245
f 4117//244 4120//245 4121//244
f 4119//245 4086//222 4085//222
f 4119//245 4085//222 4120//245
f 4087//223 4122//246 4123//246
f 4087//223 4123//246 4088//223
f 4122//246 4124//247 4125//247
f 4122//246 4125//247 4123//246
f 4124//249 4096//227 4095//227
f 4124//249 4095//227 4126//249
f 4127//77 4128//78 4129//301
f 4127//77 4129//301 4130//302
f 4128//78 4131//81 4132//496
f 4128//78 4132//496 4129//301
f 4131//81 4133//83 4134//304
f 4131//81 4134//304 4132//496
f 4133//83 4135//85 4136//305
f 4133//83 4136//305 4134//304
f 4135//85 4137//87 4138//306
f 4135//85 4138//306 4136//305
f 4137//87 4139//89 4140//307
f 4137//87 4140//307 4138//306
f 4139//89 4141//91 4142//308
f 4139//89 4142//308 4140//307
f 4141//91 4143//93 4144//309
f 4141//91 4144//309 4142//308
f 4143//93 4145//95 4146//310
f 4143//93 4146//310 4144//309
f 4145//95 4147//97 4148//311
f 4145//95 4148//311 4146//310
f 4147//97 4149//99 4150//312
f 4147//97 4150//312 4148//311
f 4149//99 4151//101 4152//483
f 4149//99 4152//483 4150//312
f 4151//101 4153//103 4154//521
f 4151//101 4154//521 4152//483
f 4153//103 4155//105 4156//484
f 4153//103 4156//484 4154//521
f 4155//105 4157//107 4158//522
f 4155//105 4158//522 4156//484
f 4157//107 4159//109 4160//485
f 4157//107 4160//485 4158//522
f 4159//109 4161//111 4162//318
f 4159//109 4162//318 4160//485
f 4161//111 4163//113 4164//523
f 4161//111 4164//523 4162//318
f 4163//113 4165//115 4166//320
f 4163//113 4166//320 4164//523
f 4165//115 4167//117 4168//321
f 4165//115 4168//321 4166//320
f 4169//322 694//57 696//30
f 4169//322 696//30 4170//323
f 4171//324 4169//322 4170//323
f 4171//324 4170//323 4172//325
f 4173//486 4174//537 4175//328
f 4173//486 4175//328 4176//329
f 4168//321 4177//330 4178//488
f 4168//321 4178//488 4166//320
f 4177//330 4173//486 4176//329
f 4177//330 4176//329 4178//488
f 694//57 4169//322 4179//332
f 694//57 4179//332 697//31
f 4169//322 4171//324 4180//333
f 4169//322 4180//333 4179//332
f 4181//334 4182//335 4183//336
f 4181//334 4183//336 4184//538
f 4182//335 4185//338 4186//525
f 4182//335 4186//525 4183//336
f 4185//338 4130//302 4129//301
f 4185//338 4129//301 4186//525
f 697//31 4179//332 4187//340
f 697//31 4187//340 698//65
f 4179//332 4180//333 4188//341
f 4179//332 4188//341 4187//340
f 4184//538 4183//336 4189//342
f 4184//538 4189//342 4190//343
f 4183//336 4186//525 4191//344
f 4183//336 4191//344 4189//342
f 4186//525 4129//301 4132//496
f 4186//525 4132//496 4191//344
f 698//65 4187//340 4192//345
f 698//65 4192//345 699//66
f 4187//340 4188//341 4193//346
f 4187//340 4193//346 4192//345
f 4190//343 4189//342 4194//347
f 4190//343 4194//347 4195//348
f 4189//342 4191//344 4196//539
f 4189//342 4196//539 4194//347
f 4191//344 4132//496 4134//304
f 4191//344 4134//304 4196//539
f 699//66 4192//345 4197//350
f 699//66 4197//350 700//53
f 4192//345 4193//346 4198//351
f 4192//345 4198//351 4197//350
f 4195//348 4194//347 4199//352
f 4195//348 4199//352 4200//353
f 4194//347 4196//539 4201//354
f 4194//347 4201//354 4199//352
f 4196//539 4134//304 4136//305
f 4196//539 4136//305 4201//354
f 700//53 4197//350 4202//355
f 700//53 4202//355 701//35
f 4197//350 4198//351 4203//356
f 4197//350 4203//356 4202//355
f 4200//353 4199//352 4204//357
f 4200//353 4204//357 4205//358
f 4199//352 4201//354 4206//359
f 4199//352 4206//359 4204//357
f 4201//354 4136//305 4138//306
f 4201//354 4138//306 4206//359
f 701//35 4202//355 4207//360
f 701//35 4207//360 702//36
f 4202//355 4203//356 4208//361
f 4202//355 4208//361 4207//360
f 4205//358 4204//357 4209//362
f 4205//358 4209//362 4210//363
f 4204//357 4206//359 4211//364
f 4204//357 4211//364 4209//362
f 4206//359 4138//306 4140//307
f 4206//359 4140//307 4211//364
f 702//36 4207//360 4212//365
f 702//36 4212//365 703//37
f 4207//360 4208//361 4213//366
f 4207//360 4213//366 4212//365
f 4210//363 4209//362 4214//367
f 4210//363 4214//367 4215//368
f 4209//362 4211//364 4216//492
f 4209//362 4216//492 4214//367
f 4211//364 4140//307 4142//308
f 4211//364 4142//308 4216//492
f 703//37 4212//365 4217//370
f 703//37 4217//370 704//38
f 4212//365 4213//366 4218//371
f 4212//365 4218//371 4217//370
f 4215//368 4214//367 4219//372
f 4215//368 4219//372 4220//373
f 4214//367 4216//492 4221//540
f 4214//367 4221//540 4219//372
f 4216//492 4142//308 4144//309
f 4216//492 4144//309 4221//540
f 704//38 4217//370 4222//505
f 704//38 4222//505 705//39
f 4217//370 4218//371 4223//376
f 4217//370 4223//376 4222//505
f 4220//373 4219//372 4224//377
f 4220//373 4224//377 4225//378
f 4219//372 4221//540 4226//379
f 4219//372 4226//379 4224//377
f 4221//540 4144//309 4146//310
f 4221//540 4146//310 4226//379
f 705//39 4222//505 4227//380
f 705//39 4227//380 706//40
f 4222//505 4223//376 4228//381
f 4222//505 4228//381 4227//380
f 4225//378 4224//377 4229//382
f 4225//378 4229//382 4230//383
f 4224//377 4226//379 4231//384
f 4224//377 4231//384 4229//382
f 4226//379 4146//310 4148//311
f 4226//379 4148//311 4231//384
f 706//40 4227//380 4232//385
f 706//40 4232//385 707//41
f 4227//380 4228//381 4233//386
f 4227//380 4233//386 4232//385
f 4230//383 4229//382 4234//387
f 4230//383 4234//387 4235//541
f 4229//382 4231//384 4236//542
f 4229//382 4236//542 4234//387
f 4231//384 4148//311 4150//312
f 4231//384 4150//312 4236//542
f 707//41 4232//385 4237//390
f 707//41 4237//390 708//42
f 4232//385 4233//386 4238//391
f 4232//385 4238//391 4237//390
f 4235//541 4234//387 4239//392
f 4235//541 4239//392 4240//393
f 4234//387 4236//542 4241//394
f 4234//387 4241//394 4239//392
f 4236//542 4150//312 4152//483
f 4236//542 4152//483 4241//394
f 708//42 4237//390 4242//395
f 708//42 4242//395 709//63
f 4237//390 4238//391 4243//396
f 4237//390 4243//396 4242//395
f 4240//393 4239//392 4244//397
f 4240//393 4244//397 4245//543
f 4239//392 4241//394 4246//399
f 4239//392 4246//399 4244//397
f 4241//394 4152//483 4154//521
f 4241//394 4154//521 4246//399
f 709//63 4242//395 4247//400
f 709//63 4247//400 710//55
f 4242//395 4243//396 4248//401
f 4242//395 4248//401 4247//400
f 4245//543 4244//397 4249//402
f 4245//543 4249//402 4250//403
f 4244//397 4246//399 4251//404
f 4244//397 4251//404 4249//402
f 4246//399 4154//521 4156//484
f 4246//399 4156//484 4251//404
f 710//55 4247//400 4252//405
f 710//55 4252//405 711//45
f 4247//400 4248//401 4253//406
f 4247//400 4253//406 4252//405
f 4250//403 4249//402 4254//407
f 4250//403 4254//407 4255//494
f 4249//402 4251//404 4256//409
f 4249//402 4256//409 4254//407
f 4251//404 4156//484 4158//522
f 4251//404 4158//522 4256//409
f 711//45 4252//405 4257//410
f 711//45 4257//410 712//46
f 4252//405 4253//406 4258//411
f 4252//405 4258//411 4257//410
f 4255//494 4254//407 4259//412
f 4255//494 4259//412 4260//413
f 4254//407 4256//409 4261//544
f 4254//407 4261//544 4259//412
f 4256//409 4158//522 4160//485
f 4256//409 4160//485 4261//544
f 712//46 4257//410 4262//415
f 712//46 4262//415 713//47
f 4257//410 4258//411 4263//416
f 4257//410 4263//416 4262//415
f 4260//413 4259//412 4264//417
f 4260//413 4264//417 4265//508
f 4259//412 4261//544 4266//419
f 4259//412 4266//419 4264//417
f 4261//544 4160//485 4162//318
f 4261//544 4162//318 4266//419
f 713//47 4262//415 4267//420
f 713//47 4267//420 714//48
f 4262//415 4263//416 4268//421
f 4262//415 4268//421 4267//420
f 4265//508 4264//417 4269//422
f 4265//508 4269//422 4270//533
f 4264//417 4266//419 4271//424
f 4264//417 4271//424 4269//422
f 4266//419 4162//318 4164//523
f 4266//419 4164//523 4271//424
f 714//48 4267//420 4170//323
f 714//48 4170//323 696//30
f 4267//420 4268//421 4172//325
f 4267//420 4172//325 4170//323
f 4270//533 4269//422 4176//329
f 4270//533 4176//329 4175//328
f 4269//422 4271//424 4178//488
f 4269//422 4178//488 4176//329
f 4271//424 4164//523 4166//320
f 4271//424 4166//320 4178//488
f 4272//222 4273//222 4274//223
f 4272//222 4274//223 4275//223
f 4276//224 4277//224 4278//225
f 4276//224 4278//225 4279//225
f 4280//284 4282//285 4281//284
f 4280//284 4283//286 4282//285
f 4284//287 4285//425 4286//288
f 4284//287 4286//288 4287//288
f 4288//289 4281//284 4289//290
f 4288//289 4280//284 4281//284
f 4290//291 4291//291 4285//425
f 4290//291 4285//425 4284//287
f 4276//224 4292//234 4293//234
f 4276//224 4293//234 4277//224
f 4292//234 4294//235 4295//236
f 4292//234 4295//236 4293//234
f 4296//292 4291//291 4290//291
f 4296//292 4290//291 4297//292
f 4288//289 4299//293 4298//294
f 4288//289 4289//290 4299//293
f 4300//240 4301//241 4302//241
f 4300//240 4302//241 4303//240
f 4301//241 4279//225 4278//225
f 4301//241 4278//225 4302//241
f 4286//288 4304//297 4305//297
f 4286//288 4305//297 4287//288
f 4304//244 4306//245 4307//245
f 4304//244 4307//245 4308//244
f 4306//245 4273//222 4272//222
f 4306//245 4272//222 4307//245
f 4274//223 4309//246 4310//246
f 4274//223 4310//246 4275//223
f 4309//246 4311//247 4312//247
f 4309//246 4312//247 4310//246
f 4311//299 4282//285 4283//286
f 4311//299 4313//300 4282//285
f 4314//77 4315//78 4316//301
f 4314//77 4316//301 4317//302
f 4315//78 4318//81 4319//496
f 4315//78 4319//496 4316//301
f 4318//81 4320//83 4321//304
f 4318//81 4321//304 4319//496
f 4320//83 4322//85 4323//305
f 4320//83 4323//305 4321//304
f 4322//85 4324//87 4325//498
f 4322//85 4325//498 4323//305
f 4324//87 4326//89 4327//307
f 4324//87 4327//307 4325//498
f 4326//89 4328//91 4329//519
f 4326//89 4329//519 4327//307
f 4328//91 4330//93 4331//309
f 4328//91 4331//309 4329//519
f 4330//93 4332//95 4333//482
f 4330//93 4333//482 4331//309
f 4332//95 4334//97 4335//311
f 4332//95 4335//311 4333//482
f 4334//97 4336//99 4337//312
f 4334//97 4337//312 4335//311
f 4336//99 4338//101 4339//483
f 4336//99 4339//483 4337//312
f 4338//101 4340//103 4341//521
f 4338//101 4341//521 4339//483
f 4340//103 4342//105 4343//315
f 4340//103 4343//315 4341//521
f 4342//105 4344//107 4345//522
f 4342//105 4345//522 4343//315
f 4344//107 4346//109 4347//317
f 4344//107 4347//317 4345//522
f 4346//109 4348//111 4349//318
f 4346//109 4349//318 4347//317
f 4348//111 4350//113 4351//319
f 4348//111 4351//319 4349//318
f 4350//113 4352//115 4353//545
f 4350//113 4353//545 4351//319
f 4352//115 4354//117 4355//321
f 4352//115 4355//321 4353//545
f 4356//322 736//57 738//30
f 4356//322 738//30 4357//500
f 4358//324 4356//322 4357//500
f 4358//324 4357//500 4359//325
f 4360//486 4361//327 4362//328
f 4360//486 4362//328 4363//329
f 4355//321 4364//330 4365//488
f 4355//321 4365//488 4353//545
f 4364//330 4360//486 4363//329
f 4364//330 4363//329 4365//488
f 736//57 4356//322 4366//489
f 736//57 4366//489 739//67
f 4356//322 4358//324 4367//333
f 4356//322 4367//333 4366//489
f 4368//334 4369//335 4370//336
f 4368//334 4370//336 4371//337
f 4369//335 4372//338 4373//546
f 4369//335 4373//546 4370//336
f 4372//338 4317//302 4316//301
f 4372//338 4316//301 4373//546
f 739//67 4366//489 4374//340
f 739//67 4374//340 740//32
f 4366//489 4367//333 4375//341
f 4366//489 4375//341 4374//340
f 4371//337 4370//336 4376//342
f 4371//337 4376//342 4377//343
f 4370//336 4373//546 4378//344
f 4370//336 4378//344 4376//342
f 4373//546 4316//301 4319//496
f 4373//546 4319//496 4378//344
f 740//32 4374//340 4379//345
f 740//32 4379//345 741//66
f 4374//340 4375//341 4380//346
f 4374//340 4380//346 4379//345
f 4377//343 4376//342 4381//347
f 4377//343 4381//347 4382//348
f 4376//342 4378//344 4383//349
f 4376//342 4383//349 4381//347
f 4378//344 4319//496 4321//304
f 4378//344 4321//304 4383//349
f 741//66 4379//345 4384//350
f 741//66 4384//350 742//34
f 4379//345 4380//346 4385//351
f 4379//345 4385//351 4384//350
f 4382//348 4381//347 4386//352
f 4382//348 4386//352 4387//353
f 4381//347 4383//349 4388//354
f 4381//347 4388//354 4386//352
f 4383//349 4321//304 4323//305
f 4383//349 4323//305 4388//354
f 742//34 4384//350 4389//355
f 742//34 4389//355 743//59
f 4384//350 4385//351 4390//356
f 4384//350 4390//356 4389//355
f 4387//353 4386//352 4391//357
f 4387//353 4391//357 4392//358
f 4386//352 4388//354 4393//359
f 4386//352 4393//359 4391//357
f 4388//354 4323//305 4325//498
f 4388//354 4325//498 4393//359
f 743//59 4389//355 4394//360
f 743//59 4394//360 744//36
f 4389//355 4390//356 4395//361
f 4389//355 4395//361 4394//360
f 4392//358 4391//357 4396//362
f 4392//358 4396//362 4397//363
f 4391//357 4393//359 4398//364
f 4391//357 4398//364 4396//362
f 4393//359 4325//498 4327//307
f 4393//359 4327//307 4398//364
f 744//36 4394//360 4399//365
f 744//36 4399//365 745//60
f 4394//360 4395//361 4400//366
f 4394//360 4400//366 4399//365
f 4397//363 4396//362 4401//367
f 4397//363 4401//367 4402//368
f 4396//362 4398//364 4403//369
f 4396//362 4403//369 4401//367
f 4398//364 4327//307 4329//519
f 4398//364 4329//519 4403//369
f 745//60 4399//365 4404//370
f 745//60 4404//370 746//38
f 4399//365 4400//366 4405//371
f 4399//365 4405//371 4404//370
f 4402//368 4401//367 4406//503
f 4402//368 4406//503 4407//547
f 4401//367 4403//369 4408//374
f 4401//367 4408//374 4406//503
f 4403//369 4329//519 4331//309
f 4403//369 4331//309 4408//374
f 746//38 4404//370 4409//505
f 746//38 4409//505 747//39
f 4404//370 4405//371 4410//376
f 4404//370 4410//376 4409//505
f 4407//547 4406//503 4411//377
f 4407//547 4411//377 4412//378
f 4406//503 4408//374 4413//379
f 4406//503 4413//379 4411//377
f 4408//374 4331//309 4333//482
f 4408//374 4333//482 4413//379
f 747//39 4409//505 4414//380
f 747//39 4414//380 748//40
f 4409//505 4410//376 4415//381
f 4409//505 4415//381 4414//380
f 4412//378 4411//377 4416//382
f 4412//378 4416//382 4417//383
f 4411//377 4413//379 4418//384
f 4411//377 4418//384 4416//382
f 4413//379 4333//482 4335//311
f 4413//379 4335//311 4418//384
f 748//40 4414//380 4419//385
f 748//40 4419//385 749//41
f 4414//380 4415//381 4420//386
f 4414//380 4420//386 4419//385
f 4417//383 4416//382 4421//387
f 4417//383 4421//387 4422//388
f 4416//382 4418//384 4423//389
f 4416//382 4423//389 4421//387
f 4418//384 4335//311 4337//312
f 4418//384 4337//312 4423//389
f 749//41 4419//385 4424//390
f 749//41 4424//390 750//62
f 4419//385 4420//386 4425//391
f 4419//385 4425//391 4424//390
f 4422//388 4421//387 4426//392
f 4422//388 4426//392 4427//393
f 4421//387 4423//389 4428//394
f 4421//387 4428//394 4426//392
f 4423//389 4337//312 4339//483
f 4423//389 4339//483 4428//394
f 750//62 4424//390 4429//395
f 750//62 4429//395 751//63
f 4424//390 4425//391 4430//396
f 4424//390 4430//396 4429//395
f 4427//393 4426//392 4431//397
f 4427//393 4431//397 4432//398
f 4426//392 4428//394 4433//399
f 4426//392 4433//399 4431//397
f 4428//394 4339//483 4341//521
f 4428//394 4341//521 4433//399
f 751//63 4429//395 4434//400
f 751//63 4434//400 752//55
f 4429//395 4430//396 4435//401
f 4429//395 4435//401 4434//400
f 4432//398 4431//397 4436//402
f 4432//398 4436//402 4437//403
f 4431//397 4433//399 4438//404
f 4431//397 4438//404 4436//402
f 4433//399 4341//521 4343//315
f 4433//399 4343//315 4438//404
f 752//55 4434//400 4439//405
f 752//55 4439//405 753//45
f 4434//400 4435//401 4440//406
f 4434//400 4440//406 4439//405
f 4437//403 4436//402 4441//407
f 4437//403 4441//407 4442//408
f 4436//402 4438//404 4443//409
f 4436//402 4443//409 4441//407
f 4438//404 4343//315 4345//522
f 4438//404 4345//522 4443//409
f 753//45 4439//405 4444//410
f 753//45 4444//410 754//46
f 4439//405 4440//406 4445//548
f 4439//405 4445//548 4444//410
f 4442//408 4441//407 4446//412
f 4442//408 4446//412 4447//413
f 4441//407 4443//409 4448//414
f 4441//407 4448//414 4446//412
f 4443//409 4345//522 4347//317
f 4443//409 4347//317 4448//414
f 754//46 4444//410 4449//415
f 754//46 4449//415 755//47
f 4444//410 4445//548 4450//416
f 4444//410 4450//416 4449//415
f 4447//413 4446//412 4451//417
f 4447//413 4451//417 4452//508
f 4446//412 4448//414 4453//419
f 4446//412 4453//419 4451//417
f 4448//414 4347//317 4349//318
f 4448//414 4349//318 4453//419
f 755//47 4449//415 4454//420
f 755//47 4454//420 756//48
f 4449//415 4450//416 4455//421
f 4449//415 4455//421 4454//420
f 4452//508 4451//417 4456//422
f 4452//508 4456//422 4457//423
f 4451//417 4453//419 4458//424
f 4451//417 4458//424 4456//422
f 4453//419 4349//318 4351//319
f 4453//419 4351//319 4458//424
f 756//48 4454//420 4357//500
f 756//48 4357//500 738//30
f 4454//420 4455//421 4359//325
f 4454//420 4359//325 4357//500
f 4457//423 4456//422 4363//329
f 4457//423 4363//329 4362//328
f 4456//422 4458//424 4365//488
f 4456//422 4365//488 4363//329
f 4458//424 4351//319 4353//545
f 4458//424 4353//545 4365//488
f 4459//222 4460//222 4461//223
f 4459//222 4461//223 4462//223
f 4463//509 4465//510 4464//511
f 4463//509 4466//512 4465//510
f 4467//226 4468//226 4469//227
f 4467//226 4469//227 4470//227
f 4471//425 4472//425 4473//288
f 4471//425 4473//288 4474//288
f 4475//231 4476//231 4468//226
f 4475//231 4468//226 4467//226
f 4477//291 4478//291 4472//425
f 4477//291 4472//425 4471//425
f 4463//509 4480//513 4479//513
f 4463//509 4464//511 4480//513
f 4479//513 4482//514 4481//515
f 4479//513 4480//513 4482//514
f 4483//292 4478//291 4477//291
f 4483//292 4477//291 4484//292
f 4475//231 4485//239 4486//239
f 4475//231 4486//239 4476//231
f 4487//535 4489//517 4488//517
f 4487//535 4490//536 4489//517
f 4488//517 4465//510 4466//512
f 4488//517 4489//517 4465//510
f 4473//288 4491//297 4492//297
f 4473//288 4492//297 4474//288
f 4491//244 4493//245 4494//245
f 4491//244 4494//245 4495//244
f 4493//245 4460//222 4459//222
f 4493//245 4459//222 4494//245
f 4461//223 4496//246 4497//246
f 4461//223 4497//246 4462//223
f 4496//246 4498//247 4499//247
f 4496//246 4499//247 4497//246
f 4498//271 4470//227 4469//227
f 4498//271 4469//227 4500//249
f 4501//77 4502//78 4503//301
f 4501//77 4503//301 4504//302
f 4502//78 4505//81 4506//496
f 4502//78 4506//496 4503//301
f 4505//81 4507//83 4508//304
f 4505//81 4508//304 4506//496
f 4507//83 4509//85 4510//305
f 4507//83 4510//305 4508//304
f 4509//85 4511//87 4512//498
f 4509//85 4512//498 4510//305
f 4511//87 4513//89 4514//307
f 4511//87 4514//307 4512//498
f 4513//89 4515//91 4516//519
f 4513//89 4516//519 4514//307
f 4515//91 4517//93 4518//309
f 4515//91 4518//309 4516//519
f 4517//93 4519//95 4520//310
f 4517//93 4520//310 4518//309
f 4519//95 4521//97 4522//311
f 4519//95 4522//311 4520//310
f 4521//97 4523//99 4524//312
f 4521//97 4524//312 4522//311
f 4523//99 4525//101 4526//483
f 4523//99 4526//483 4524//312
f 4525//101 4527//103 4528//521
f 4525//101 4528//521 4526//483
f 4527//103 4529//105 4530//484
f 4527//103 4530//484 4528//521
f 4529//105 4531//107 4532//522
f 4529//105 4532//522 4530//484
f 4531//107 4533//109 4534//485
f 4531//107 4534//485 4532//522
f 4533//109 4535//111 4536//318
f 4533//109 4536//318 4534//485
f 4535//111 4537//113 4538//319
f 4535//111 4538//319 4536//318
f 4537//113 4539//115 4540//320
f 4537//113 4540//320 4538//319
f 4539//115 4541//117 4542//321
f 4539//115 4542//321 4540//320
f 4543//322 778//57 780//58
f 4543//322 780//58 4544//500
f 4545//324 4543//322 4544//500
f 4545//324 4544//500 4546//325
f 4547//486 4548//327 4549//328
f 4547//486 4549//328 4550//329
f 4542//321 4551//487 4552//488
f 4542//321 4552//488 4540//320
f 4551//487 4547//486 4550//329
f 4551//487 4550//329 4552//488
f 778//57 4543//322 4553//489
f 778//57 4553//489 781//31
f 4543//322 4545//324 4554//333
f 4543//322 4554//333 4553//489
f 4555//334 4556//490 4557//336
f 4555//334 4557//336 4558//337
f 4556//490 4559//338 4560//339
f 4556//490 4560//339 4557//336
f 4559//338 4504//302 4503//301
f 4559//338 4503//301 4560//339
f 781//31 4553//489 4561//340
f 781//31 4561//340 782//32
f 4553//489 4554//333 4562//341
f 4553//489 4562//341 4561//340
f 4558//337 4557//336 4563//342
f 4558//337 4563//342 4564//343
f 4557//336 4560//339 4565//344
f 4557//336 4565//344 4563//342
f 4560//339 4503//301 4506//496
f 4560//339 4506//496 4565//344
f 782//32 4561//340 4566//345
f 782//32 4566//345 783//66
f 4561//340 4562//341 4567//346
f 4561//340 4567//346 4566//345
f 4564//343 4563//342 4568//347
f 4564//343 4568//347 4569//348
f 4563//342 4565//344 4570//349
f 4563//342 4570//349 4568//347
f 4565//344 4506//496 4508//304
f 4565//344 4508//304 4570//349
f 783//66 4566//345 4571//350
f 783//66 4571//350 784//34
f 4566//345 4567//346 4572//351
f 4566//345 4572//351 4571//350
f 4569//348 4568//347 4573//352
f 4569//348 4573//352 4574//353
f 4568//347 4570//349 4575//354
f 4568//347 4575//354 4573//352
f 4570//349 4508//304 4510//305
f 4570//349 4510//305 4575//354
f 784//34 4571//350 4576//355
f 784//34 4576//355 785//35
f 4571//350 4572//351 4577//356
f 4571//350 4577//356 4576//355
f 4574//353 4573//352 4578//357
f 4574//353 4578//357 4579//358
f 4573//352 4575//354 4580//359
f 4573//352 4580//359 4578//357
f 4575//354 4510//305 4512//498
f 4575//354 4512//498 4580//359
f 785//35 4576//355 4581//360
f 785//35 4581//360 786//36
f 4576//355 4577//356 4582//361
f 4576//355 4582//361 4581//360
f 4579//358 4578//357 4583//362
f 4579//358 4583//362 4584//363
f 4578//357 4580//359 4585//364
f 4578//357 4585//364 4583//362
f 4580//359 4512//498 4514//307
f 4580//359 4514//307 4585//364
f 786//36 4581//360 4586//365
f 786//36 4586//365 787//60
f 4581//360 4582//361 4587//366
f 4581//360 4587//366 4586//365
f 4584//363 4583//362 4588//367
f 4584//363 4588//367 4589//368
f 4583//362 4585//364 4590//369
f 4583//362 4590//369 4588//367
f 4585//364 4514//307 4516//519
f 4585//364 4516//519 4590//369
f 787//60 4586//365 4591//370
f 787//60 4591//370 788//38
f 4586//365 4587//366 4592//549
f 4586//365 4592//549 4591//370
f 4589//368 4588//367 4593//372
f 4589//368 4593//372 4594//547
f 4588//367 4590//369 4595//374
f 4588//367 4595//374 4593//372
f 4590//369 4516//519 4518//309
f 4590//369 4518//309 4595//374
f 788//38 4591//370 4596//505
f 788//38 4596//505 789//39
f 4591//370 4592//549 4597//376
f 4591//370 4597//376 4596//505
f 4594//547 4593//372 4598//377
f 4594//547 4598//377 4599//378
f 4593//372 4595//374 4600//379
f 4593//372 4600//379 4598//377
f 4595//374 4518//309 4520//310
f 4595//374 4520//310 4600//379
f 789//39 4596//505 4601//380
f 789//39 4601//380 790//40
f 4596//505 4597//376 4602//381
f 4596//505 4602//381 4601//380
f 4599//378 4598//377 4603//382
f 4599//378 4603//382 4604//383
f 4598//377 4600//379 4605//384
f 4598//377 4605//384 4603//382
f 4600//379 4520//310 4522//311
f 4600//379 4522//311 4605//384
f 790//40 4601//380 4606//385
f 790//40 4606//385 791//68
f 4601//380 4602//381 4607//386
f 4601//380 4607//386 4606//385
f 4604//383 4603//382 4608//387
f 4604//383 4608//387 4609//388
f 4603//382 4605//384 4610//389
f 4603//382 4610//389 4608//387
f 4605//384 4522//311 4524//312
f 4605//384 4524//312 4610//389
f 791//68 4606//385 4611//390
f 791//68 4611//390 792//62
f 4606//385 4607//386 4612//391
f 4606//385 4612//391 4611//390
f 4609//388 4608//387 4613//392
f 4609//388 4613//392 4614//393
f 4608//387 4610//389 4615//550
f 4608//387 4615//550 4613//392
f 4610//389 4524//312 4526//483
f 4610//389 4526//483 4615//550
f 792//62 4611//390 4616//395
f 792//62 4616//395 793//63
f 4611//390 4612//391 4617//396
f 4611//390 4617//396 4616//395
f 4614//393 4613//392 4618//397
f 4614//393 4618//397 4619//398
f 4613//392 4615//550 4620//399
f 4613//392 4620//399 4618//397
f 4615//550 4526//483 4528//521
f 4615//550 4528//521 4620//399
f 793//63 4616//395 4621//400
f 793//63 4621//400 794//55
f 4616//395 4617//396 4622//401
f 4616//395 4622//401 4621//400
f 4619//398 4618//397 4623//402
f 4619//398 4623//402 4624//403
f 4618//397 4620//399 4625//404
f 4618//397 4625//404 4623//402
f 4620//399 4528//521 4530//484
f 4620//399 4530//484 4625//404
f 794//55 4621//400 4626//405
f 794//55 4626//405 795//45
f 4621//400 4622//401 4627//406
f 4621//400 4627//406 4626//405
f 4624//403 4623//402 4628//407
f 4624//403 4628//407 4629//408
f 4623//402 4625//404 4630//409
f 4623//402 4630//409 4628//407
f 4625//404 4530//484 4532//522
f 4625//404 4532//522 4630//409
f 795//45 4626//405 4631//410
f 795//45 4631//410 796//69
f 4626//405 4627//406 4632//548
f 4626//405 4632//548 4631//410
f 4629//408 4628//407 4633//412
f 4629//408 4633//412 4634//413
f 4628//407 4630//409 4635//414
f 4628//407 4635//414 4633//412
f 4630//409 4532//522 4534//485
f 4630//409 4534//485 4635//414
f 796//69 4631//410 4636//415
f 796//69 4636//415 797//47
f 4631//410 4632//548 4637//416
f 4631//410 4637//416 4636//415
f 4634//413 4633//412 4638//417
f 4634//413 4638//417 4639//508
f 4633//412 4635//414 4640//419
f 4633//412 4640//419 4638//417
f 4635//414 4534//485 4536//318
f 4635//414 4536//318 4640//419
f 797//47 4636//415 4641//420
f 797//47 4641//420 798//48
f 4636//415 4637//416 4642//421
f 4636//415 4642//421 4641//420
f 4639//508 4638//417 4643//422
f 4639//508 4643//422 4644//423
f 4638//417 4640//419 4645//424
f 4638//417 4645//424 4643//422
f 4640//419 4536//318 4538//319
f 4640//419 4538//319 4645//424
f 798//48 4641//420 4544//500
f 798//48 4544//500 780//58
f 4641//420 4642//421 4546//325
f 4641//420 4546//325 4544//500
f 4644//423 4643//422 4550//329
f 4644//423 4550//329 4549//328
f 4643//422 4645//424 4552//488
f 4643//422 4552//488 4550//329
f 4645//424 4538//319 4540//320
f 4645//424 4540//320 4552//488
f 4646//222 4647//222 4648//223
f 4646//222 4648//223 4649//223
f 4650//509 4652//510 4651//511
f 4650//509 4653//512 4652//510
f 4654//226 4655//226 4656//227
f 4654//226 4656//227 4657//227
f 4658//425 4659//425 4660//288
f 4658//425 4660//288 4661//288
f 4662//231 4663//231 4655//226
f 4662//231 4655//226 4654//226
f 4664//291 4665//291 4659//425
f 4664//291 4659//425 4658//425
f 4650//509 4667//513 4666//513
f 4650//509 4651//511 4667//513
f 4666//513 4669//514 4668//515
f 4666//513 4667//513 4669//514
f 4670//292 4665//291 4664//291
f 4670//292 4664//291 4671//292
f 4662//231 4672//239 4673//460
f 4662//231 4673//460 4663//231
f 4674//516 4676//517 4675//517
f 4674//516 4677//536 4676//517
f 4675//517 4652//510 4653//512
f 4675//517 4676//517 4652//510
f 4660//288 4678//297 4679//297
f 4660//288 4679//297 4661//288
f 4678//244 4680//245 4681//245
f 4678//244 4681//245 4682//244
f 4680//245 4647//222 4646//222
f 4680//245 4646//222 4681//245
f 4648//223 4683//246 4684//246
f 4648//223 4684//246 4649//223
f 4683//246 4685//247 4686//247
f 4683//246 4686//247 4684//246
f 4685//249 4657//227 4656//227
f 4685//249 4656//227 4687//249
f 4688//77 4689//78 4690//301
f 4688//77 4690//301 4691//302
f 4689//78 4692//81 4693//303
f 4689//78 4693//303 4690//301
f 4692//81 4694//83 4695//497
f 4692//81 4695//497 4693//303
f 4694//83 4696//85 4697//305
f 4694//83 4697//305 4695//497
f 4696//85 4698//87 4699//498
f 4696//85 4699//498 4697//305
f 4698//87 4700//89 4701//307
f 4698//87 4701//307 4699//498
f 4700//89 4702//91 4703//519
f 4700//89 4703//519 4701//307
f 4702//91 4704//93 4705//309
f 4702//91 4705//309 4703//519
f 4704//93 4706//95 4707//482
f 4704//93 4707//482 4705//309
f 4706//95 4708//97 4709//520
f 4706//95 4709//520 4707//482
f 4708//97 4710//99 4711//551
f 4708//97 4711//551 4709//520
f 4710//99 4712//101 4713//483
f 4710//99 4713//483 4711//551
f 4712//101 4714//103 4715//314
f 4712//101 4715//314 4713//483
f 4714//103 4716//105 4717//484
f 4714//103 4717//484 4715//314
f 4716//105 4718//107 4719//316
f 4716//105 4719//316 4717//484
f 4718//107 4720//109 4721//317
f 4718//107 4721//317 4719//316
f 4720//109 4722//111 4723//318
f 4720//109 4723//318 4721//317
f 4722//111 4724//113 4725//319
f 4722//111 4725//319 4723//318
f 4724//113 4726//115 4727//545
f 4724//113 4727//545 4725//319
f 4726//115 4728//117 4729//321
f 4726//115 4729//321 4727//545
f 4730//322 820//57 822//58
f 4730//322 822//58 4731//500
f 4732//324 4730//322 4731//500
f 4732//324 4731//500 4733//325
f 4734//486 4735//537 4736//328
f 4734//486 4736//328 4737//329
f 4729//321 4738//330 4739//488
f 4729//321 4739//488 4727//545
f 4738//330 4734//486 4737//329
f 4738//330 4737//329 4739//488
f 820//57 4730//322 4740//489
f 820//57 4740//489 823//31
f 4730//322 4732//324 4741//333
f 4730//322 4741//333 4740//489
f 4742//334 4743//490 4744//336
f 4742//334 4744//336 4745//337
f 4743//490 4746//338 4747//339
f 4743//490 4747//339 4744//336
f 4746//338 4691//302 4690//301
f 4746//338 4690//301 4747//339
f 823//31 4740//489 4748//340
f 823//31 4748//340 824//32
f 4740//489 4741//333 4749//341
f 4740//489 4749//341 4748//340
f 4745//337 4744//336 4750//342
f 4745//337 4750//342 4751//343
f 4744//336 4747//339 4752//344
f 4744//336 4752//344 4750//342
f 4747//339 4690//301 4693//303
f 4747//339 4693//303 4752//344
f 824//32 4748//340 4753//345
f 824//32 4753//345 825//33
f 4748//340 4749//341 4754//346
f 4748//340 4754//346 4753//345
f 4751//343 4750//342 4755//347
f 4751//343 4755//347 4756//348
f 4750//342 4752//344 4757//349
f 4750//342 4757//349 4755//347
f 4752//344 4693//303 4695//497
f 4752//344 4695//497 4757//349
f 825//33 4753//345 4758//350
f 825//33 4758//350 826//34
f 4753//345 4754//346 4759//351
f 4753//345 4759//351 4758//350
f 4756//348 4755//347 4760//352
f 4756//348 4760//352 4761//353
f 4755//347 4757//349 4762//354
f 4755//347 4762//354 4760//352
f 4757//349 4695//497 4697//305
f 4757//349 4697//305 4762//354
f 826//34 4758//350 4763//355
f 826//34 4763//355 827//59
f 4758//350 4759//351 4764//356
f 4758//350 4764//356 4763//355
f 4761//353 4760//352 4765//357
f 4761//353 4765//357 4766//358
f 4760//352 4762//354 4767//359
f 4760//352 4767//359 4765//357
f 4762//354 4697//305 4699//498
f 4762//354 4699//498 4767//359
f 827//59 4763//355 4768//360
f 827//59 4768//360 828//70
f 4763//355 4764//356 4769//361
f 4763//355 4769//361 4768//360
f 4766//358 4765//357 4770//362
f 4766//358 4770//362 4771//363
f 4765//357 4767//359 4772//364
f 4765//357 4772//364 4770//362
f 4767//359 4699//498 4701//307
f 4767//359 4701//307 4772//364
f 828//70 4768//360 4773//365
f 828//70 4773//365 829//60
f 4768//360 4769//361 4774//366
f 4768//360 4774//366 4773//365
f 4771//363 4770//362 4775//367
f 4771//363 4775//367 4776//368
f 4770//362 4772//364 4777//369
f 4770//362 4777//369 4775//367
f 4772//364 4701//307 4703//519
f 4772//364 4703//519 4777//369
f 829//60 4773//365 4778//370
f 829//60 4778//370 830//38
f 4773//365 4774//366 4779//371
f 4773//365 4779//371 4778//370
f 4776//368 4775//367 4780//372
f 4776//368 4780//372 4781//373
f 4775//367 4777//369 4782//374
f 4775//367 4782//374 4780//372
f 4777//369 4703//519 4705//309
f 4777//369 4705//309 4782//374
f 830//38 4778//370 4783//505
f 830//38 4783//505 831//39
f 4778//370 4779//371 4784//376
f 4778//370 4784//376 4783//505
f 4781//373 4780//372 4785//377
f 4781//373 4785//377 4786//378
f 4780//372 4782//374 4787//379
f 4780//372 4787//379 4785//377
f 4782//374 4705//309 4707//482
f 4782//374 4707//482 4787//379
f 831//39 4783//505 4788//380
f 831//39 4788//380 832//40
f 4783//505 4784//376 4789//381
f 4783//505 4789//381 4788//380
f 4786//378 4785//377 4790//382
f 4786//378 4790//382 4791//552
f 4785//377 4787//379 4792//384
f 4785//377 4792//384 4790//382
f 4787//379 4707//482 4709//520
f 4787//379 4709//520 4792//384
f 832//40 4788//380 4793//385
f 832//40 4793//385 833//41
f 4788//380 4789//381 4794//386
f 4788//380 4794//386 4793//385
f 4791//552 4790//382 4795//387
f 4791//552 4795//387 4796//388
f 4790//382 4792//384 4797//389
f 4790//382 4797//389 4795//387
f 4792//384 4709//520 4711//551
f 4792//384 4711//551 4797//389
f 833//41 4793//385 4798//390
f 833//41 4798//390 834//71
f 4793//385 4794//386 4799//391
f 4793//385 4799//391 4798//390
f 4796//388 4795//387 4800//392
f 4796//388 4800//392 4801//393
f 4795//387 4797//389 4802//394
f 4795//387 4802//394 4800//392
f 4797//389 4711//551 4713//483
f 4797//389 4713//483 4802//394
f 834//71 4798//390 4803//395
f 834//71 4803//395 835//43
f 4798//390 4799//391 4804//396
f 4798//390 4804//396 4803//395
f 4801//393 4800//392 4805//397
f 4801//393 4805//397 4806//398
f 4800//392 4802//394 4807//399
f 4800//392 4807//399 4805//397
f 4802//394 4713//483 4715//314
f 4802//394 4715//314 4807//399
f 835//43 4803//395 4808//400
f 835//43 4808//400 836//55
f 4803//395 4804//396 4809//401
f 4803//395 4809//401 4808//400
f 4806//398 4805//397 4810//402
f 4806//398 4810//402 4811//403
f 4805//397 4807//399 4812//532
f 4805//397 4812//532 4810//402
f 4807//399 4715//314 4717//484
f 4807//399 4717//484 4812//532
f 836//55 4808//400 4813//405
f 836//55 4813//405 837//45
f 4808//400 4809//401 4814//406
f 4808//400 4814//406 4813//405
f 4811//403 4810//402 4815//407
f 4811//403 4815//407 4816//408
f 4810//402 4812//532 4817//409
f 4810//402 4817//409 4815//407
f 4812//532 4717//484 4719//316
f 4812//532 4719//316 4817//409
f 837//45 4813//405 4818//410
f 837//45 4818//410 838//69
f 4813//405 4814//406 4819//548
f 4813//405 4819//548 4818//410
f 4816//408 4815//407 4820//412
f 4816//408 4820//412 4821//413
f 4815//407 4817//409 4822//414
f 4815//407 4822//414 4820//412
f 4817//409 4719//316 4721//317
f 4817//409 4721//317 4822//414
f 838//69 4818//410 4823//415
f 838//69 4823//415 839//47
f 4818//410 4819//548 4824//416
f 4818//410 4824//416 4823//415
f 4821//413 4820//412 4825//417
f 4821//413 4825//417 4826//508
f 4820//412 4822//414 4827//553
f 4820//412 4827//553 4825//417
f 4822//414 4721//317 4723//318
f 4822//414 4723//318 4827//553
f 839//47 4823//415 4828//420
f 839//47 4828//420 840//48
f 4823//415 4824//416 4829//421
f 4823//415 4829//421 4828//420
f 4826//508 4825//417 4830//422
f 4826//508 4830//422 4831//423
f 4825//417 4827//553 4832//534
f 4825//417 4832//534 4830//422
f 4827//553 4723//318 4725//319
f 4827//553 4725//319 4832//534
f 840//48 4828//420 4731//500
f 840//48 4731//500 822//58
f 4828//420 4829//421 4733//325
f 4828//420 4733//325 4731//500
f 4831//423 4830//422 4737//329
f 4831//423 4737//329 4736//328
f 4830//422 4832//534 4739//488
f 4830//422 4739//488 4737//329
f 4832//534 4725//319 4727//545
f 4832//534 4727//545 4739//488
f 4833//222 4834//222 4835//223
f 4833//222 4835//223 4836//223
f 4837//224 4838//224 4839//225
f 4837//224 4839//225 4840//225
f 4841//226 4842//226 4843//227
f 4841//226 4843//227 4844//227
f 4845//228 4847//229 4846//228
f 4845//228 4848//230 4847//229
f 4849//231 4850//231 4842//226
f 4849//231 4842//226 4841//226
f 4851//232 4846//228 4852//233
f 4851//232 4845//228 4846//228
f 4837//224 4853//234 4854//234
f 4837//224 4854//234 4838//224
f 4853//234 4855//472 4856//472
f 4853//234 4856//472 4854//234
f 4857//237 4851//232 4852//233
f 4857//237 4858//238 4851//232
f 4849//231 4859//239 4860//239
f 4849//231 4860//239 4850//231
f 4861//240 4862//241 4863//241
f 4861//240 4863//241 4864//240
f 4862//241 4840//225 4839//225
f 4862//241 4839//225 4863//241
f 4847//229 4866//242 4865//243
f 4847//229 4848//230 4866//242
f 4865//244 4867//245 4868//245
f 4865//244 4868//245 4869//244
f 4867//245 4834//222 4833//222
f 4867//245 4833//222 4868//245
f 4835//223 4870//246 4871//246
f 4835//223 4871//246 4836//223
f 4870//246 4872//247 4873//247
f 4870//246 4873//247 4871//246
f 4872//271 4844//227 4843//227
f 4872//271 4843//227 4874//249
f 4875//77 4876//78 4877//79
f 4875//77 4877//79 4878//80
f 4876//78 4879//81 4880//82
f 4876//78 4880//82 4877//79
f 4879//81 4881//83 4882//84
f 4879//81 4882//84 4880//82
f 4881//83 4883//85 4884//86
f 4881//83 4884//86 4882//84
f 4883//85 4885//87 4886//88
f 4883//85 4886//88 4884//86
f 4885//87 4887//89 4888//90
f 4885//87 4888//90 4886//88
f 4887//89 4889//91 4890//92
f 4887//89 4890//92 4888//90
f 4889//91 4891//93 4892//94
f 4889//91 4892//94 4890//92
f 4891//93 4893//95 4894//96
f 4891//93 4894//96 4892//94
f 4893//95 4895//97 4896//98
f 4893//95 4896//98 4894//96
f 4895//97 4897//99 4898//272
f 4895//97 4898//272 4896//98
f 4897//99 4899//101 4900//102
f 4897//99 4900//102 4898//272
f 4899//101 4901//103 4902//104
f 4899//101 4902//104 4900//102
f 4901//103 4903//105 4904//106
f 4901//103 4904//106 4902//104
f 4903//105 4905//107 4906//108
f 4903//105 4906//108 4904//106
f 4905//107 4907//109 4908//110
f 4905//107 4908//110 4906//108
f 4907//109 4909//111 4910//112
f 4907//109 4910//112 4908//110
f 4909//111 4911//113 4912//114
f 4909//111 4912//114 4910//112
f 4911//113 4913//115 4914//116
f 4911//113 4914//116 4912//114
f 4913//115 4915//117 4916//118
f 4913//115 4916//118 4914//116
f 4917//119 862//2 864//4
f 4917//119 864//4 4918//120
f 4919//121 4917//119 4918//120
f 4919//121 4918//120 4920//274
f 4921//252 4922//124 4923//125
f 4921//252 4923//125 4924//126
f 4916//118 4925//127 4926//443
f 4916//118 4926//443 4914//116
f 4925//127 4921//252 4924//126
f 4925//127 4924//126 4926//443
f 862//2 4917//119 4927//129
f 862//2 4927//129 865//72
f 4917//119 4919//121 4928//130
f 4917//119 4928//130 4927//129
f 4929//131 4930//132 4931//133
f 4929//131 4931//133 4932//134
f 4930//132 4933//255 4934//276
f 4930//132 4934//276 4931//133
f 4933//255 4878//80 4877//79
f 4933//255 4877//79 4934//276
f 865//72 4927//129 4935//137
f 865//72 4935//137 866//6
f 4927//129 4928//130 4936//138
f 4927//129 4936//138 4935//137
f 4932//134 4931//133 4937//139
f 4932//134 4937//139 4938//140
f 4931//133 4934//276 4939//256
f 4931//133 4939//256 4937//139
f 4934//276 4877//79 4880//82
f 4934//276 4880//82 4939//256
f 866//6 4935//137 4940//142
f 866//6 4940//142 867//7
f 4935//137 4936//138 4941//143
f 4935//137 4941//143 4940//142
f 4938//140 4937//139 4942//144
f 4938//140 4942//144 4943//145
f 4937//139 4939//256 4944//146
f 4937//139 4944//146 4942//144
f 4939//256 4880//82 4882//84
f 4939//256 4882//84 4944//146
f 867//7 4940//142 4945//147
f 867//7 4945//147 868//23
f 4940//142 4941//143 4946//148
f 4940//142 4946//148 4945//147
f 4943//145 4942//144 4947//149
f 4943//145 4947//149 4948//150
f 4942//144 4944//146 4949//151
f 4942//144 4949//151 4947//149
f 4944//146 4882//84 4884//86
f 4944//146 4884//86 4949//151
f 868//23 4945//147 4950//152
f 868//23 4950//152 869//9
f 4945//147 4946//148 4951//153
f 4945//147 4951//153 4950//152
f 4948//150 4947//149 4952//154
f 4948//150 4952//154 4953//155
f 4947//149 4949//151 4954//257
f 4947//149 4954//257 4952//154
f 4949//151 4884//86 4886//88
f 4949//151 4886//88 4954//257
f 869//9 4950//152 4955//157
f 869//9 4955//157 870//10
f 4950//152 4951//153 4956//158
f 4950//152 4956//158 4955//157
f 4953//155 4952//154 4957//159
f 4953//155 4957//159 4958//160
f 4952//154 4954//257 4959//161
f 4952//154 4959//161 4957//159
f 4954//257 4886//88 4888//90
f 4954//257 4888//90 4959//161
f 870//10 4955//157 4960//162
f 870//10 4960//162 871//27
f 4955//157 4956//158 4961//163
f 4955//157 4961//163 4960//162
f 4958//160 4957//159 4962//164
f 4958//160 4962//164 4963//165
f 4957//159 4959//161 4964//277
f 4957//159 4964//277 4962//164
f 4959//161 4888//90 4890//92
f 4959//161 4890//92 4964//277
f 871//27 4960//162 4965//167
f 871//27 4965//167 872//12
f 4960//162 4961//163 4966//168
f 4960//162 4966//168 4965//167
f 4963//165 4962//164 4967//169
f 4963//165 4967//169 4968//170
f 4962//164 4964//277 4969//171
f 4962//164 4969//171 4967//169
f 4964//277 4890//92 4892//94
f 4964//277 4892//94 4969//171
f 872//12 4965//167 4970//172
f 872//12 4970//172 873//24
f 4965//167 4966//168 4971//173
f 4965//167 4971//173 4970//172
f 4968//170 4967//169 4972//428
f 4968//170 4972//428 4973//175
f 4967//169 4969//171 4974//258
f 4967//169 4974//258 4972//428
f 4969//171 4892//94 4894//96
f 4969//171 4894//96 4974//258
f 873//24 4970//172 4975//177
f 873//24 4975//177 874//14
f 4970//172 4971//173 4976//178
f 4970//172 4976//178 4975//177
f 4973//175 4972//428 4977//179
f 4973//175 4977//179 4978//180
f 4972//428 4974//258 4979//278
f 4972//428 4979//278 4977//179
f 4974//258 4894//96 4896//98
f 4974//258 4896//98 4979//278
f 874//14 4975//177 4980//182
f 874//14 4980//182 875//15
f 4975//177 4976//178 4981//279
f 4975//177 4981//279 4980//182
f 4978//180 4977//179 4982//184
f 4978//180 4982//184 4983//185
f 4977//179 4979//278 4984//554
f 4977//179 4984//554 4982//184
f 4979//278 4896//98 4898//272
f 4979//278 4898//272 4984//554
f 875//15 4980//182 4985//187
f 875//15 4985//187 876//16
f 4980//182 4981//279 4986//188
f 4980//182 4986//188 4985//187
f 4983//185 4982//184 4987//189
f 4983//185 4987//189 4988//190
f 4982//184 4984//554 4989//191
f 4982//184 4989//191 4987//189
f 4984//554 4898//272 4900//102
f 4984//554 4900//102 4989//191
f 876//16 4985//187 4990//192
f 876//16 4990//192 877//50
f 4985//187 4986//188 4991//193
f 4985//187 4991//193 4990//192
f 4988//190 4987//189 4992//194
f 4988//190 4992//194 4993//195
f 4987//189 4989//191 4994//196
f 4987//189 4994//196 4992//194
f 4989//191 4900//102 4902//104
f 4989//191 4902//104 4994//196
f 877//50 4990//192 4995//197
f 877//50 4995//197 878//18
f 4990//192 4991//193 4996//198
f 4990//192 4996//198 4995//197
f 4993//195 4992//194 4997//199
f 4993//195 4997//199 4998//200
f 4992//194 4994//196 4999//281
f 4992//194 4999//281 4997//199
f 4994//196 4902//104 4904//106
f 4994//196 4904//106 4999//281
f 878//18 4995//197 5000//202
f 878//18 5000//202 879//26
f 4995//197 4996//198 5001//203
f 4995//197 5001//203 5000//202
f 4998//200 4997//199 5002//204
f 4998//200 5002//204 5003//205
f 4997//199 4999//281 5004//267
f 4997//199 5004//267 5002//204
f 4999//281 4904//106 4906//108
f 4999//281 4906//108 5004//267
f 879//26 5000//202 5005//207
f 879//26 5005//207 880//20
f 5000//202 5001//203 5006//208
f 5000//202 5006//208 5005//207
f 5003//205 5002//204 5007//209
f 5003//205 5007//209 5008//210
f 5002//204 5004//267 5009//282
f 5002//204 5009//282 5007//209
f 5004//267 4906//108 4908//110
f 5004//267 4908//110 5009//282
f 880//20 5005//207 5010//212
f 880//20 5010//212 881//21
f 5005//207 5006//208 5011//213
f 5005//207 5011//213 5010//212
f 5008//210 5007//209 5012//214
f 5008//210 5012//214 5013//215
f 5007//209 5009//282 5014//216
f 5007//209 5014//216 5012//214
f 5009//282 4908//110 4910//112
f 5009//282 4910//112 5014//216
f 881//21 5010//212 5015//217
f 881//21 5015//217 882//22
f 5010//212 5011//213 5016//218
f 5010//212 5016//218 5015//217
f 5013//215 5012//214 5017//219
f 5013//215 5017//219 5018//220
f 5012//214 5014//216 5019//283
f 5012//214 5019//283 5017//219
f 5014//216 4910//112 4912//114
f 5014//216 4912//114 5019//283
f 882//22 5015//217 4918//120
f 882//22 4918//120 864//4
f 5015//217 5016//218 4920//274
f 5015//217 4920//274 4918//120
f 5018//220 5017//219 4924//126
f 5018//220 4924//126 4923//125
f 5017//219 5019//283 4926//443
f 5017//219 4926//443 4924//126
f 5019//283 4912//114 4914//116
f 5019//283 4914//116 4926//443
f 5020//222 5021//222 5022//223
f 5020//222 5022//223 5023//223
f 5024//224 5025//224 5026//225
f 5024//224 5026//225 5027//225
f 5028//284 5030//285 5029//284
f 5028//284 5031//286 5030//285
f 5032//287 5033//425 5034//288
f 5032//287 5034//288 5035//288
f 5036//289 5029//284 5037//290
f 5036//289 5028//284 5029//284
f 5038//291 5039//291 5033//425
f 5038//291 5033//425 5032//287
f 5024//224 5040//234 5041//234
f 5024//224 5041//234 5025//224
f 5040//234 5042//235 5043//236
f 5040//234 5043//236 5041//234
f 5044//292 5039//291 5038//291
f 5044//292 5038//291 5045//292
f 5036//289 5047//293 5046//294
f 5036//289 5037//290 5047//293
f 5048//296 5049//241 5050//241
f 5048//296 5050//241 5051//296
f 5049//241 5027//225 5026//225
f 5049//241 5026//225 5050//241
f 5034//288 5052//297 5053//297
f 5034//288 5053//297 5035//288
f 5052//244 5054//245 5055//245
f 5052//244 5055//245 5056//244
f 5054//245 5021//222 5020//222
f 5054//245 5020//222 5055//245
f 5022//223 5057//246 5058//246
f 5022//223 5058//246 5023//223
f 5057//246 5059//247 5060//248
f 5057//246 5060//248 5058//246
f 5059//299 5030//285 5031//286
f 5059//299 5061//300 5030//285
f 5062//77 5063//78 5064//79
f 5062//77 5064//79 5065//250
f 5063//78 5066//81 5067//82
f 5063//78 5067//82 5064//79
f 5066//81 5068//83 5069//84
f 5066//81 5069//84 5067//82
f 5068//83 5070//85 5071//86
f 5068//83 5071//86 5069//84
f 5070//85 5072//87 5073//88
f 5070//85 5073//88 5071//86
f 5072//87 5074//89 5075//90
f 5072//87 5075//90 5073//88
f 5074//89 5076//91 5077//92
f 5074//89 5077//92 5075//90
f 5076//91 5078//93 5079//94
f 5076//91 5079//94 5077//92
f 5078//93 5080//95 5081//96
f 5078//93 5081//96 5079//94
f 5080//95 5082//97 5083//98
f 5080//95 5083//98 5081//96
f 5082//97 5084//99 5085//100
f 5082//97 5085//100 5083//98
f 5084//99 5086//101 5087//102
f 5084//99 5087//102 5085//100
f 5086//101 5088//103 5089//104
f 5086//101 5089//104 5087//102
f 5088//103 5090//105 5091//106
f 5088//103 5091//106 5089//104
f 5090//105 5092//107 5093//108
f 5090//105 5093//108 5091//106
f 5092//107 5094//109 5095//110
f 5092//107 5095//110 5093//108
f 5094//109 5096//111 5097//112
f 5094//109 5097//112 5095//110
f 5096//111 5098//113 5099//114
f 5096//111 5099//114 5097//112
f 5098//113 5100//115 5101//116
f 5098//113 5101//116 5099//114
f 5100//115 5102//117 5103//118
f 5100//115 5103//118 5101//116
f 5104//119 904//2 906//4
f 5104//119 906//4 5105//120
f 5106//121 5104//119 5105//120
f 5106//121 5105//120 5107//122
f 5108//252 5109//124 5110//125
f 5108//252 5110//125 5111//126
f 5103//118 5112//127 5113//128
f 5103//118 5113//128 5101//116
f 5112//127 5108//252 5111//126
f 5112//127 5111//126 5113//128
f 904//2 5104//119 5114//129
f 904//2 5114//129 907//5
f 5104//119 5106//121 5115//130
f 5104//119 5115//130 5114//129
f 5116//131 5117//132 5118//133
f 5116//131 5118//133 5119//134
f 5117//132 5120//135 5121//136
f 5117//132 5121//136 5118//133
f 5120//135 5065//250 5064//79
f 5120//135 5064//79 5121//136
f 907//5 5114//129 5122//137
f 907//5 5122//137 908//6
f 5114//129 5115//130 5123//138
f 5114//129 5123//138 5122//137
f 5119//134 5118//133 5124//139
f 5119//134 5124//139 5125//140
f 5118//133 5121//136 5126//256
f 5118//133 5126//256 5124//139
f 5121//136 5064//79 5067//82
f 5121//136 5067//82 5126//256
f 908//6 5122//137 5127//142
f 908//6 5127//142 909//7
f 5122//137 5123//138 5128//143
f 5122//137 5128//143 5127//142
f 5125//140 5124//139 5129//144
f 5125//140 5129//144 5130//145
f 5124//139 5126//256 5131//146
f 5124//139 5131//146 5129//144
f 5126//256 5067//82 5069//84
f 5126//256 5069//84 5131//146
f 909//7 5127//142 5132//147
f 909//7 5132//147 910//8
f 5127//142 5128//143 5133//148
f 5127//142 5133//148 5132//147
f 5130//145 5129//144 5134//149
f 5130//145 5134//149 5135//150
f 5129//144 5131//146 5136//151
f 5129//144 5136//151 5134//149
f 5131//146 5069//84 5071//86
f 5131//146 5071//86 5136//151
f 910//8 5132//147 5137//152
f 910//8 5137//152 911//9
f 5132//147 5133//148 5138//153
f 5132//147 5138//153 5137//152
f 5135//150 5134//149 5139//154
f 5135//150 5139//154 5140//155
f 5134//149 5136//151 5141//257
f 5134//149 5141//257 5139//154
f 5136//151 5071//86 5073//88
f 5136//151 5073//88 5141//257
f 911//9 5137//152 5142//157
f 911//9 5142//157 912//10
f 5137//152 5138//153 5143//158
f 5137//152 5143//158 5142//157
f 5140//155 5139//154 5144//159
f 5140//155 5144//159 5145//160
f 5139//154 5141//257 5146//161
f 5139//154 5146//161 5144//159
f 5141//257 5073//88 5075//90
f 5141//257 5075//90 5146//161
f 912//10 5142//157 5147//162
f 912//10 5147//162 913//27
f 5142//157 5143//158 5148//163
f 5142//157 5148//163 5147//162
f 5145//160 5144//159 5149//164
f 5145//160 5149//164 5150//165
f 5144//159 5146//161 5151//277
f 5144//159 5151//277 5149//164
f 5146//161 5075//90 5077//92
f 5146//161 5077//92 5151//277
f 913//27 5147//162 5152//167
f 913//27 5152//167 914//12
f 5147//162 5148//163 5153//168
f 5147//162 5153//168 5152//167
f 5150//165 5149//164 5154//169
f 5150//165 5154//169 5155//170
f 5149//164 5151//277 5156//171
f 5149//164 5156//171 5154//169
f 5151//277 5077//92 5079//94
f 5151//277 5079//94 5156//171
f 914//12 5152//167 5157//172
f 914//12 5157//172 915//24
f 5152//167 5153//168 5158//173
f 5152//167 5158//173 5157//172
f 5155//170 5154//169 5159//428
f 5155//170 5159//428 5160//175
f 5154//169 5156//171 5161//258
f 5154//169 5161//258 5159//428
f 5156//171 5079//94 5081//96
f 5156//171 5081//96 5161//258
f 915//24 5157//172 5162//177
f 915//24 5162//177 916//14
f 5157//172 5158//173 5163//178
f 5157//172 5163//178 5162//177
f 5160//175 5159//428 5164//179
f 5160//175 5164//179 5165//180
f 5159//428 5161//258 5166//278
f 5159//428 5166//278 5164//179
f 5161//258 5081//96 5083//98
f 5161//258 5083//98 5166//278
f 916//14 5162//177 5167//182
f 916//14 5167//182 917//25
f 5162//177 5163//178 5168//279
f 5162//177 5168//279 5167//182
f 5165//180 5164//179 5169//184
f 5165//180 5169//184 5170//185
f 5164//179 5166//278 5171//186
f 5164//179 5171//186 5169//184
f 5166//278 5083//98 5085//100
f 5166//278 5085//100 5171//186
f 917//25 5167//182 5172//187
f 917//25 5172//187 918//52
f 5167//182 5168//279 5173//188
f 5167//182 5173//188 5172//187
f 5170//185 5169//184 5174//261
f 5170//185 5174//261 5175//190
f 5169//184 5171//186 5176//191
f 5169//184 5176//191 5174//261
f 5171//186 5085//100 5087//102
f 5171//186 5087//102 5176//191
f 918//52 5172//187 5177//192
f 918//52 5177//192 919//50
f 5172//187 5173//188 5178//262
f 5172//187 5178//262 5177//192
f 5175//190 5174//261 5179//194
f 5175//190 5179//194 5180//195
f 5174//261 5176//191 5181//429
f 5174//261 5181//429 5179//194
f 5176//191 5087//102 5089//104
f 5176//191 5089//104 5181//429
f 919//50 5177//192 5182//197
f 919//50 5182//197 920//18
f 5177//192 5178//262 5183//198
f 5177//192 5183//198 5182//197
f 5180//195 5179//194 5184//199
f 5180//195 5184//199 5185//200
f 5179//194 5181//429 5186//201
f 5179//194 5186//201 5184//199
f 5181//429 5089//104 5091//106
f 5181//429 5091//106 5186//201
f 920//18 5182//197 5187//202
f 920//18 5187//202 921//19
f 5182//197 5183//198 5188//203
f 5182//197 5188//203 5187//202
f 5185//200 5184//199 5189//204
f 5185//200 5189//204 5190//205
f 5184//199 5186//201 5191//267
f 5184//199 5191//267 5189//204
f 5186//201 5091//106 5093//108
f 5186//201 5093//108 5191//267
f 921//19 5187//202 5192//207
f 921//19 5192//207 922//20
f 5187//202 5188//203 5193//208
f 5187//202 5193//208 5192//207
f 5190//205 5189//204 5194//209
f 5190//205 5194//209 5195//210
f 5189//204 5191//267 5196//282
f 5189//204 5196//282 5194//209
f 5191//267 5093//108 5095//110
f 5191//267 5095//110 5196//282
f 922//20 5192//207 5197//212
f 922//20 5197//212 923//21
f 5192//207 5193//208 5198//213
f 5192//207 5198//213 5197//212
f 5195//210 5194//209 5199//214
f 5195//210 5199//214 5200//215
f 5194//209 5196//282 5201//216
f 5194//209 5201//216 5199//214
f 5196//282 5095//110 5097//112
f 5196//282 5097//112 5201//216
f 923//21 5197//212 5202//459
f 923//21 5202//459 924//22
f 5197//212 5198//213 5203//218
f 5197//212 5203//218 5202//459
f 5200//215 5199//214 5204//219
f 5200//215 5204//219 5205//220
f 5199//214 5201//216 5206//454
f 5199//214 5206//454 5204//219
f 5201//216 5097//112 5099//114
f 5201//216 5099//114 5206//454
f 924//22 5202//459 5105//120
f 924//22 5105//120 906//4
f 5202//459 5203//218 5107//122
f 5202//459 5107//122 5105//120
f 5205//220 5204//219 5111//126
f 5205//220 5111//126 5110//125
f 5204//219 5206//454 5113//128
f 5204//219 5113//128 5111//126
f 5206//454 5099//114 5101//116
f 5206//454 5101//116 5113//128
f 5207//431 5209//432 5208//433
f 5207//431 5210//434 5209//432
f 5211//224 5212//224 5213//225
f 5211//224 5213//225 5214//225
f 5215//435 5216//226 5217//227
f 5215//435 5217//227 5218//227
f 5219//287 5220//425 5221//288
f 5219//287 5221//288 5222//288
f 5223//231 5224//231 5216//226
f 5223//231 5216//226 5215//435
f 5225//291 5226//291 5220//425
f 5225//291 5220//425 5219//287
f 5211//224 5227//234 5228//234
f 5211//224 5228//234 5212//224
f 5227//234 5229//235 5230//236
f 5227//234 5230//236 5228//234
f 5231//436 5226//291 5225//291
f 5231//436 5225//291 5232//292
f 5223//231 5233//239 5234//460
f 5223//231 5234//460 5224//231
f 5235//240 5236//241 5237//241
f 5235//240 5237//241 5238//240
f 5236//241 5214//225 5213//225
f 5236//241 5213//225 5237//241
f 5221//288 5239//297 5240//297
f 5221//288 5240//297 5222//288
f 5239//437 5242//438 5241//438
f 5239//437 5243//439 5242//438
f 5241//438 5207//431 5208//433
f 5241//438 5242//438 5207//431
f 5209//432 5245//440 5244//440
f 5209//432 5210//434 5245//440
f 5244//440 5247//441 5246//442
f 5244//440 5245//440 5247//441
f 5246//249 5218//227 5217//227
f 5246//249 5217//227 5248//249
f 5249//77 5250//78 5251//79
f 5249//77 5251//79 5252//250
f 5250//78 5253//81 5254//82
f 5250//78 5254//82 5251//79
f 5253//81 5255//83 5256//84
f 5253//81 5256//84 5254//82
f 5255//83 5257//85 5258//86
f 5255//83 5258//86 5256//84
f 5257//85 5259//87 5260//88
f 5257//85 5260//88 5258//86
f 5259//87 5261//89 5262//90
f 5259//87 5262//90 5260//88
f 5261//89 5263//91 5264//92
f 5261//89 5264//92 5262//90
f 5263//91 5265//93 5266//94
f 5263//91 5266//94 5264//92
f 5265//93 5267//95 5268//96
f 5265//93 5268//96 5266//94
f 5267//95 5269//97 5270//98
f 5267//95 5270//98 5268//96
f 5269//97 5271//99 5272//100
f 5269//97 5272//100 5270//98
f 5271//99 5273//101 5274//102
f 5271//99 5274//102 5272//100
f 5273//101 5275//103 5276//104
f 5273//101 5276//104 5274//102
f 5275//103 5277//105 5278//106
f 5275//103 5278//106 5276//104
f 5277//105 5279//107 5280//108
f 5277//105 5280//108 5278//106
f 5279//107 5281//109 5282//110
f 5279//107 5282//110 5280//108
f 5281//109 5283//111 5284//112
f 5281//109 5284//112 5282//110
f 5283//111 5285//113 5286//114
f 5283//111 5286//114 5284//112
f 5285//113 5287//115 5288//116
f 5285//113 5288//116 5286//114
f 5287//115 5289//117 5290//118
f 5287//115 5290//118 5288//116
f 5291//119 946//73 948//4
f 5291//119 948//4 5292//120
f 5293//121 5291//119 5292//120
f 5293//121 5292//120 5294//122
f 5295//252 5296//124 5297//125
f 5295//252 5297//125 5298//253
f 5290//118 5299//127 5300//128
f 5290//118 5300//128 5288//116
f 5299//127 5295//252 5298//253
f 5299//127 5298//253 5300//128
f 946//73 5291//119 5301//129
f 946//73 5301//129 949//5
f 5291//119 5293//121 5302//456
f 5291//119 5302//456 5301//129
f 5303//131 5304//132 5305//133
f 5303//131 5305//133 5306//134
f 5304//132 5307//135 5308//136
f 5304//132 5308//136 5305//133
f 5307//135 5252//250 5251//79
f 5307//135 5251//79 5308//136
f 949//5 5301//129 5309//137
f 949//5 5309//137 950//6
f 5301//129 5302//456 5310//138
f 5301//129 5310//138 5309//137
f 5306//134 5305//133 5311//139
f 5306//134 5311//139 5312//469
f 5305//133 5308//136 5313//256
f 5305//133 5313//256 5311//139
f 5308//136 5251//79 5254//82
f 5308//136 5254//82 5313//256
f 950//6 5309//137 5314//142
f 950//6 5314//142 951//74
f 5309//137 5310//138 5315//457
f 5309//137 5315//457 5314//142
f 5312//469 5311//139 5316//144
f 5312//469 5316//144 5317//145
f 5311//139 5313//256 5318//146
f 5311//139 5318//146 5316//144
f 5313//256 5254//82 5256//84
f 5313//256 5256//84 5318//146
f 951//74 5314//142 5319//147
f 951//74 5319//147 952//8
f 5314//142 5315//457 5320//148
f 5314//142 5320//148 5319//147
f 5317//145 5316//144 5321//149
f 5317//145 5321//149 5322//150
f 5316//144 5318//146 5323//151
f 5316//144 5323//151 5321//149
f 5318//146 5256//84 5258//86
f 5318//146 5258//86 5323//151
f 952//8 5319//147 5324//152
f 952//8 5324//152 953//9
f 5319//147 5320//148 5325//153
f 5319//147 5325//153 5324//152
f 5322//150 5321//149 5326//154
f 5322//150 5326//154 5327//155
f 5321//149 5323//151 5328//257
f 5321//149 5328//257 5326//154
f 5323//151 5258//86 5260//88
f 5323//151 5260//88 5328//257
f 953//9 5324//152 5329//157
f 953//9 5329//157 954//10
f 5324//152 5325//153 5330//158
f 5324//152 5330//158 5329//157
f 5327//155 5326//154 5331//159
f 5327//155 5331//159 5332//160
f 5326//154 5328//257 5333//161
f 5326//154 5333//161 5331//159
f 5328//257 5260//88 5262//90
f 5328//257 5262//90 5333//161
f 954//10 5329//157 5334//162
f 954//10 5334//162 955//11
f 5329//157 5330//158 5335//163
f 5329//157 5335//163 5334//162
f 5332//160 5331//159 5336//164
f 5332//160 5336//164 5337//427
f 5331//159 5333//161 5338//166
f 5331//159 5338//166 5336//164
f 5333//161 5262//90 5264//92
f 5333//161 5264//92 5338//166
f 955//11 5334//162 5339//167
f 955//11 5339//167 956//12
f 5334//162 5335//163 5340//168
f 5334//162 5340//168 5339//167
f 5337//427 5336//164 5341//169
f 5337//427 5341//169 5342//170
f 5336//164 5338//166 5343//171
f 5336//164 5343//171 5341//169
f 5338//166 5264//92 5266//94
f 5338//166 5266//94 5343//171
f 956//12 5339//167 5344//172
f 956//12 5344//172 957//24
f 5339//167 5340//168 5345//173
f 5339//167 5345//173 5344//172
f 5342//170 5341//169 5346//428
f 5342//170 5346//428 5347//175
f 5341//169 5343//171 5348//444
f 5341//169 5348//444 5346//428
f 5343//171 5266//94 5268//96
f 5343//171 5268//96 5348//444
f 957//24 5344//172 5349//177
f 957//24 5349//177 958//14
f 5344//172 5345//173 5350//178
f 5344//172 5350//178 5349//177
f 5347//175 5346//428 5351//179
f 5347//175 5351//179 5352//180
f 5346//428 5348//444 5353//181
f 5346//428 5353//181 5351//179
f 5348//444 5268//96 5270//98
f 5348//444 5270//98 5353//181
f 958//14 5349//177 5354//182
f 958//14 5354//182 959//15
f 5349//177 5350//178 5355//279
f 5349//177 5355//279 5354//182
f 5352//180 5351//179 5356//184
f 5352//180 5356//184 5357//185
f 5351//179 5353//181 5358//186
f 5351//179 5358//186 5356//184
f 5353//181 5270//98 5272//100
f 5353//181 5272//100 5358//186
f 959//15 5354//182 5359//187
f 959//15 5359//187 960//52
f 5354//182 5355//279 5360//188
f 5354//182 5360//188 5359//187
f 5357//185 5356//184 5361//261
f 5357//185 5361//261 5362//190
f 5356//184 5358//186 5363//191
f 5356//184 5363//191 5361//261
f 5358//186 5272//100 5274//102
f 5358//186 5274//102 5363//191
f 960//52 5359//187 5364//192
f 960//52 5364//192 961//28
f 5359//187 5360//188 5365//262
f 5359//187 5365//262 5364//192
f 5362//190 5361//261 5366//194
f 5362//190 5366//194 5367//195
f 5361//261 5363//191 5368//196
f 5361//261 5368//196 5366//194
f 5363//191 5274//102 5276//104
f 5363//191 5276//104 5368//196
f 961//28 5364//192 5369//197
f 961//28 5369//197 962//18
f 5364//192 5365//262 5370//198
f 5364//192 5370//198 5369//197
f 5367//195 5366//194 5371//264
f 5367//195 5371//264 5372//200
f 5366//194 5368//196 5373//281
f 5366//194 5373//281 5371//264
f 5368//196 5276//104 5278//106
f 5368//196 5278//106 5373//281
f 962//18 5369//197 5374//202
f 962//18 5374//202 963//19
f 5369//197 5370//198 5375//203
f 5369//197 5375//203 5374//202
f 5372//200 5371//264 5376//204
f 5372//200 5376//204 5377//205
f 5371//264 5373//281 5378//206
f 5371//264 5378//206 5376//204
f 5373//281 5278//106 5280//108
f 5373//281 5280//108 5378//206
f 963//19 5374//202 5379//207
f 963//19 5379//207 964//20
f 5374//202 5375//203 5380//208
f 5374//202 5380//208 5379//207
f 5377//205 5376//204 5381//209
f 5377//205 5381//209 5382//210
f 5376//204 5378//206 5383//282
f 5376//204 5383//282 5381//209
f 5378//206 5280//108 5282//110
f 5378//206 5282//110 5383//282
f 964//20 5379//207 5384//212
f 964//20 5384//212 965//21
f 5379//207 5380//208 5385//213
f 5379//207 5385//213 5384//212
f 5382//210 5381//209 5386//214
f 5382//210 5386//214 5387//467
f 5381//209 5383//282 5388//216
f 5381//209 5388//216 5386//214
f 5383//282 5282//110 5284//112
f 5383//282 5284//112 5388//216
f 965//21 5384//212 5389//217
f 965//21 5389//217 966//22
f 5384//212 5385//213 5390//218
f 5384//212 5390//218 5389//217
f 5387//467 5386//214 5391//219
f 5387//467 5391//219 5392//220
f 5386//214 5388//216 5393//221
f 5386//214 5393//221 5391//219
f 5388//216 5284//112 5286//114
f 5388//216 5286//114 5393//221
f 966//22 5389//217 5292//120
f 966//22 5292//120 948//4
f 5389//217 5390//218 5294//122
f 5389//217 5294//122 5292//120
f 5392//220 5391//219 5298//253
f 5392//220 5298//253 5297//125
f 5391//219 5393//221 5300//128
f 5391//219 5300//128 5298//253
f 5393//221 5286//114 5288//116
f 5393//221 5288//116 5300//128
f 5394//431 5396//432 5395//433
f 5394//431 5397//434 5396//432
f 5398//224 5399//224 5400//225
f 5398//224 5400//225 5401//225
f 5402//284 5404//285 5403//284
f 5402//284 5405//286 5404//285
f 5406//425 5407//425 5408//288
f 5406//425 5408//288 5409//288
f 5410//289 5403//284 5411//290
f 5410//289 5402//284 5403//284
f 5412//291 5413//291 5407//425
f 5412//291 5407//425 5406//425
f 5398//224 5414//234 5415//234
f 5398//224 5415//234 5399//224
f 5414//234 5416//235 5417//236
f 5414//234 5417//236 5415//234
f 5418//292 5413//291 5412//291
f 5418//292 5412//291 5419//292
f 5410//289 5421//293 5420//294
f 5410//289 5411//290 5421//293
f 5422//270 5423//241 5424//241
f 5422//270 5424//241 5425//240
f 5423//241 5401//225 5400//225
f 5423//241 5400//225 5424//241
f 5408//288 5426//297 5427//297
f 5408//288 5427//297 5409//288
f 5426//437 5429//438 5428//438
f 5426//437 5430//439 5429//438
f 5428//438 5394//431 5395//433
f 5428//438 5429//438 5394//431
f 5396//432 5432//440 5431//440
f 5396//432 5397//434 5432//440
f 5431//440 5434//441 5433//442
f 5431//440 5432//440 5434//441
f 5433//299 5404//285 5405//286
f 5433//299 5435//300 5404//285
f 5436//77 5437//78 5438//79
f 5436//77 5438//79 5439//250
f 5437//78 5440//81 5441//82
f 5437//78 5441//82 5438//79
f 5440//81 5442//83 5443//84
f 5440//81 5443//84 5441//82
f 5442//83 5444//85 5445//86
f 5442//83 5445//86 5443//84
f 5444//85 5446//87 5447//88
f 5444//85 5447//88 5445//86
f 5446//87 5448//89 5449//468
f 5446//87 5449//468 5447//88
f 5448//89 5450//91 5451//92
f 5448//89 5451//92 5449//468
f 5450//91 5452//93 5453//94
f 5450//91 5453//94 5451//92
f 5452//93 5454//95 5455//96
f 5452//93 5455//96 5453//94
f 5454//95 5456//97 5457//98
f 5454//95 5457//98 5455//96
f 5456//97 5458//99 5459//272
f 5456//97 5459//272 5457//98
f 5458//99 5460//101 5461//102
f 5458//99 5461//102 5459//272
f 5460//101 5462//103 5463//104
f 5460//101 5463//104 5461//102
f 5462//103 5464//105 5465//106
f 5462//103 5465//106 5463//104
f 5464//105 5466//107 5467//108
f 5464//105 5467//108 5465//106
f 5466//107 5468//109 5469//110
f 5466//107 5469//110 5467//108
f 5468//109 5470//111 5471//273
f 5468//109 5471//273 5469//110
f 5470//111 5472//113 5473//114
f 5470//111 5473//114 5471//273
f 5472//113 5474//115 5475//116
f 5472//113 5475//116 5473//114
f 5474//115 5476//117 5477//118
f 5474//115 5477//118 5475//116
f 5478//119 988//2 990//4
f 5478//119 990//4 5479//120
f 5480//121 5478//119 5479//120
f 5480//121 5479//120 5481//274
f 5482//252 5483//124 5484//448
f 5482//252 5484//448 5485//555
f 5477//118 5486//127 5487//128
f 5477//118 5487//128 5475//116
f 5486//127 5482//252 5485//555
f 5486//127 5485//555 5487//128
f 988//2 5478//119 5488//129
f 988//2 5488//129 991//5
f 5478//119 5480//121 5489//456
f 5478//119 5489//456 5488//129
f 5490//131 5491//132 5492//133
f 5490//131 5492//133 5493//134
f 5491//132 5494//135 5495//136
f 5491//132 5495//136 5492//133
f 5494//135 5439//250 5438//79
f 5494//135 5438//79 5495//136
f 991//5 5488//129 5496//137
f 991//5 5496//137 992//6
f 5488//129 5489//456 5497//138
f 5488//129 5497//138 5496//137
f 5493//134 5492//133 5498//139
f 5493//134 5498//139 5499//140
f 5492//133 5495//136 5500//463
f 5492//133 5500//463 5498//139
f 5495//136 5438//79 5441//82
f 5495//136 5441//82 5500//463
f 992//6 5496//137 5501//142
f 992//6 5501//142 993//7
f 5496//137 5497//138 5502//143
f 5496//137 5502//143 5501//142
f 5499//140 5498//139 5503//144
f 5499//140 5503//144 5504//145
f 5498//139 5500//463 5505//146
f 5498//139 5505//146 5503//144
f 5500//463 5441//82 5443//84
f 5500//463 5443//84 5505//146
f 993//7 5501//142 5506//147
f 993//7 5506//147 994//23
f 5501//142 5502//143 5507//148
f 5501//142 5507//148 5506//147
f 5504//145 5503//144 5508//149
f 5504//145 5508//149 5509//150
f 5503//144 5505//146 5510//151
f 5503//144 5510//151 5508//149
f 5505//146 5443//84 5445//86
f 5505//146 5445//86 5510//151
f 994//23 5506//147 5511//152
f 994//23 5511//152 995//9
f 5506//147 5507//148 5512//153
f 5506//147 5512//153 5511//152
f 5509//150 5508//149 5513//154
f 5509//150 5513//154 5514//155
f 5508//149 5510//151 5515//156
f 5508//149 5515//156 5513//154
f 5510//151 5445//86 5447//88
f 5510//151 5447//88 5515//156
f 995//9 5511//152 5516//157
f 995//9 5516//157 996//10
f 5511//152 5512//153 5517//158
f 5511//152 5517//158 5516//157
f 5514//155 5513//154 5518//159
f 5514//155 5518//159 5519//160
f 5513//154 5515//156 5520//161
f 5513//154 5520//161 5518//159
f 5515//156 5447//88 5449//468
f 5515//156 5449//468 5520//161
f 996//10 5516//157 5521//162
f 996//10 5521//162 997//27
f 5516//157 5517//158 5522//163
f 5516//157 5522//163 5521//162
f 5519//160 5518//159 5523//164
f 5519//160 5523//164 5524//427
f 5518//159 5520//161 5525//277
f 5518//159 5525//277 5523//164
f 5520//161 5449//468 5451//92
f 5520//161 5451//92 5525//277
f 997//27 5521//162 5526//167
f 997//27 5526//167 998//12
f 5521//162 5522//163 5527//168
f 5521//162 5527//168 5526//167
f 5524//427 5523//164 5528//169
f 5524//427 5528//169 5529//170
f 5523//164 5525//277 5530//171
f 5523//164 5530//171 5528//169
f 5525//277 5451//92 5453//94
f 5525//277 5453//94 5530//171
f 998//12 5526//167 5531//172
f 998//12 5531//172 999//24
f 5526//167 5527//168 5532//173
f 5526//167 5532//173 5531//172
f 5529//170 5528//169 5533//428
f 5529//170 5533//428 5534//175
f 5528//169 5530//171 5535//176
f 5528//169 5535//176 5533//428
f 5530//171 5453//94 5455//96
f 5530//171 5455//96 5535//176
f 999//24 5531//172 5536//177
f 999//24 5536//177 1000//14
f 5531//172 5532//173 5537//178
f 5531//172 5537//178 5536//177
f 5534//175 5533//428 5538//179
f 5534//175 5538//179 5539//180
f 5533//428 5535//176 5540//181
f 5533//428 5540//181 5538//179
f 5535//176 5455//96 5457//98
f 5535//176 5457//98 5540//181
f 1000//14 5536//177 5541//182
f 1000//14 5541//182 1001//15
f 5536//177 5537//178 5542//279
f 5536//177 5542//279 5541//182
f 5539//180 5538//179 5543//184
f 5539//180 5543//184 5544//185
f 5538//179 5540//181 5545//186
f 5538//179 5545//186 5543//184
f 5540//181 5457//98 5459//272
f 5540//181 5459//272 5545//186
f 1001//15 5541//182 5546//187
f 1001//15 5546//187 1002//16
f 5541//182 5542//279 5547//188
f 5541//182 5547//188 5546//187
f 5544//185 5543//184 5548//261
f 5544//185 5548//261 5549//190
f 5543//184 5545//186 5550//556
f 5543//184 5550//556 5548//261
f 5545//186 5459//272 5461//102
f 5545//186 5461//102 5550//556
f 1002//16 5546//187 5551//192
f 1002//16 5551//192 1003//28
f 5546//187 5547//188 5552//262
f 5546//187 5552//262 5551//192
f 5549//190 5548//261 5553//194
f 5549//190 5553//194 5554//195
f 5548//261 5550//556 5555//196
f 5548//261 5555//196 5553//194
f 5550//556 5461//102 5463//104
f 5550//556 5463//104 5555//196
f 1003//28 5551//192 5556//197
f 1003//28 5556//197 1004//18
f 5551//192 5552//262 5557//198
f 5551//192 5557//198 5556//197
f 5554//195 5553//194 5558//199
f 5554//195 5558//199 5559//200
f 5553//194 5555//196 5560//281
f 5553//194 5560//281 5558//199
f 5555//196 5463//104 5465//106
f 5555//196 5465//106 5560//281
f 1004//18 5556//197 5561//202
f 1004//18 5561//202 1005//19
f 5556//197 5557//198 5562//266
f 5556//197 5562//266 5561//202
f 5559//200 5558//199 5563//204
f 5559//200 5563//204 5564//205
f 5558//199 5560//281 5565//267
f 5558//199 5565//267 5563//204
f 5560//281 5465//106 5467//108
f 5560//281 5467//108 5565//267
f 1005//19 5561//202 5566//207
f 1005//19 5566//207 1006//20
f 5561//202 5562//266 5567//208
f 5561//202 5567//208 5566//207
f 5564//205 5563//204 5568//209
f 5564//205 5568//209 5569//210
f 5563//204 5565//267 5570//282
f 5563//204 5570//282 5568//209
f 5565//267 5467//108 5469//110
f 5565//267 5469//110 5570//282
f 1006//20 5566//207 5571//212
f 1006//20 5571//212 1007//21
f 5566//207 5567//208 5572//213
f 5566//207 5572//213 5571//212
f 5569//210 5568//209 5573//214
f 5569//210 5573//214 5574//215
f 5568//209 5570//282 5575//216
f 5568//209 5575//216 5573//214
f 5570//282 5469//110 5471//273
f 5570//282 5471//273 5575//216
f 1007//21 5571//212 5576//217
f 1007//21 5576//217 1008//22
f 5571//212 5572//213 5577//218
f 5571//212 5577//218 5576//217
f 5574//215 5573//214 5578//557
f 5574//215 5578//557 5579//220
f 5573//214 5575//216 5580//221
f 5573//214 5580//221 5578//557
f 5575//216 5471//273 5473//114
f 5575//216 5473//114 5580//221
f 1008//22 5576//217 5479//120
f 1008//22 5479//120 990//4
f 5576//217 5577//218 5481//274
f 5576//217 5481//274 5479//120
f 5579//220 5578//557 5485//555
f 5579//220 5485//555 5484//448
f 5578//557 5580//221 5487//128
f 5578//557 5487//128 5485//555
f 5580//221 5473//114 5475//116
f 5580//221 5475//116 5487//128
f 5581//431 5583//432 5582//433
f 5581//431 5584//434 5583//432
f 5585//224 5586//224 5587//225
f 5585//224 5587//225 5588//225
f 5589//284 5591//285 5590//284
f 5589//284 5592//286 5591//285
f 5593//287 5594//287 5595//288
f 5593//287 5595//288 5596//288
f 5597//289 5590//284 5598//290
f 5597//289 5589//284 5590//284
f 5599//291 5600//291 5594//287
f 5599//291 5594//287 5593//287
f 5585//224 5601//234 5602//234
f 5585//224 5602//234 5586//224
f 5601//234 5603//472 5604//472
f 5601//234 5604//472 5602//234
f 5605//436 5600//291 5599//291
f 5605//436 5599//291 5606//292
f 5597//289 5608//293 5607//294
f 5597//289 5598//290 5608//293
f 5609//240 5610//241 5611//241
f 5609//240 5611//241 5612//240
f 5610//241 5588//225 5587//225
f 5610//241 5587//225 5611//241
f 5595//288 5613//297 5614//297
f 5595//288 5614//297 5596//288
f 5613//437 5616//438 5615//438
f 5613//437 5617//439 5616//438
f 5615//438 5581//431 5582//433
f 5615//438 5616//438 5581//431
f 5583//432 5619//440 5618//440
f 5583//432 5584//434 5619//440
f 5618//440 5621//455 5620//442
f 5618//440 5619//440 5621//455
f 5620//299 5591//285 5592//286
f 5620//299 5622//300 5591//285
f 5623//77 5624//78 5625//480
f 5623//77 5625//480 5626//302
f 5624//78 5627//81 5628//496
f 5624//78 5628//496 5625//480
f 5627//81 5629//83 5630//304
f 5627//81 5630//304 5628//496
f 5629//83 5631//85 5632//305
f 5629//83 5632//305 5630//304
f 5631//85 5633//87 5634//306
f 5631//85 5634//306 5632//305
f 5633//87 5635//89 5636//307
f 5633//87 5636//307 5634//306
f 5635//89 5637//91 5638//519
f 5635//89 5638//519 5636//307
f 5637//91 5639//93 5640//309
f 5637//91 5640//309 5638//519
f 5639//93 5641//95 5642//482
f 5639//93 5642//482 5640//309
f 5641//95 5643//97 5644//520
f 5641//95 5644//520 5642//482
f 5643//97 5645//99 5646//312
f 5643//97 5646//312 5644//520
f 5645//99 5647//101 5648//483
f 5645//99 5648//483 5646//312
f 5647//101 5649//103 5650//521
f 5647//101 5650//521 5648//483
f 5649//103 5651//105 5652//315
f 5649//103 5652//315 5650//521
f 5651//105 5653//107 5654//316
f 5651//105 5654//316 5652//315
f 5653//107 5655//109 5656//485
f 5653//107 5656//485 5654//316
f 5655//109 5657//111 5658//318
f 5655//109 5658//318 5656//485
f 5657//111 5659//113 5660//319
f 5657//111 5660//319 5658//318
f 5659//113 5661//115 5662//545
f 5659//113 5662//545 5660//319
f 5661//115 5663//117 5664//321
f 5661//115 5664//321 5662//545
f 5665//322 1030//57 1032//30
f 5665//322 1032//30 5666//323
f 5667//324 5665//322 5666//323
f 5667//324 5666//323 5668//325
f 5669//486 5670//327 5671//328
f 5669//486 5671//328 5672//329
f 5664//321 5673//330 5674//331
f 5664//321 5674//331 5662//545
f 5673//330 5669//486 5672//329
f 5673//330 5672//329 5674//331
f 1030//57 5665//322 5675//332
f 1030//57 5675//332 1033//31
f 5665//322 5667//324 5676//333
f 5665//322 5676//333 5675//332
f 5677//334 5678//335 5679//336
f 5677//334 5679//336 5680//524
f 5678//335 5681//338 5682//546
f 5678//335 5682//546 5679//336
f 5681//338 5626//302 5625//480
f 5681//338 5625//480 5682//546
f 1033//31 5675//332 5683//340
f 1033//31 5683//340 1034//32
f 5675//332 5676//333 5684//341
f 5675//332 5684//341 5683//340
f 5680//524 5679//336 5685//342
f 5680//524 5685//342 5686//343
f 5679//336 5682//546 5687//526
f 5679//336 5687//526 5685//342
f 5682//546 5625//480 5628//496
f 5682//546 5628//496 5687//526
f 1034//32 5683//340 5688//345
f 1034//32 5688//345 1035//33
f 5683//340 5684//341 5689//346
f 5683//340 5689//346 5688//345
f 5686//343 5685//342 5690//347
f 5686//343 5690//347 5691//558
f 5685//342 5687//526 5692//349
f 5685//342 5692//349 5690//347
f 5687//526 5628//496 5630//304
f 5687//526 5630//304 5692//349
f 1035//33 5688//345 5693//350
f 1035//33 5693//350 1036//53
f 5688//345 5689//346 5694//351
f 5688//345 5694//351 5693//350
f 5691//558 5690//347 5695//352
f 5691//558 5695//352 5696//353
f 5690//347 5692//349 5697//354
f 5690//347 5697//354 5695//352
f 5692//349 5630//304 5632//305
f 5692//349 5632//305 5697//354
f 1036//53 5693//350 5698//355
f 1036//53 5698//355 1037//75
f 5693//350 5694//351 5699//356
f 5693//350 5699//356 5698//355
f 5696//353 5695//352 5700//357
f 5696//353 5700//357 5701//559
f 5695//352 5697//354 5702//359
f 5695//352 5702//359 5700//357
f 5697//354 5632//305 5634//306
f 5697//354 5634//306 5702//359
f 1037//75 5698//355 5703//360
f 1037//75 5703//360 1038//36
f 5698//355 5699//356 5704//361
f 5698//355 5704//361 5703//360
f 5701//559 5700//357 5705//362
f 5701//559 5705//362 5706//363
f 5700//357 5702//359 5707//560
f 5700//357 5707//560 5705//362
f 5702//359 5634//306 5636//307
f 5702//359 5636//307 5707//560
f 1038//36 5703//360 5708//365
f 1038//36 5708//365 1039//37
f 5703//360 5704//361 5709//366
f 5703//360 5709//366 5708//365
f 5706//363 5705//362 5710//367
f 5706//363 5710//367 5711//368
f 5705//362 5707//560 5712//369
f 5705//362 5712//369 5710//367
f 5707//560 5636//307 5638//519
f 5707//560 5638//519 5712//369
f 1039//37 5708//365 5713//370
f 1039//37 5713//370 1040//38
f 5708//365 5709//366 5714//371
f 5708//365 5714//371 5713//370
f 5711//368 5710//367 5715//372
f 5711//368 5715//372 5716//373
f 5710//367 5712//369 5717//374
f 5710//367 5717//374 5715//372
f 5712//369 5638//519 5640//309
f 5712//369 5640//309 5717//374
f 1040//38 5713//370 5718//375
f 1040//38 5718//375 1041//39
f 5713//370 5714//371 5719//376
f 5713//370 5719//376 5718//375
f 5716//373 5715//372 5720//377
f 5716//373 5720//377 5721//378
f 5715//372 5717//374 5722//561
f 5715//372 5722//561 5720//377
f 5717//374 5640//309 5642//482
f 5717//374 5642//482 5722//561
f 1041//39 5718//375 5723//380
f 1041//39 5723//380 1042//40
f 5718//375 5719//376 5724//381
f 5718//375 5724//381 5723//380
f 5721//378 5720//377 5725//382
f 5721//378 5725//382 5726//383
f 5720//377 5722//561 5727//384
f 5720//377 5727//384 5725//382
f 5722//561 5642//482 5644//520
f 5722//561 5644//520 5727//384
f 1042//40 5723//380 5728//385
f 1042//40 5728//385 1043//41
f 5723//380 5724//381 5729//386
f 5723//380 5729//386 5728//385
f 5726//383 5725//382 5730//387
f 5726//383 5730//387 5731//388
f 5725//382 5727//384 5732//389
f 5725//382 5732//389 5730//387
f 5727//384 5644//520 5646//312
f 5727//384 5646//312 5732//389
f 1043//41 5728//385 5733//390
f 1043//41 5733//390 1044//62
f 5728//385 5729//386 5734//391
f 5728//385 5734//391 5733//390
f 5731//388 5730//387 5735//392
f 5731//388 5735//392 5736//393
f 5730//387 5732//389 5737//394
f 5730//387 5737//394 5735//392
f 5732//389 5646//312 5648//483
f 5732//389 5648//483 5737//394
f 1044//62 5733//390 5738//395
f 1044//62 5738//395 1045//43
f 5733//390 5734//391 5739//396
f 5733//390 5739//396 5738//395
f 5736//393 5735//392 5740//397
f 5736//393 5740//397 5741//398
f 5735//392 5737//394 5742//399
f 5735//392 5742//399 5740//397
f 5737//394 5648//483 5650//521
f 5737//394 5650//521 5742//399
f 1045//43 5738//395 5743//400
f 1045//43 5743//400 1046//55
f 5738//395 5739//396 5744//401
f 5738//395 5744//401 5743//400
f 5741//398 5740//397 5745//402
f 5741//398 5745//402 5746//403
f 5740//397 5742//399 5747//404
f 5740//397 5747//404 5745//402
f 5742//399 5650//521 5652//315
f 5742//399 5652//315 5747//404
f 1046//55 5743//400 5748//405
f 1046//55 5748//405 1047//45
f 5743//400 5744//401 5749//406
f 5743//400 5749//406 5748//405
f 5746//403 5745//402 5750//407
f 5746//403 5750//407 5751//494
f 5745//402 5747//404 5752//409
f 5745//402 5752//409 5750//407
f 5747//404 5652//315 5654//316
f 5747//404 5654//316 5752//409
f 1047//45 5748//405 5753//410
f 1047//45 5753//410 1048//46
f 5748//405 5749//406 5754//562
f 5748//405 5754//562 5753//410
f 5751//494 5750//407 5755//412
f 5751//494 5755//412 5756//413
f 5750//407 5752//409 5757//414
f 5750//407 5757//414 5755//412
f 5752//409 5654//316 5656//485
f 5752//409 5656//485 5757//414
f 1048//46 5753//410 5758//415
f 1048//46 5758//415 1049//47
f 5753//410 5754//562 5759//416
f 5753//410 5759//416 5758//415
f 5756//413 5755//412 5760//417
f 5756//413 5760//417 5761//508
f 5755//412 5757//414 5762//419
f 5755//412 5762//419 5760//417
f 5757//414 5656//485 5658//318
f 5757//414 5658//318 5762//419
f 1049//47 5758//415 5763//420
f 1049//47 5763//420 1050//48
f 5758//415 5759//416 5764//421
f 5758//415 5764//421 5763//420
f 5761//508 5760//417 5765//422
f 5761//508 5765//422 5766//423
f 5760//417 5762//419 5767//563
f 5760//417 5767//563 5765//422
f 5762//419 5658//318 5660//319
f 5762//419 5660//319 5767//563
f 1050//48 5763//420 5666//323
f 1050//48 5666//323 1032//30
f 5763//420 5764//421 5668//325
f 5763//420 5668//325 5666//323
f 5766//423 5765//422 5672//329
f 5766//423 5672//329 5671//328
f 5765//422 5767//563 5674//331
f 5765//422 5674//331 5672//329
f 5767//563 5660//319 5662//545
f 5767//563 5662//545 5674//331
f 5768//222 5769//222 5770//223
f 5768//222 5770//223 5771//223
f 5772//509 5774//510 5773//511
f 5772//509 5775//512 5774//510
f 5776//435 5777//226 5778//227
f 5776//435 5778//227 5779//227
f 5780//287 5781//425 5782//288
f 5780//287 5782//288 5783//288
f 5784//231 5785//231 5777//226
f 5784//231 5777//226 5776//435
f 5786//291 5787//291 5781//425
f 5786//291 5781//425 5780//287
f 5772//509 5789//513 5788//513
f 5772//509 5773//511 5789//513
f 5788//513 5791//514 5790//515
f 5788//513 5789//513 5791//514
f 5792//292 5787//291 5786//291
f 5792//292 5786//291 5793//292
f 5784//231 5794//239 5795//460
f 5784//231 5795//460 5785//231
f 5796//535 5798//517 5797//517
f 5796//535 5799//536 5798//517
f 5797//517 5774//510 5775//512
f 5797//517 5798//517 5774//510
f 5782//288 5800//297 5801//297
f 5782//288 5801//297 5783//288
f 5800//244 5802//245 5803//245
f 5800//244 5803//245 5804//244
f 5802//245 5769//222 5768//222
f 5802//245 5768//222 5803//245
f 5770//223 5805//246 5806//246
f 5770//223 5806//246 5771//223
f 5805//246 5807//247 5808//247
f 5805//246 5808//247 5806//246
f 5807//249 5779//227 5778//227
f 5807//249 5778//227 5809//249
f 5810//77 5811//78 5812//301
f 5810//77 5812//301 5813//302
f 5811//78 5814//81 5815//496
f 5811//78 5815//496 5812//301
f 5814//81 5816//83 5817//304
f 5814//81 5817//304 5815//496
f 5816//83 5818//85 5819//305
f 5816//83 5819//305 5817//304
f 5818//85 5820//87 5821//306
f 5818//85 5821//306 5819//305
f 5820//87 5822//89 5823//307
f 5820//87 5823//307 5821//306
f 5822//89 5824//91 5825//519
f 5822//89 5825//519 5823//307
f 5824//91 5826//93 5827//309
f 5824//91 5827//309 5825//519
f 5826//93 5828//95 5829//482
f 5826//93 5829//482 5827//309
f 5828//95 5830//97 5831//520
f 5828//95 5831//520 5829//482
f 5830//97 5832//99 5833//312
f 5830//97 5833//312 5831//520
f 5832//99 5834//101 5835//483
f 5832//99 5835//483 5833//312
f 5834//101 5836//103 5837//314
f 5834//101 5837//314 5835//483
f 5836//103 5838//105 5839//315
f 5836//103 5839//315 5837//314
f 5838//105 5840//107 5841//316
f 5838//105 5841//316 5839//315
f 5840//107 5842//109 5843//317
f 5840//107 5843//317 5841//316
f 5842//109 5844//111 5845//318
f 5842//109 5845//318 5843//317
f 5844//111 5846//113 5847//523
f 5844//111 5847//523 5845//318
f 5846//113 5848//115 5849//545
f 5846//113 5849//545 5847//523
f 5848//115 5850//117 5851//321
f 5848//115 5851//321 5849//545
f 5852//322 1072//29 1074//30
f 5852//322 1074//30 5853//323
f 5854//324 5852//322 5853//323
f 5854//324 5853//323 5855//325
f 5856//486 5857//327 5858//328
f 5856//486 5858//328 5859//329
f 5851//321 5860//330 5861//331
f 5851//321 5861//331 5849//545
f 5860//330 5856//486 5859//329
f 5860//330 5859//329 5861//331
f 1072//29 5852//322 5862//332
f 1072//29 5862//332 1075//31
f 5852//322 5854//324 5863//333
f 5852//322 5863//333 5862//332
f 5864//334 5865//335 5866//336
f 5864//334 5866//336 5867//337
f 5865//335 5868//338 5869//525
f 5865//335 5869//525 5866//336
f 5868//338 5813//302 5812//301
f 5868//338 5812//301 5869//525
f 1075//31 5862//332 5870//340
f 1075//31 5870//340 1076//32
f 5862//332 5863//333 5871//341
f 5862//332 5871//341 5870//340
f 5867//337 5866//336 5872//342
f 5867//337 5872//342 5873//343
f 5866//336 5869//525 5874//564
f 5866//336 5874//564 5872//342
f 5869//525 5812//301 5815//496
f 5869//525 5815//496 5874//564
f 1076//32 5870//340 5875//345
f 1076//32 5875//345 1077//33
f 5870//340 5871//341 5876//346
f 5870//340 5876//346 5875//345
f 5873//343 5872//342 5877//347
f 5873//343 5877//347 5878//565
f 5872//342 5874//564 5879//349
f 5872//342 5879//349 5877//347
f 5874//564 5815//496 5817//304
f 5874//564 5817//304 5879//349
f 1077//33 5875//345 5880//350
f 1077//33 5880//350 1078//34
f 5875//345 5876//346 5881//351
f 5875//345 5881//351 5880//350
f 5878//565 5877//347 5882//352
f 5878//565 5882//352 5883//353
f 5877//347 5879//349 5884//354
f 5877//347 5884//354 5882//352
f 5879//349 5817//304 5819//305
f 5879//349 5819//305 5884//354
f 1078//34 5880//350 5885//355
f 1078//34 5885//355 1079//35
f 5880//350 5881//351 5886//356
f 5880//350 5886//356 5885//355
f 5883//353 5882//352 5887//357
f 5883//353 5887//357 5888//358
f 5882//352 5884//354 5889//359
f 5882//352 5889//359 5887//357
f 5884//354 5819//305 5821//306
f 5884//354 5821//306 5889//359
f 1079//35 5885//355 5890//360
f 1079//35 5890//360 1080//76
f 5885//355 5886//356 5891//361
f 5885//355 5891//361 5890//360
f 5888//358 5887//357 5892//362
f 5888//358 5892//362 5893//363
f 5887//357 5889//359 5894//364
f 5887//357 5894//364 5892//362
f 5889//359 5821//306 5823//307
f 5889//359 5823//307 5894//364
f 1080//76 5890//360 5895//365
f 1080//76 5895//365 1081//37
f 5890//360 5891//361 5896//366
f 5890//360 5896//366 5895//365
f 5893//363 5892//362 5897//367
f 5893//363 5897//367 5898//368
f 5892//362 5894//364 5899//369
f 5892//362 5899//369 5897//367
f 5894//364 5823//307 5825//519
f 5894//364 5825//519 5899//369
f 1081//37 5895//365 5900//370
f 1081//37 5900//370 1082//38
f 5895//365 5896//366 5901//371
f 5895//365 5901//371 5900//370
f 5898//368 5897//367 5902//372
f 5898//368 5902//372 5903//373
f 5897//367 5899//369 5904//374
f 5897//367 5904//374 5902//372
f 5899//369 5825//519 5827//309
f 5899//369 5827//309 5904//374
f 1082//38 5900//370 5905//375
f 1082//38 5905//375 1083//39
f 5900//370 5901//371 5906//376
f 5900//370 5906//376 5905//375
f 5903//373 5902//372 5907//377
f 5903//373 5907//377 5908//378
f 5902//372 5904//374 5909//493
f 5902//372 5909//493 5907//377
f 5904//374 5827//309 5829//482
f 5904//374 5829//482 5909//493
f 1083//39 5905//375 5910//380
f 1083//39 5910//380 1084//40
f 5905//375 5906//376 5911//381
f 5905//375 5911//381 5910//380
f 5908//378 5907//377 5912//382
f 5908//378 5912//382 5913//383
f 5907//377 5909//493 5914//384
f 5907//377 5914//384 5912//382
f 5909//493 5829//482 5831//520
f 5909//493 5831//520 5914//384
f 1084//40 5910//380 5915//385
f 1084//40 5915//385 1085//41
f 5910//380 5911//381 5916//386
f 5910//380 5916//386 5915//385
f 5913//383 5912//382 5917//387
f 5913//383 5917//387 5918//388
f 5912//382 5914//384 5919//389
f 5912//382 5919//389 5917//387
f 5914//384 5831//520 5833//312
f 5914//384 5833//312 5919//389
f 1085//41 5915//385 5920//390
f 1085//41 5920//390 1086//62
f 5915//385 5916//386 5921//391
f 5915//385 5921//391 5920//390
f 5918//388 5917//387 5922//392
f 5918//388 5922//392 5923//393
f 5917//387 5919//389 5924//566
f 5917//387 5924//566 5922//392
f 5919//389 5833//312 5835//483
f 5919//389 5835//483 5924//566
f 1086//62 5920//390 5925//395
f 1086//62 5925//395 1087//43
f 5920//390 5921//391 5926//396
f 5920//390 5926//396 5925//395
f 5923//393 5922//392 5927//397
f 5923//393 5927//397 5928//398
f 5922//392 5924//566 5929//399
f 5922//392 5929//399 5927//397
f 5924//566 5835//483 5837//314
f 5924//566 5837//314 5929//399
f 1087//43 5925//395 5930//400
f 1087//43 5930//400 1088//55
f 5925//395 5926//396 5931//401
f 5925//395 5931//401 5930//400
f 5928//398 5927//397 5932//402
f 5928//398 5932//402 5933//403
f 5927//397 5929//399 5934//404
f 5927//397 5934//404 5932//402
f 5929//399 5837//314 5839//315
f 5929//399 5839//315 5934//404
f 1088//55 5930//400 5935//405
f 1088//55 5935//405 1089//45
f 5930//400 5931//401 5936//406
f 5930//400 5936//406 5935//405
f 5933//403 5932//402 5937//407
f 5933//403 5937//407 5938//408
f 5932//402 5934//404 5939//409
f 5932//402 5939//409 5937//407
f 5934//404 5839//315 5841//316
f 5934//404 5841//316 5939//409
f 1089//45 5935//405 5940//410
f 1089//45 5940//410 1090//46
f 5935//405 5936//406 5941//411
f 5935//405 5941//411 5940//410
f 5938//408 5937//407 5942//412
f 5938//408 5942//412 5943//413
f 5937//407 5939//409 5944//414
f 5937//407 5944//414 5942//412
f 5939//409 5841//316 5843//317
f 5939//409 5843//317 5944//414
f 1090//46 5940//410 5945//415
f 1090//46 5945//415 1091//47
f 5940//410 5941//411 5946//416
f 5940//410 5946//416 5945//415
f 5943//413 5942//412 5947//417
f 5943//413 5947//417 5948//418
f 5942//412 5944//414 5949//419
f 5942//412 5949//419 5947//417
f 5944//414 5843//317 5845//318
f 5944//414 5845//318 5949//419
f 1091//47 5945//415 5950//420
f 1091//47 5950//420 1092//48
f 5945//415 5946//416 5951//421
f 5945//415 5951//421 5950//420
f 5948//418 5947//417 5952//422
f 5948//418 5952//422 5953//423
f 5947//417 5949//419 5954//424
f 5947//417 5954//424 5952//422
f 5949//419 5845//318 5847//523
f 5949//419 5847//523 5954//424
f 1092//48 5950//420 5853//323
f 1092//48 5853//323 1074//30
f 5950//420 5951//421 5855//325
f 5950//420 5855//325 5853//323
f 5953//423 5952//422 5859//329
f 5953//423 5859//329 5858//328
f 5952//422 5954//424 5861//331
f 5952//422 5861//331 5859//329
f 5954//424 5847//523 5849//545
f 5954//424 5849//545 5861//331
f 5955//222 5956//222 5957//223
f 5955//222 5957//223 5958//223
f 5959//224 5960//224 5961//225
f 5959//224 5961//225 5962//225
f 5963//435 5964//226 5965//227
f 5963//435 5965//227 5966//227
f 5967//228 5969//229 5968//228
f 5967//228 5970//230 5969//229
f 5971//231 5972//231 5964//226
f 5971//231 5964//226 5963//435
f 5973//232 5968//228 5974//233
f 5973//232 5967//228 5968//228
f 5959//224 5975//234 5976//234
f 5959//224 5976//234 5960//224
f 5975//234 5977//235 5978//236
f 5975//234 5978//236 5976//234
f 5979//237 5973//232 5974//233
f 5979//237 5980//238 5973//232
f 5971//231 5981//239 5982//460
f 5971//231 5982//460 5972//231
f 5983//240 5984//241 5985//241
f 5983//240 5985//241 5986//240
f 5984//241 5962//225 5961//225
f 5984//241 5961//225 5985//241
f 5969//229 5988//242 5987//243
f 5969//229 5970//230 5988//242
f 5987//244 5989//245 5990//245
f 5987//244 5990//245 5991//244
f 5989//245 5956//222 5955//222
f 5989//245 5955//222 5990//245
f 5957//223 5992//246 5993//246
f 5957//223 5993//246 5958//223
f 5992//246 5994//247 5995//247
f 5992//246 5995//247 5993//246
f 5994//271 5966//227 5965//227
f 5994//271 5965//227 5996//249
f 5997//77 5998//78 5999//301
f 5997//77 5999//301 6000//302
f 5998//78 6001//81 6002//303
f 5998//78 6002//303 5999//301
f 6001//81 6003//83 6004//304
f 6001//81 6004//304 6002//303
f 6003//83 6005//85 6006//305
f 6003//83 6006//305 6004//304
f 6005//85 6007//87 6008//306
f 6005//85 6008//306 6006//305
f 6007//87 6009//89 6010//307
f 6007//87 6010//307 6008//306
f 6009//89 6011//91 6012//519
f 6009//89 6012//519 6010//307
f 6011//91 6013//93 6014//309
f 6011//91 6014//309 6012//519
f 6013//93 6015//95 6016//482
f 6013//93 6016//482 6014//309
f 6015//95 6017//97 6018//520
f 6015//95 6018//520 6016//482
f 6017//97 6019//99 6020//312
f 6017//97 6020//312 6018//520
f 6019//99 6021//101 6022//483
f 6019//99 6022//483 6020//312
f 6021//101 6023//103 6024//521
f 6021//101 6024//521 6022//483
f 6023//103 6025//105 6026//484
f 6023//103 6026//484 6024//521
f 6025//105 6027//107 6028//522
f 6025//105 6028//522 6026//484
f 6027//107 6029//109 6030//317
f 6027//107 6030//317 6028//522
f 6029//109 6031//111 6032//318
f 6029//109 6032//318 6030//317
f 6031//111 6033//113 6034//319
f 6031//111 6034//319 6032//318
f 6033//113 6035//115 6036//545
f 6033//113 6036//545 6034//319
f 6035//115 6037//117 6038//321
f 6035//115 6038//321 6036//545
f 6039//322 1114//57 1116//30
f 6039//322 1116//30 6040//323
f 6041//324 6039//322 6040//323
f 6041//324 6040//323 6042//325
f 6043//486 6044//327 6045//328
f 6043//486 6045//328 6046//329
f 6038//321 6047//487 6048//488
f 6038//321 6048//488 6036//545
f 6047//487 6043//486 6046//329
f 6047//487 6046//329 6048//488
f 1114//57 6039//322 6049//332
f 1114//57 6049//332 1117//67
f 6039//322 6041//324 6050//333
f 6039//322 6050//333 6049//332
f 6051//334 6052//335 6053//336
f 6051//334 6053//336 6054//337
f 6052//335 6055//338 6056//525
f 6052//335 6056//525 6053//336
f 6055//338 6000//302 5999//301
f 6055//338 5999//301 6056//525
f 1117//67 6049//332 6057//340
f 1117//67 6057//340 1118//32
f 6049//332 6050//333 6058//341
f 6049//332 6058//341 6057//340
f 6054//337 6053//336 6059//342
f 6054//337 6059//342 6060//343
f 6053//336 6056//525 6061//344
f 6053//336 6061//344 6059//342
f 6056//525 5999//301 6002//303
f 6056//525 6002//303 6061//344
f 1118//32 6057//340 6062//345
f 1118//32 6062//345 1119//33
f 6057//340 6058//341 6063//346
f 6057//340 6063//346 6062//345
f 6060//343 6059//342 6064//347
f 6060//343 6064//347 6065//348
f 6059//342 6061//344 6066//349
f 6059//342 6066//349 6064//347
f 6061//344 6002//303 6004//304
f 6061//344 6004//304 6066//349
f 1119//33 6062//345 6067//350
f 1119//33 6067//350 1120//53
f 6062//345 6063//346 6068//351
f 6062//345 6068//351 6067//350
f 6065//348 6064//347 6069//352
f 6065//348 6069//352 6070//353
f 6064//347 6066//349 6071//354
f 6064//347 6071//354 6069//352
f 6066//349 6004//304 6006//305
f 6066//349 6006//305 6071//354
f 1120//53 6067//350 6072//355
f 1120//53 6072//355 1121//35
f 6067//350 6068//351 6073//356
f 6067//350 6073//356 6072//355
f 6070//353 6069//352 6074//357
f 6070//353 6074//357 6075//358
f 6069//352 6071//354 6076//359
f 6069//352 6076//359 6074//357
f 6071//354 6006//305 6008//306
f 6071//354 6008//306 6076//359
f 1121//35 6072//355 6077//360
f 1121//35 6077//360 1122//70
f 6072//355 6073//356 6078//361
f 6072//355 6078//361 6077//360
f 6075//358 6074//357 6079//362
f 6075//358 6079//362 6080//363
f 6074//357 6076//359 6081//364
f 6074//357 6081//364 6079//362
f 6076//359 6008//306 6010//307
f 6076//359 6010//307 6081//364
f 1122//70 6077//360 6082//365
f 1122//70 6082//365 1123//37
f 6077//360 6078//361 6083//366
f 6077//360 6083//366 6082//365
f 6080//363 6079//362 6084//367
f 6080//363 6084//367 6085//368
f 6079//362 6081//364 6086//492
f 6079//362 6086//492 6084//367
f 6081//364 6010//307 6012//519
f 6081//364 6012//519 6086//492
f 1123//37 6082//365 6087//370
f 1123//37 6087//370 1124//38
f 6082//365 6083//366 6088//371
f 6082//365 6088//371 6087//370
f 6085//368 6084//367 6089//372
f 6085//368 6089//372 6090//373
f 6084//367 6086//492 6091//374
f 6084//367 6091//374 6089//372
f 6086//492 6012//519 6014//309
f 6086//492 6014//309 6091//374
f 1124//38 6087//370 6092//375
f 1124//38 6092//375 1125//39
f 6087//370 6088//371 6093//376
f 6087//370 6093//376 6092//375
f 6090//373 6089//372 6094//377
f 6090//373 6094//377 6095//378
f 6089//372 6091//374 6096//379
f 6089//372 6096//379 6094//377
f 6091//374 6014//309 6016//482
f 6091//374 6016//482 6096//379
f 1125//39 6092//375 6097//380
f 1125//39 6097//380 1126//40
f 6092//375 6093//376 6098//381
f 6092//375 6098//381 6097//380
f 6095//378 6094//377 6099//382
f 6095//378 6099//382 6100//383
f 6094//377 6096//379 6101//567
f 6094//377 6101//567 6099//382
f 6096//379 6016//482 6018//520
f 6096//379 6018//520 6101//567
f 1126//40 6097//380 6102//385
f 1126//40 6102//385 1127//41
f 6097//380 6098//381 6103//386
f 6097//380 6103//386 6102//385
f 6100//383 6099//382 6104//387
f 6100//383 6104//387 6105//388
f 6099//382 6101//567 6106//389
f 6099//382 6106//389 6104//387
f 6101//567 6018//520 6020//312
f 6101//567 6020//312 6106//389
f 1127//41 6102//385 6107//390
f 1127//41 6107//390 1128//62
f 6102//385 6103//386 6108//391
f 6102//385 6108//391 6107//390
f 6105//388 6104//387 6109//392
f 6105//388 6109//392 6110//393
f 6104//387 6106//389 6111//394
f 6104//387 6111//394 6109//392
f 6106//389 6020//312 6022//483
f 6106//389 6022//483 6111//394
f 1128//62 6107//390 6112//395
f 1128//62 6112//395 1129//43
f 6107//390 6108//391 6113//396
f 6107//390 6113//396 6112//395
f 6110//393 6109//392 6114//397
f 6110//393 6114//397 6115//398
f 6109//392 6111//394 6116//399
f 6109//392 6116//399 6114//397
f 6111//394 6022//483 6024//521
f 6111//394 6024//521 6116//399
f 1129//43 6112//395 6117//400
f 1129//43 6117//400 1130//55
f 6112//395 6113//396 6118//401
f 6112//395 6118//401 6117//400
f 6115//398 6114//397 6119//402
f 6115//398 6119//402 6120//568
f 6114//397 6116//399 6121//404
f 6114//397 6121//404 6119//402
f 6116//399 6024//521 6026//484
f 6116//399 6026//484 6121//404
f 1130//55 6117//400 6122//405
f 1130//55 6122//405 1131//45
f 6117//400 6118//401 6123//406
f 6117//400 6123//406 6122//405
f 6120//568 6119//402 6124//407
f 6120//568 6124//407 6125//494
f 6119//402 6121//404 6126//409
f 6119//402 6126//409 6124//407
f 6121//404 6026//484 6028//522
f 6121//404 6028//522 6126//409
f 1131//45 6122//405 6127//410
f 1131//45 6127//410 1132//46
f 6122//405 6123//406 6128//411
f 6122//405 6128//411 6127//410
f 6125//494 6124//407 6129//412
f 6125//494 6129//412 6130//413
f 6124//407 6126//409 6131//414
f 6124//407 6131//414 6129//412
f 6126//409 6028//522 6030//317
f 6126//409 6030//317 6131//414
f 1132//46 6127//410 6132//415
f 1132//46 6132//415 1133//47
f 6127//410 6128//411 6133//416
f 6127//410 6133//416 6132//415
f 6130//413 6129//412 6134//417
f 6130//413 6134//417 6135//508
f 6129//412 6131//414 6136//419
f 6129//412 6136//419 6134//417
f 6131//414 6030//317 6032//318
f 6131//414 6032//318 6136//419
f 1133//47 6132//415 6137//420
f 1133//47 6137//420 1134//48
f 6132//415 6133//416 6138//421
f 6132//415 6138//421 6137//420
f 6135//508 6134//417 6139//422
f 6135//508 6139//422 6140//423
f 6134//417 6136//419 6141//424
f 6134//417 6141//424 6139//422
f 6136//419 6032//318 6034//319
f 6136//419 6034//319 6141//424
f 1134//48 6137//420 6040//323
f 1134//48 6040//323 1116//30
f 6137//420 6138//421 6042//325
f 6137//420 6042//325 6040//323
f 6140//423 6139//422 6046//329
f 6140//423 6046//329 6045//328
f 6139//422 6141//424 6048//488
f 6139//422 6048//488 6046//329
f 6141//424 6034//319 6036//545
f 6141//424 6036//545 6048//488
f 6142//222 6143//222 6144//223
f 6142//222 6144//223 6145//223
f 6146//509 6148//510 6147//511
f 6146//509 6149//512 6148//510
f 6150//435 6151//226 6152//227
f 6150//435 6152//227 6153//227
f 6154//287 6155//425 6156//288
f 6154//287 6156//288 6157//288
f 6158//231 6159//231 6151//226
f 6158//231 6151//226 6150//435
f 6160//291 6161//291 6155//425
f 6160//291 6155//425 6154//287
f 6146//509 6163//513 6162//513
f 6146//509 6147//511 6163//513
f 6162//513 6165//514 6164//515
f 6162//513 6163//513 6165//514
f 6166//436 6161//291 6160//291
f 6166//436 6160//291 6167//292
f 6158//231 6168//239 6169//460
f 6158//231 6169//460 6159//231
f 6170//535 6172//517 6171//517
f 6170//535 6173//536 6172//517
f 6171//517 6148//510 6149//512
f 6171//517 6172//517 6148//510
f 6156//288 6174//297 6175//297
f 6156//288 6175//297 6157//288
f 6174//475 6176//245 6177//245
f 6174//475 6177//245 6178//244
f 6176//245 6143//222 6142//222
f 6176//245 6142//222 6177//245
f 6144//223 6179//246 6180//246
f 6144//223 6180//246 6145//223
f 6179//246 6181//247 6182//247
f 6179//246 6182//247 6180//246
f 6181//249 6153//227 6152//227
f 6181//249 6152//227 6183//249
f 6190//569 6188//569 6189//569
f 6188//569 6190//569 6191//569
f 6188//569 6191//569 6187//569
f 6187//569 6191//569 6192//569
f 6187//569 6192//569 6193//569
f 6187//569 6193//569 6184//569
f 6187//569 6184//569 6185//569
f 6187//569 6185//569 6186//569
f 6198//569 6197//569 6196//569
f 6196//569 6195//569 6198//569
f 6195//569 6199//569 6198//569
f 6195//569 6194//569 6199//569
f 6194//569 6203//569 6199//569
f 6203//569 6202//569 6199//569
f 6202//569 6201//569 6199//569
f 6201//569 6200//569 6199//569
f 6187//569 6207//569 6188//569
f 6207//569 6187//569 6206//569
f 6206//569 6187//569 6205//569
f 6205//569 6187//569 6204//569
f 6204//569 6187//569 6211//569
f 6211//569 6187//569 6210//569
f 6210//569 6187//569 6209//569
f 6209//569 6187//569 6208//569
f 6213//569 6198//569 6199//569
f 6199//569 6214//569 6213//569
f 6199//569 6215//569 6214//569
f 6199//569 6216//569 6215//569
f 6199//569 6217//569 6216//569
f 6199//569 6218//569 6217//569
f 6199//569 6219//569 6218//569
f 6199//569 6212//569 6219//569
f 6226//569 6224//569 6225//569
f 6224//569 6226//569 6227//569
f 6224//569 6227//569 6223//569
f 6223//569 6227//569 6228//569
f 6223//569 6228//569 6229//569
f 6223//569 6229//569 6220//569
f 6223//569 6220//569 6221//569
f 6223//569 6221//569 6222//569
f 6234//569 6233//569 6232//569
f 6232//569 6231//569 6234//569
f 6231//569 6235//569 6234//569
f 6231//569 6230//569 6235//569
f 6230//569 6239//569 6235//569
f 6239//569 6238//569 6235//569
f 6238//569 6237//569 6235//569
f 6237//569 6236//569 6235//569
f 6223//569 6243//569 6224//569
f 6243//569 6223//569 6242//569
f 6242//569 6223//569 6241//569
f 6241//569 6223//569 6240//569
f 6240//569 6223//569 6247//569
f 6247//569 6223//569 6246//569
f 6246//569 6223//569 6245//569
f 6245//569 6223//569 6244//569
f 6249//569 6234//569 6235//569
f 6235//569 6250//569 6249//569
f 6235//569 6251//569 6250//569
f 6235//569 6252//569 6251//569
f 6235//569 6253//569 6252//569
f 6235//569 6254//569 6253//569
f 6235//569 6255//569 6254//569
f 6235//569 6248//569 6255//569
f 6262//569 6260//569 6261//569
f 6260//569 6262//569 6263//569
f 6260//569 6263//569 6259//569
f 6259//569 6263//569 6264//569
f 6259//569 6264//569 6265//569
f 6259//569 6265//569 6256//569
f 6259//569 6256//569 6257//569
f 6259//569 6257//569 6258//569
f 6270//569 6269//569 6268//569
f 6268//569 6267//569 6270//569
f 6267//569 6271//569 6270//569
f 6267//569 6266//569 6271//569
f 6266//569 6275//569 6271//569
f 6275//569 6274//569 6271//569
f 6274//569 6273//569 6271//569
f 6273//569 6272//569 6271//569
f 6259//569 6279//569 6260//569
f 6279//569 6259//569 6278//569
f 6278//569 6259//569 6277//569
f 6277//569 6259//569 6276//569
f 6276//569 6259//569 6283//569
f 6283//569 6259//569 6282//569
f 6282//569 6259//569 6281//569
f 6281//569 6259//569 6280//569
f 6285//569 6270//569 6271//569
f 6271//569 6286//569 6285//569
f 6271//569 6287//569 6286//569
f 6271//569 6288//569 6287//569
f 6271//569 6289//569 6288//569
f 6271//569 6290//569 6289//569
f 6271//569 6291//569 6290//569
f 6271//569 6284//569 6291//569
f 6298//569 6296//569 6297//569
f 6296//569 6298//569 6299//569
f 6296//569 6299//569 6295//569
f 6295//569 6299//569 6300//569
f 6295//569 6300//569 6301//569
f 6295//569 6301//569 6292//569
f 6295//569 6292//569 6293//569
f 6295//569 6293//569 6294//569
f 6306//569 6305//569 6304//569
f 6304//569 6303//569 6306//569
f 6303//569 6307//569 6306//569
f 6303//569 6302//569 6307//569
f 6302//569 6311//569 6307//569
f 6311//569 6310//569 6307//569
f 6310//569 6309//569 6307//569
f 6309//569 6308//569 6307//569
f 6295//569 6315//569 6296//569
f 6315//569 6295//569 6314//569
f 6314//569 6295//569 6313//569
f 6313//569 6295//569 6312//569
f 6312//569 6295//569 6319//569
f 6319//569 6295//569 6318//569
f 6318//569 6295//569 6317//569
f 6317//569 6295//569 6316//569
f 6321//569 6306//569 6307//569
f 6307//569 6322//569 6321//569
f 6307//569 6323//569 6322//569
f 6307//569 6324//569 6323//569
f 6307//569 6325//569 6324//569
f 6307//569 6326//569 6325//569
f 6307//569 6327//569 6326//569
f 6307//569 6320//569 6327//569
f 6334//569 6332//569 6333//569
f 6332//569 6334//569 6335//569
f 6332//569 6335//569 6331//569
f 6331//569 6335//569 6336//569
f 6331//569 6336//569 6337//569
f 6331//569 6337//569 6328//569
f 6331//569 6328//569 6329//569
f 6331//569 6329//569 6330//569
f 6342//569 6341//569 6340//569
f 6340//569 6339//569 6342//569
f 6339//569 6343//569 6342//569
f 6339//569 6338//569 6343//569
f 6338//569 6347//569 6343//569
f 6347//569 6346//569 6343//569
f 6346//569 6345//569 6343//569
f 6345//569 6344//569 6343//569
f 6331//569 6351//569 6332//569
f 6351//569 6331//569 6350//569
f 6350//569 6331//569 6349//569
f 6349//569 6331//569 6348//569
f 6348//569 6331//569 6355//569
f 6355//569 6331//569 6354//569
f 6354//569 6331//569 6353//569
f 6353//569 6331//569 6352//569
f 6357//569 6342//569 6343//569
f 6343//569 6358//569 6357//569
f 6343//569 6359//569 6358//569
f 6343//569 6360//569 6359//569
f 6343//569 6361//569 6360//569
f 6343//569 6362//569 6361//569
f 6343//569 6363//569 6362//569
f 6343//569 6356//569 6363//569
f 6370//569 6368//569 6369//569
f 6368//569 6370//569 6371//569
f 6368//569 6371//569 6367//569
f 6367//569 6371//569 6372//569
f 6367//569 6372//569 6373//569
f 6367//569 6373//569 6364//569
f 6367//569 6364//569 6365//569
f 6367//569 6365//569 6366//569
f 6378//569 6377//569 6376//569
f 6376//569 6375//569 6378//569
f 6375//569 6379//569 6378//569
f 6375//569 6374//569 6379//569
f 6374//569 6383//569 6379//569
f 6383//569 6382//569 6379//569
f 6382//569 6381//569 6379//569
f 6381//569 6380//569 6379//569
f 6367//569 6387//569 6368//569
f 6387//569 6367//569 6386//569
f 6386//569 6367//569 6385//569
f 6385//569 6367//569 6384//569
f 6384//569 6367//569 6391//569
f 6391//569 6367//569 6390//569
f 6390//569 6367//569 6389//569
f 6389//569 6367//569 6388//569
f 6393//569 6378//569 6379//569
f 6379//569 6394//569 6393//569
f 6379//569 6395//569 6394//569
f 6379//569 6396//569 6395//569
f 6379//569 6397//569 6396//569
f 6379//569 6398//569 6397//569
f 6379//569 6399//569 6398//569
f 6379//569 6392//569 6399//569
f 6406//569 6404//569 6405//569
f 6404//569 6406//569 6407//569
f 6404//569 6407//569 6403//569
f 6403//569 6407//569 6408//569
f 6403//569 6408//569 6409//569
f 6403//569 6409//569 6400//569
f 6403//569 6400//569 6401//569
f 6403//569 6401//569 6402//569
f 6414//569 6413//569 6412//569
f 6412//569 6411//569 6414//569
f 6411//569 6415//569 6414//569
f 6411//569 6410//569 6415//569
f 6410//569 6419//569 6415//569
f 6419//569 6418//569 6415//569
f 6418//569 6417//569 6415//569
f 6417//569 6416//569 6415//569
f 6403//569 6423//569 6404//569
f 6423//569 6403//569 6422//569
f 6422//569 6403//569 6421//569
f 6421//569 6403//569 6420//569
f 6420//569 6403//569 6427//569
f 6427//569 6403//569 6426//569
f 6426//569 6403//569 6425//569
f 6425//569 6403//569 6424//569
f 6429//569 6414//569 6415//569
f 6415//569 6430//569 6429//569
f 6415//569 6431//569 6430//569
f 6415//569 6432//569 6431//569
f 6415//569 6433//569 6432//569
f 6415//569 6434//569 6433//569
f 6415//569 6435//569 6434//569
f 6415//569 6428//569 6435//569
f 6442//569 6440//569 6441//569
f 6440//569 6442//569 6443//569
f 6440//569 6443//569 6439//569
f 6439//569 6443//569 6444//569
f 6439//569 6444//569 6445//569
f 6439//569 6445//569 6436//569
f 6439//569 6436//569 6437//569
f 6439//569 6437//569 6438//569
f 6450//569 6449//569 6448//569
f 6448//569 6447//569 6450//569
f 6447//569 6451//569 6450//569
f 6447//569 6446//569 6451//569
f 6446//569 6455//569 6451//569
f 6455//569 6454//569 6451//569
f 6454//569 6453//569 6451//569
f 6453//569 6452//569 6451//569
f 6439//569 6459//569 6440//569
f 6459//569 6439//569 6458//569
f 6458//569 6439//569 6457//569
f 6457//569 6439//569 6456//569
f 6456//569 6439//569 6463//569
f 6463//569 6439//569 6462//569
f 6462//569 6439//569 6461//569
f 6461//569 6439//569 6460//569
f 6465//569 6450//569 6451//569
f 6451//569 6466//569 6465//569
f 6451//569 6467//569 6466//569
f 6451//569 6468//569 6467//569
f 6451//569 6469//569 6468//569
f 6451//569 6470//569 6469//569
f 6451//569 6471//569 6470//569
f 6451//569 6464//569 6471//569
f 6478//569 6476//569 6477//569
f 6476//569 6478//569 6479//569
f 6476//569 6479//569 6475//569
f 6475//569 6479//569 6480//569
f 6475//569 6480//569 6481//569
f 6475//569 6481//569 6472//569
f 6475//569 6472//569 6473//569
f 6475//569 6473//569 6474//569
f 6486//569 6485//569 6484//569
f 6484//569 6483//569 6486//569
f 6483//569 6487//569 6486//569
f 6483//569 6482//569 6487//569
f 6482//569 6491//569 6487//569
f 6491//569 6490//569 6487//569
f 6490//569 6489//569 6487//569
f 6489//569 6488//569 6487//569
f 6475//569 6495//569 6476//569
f 6495//569 6475//569 6494//569
f 6494//569 6475//569 6493//569
f 6493//569 6475//569 6492//569
f 6492//569 6475//569 6499//569
f 6499//569 6475//569 6498//569
f 6498//569 6475//569 6497//569
f 6497//569 6475//569 6496//569
f 6501//569 6486//569 6487//569
f 6487//569 6502//569 6501//569
f 6487//569 6503//569 6502//569
f 6487//569 6504//569 6503//569
f 6487//569 6505//569 6504//569
f 6487//569 6506//569 6505//569
f 6487//569 6507//569 6506//569
f 6487//569 6500//569 6507//569
f 6514//569 6512//569 6513//569
f 6512//569 6514//569 6515//569
f 6512//569 6515//569 6511//569
f 6511//569 6515//569 6516//569
f 6511//569 6516//569 6517//569
f 6511//569 6517//569 6508//569
f 6511//569 6508//569 6509//569
f 6511//569 6509//569 6510//569
f 6522//569 6521//569 6520//569
f 6520//569 6519//569 6522//569
f 6519//569 6523//569 6522//569
f 6519//569 6518//569 6523//569
f 6518//569 6527//569 6523//569
f 6527//569 6526//569 6523//569
f 6526//569 6525//569 6523//569
f 6525//569 6524//569 6523//569
f 6511//569 6531//569 6512//569
f 6531//569 6511//569 6530//569
f 6530//569 6511//569 6529//569
f 6529//569 6511//569 6528//569
f 6528//569 6511//569 6535//569
f 6535//569 6511//569 6534//569
f 6534//569 6511//569 6533//569
f 6533//569 6511//569 6532//569
f 6537//569 6522//569 6523//569
f 6523//569 6538//569 6537//569
f 6523//569 6539//569 6538//569
f 6523//569 6540//569 6539//569
f 6523//569 6541//569 6540//569
f 6523//569 6542//569 6541//569
f 6523//569 6543//569 6542//569
f 6523//569 6536//569 6543//569
f 6550//569 6548//569 6549//569
f 6548//569 6550//569 6551//569
f 6548//569 6551//569 6547//569
f 6547//569 6551//569 6552//569
f 6547//569 6552//569 6553//569
f 6547//569 6553//569 6544//569
f 6547//569 6544//569 6545//569
f 6547//569 6545//569 6546//569
f 6558//569 6557//569 6556//569
f 6556//569 6555//569 6558//569
f 6555//569 6559//569 6558//569
f 6555//569 6554//569 6559//569
f 6554//569 6563//569 6559//569
f 6563//569 6562//569 6559//569
f 6562//569 6561//569 6559//569
f 6561//569 6560//569 6559//569
f 6547//569 6567//569 6548//569
f 6567//569 6547//569 6566//569
f 6566//569 6547//569 6565//569
f 6565//569 6547//569 6564//569
f 6564//569 6547//569 6571//569
f 6571//569 6547//569 6570//569
f 6570//569 6547//569 6569//569
f 6569//569 6547//569 6568//569
f 6573//569 6558//569 6559//569
f 6559//569 6574//569 6573//569
f 6559//569 6575//569 6574//569
f 6559//569 6576//569 6575//569
f 6559//569 6577//569 6576//569
f 6559//569 6578//569 6577//569
f 6559//569 6579//569 6578//569
f 6559//569 6572//569 6579//569
f 6586//569 6584//569 6585//569
f 6584//569 6586//569 6587//569
f 6584//569 6587//569 6583//569
f 6583//569 6587//569 6588//569
f 6583//569 6588//569 6589//569
f 6583//569 6589//569 6580//569
f 6583//569 6580//569 6581//569
f 6583//569 6581//569 6582//569
f 6594//569 6593//569 6592//569
f 6592//569 6591//569 6594//569
f 6591//569 6595//569 6594//569
f 6591//569 6590//569 6595//569
f 6590//569 6599//569 6595//569
f 6599//569 6598//569 6595//569
f 6598//569 6597//569 6595//569
f 6597//569 6596//569 6595//569
f 6583//569 6603//569 6584//569
f 6603//569 6583//569 6602//569
f 6602//569 6583//569 6601//569
f 6601//569 6583//569 6600//569
f 6600//569 6583//569 6607//569
f 6607//569 6583//569 6606//569
f 6606//569 6583//569 6605//569
f 6605//569 6583//569 6604//569
f 6609//569 6594//569 6595//569
f 6595//569 6610//569 6609//569
f 6595//569 6611//569 6610//569
f 6595//569 6612//569 6611//569
f 6595//569 6613//569 6612//569
f 6595//569 6614//569 6613//569
f 6595//569 6615//569 6614//569
f 6595//569 6608//569 6615//569
f 6622//569 6620//569 6621//569
f 6620//569 6622//569 6623//569
f 6620//569 6623//569 6619//569
f 6619//569 6623//569 6624//569
f 6619//569 6624//569 6625//569
f 6619//569 6625//569 6616//569
f 6619//569 6616//569 6617//569
f 6619//569 6617//569 6618//569
f 6630//569 6629//569 6628//569
f 6628//569 6627//569 6630//569
f 6627//569 6631//569 6630//569
f 6627//569 6626//569 6631//569
f 6626//569 6635//569 6631//569
f 6635//569 6634//569 6631//569
f 6634//569 6633//569 6631//569
f 6633//569 6632//569 6631//569
f 6619//569 6639//569 6620//569
f 6639//569 6619//569 6638//569
f 6638//569 6619//569 6637//569
f 6637//569 6619//569 6636//569
f 6636//569 6619//569 6643//569
f 6643//569 6619//569 6642//569
f 6642//569 6619//569 6641//569
f 6641//569 6619//569 6640//569
f 6645//569 6630//569 6631//569
f 6631//569 6646//569 6645//569
f 6631//569 6647//569 6646//569
f 6631//569 6648//569 6647//569
f 6631//569 6649//569 6648//569
f 6631//569 6650//569 6649//569
f 6631//569 6651//569 6650//569
f 6631//569 6644//569 6651//569
f 6658//569 6656//569 6657//569
f 6656//569 6658//569 6659//569
f 6656//569 6659//569 6655//569
f 6655//569 6659//569 6660//569
f 6655//569 6660//569 6661//569
f 6655//569 6661//569 6652//569
f 6655//569 6652//569 6653//569
f 6655//569 6653//569 6654//569
f 6666//569 6665//569 6664//569
f 6664//569 6663//569 6666//569
f 6663//569 6667//569 6666//569
f 6663//569 6662//569 6667//569
f 6662//569 6671//569 6667//569
f 6671//569 6670//569 6667//569
f 6670//569 6669//569 6667//569
f 6669//569 6668//569 6667//569
f 6655//569 6675//569 6656//569
f 6675//569 6655//569 6674//569
f 6674//569 6655//569 6673//569
f 6673//569 6655//569 6672//569
f 6672//569 6655//569 6679//569
f 6679//569 6655//569 6678//569
f 6678//569 6655//569 6677//569
f 6677//569 6655//569 6676//569
f 6681//569 6666//569 6667//569
f 6667//569 6682//569 6681//569
f 6667//569 6683//569 6682//569
f 6667//569 6684//569 6683//569
f 6667//569 6685//569 6684//569
f 6667//569 6686//569 6685//569
f 6667//569 6687//569 6686//569
f 6667//569 6680//569 6687//569
f 6694//569 6692//569 6693//569
f 6692//569 6694//569 6695//569
f 6692//569 6695//569 6691//569
f 6691//569 6695//569 6696//569
f 6691//569 6696//569 6697//569
f 6691//569 6697//569 6688//569
f 6691//569 6688//569 6689//569
f 6691//569 6689//569 6690//569
f 6702//569 6701//569 6700//569
f 6700//569 6699//569 6702//569
f 6699//569 6703//569 6702//569
f 6699//569 6698//569 6703//569
f 6698//569 6707//569 6703//569
f 6707//569 6706//569 6703//569
f 6706//569 6705//569 6703//569
f 6705//569 6704//569 6703//569
f 6691//569 6711//569 6692//569
f 6711//569 6691//569 6710//569
f 6710//569 6691//569 6709//569
f 6709//569 6691//569 6708//569
f 6708//569 6691//569 6715//569
f 6715//569 6691//569 6714//569
f 6714//569 6691//569 6713//569
f 6713//569 6691//569 6712//569
f 6717//569 6702//569 6703//569
f 6703//569 6718//569 6717//569
f 6703//569 6719//569 6718//569
f 6703//569 6720//569 6719//569
f 6703//569 6721//569 6720//569
f 6703//569 6722//569 6721//569
f 6703//569 6723//569 6722//569
f 6703//569 6716//569 6723//569
f 6730//569 6728//569 6729//569
f 6728//569 6730//569 6731//569
f 6728//569 6731//569 6727//569
f 6727//569 6731//569 6732//569
f 6727//569 6732//569 6733//569
f 6727//569 6733//569 6724//569
f 6727//569 6724//569 6725//569
f 6727//569 6725//569 6726//569
f 6738//569 6737//569 6736//569
f 6736//569 6735//569 6738//569
f 6735//569 6739//569 6738//569
f 6735//569 6734//569 6739//569
f 6734//569 6743//569 6739//569
f 6743//569 6742//569 6739//569
f 6742//569 6741//569 6739//569
f 6741//569 6740//569 6739//569
f 6727//569 6747//569 6728//569
f 6747//569 6727//569 6746//569
f 6746//569 6727//569 6745//569
f 6745//569 6727//569 6744//569
f 6744//569 6727//569 6751//569
f 6751//569 6727//569 6750//569
f 6750//569 6727//569 6749//569
f 6749//569 6727//569 6748//569
f 6753//569 6738//569 6739//569
f 6739//569 6754//569 6753//569
f 6739//569 6755//569 6754//569
f 6739//569 6756//569 6755//569
f 6739//569 6757//569 6756//569
f 6739//569 6758//569 6757//569
f 6739//569 6759//569 6758//569
f 6739//569 6752//569 6759//569
f 6766//569 6764//569 6765//569
f 6764//569 6766//569 6767//569
f 6764//569 6767//569 6763//569
f 6763//569 6767//569 6768//569
f 6763//569 6768//569 6769//569
f 6763//569 6769//569 6760//569
f 6763//569 6760//569 6761//569
f 6763//569 6761//569 6762//569
f 6774//569 6773//569 6772//569
f 6772//569 6771//569 6774//569
f 6771//569 6775//569 6774//569
f 6771//569 6770//569 6775//569
f 6770//569 6779//569 6775//569
f 6779//569 6778//569 6775//569
f 6778//569 6777//569 6775//569
f 6777//569 6776//569 6775//569
f 6763//569 6783//569 6764//569
f 6783//569 6763//569 6782//569
f 6782//569 6763//569 6781//569
f 6781//569 6763//569 6780//569
f 6780//569 6763//569 6787//569
f 6787//569 6763//569 6786//569
f 6786//569 6763//569 6785//569
f 6785//569 6763//569 6784//569
f 6789//569 6774//569 6775//569
f 6775//569 6790//569 6789//569
f 6775//569 6791//569 6790//569
f 6775//569 6792//569 6791//569
f 6775//569 6793//569 6792//569
f 6775//569 6794//569 6793//569
f 6775//569 6795//569 6794//569
f 6775//569 6788//569 6795//569
f 6802//569 6800//569 6801//569
f 6800//569 6802//569 6803//569
f 6800//569 6803//569 6799//569
f 6799//569 6803//569 6804//569
f 6799//569 6804//569 6805//569
f 6799//569 6805//569 6796//569
f 6799//569 6796//569 6797//569
f 6799//569 6797//569 6798//569
f 6810//569 6809//569 6808//569
f 6808//569 6807//569 6810//569
f 6807//569 6811//569 6810//569
f 6807//569 6806//569 6811//569
f 6806//569 6815//569 6811//569
f 6815//569 6814//569 6811//569
f 6814//569 6813//569 6811//569
f 6813//569 6812//569 6811//569
f 6799//569 6819//569 6800//569
f 6819//569 6799//569 6818//569
f 6818//569 6799//569 6817//569
f 6817//569 6799//569 6816//569
f 6816//569 6799//569 6823//569
f 6823//569 6799//569 6822//569
f 6822//569 6799//569 6821//569
f 6821//569 6799//569 6820//569
f 6825//569 6810//569 6811//569
f 6811//569 6826//569 6825//569
f 6811//569 6827//569 6826//569
f 6811//569 6828//569 6827//569
f 6811//569 6829//569 6828//569
f 6811//569 6830//569 6829//569
f 6811//569 6831//569 6830//569
f 6811//569 6824//569 6831//569
f 6838//569 6836//569 6837//569
f 6836//569 6838//569 6839//569
f 6836//569 6839//569 6835//569
f 6835//569 6839//569 6840//569
f 6835//569 6840//569 6841//569
f 6835//569 6841//569 6832//569
f 6835//569 6832//569 6833//569
f 6835//569 6833//569 6834//569
f 6846//569 6845//569 6844//569
f 6844//569 6843//569 6846//569
f 6843//569 6847//569 6846//569
f 6843//569 6842//569 6847//569
f 6842//569 6851//569 6847//569
f 6851//569 6850//569 6847//569
f 6850//569 6849//569 6847//569
f 6849//569 6848//569 6847//569
f 6835//569 6855//569 6836//569
f 6855//569 6835//569 6854//569
f 6854//569 6835//569 6853//569
f 6853//569 6835//569 6852//569
f 6852//569 6835//569 6859//569
f 6859//569 6835//569 6858//569
f 6858//569 6835//569 6857//569
f 6857//569 6835//569 6856//569
f 6861//569 6846//569 6847//569
f 6847//569 6862//569 6861//569
f 6847//569 6863//569 6862//569
f 6847//569 6864//569 6863//569
f 6847//569 6865//569 6864//569
f 6847//569 6866//569 6865//569
f 6847//569 6867//569 6866//569
f 6847//569 6860//569 6867//569
f 6874//569 6872//569 6873//569
f 6872//569 6874//569 6875//569
f 6872//569 6875//569 6871//569
f 6871//569 6875//569 6876//569
f 6871//569 6876//569 6877//569
f 6871//569 6877//569 6868//569
f 6871//569 6868//569 6869//569
f 6871//569 6869//569 6870//569
f 6882//569 6881//569 6880//569
f 6880//569 6879//569 6882//569
f 6879//569 6883//569 6882//569
f 6879//569 6878//569 6883//569
f 6878//569 6887//569 6883//569
f 6887//569 6886//569 6883//569
f 6886//569 6885//569 6883//569
f 6885//569 6884//569 6883//569
f 6871//569 6891//569 6872//569
f 6891//569 6871//569 6890//569
f 6890//569 6871//569 6889//569
f 6889//569 6871//569 6888//569
f 6888//569 6871//569 6895//569
f 6895//569 6871//569 6894//569
f 6894//569 6871//569 6893//569
f 6893//569 6871//569 6892//569
f 6897//569 6882//569 6883//569
f 6883//569 6898//569 6897//569
f 6883//569 6899//569 6898//569
f 6883//569 6900//569 6899//569
f 6883//569 6901//569 6900//569
f 6883//569 6902//569 6901//569
f 6883//569 6903//569 6902//569
f 6883//569 6896//569 6903//569
f 6910//569 6908//569 6909//569
f 6908//569 6910//569 6911//569
f 6908//569 6911//569 6907//569
f 6907//569 6911//569 6912//569
f 6907//569 6912//569 6913//569
f 6907//569 6913//569 6904//569
f 6907//569 6904//569 6905//569
f 6907//569 6905//569 6906//569
f 6918//569 6917//569 6916//569
f 6916//569 6915//569 6918//569
f 6915//569 6919//569 6918//569
f 6915//569 6914//569 6919//569
f 6914//569 6923//569 6919//569
f 6923//569 6922//569 6919//569
f 6922//569 6921//569 6919//569
f 6921//569 6920//569 6919//569
f 6907//569 6927//569 6908//569
f 6927//569 6907//569 6926//569
f 6926//569 6907//569 6925//569
f 6925//569 6907//569 6924//569
f 6924//569 6907//569 6931//569
f 6931//569 6907//569 6930//569
f 6930//569 6907//569 6929//569
f 6929//569 6907//569 6928//569
f 6933//569 6918//569 6919//569
f 6919//569 6934//569 6933//569
f 6919//569 6935//569 6934//569
f 6919//569 6936//569 6935//569
f 6919//569 6937//569 6936//569
f 6919//569 6938//569 6937//569
f 6919//569 6939//569 6938//569
f 6919//569 6932//569 6939//569
f 6946//569 6944//569 6945//569
f 6944//569 6946//569 6947//569
f 6944//569 6947//569 6943//569
f 6943//569 6947//569 6948//569
f 6943//569 6948//569 6949//569
f 6943//569 6949//569 6940//569
f 6943//569 6940//569 6941//569
f 6943//569 6941//569 6942//569
f 6954//569 6953//569 6952//569
f 6952//569 6951//569 6954//569
f 6951//569 6955//569 6954//569
f 6951//569 6950//569 6955//569
f 6950//569 6959//569 6955//569
f 6959//569 6958//569 6955//569
f 6958//569 6957//569 6955//569
f 6957//569 6956//569 6955//569
f 6943//569 6963//569 6944//569
f 6963//569 6943//569 6962//569
f 6962//569 6943//569 6961//569
f 6961//569 6943//569 6960//569
f 6960//569 6943//569 6967//569
f 6967//569 6943//569 6966//569
f 6966//569 6943//569 6965//569
f 6965//569 6943//569 6964//569
f 6969//569 6954//569 6955//569
f 6955//569 6970//569 6969//569
f 6955//569 6971//569 6970//569
f 6955//569 6972//569 6971//569
f 6955//569 6973//569 6972//569
f 6955//569 6974//569 6973//569
f 6955//569 6975//569 6974//569
f 6955//569 6968//569 6975//569
f 6982//569 6980//569 6981//569
f 6980//569 6982//569 6983//569
f 6980//569 6983//569 6979//569
f 6979//569 6983//569 6984//569
f 6979//569 6984//569 6985//569
f 6979//569 6985//569 6976//569
f 6979//569 6976//569 6977//569
f 6979//569 6977//569 6978//569
f 6990//569 6989//569 6988//569
f 6988//569 6987//569 6990//569
f 6987//569 6991//569 6990//569
f 6987//569 6986//569 6991//569
f 6986//569 6995//569 6991//569
f 6995//569 6994//569 6991//569
f 6994//569 6993//569 6991//569
f 6993//569 6992//569 6991//569
f 6979//569 6999//569 6980//569
f 6999//569 6979//569 6998//569
f 6998//569 6979//569 6997//569
f 6997//569 6979//569 6996//569
f 6996//569 6979//569 7003//569
f 7003//569 6979//569 7002//569
f 7002//569 6979//569 7001//569
f 7001//569 6979//569 7000//569
f 7005//569 6990//569 6991//569
f 6991//569 7006//569 7005//569
f 6991//569 7007//569 7006//569
f 6991//569 7008//569 7007//569
f 6991//569 7009//569 7008//569
f 6991//569 7010//569 7009//569
f 6991//569 7011//569 7010//569
f 6991//569 7004//569 7011//569
f 7018//569 7016//569 7017//569
f 7016//569 7018//569 7019//569
f 7016//569 7019//569 7015//569
f 7015//569 7019//569 7020//569
f 7015//569 7020//569 7021//569
f 7015//569 7021//569 7012//569
f 7015//569 7012//569 7013//569
f 7015//569 7013//569 7014//569
f 7026//569 7025//569 7024//569
f 7024//569 7023//569 7026//569
f 7023//569 7027//569 7026//569
f 7023//569 7022//569 7027//569
f 7022//569 7031//569 7027//569
f 7031//569 7030//569 7027//569
f 7030//569 7029//569 7027//569
f 7029//569 7028//569 7027//569
f 7015//569 7035//569 7016//569
f 7035//569 7015//569 7034//569
f 7034//569 7015//569 7033//569
f 7033//569 7015//569 7032//569
f 7032//569 7015//569 7039//569
f 7039//569 7015//569 7038//569
f 7038//569 7015//569 7037//569
f 7037//569 7015//569 7036//569
f 7041//569 7026//569 7027//569
f 7027//569 7042//569 7041//569
f 7027//569 7043//569 7042//569
f 7027//569 7044//569 7043//569
f 7027//569 7045//569 7044//569
f 7027//569 7046//569 7045//569
f 7027//569 7047//569 7046//569
f 7027//569 7040//569 7047//569
f 7054//569 7052//569 7053//569
f 7052//569 7054//569 7055//569
f 7052//569 7055//569 7051//569
f 7051//569 7055//569 7056//569
f 7051//569 7056//569 7057//569
f 7051//569 7057//569 7048//569
f 7051//569 7048//569 7049//569
f 7051//569 7049//569 7050//569
f 7062//569 7061//569 7060//569
f 7060//569 7059//569 7062//569
f 7059//569 7063//569 7062//569
f 7059//569 7058//569 7063//569
f 7058//569 7067//569 7063//569
f 7067//569 7066//569 7063//569
f 7066//569 7065//569 7063//569
f 7065//569 7064//569 7063//569
f 7051//569 7071//569 7052//569
f 7071//569 7051//569 7070//569
f 7070//569 7051//569 7069//569
f 7069//569 7051//569 7068//569
f 7068//569 7051//569 7075//569
f 7075//569 7051//569 7074//569
f 7074//569 7051//569 7073//569
f 7073//569 7051//569 7072//569
f 7077//569 7062//569 7063//569
f 7063//569 7078//569 7077//569
f 7063//569 7079//569 7078//569
f 7063//569 7080//569 7079//569
f 7063//569 7081//569 7080//569
f 7063//569 7082//569 7081//569
f 7063//569 7083//569 7082//569
f 7063//569 7076//569 7083//569
f 7090//569 7088//569 7089//569
f 7088//569 7090//569 7091//569
f 7088//569 7091//569 7087//569
f 7087//569 7091//569 7092//569
f 7087//569 7092//569 7093//569
f 7087//569 7093//569 7084//569
f 7087//569 7084//569 7085//569
f 7087//569 7085//569 7086//569
f 7098//569 7097//569 7096//569
f 7096//569 7095//569 7098//569
f 7095//569 7099//569 7098//569
f 7095//569 7094//569 7099//569
f 7094//569 7103//569 7099//569
f 7103//569 7102//569 7099//569
f 7102//569 7101//569 7099//569
f 7101//569 7100//569 7099//569
f 7087//569 7107//569 7088//569
f 7107//569 7087//569 7106//569
f 7106//569 7087//569 7105//569
f 7105//569 7087//569 7104//569
f 7104//569 7087//569 7111//569
f 7111//569 7087//569 7110//569
f 7110//569 7087//569 7109//569
f 7109//569 7087//569 7108//569
f 7113//569 7098//569 7099//569
f 7099//569 7114//569 7113//569
f 7099//569 7115//569 7114//569
f 7099//569 7116//569 7115//569
f 7099//569 7117//569 7116//569
f 7099//569 7118//569 7117//569
f 7099//569 7119//569 7118//569
f 7099//569 7112//569 7119//569
f 7126//569 7124//569 7125//569
f 7124//569 7126//569 7127//569
f 7124//569 7127//569 7123//569
f 7123//569 7127//569 7128//569
f 7123//569 7128//569 7129//569
f 7123//569 7129//569 7120//569
f 7123//569 7120//569 7121//569
f 7123//569 7121//569 7122//569
f 7134//569 7133//569 7132//569
f 7132//569 7131//569 7134//569
f 7131//569 7135//569 7134//569
f 7131//569 7130//569 7135//569
f 7130//569 7139//569 7135//569
f 7139//569 7138//569 7135//569
f 7138//569 7137//569 7135//569
f 7137//569 7136//569 7135//569
f 7123//569 7143//569 7124//569
f 7143//569 7123//569 7142//569
f 7142//569 7123//569 7141//569
f 7141//569 7123//569 7140//569
f 7140//569 7123//569 7147//569
f 7147//569 7123//569 7146//569
f 7146//569 7123//569 7145//569
f 7145//569 7123//569 7144//569
f 7149//569 7134//569 7135//569
f 7135//569 7150//569 7149//569
f 7135//569 7151//569 7150//569
f 7135//569 7152//569 7151//569
f 7135//569 7153//569 7152//569
f 7135//569 7154//569 7153//569
f 7135//569 7155//569 7154//569
f 7135//569 7148//569 7155//569
